# File generated by ImageToStl.com - Free Image and 3D model conversion tools

mtllib arch.mtl

o obj1
v 11.1093998 -6.18013763 22.26038551
v 11.1093998 -6.50540829 22.26038551
v 10.83843899 -6.2529459 21.82067108
v 10.83843899 -5.94029808 21.82067108
v 11.1093998 -3.69181919 22.26038551
v 10.95437336 -3.62248135 22.00881004
v 10.95437336 -3.60984802 22.00881004
v 10.83843899 -4.99292612 21.82067108
v 10.83843899 -3.62248087 21.82067108
v 10.83843899 -5.72092819 21.82067108
v 10.95437336 -5.72092819 22.00881004
v 10.95437336 -4.9929266 22.00881004
v 10.83843899 -5.94029808 22.26038551
v 10.83843899 -6.2529459 22.26038551
v 10.7388134 -6.2529459 21.82067108
v 9.51413155 -6.2529459 21.82067108
v 10.01081085 -6.2529459 21.82067108
v 10.01081085 -6.36166668 22.01003075
v 10.7388134 -6.36166668 22.01003075
v 9.75198364 -6.50540829 22.26038551
v 10.83843899 -6.2529459 21.51399994
v 10.83843899 -5.94029808 21.51399994
v 10.95437336 -3.18048286 22.00881004
v 11.1093998 -3.25270414 22.26038551
v 10.83843899 -3.54854679 22.26038551
v 10.83843899 -5.72092819 21.51399994
v 10.83843899 -4.99292612 21.51399994
v 10.83843899 -3.62248087 21.51399994
v 10.83843899 -5.94029808 22.55870438
v 10.83843899 -6.2529459 22.55870438
v 9.51413155 -6.2529459 22.26038551
v 8.64036655 -6.2529459 21.82067108
v 8.3945694 -6.50540829 22.26038551
v 8.27799606 -6.36166668 22.01003075
v 8.64036655 -6.36166668 22.01003075
v 9.51413155 -6.2529459 21.51399994
v 10.01081085 -6.2529459 21.51399994
v 10.7388134 -6.2529459 21.51399994
v 10.83843899 -6.2529459 21.2073288
v 10.83843899 -5.94029808 21.2073288
v 11.1093998 0 22.26038551
v 10.83843899 -0.79603189 21.82067108
v 10.83843899 0 21.82067108
v 10.83843899 -2.89447904 21.82067108
v 10.83843899 -1.52403426 21.82067108
v 10.95437336 -1.52403426 22.00881004
v 10.95437336 -0.79603189 22.00881004
v 10.95437336 -2.89447927 22.00881004
v 10.83843899 -3.12647295 22.26038551
v 10.83843899 -3.54854679 22.55870438
v 10.83843899 -5.72092819 21.2073288
v 10.83843899 -3.90779018 21.2073288
v 10.83843899 -3.62248087 21.2073288
v 10.83843899 -4.99292612 21.2073288
v 10.83843899 -4.51627254 21.2073288
v 10.83843899 -4.49425697 21.23601913
v 10.83843899 -3.92980599 21.23601913
v 10.83843899 -4.41159487 21.29944992
v 10.83843899 -4.01246786 21.29944992
v 10.83843899 -4.31533241 21.33932304
v 10.83843899 -4.10872936 21.33932304
v 10.83843899 -4.21203136 21.35292053
v 9.51413155 -6.2529459 22.55870438
v 9.51413155 -5.94029808 22.55870438
v 8.1898241 -6.2529459 22.26038551
v 7.91236353 -6.36166668 22.01003075
v 6.86551571 -6.2529459 21.82067108
v 7.91236353 -6.2529459 21.82067108
v 7.03715372 -6.50540829 22.26038551
v 8.64036655 -6.2529459 21.51399994
v 9.72550201 -6.2529459 21.2073288
v 10.01081085 -6.2529459 21.2073288
v 9.51413155 -6.2529459 21.34069633
v 9.52456284 -6.2529459 21.33932304
v 9.70348549 -6.2529459 21.23601913
v 9.62082481 -6.2529459 21.29944992
v 10.7388134 -6.2529459 21.2073288
v 10.83843899 -6.2529459 20.90065765
v 10.83843899 -5.94029808 20.90065765
v 10.95437336 3.18048286 22.00881004
v 11.1093998 3.25270414 22.26038551
v 10.83843899 1.30241513 21.82067108
v 10.83843899 2.67286015 21.82067108
v 10.95437336 2.67286015 22.00881004
v 10.83843899 0.574413 21.82067108
v 10.95437336 1.30241513 22.00881004
v 10.95437336 0.574413 22.00881004
v 10.83843899 0 22.26038551
v 10.83843899 -2.89447904 21.51399994
v 10.83843899 -1.52403426 21.51399994
v 10.83843899 -0.79603189 21.51399994
v 10.83843899 0 21.51399994
v 10.83843899 -3.12647295 22.55870438
v 9.51413155 -3.54854679 22.55870438
v 10.83843899 -5.72092819 20.90065765
v 10.83843899 -4.99292612 20.90065765
v 10.83843899 -4.60416269 20.90065765
v 10.83843899 -4.61115837 20.95379639
v 10.83843899 -4.55768585 21.15335846
v 10.83843899 -4.5975585 21.05709839
v 10.83843899 -3.81990004 20.90065765
v 10.83843899 -3.62248087 20.90065765
v 10.83843899 -3.86637712 21.15335846
v 10.83843899 -3.8129046 20.95379639
v 10.83843899 -3.82650423 21.05709839
v 8.1898241 -6.2529459 22.55870438
v 8.1898241 -5.94029808 22.55870438
v 6.86551666 -6.2529459 22.26038551
v 6.54191923 -6.2529459 21.82067108
v 5.54120827 -6.2529459 21.82067108
v 5.81391764 -6.2529459 21.82067108
v 5.81391764 -6.36166668 22.01003075
v 6.54191923 -6.36166668 22.01003075
v 5.679739 -6.50540829 22.26038551
v 6.86551571 -6.2529459 21.51399994
v 7.91236353 -6.2529459 21.51399994
v 9.42126083 -6.2529459 21.35292053
v 8.64036655 -6.2529459 21.2073288
v 9.11701965 -6.2529459 21.2073288
v 9.13903618 -6.2529459 21.23601913
v 9.31795883 -6.2529459 21.33932304
v 9.22169781 -6.2529459 21.29944992
v 9.81339169 -6.2529459 20.90065765
v 10.01081085 -6.2529459 20.90065765
v 9.76691437 -6.2529459 21.15335846
v 9.82038689 -6.2529459 20.95379639
v 9.80678844 -6.2529459 21.05709839
v 10.7388134 -6.2529459 20.90065765
v 10.83843899 -6.2529459 20.59398651
v 10.83843899 -5.94029808 20.59398651
v 10.83843899 3.12647295 22.26038551
v 10.83843899 0.574413 21.51399994
v 10.83843899 1.30241513 21.51399994
v 10.83843899 2.67286015 21.51399994
v 10.83843899 3.54854679 21.82067108
v 11.1093998 3.69181919 22.26038551
v 10.95437336 3.40086269 22.00881004
v 10.83843899 3.40086269 21.82067108
v 10.83843899 0 22.55870438
v 10.83843899 -1.80934286 21.2073288
v 10.83843899 -1.52403426 21.2073288
v 10.83843899 -2.89447904 21.2073288
v 10.83843899 -2.4178257 21.2073288
v 10.83843899 -2.39580965 21.23601913
v 10.83843899 -1.83135843 21.23601913
v 10.83843899 -2.31314802 21.29944992
v 10.83843899 -1.91402042 21.29944992
v 10.83843899 -2.21688557 21.33932304
v 10.83843899 -2.01028252 21.33932304
v 10.83843899 -2.11358452 21.35292053
v 10.83843899 -0.01513741 21.35292053
v 10.83843899 0 21.35092926
v 10.83843899 -0.79603189 21.2073288
v 10.83843899 -0.31937844 21.2073288
v 10.83843899 -0.29736248 21.23601913
v 10.83843899 -0.11843894 21.33932304
v 10.83843899 -0.21470064 21.29944992
v 9.51413155 -3.12647295 22.55870438
v 8.1898241 -3.54854679 22.55870438
v 10.83843899 -5.72092819 20.59398651
v 10.83843899 -4.99292612 20.59398651
v 10.83843899 -4.37742329 20.59398651
v 10.83843899 -4.41159487 20.60814095
v 10.83843899 -4.5975585 20.85049248
v 10.83843899 -4.49425697 20.67156982
v 10.83843899 -4.55768585 20.75423241
v 10.83843899 -4.01246834 20.60814095
v 10.83843899 -4.0466404 20.59398651
v 10.83843899 -3.62248087 20.59398651
v 10.83843899 -3.92980671 20.67156982
v 10.83843899 -3.82650423 20.85049248
v 10.83843899 -3.86637783 20.75423241
v 6.86551666 -6.2529459 22.55870438
v 6.86551666 -5.94029808 22.55870438
v 5.54120874 -6.2529459 22.26038551
v 4.44347334 -6.2529459 21.82067108
v 4.32232332 -6.50540829 22.26038551
v 4.26230049 -6.36166668 22.01003075
v 4.44347334 -6.36166668 22.01003075
v 5.54120827 -6.2529459 21.51399994
v 5.81391764 -6.2529459 21.51399994
v 6.54191923 -6.2529459 21.51399994
v 7.62705421 -6.2529459 21.2073288
v 7.91236353 -6.2529459 21.2073288
v 6.86551571 -6.2529459 21.2073288
v 7.01857185 -6.2529459 21.2073288
v 7.04058838 -6.2529459 21.23601913
v 7.60503817 -6.2529459 21.23601913
v 7.12325048 -6.2529459 21.29944992
v 7.52237749 -6.2529459 21.29944992
v 7.21951103 -6.2529459 21.33932304
v 7.42611551 -6.2529459 21.33932304
v 7.32281399 -6.2529459 21.35292053
v 8.64036655 -6.2529459 20.90065765
v 9.02912998 -6.2529459 20.90065765
v 9.02213478 -6.2529459 20.95379639
v 9.0756073 -6.2529459 21.15335846
v 9.03573418 -6.2529459 21.05709839
v 9.62082481 -6.2529459 20.60814095
v 9.5866518 -6.2529459 20.59398651
v 10.01081085 -6.2529459 20.59398651
v 9.70348549 -6.2529459 20.67156982
v 9.80678844 -6.2529459 20.85049248
v 9.76691437 -6.2529459 20.75423241
v 10.7388134 -6.2529459 20.59398651
v 10.83843899 -6.2529459 20.28731346
v 10.83843899 -5.94029808 20.28731346
v 10.83843899 3.12647295 22.55870438
v 10.83843899 3.54854679 22.26038551
v 10.83843899 0.574413 21.2073288
v 10.83843899 0.26708847 21.23601913
v 10.83843899 0.28910416 21.2073288
v 10.83843899 0.08816412 21.33932304
v 10.83843899 0.18442667 21.29944992
v 10.83843899 1.30241513 21.2073288
v 10.83843899 2.38755155 21.2073288
v 10.83843899 2.67286015 21.2073288
v 10.83843899 1.77906883 21.2073288
v 10.83843899 1.80108476 21.23601913
v 10.83843899 2.36553574 21.23601913
v 10.83843899 1.8837465 21.29944992
v 10.83843899 2.28287387 21.29944992
v 10.83843899 1.98000836 21.33932304
v 10.83843899 2.18661141 21.33932304
v 10.83843899 2.08330989 21.35292053
v 10.83843899 3.40086269 21.51399994
v 10.83843899 3.54854679 21.51399994
v 10.83843899 5.49930859 21.82067108
v 10.83843899 5.94029808 21.82067108
v 11.1093998 6.18013763 22.26038551
v 10.83843899 4.77130699 21.82067108
v 10.95437241 4.77130699 22.00880623
v 10.95437241 5.49930859 22.00880623
v 9.51413155 0 22.55870438
v 10.83843899 -2.89447904 20.90065765
v 10.83843899 -2.50571609 20.90065765
v 10.83843899 -2.51271152 20.95379639
v 10.83843899 -2.45923853 21.15335846
v 10.83843899 -2.49911213 21.05709839
v 10.83843899 -1.72145343 20.90065765
v 10.83843899 -1.52403426 20.90065765
v 10.83843899 -1.76793075 21.15335846
v 10.83843899 -1.71445727 20.95379639
v 10.83843899 -1.72805715 21.05709839
v 10.83843899 -0.79603189 20.90065765
v 10.83843899 -0.40726912 20.90065765
v 10.83843899 -0.41426474 20.95379639
v 10.83843899 -0.36079136 21.15335846
v 10.83843899 -0.40066487 21.05709839
v 8.1898241 -3.12647295 22.55870438
v 6.86551666 -3.54854679 22.55870438
v 10.83843899 -5.76764965 20.35064697
v 10.83843899 -5.72092819 20.35064697
v 10.83843899 -5.76764965 20.28731346
v 10.83843899 -3.6692028 20.35064697
v 10.83843899 -3.62248087 20.35064697
v 10.83843899 -4.94620466 20.28731346
v 10.83843899 -3.6692028 20.28731346
v 10.83843899 -4.99292612 20.35064697
v 10.83843899 -4.94620466 20.35064697
v 10.83843899 -4.31533337 20.56826782
v 10.83843899 -4.10872936 20.56826782
v 10.83843899 -4.21203136 20.55466843
v 5.54120874 -6.2529459 22.55870438
v 5.54120874 -5.94029808 22.55870438
v 4.21690083 -6.2529459 22.26038551
v 3.71547031 -6.36166668 22.01003075
v 3.35888815 -6.2529459 21.82067108
v 3.71547031 -6.2529459 21.82067108
v 3.44286013 -6.50540829 22.26038551
v 4.44347334 -6.2529459 21.51399994
v 5.54120827 -6.2529459 21.2073288
v 5.81391764 -6.2529459 21.2073288
v 6.54191923 -6.2529459 21.2073288
v 6.86551571 -6.2529459 20.90065765
v 6.93068314 -6.2529459 20.90065765
v 6.92368698 -6.2529459 20.95379639
v 6.9771595 -6.2529459 21.15335846
v 6.93728685 -6.2529459 21.05709839
v 7.71494436 -6.2529459 20.90065765
v 7.91236353 -6.2529459 20.90065765
v 7.66846704 -6.2529459 21.15335846
v 7.72193956 -6.2529459 20.95379639
v 7.70834112 -6.2529459 21.05709839
v 8.64036655 -6.2529459 20.59398651
v 9.25586891 -6.2529459 20.59398651
v 9.22169781 -6.2529459 20.60814095
v 9.03573418 -6.2529459 20.85049248
v 9.13903618 -6.2529459 20.67156982
v 9.0756073 -6.2529459 20.75423241
v 9.96408844 -6.2529459 20.35064697
v 10.01081085 -6.2529459 20.35064697
v 9.51413155 -6.2529459 20.28731346
v 9.96408844 -6.2529459 20.28731346
v 9.52455997 -6.2529459 20.56826782
v 9.51413155 -6.2529459 20.56689453
v 10.78553295 -6.2529459 20.28731346
v 10.7388134 -6.2529459 20.35064697
v 10.78553295 -6.2529459 20.35064697
v 10.83843899 -6.2529459 19.98064232
v 10.83843899 -5.94029808 19.98064232
v 10.83843899 3.54854679 22.55870438
v 9.51413155 3.12647295 22.55870438
v 10.83843899 5.94029808 22.26038551
v 10.83843899 0.33051652 21.15335846
v 10.83843899 0.37699383 20.90065765
v 10.83843899 0.574413 20.90065765
v 10.83843899 0.38398987 20.95379639
v 10.83843899 0.37039003 21.05709839
v 10.83843899 1.30241513 20.90065765
v 10.83843899 1.69117808 20.90065765
v 10.83843899 1.68418241 20.95379639
v 10.83843899 1.73765588 21.15335846
v 10.83843899 1.69778228 21.05709839
v 10.83843899 2.42896366 21.15335846
v 10.83843899 2.47544098 20.90065765
v 10.83843899 2.67286015 20.90065765
v 10.83843899 2.48243713 20.95379639
v 10.83843899 2.46883726 21.05709839
v 10.83843899 3.40086269 21.2073288
v 10.83843899 3.54854679 21.2073288
v 10.83843899 4.77130699 21.51399994
v 10.83843899 5.49930859 21.51399994
v 10.83843899 5.94029808 21.51399994
v 10.83843899 6.2529459 21.82067108
v 11.1093998 6.50540829 22.26038551
v 8.1898241 0 22.55870438
v 10.83843899 -2.89447904 20.59398651
v 10.83843899 -2.27897573 20.59398651
v 10.83843899 -2.31314802 20.60814095
v 10.83843899 -2.49911213 20.85049248
v 10.83843899 -2.39580965 20.67156982
v 10.83843899 -2.45923853 20.75423241
v 10.83843899 -1.91402113 20.60814095
v 10.83843899 -1.94819307 20.59398651
v 10.83843899 -1.52403426 20.59398651
v 10.83843899 -1.83135939 20.67156982
v 10.83843899 -1.7280581 20.85049248
v 10.83843899 -1.76793075 20.75423241
v 10.83843899 -0.79603189 20.59398651
v 10.83843899 -0.18052867 20.59398651
v 10.83843899 -0.21470064 20.60814095
v 10.83843899 -0.40066487 20.85049248
v 10.83843899 -0.29736248 20.67156982
v 10.83843899 -0.36079136 20.75423241
v 6.86551666 -3.12647295 22.55870438
v 5.54120874 -3.54854679 22.55870438
v 10.83843899 -5.76764965 19.98064232
v 10.83843899 -4.94620466 19.98064232
v 10.83843899 -3.6692028 19.98064232
v 4.21690083 -6.2529459 22.55870438
v 4.21690083 -5.94029808 22.55870438
v 3.35888815 -6.2529459 22.26038551
v 2.58214521 -6.50540829 22.26038551
v 2.51916623 -6.2529459 21.82067108
v 3.35888815 -6.2529459 21.51399994
v 3.71547031 -6.2529459 21.51399994
v 5.52860832 -6.2529459 21.2073288
v 4.44347334 -6.2529459 21.2073288
v 4.92012501 -6.2529459 21.2073288
v 4.94214106 -6.2529459 21.23601913
v 5.50659227 -6.2529459 21.23601913
v 5.02480316 -6.2529459 21.29944992
v 5.42393017 -6.2529459 21.29944992
v 5.12106371 -6.2529459 21.33932304
v 5.32766962 -6.2529459 21.33932304
v 5.22436666 -6.2529459 21.35292053
v 5.61649799 -6.2529459 20.90065765
v 5.81391764 -6.2529459 20.90065765
v 5.54120827 -6.2529459 21.19090652
v 5.57002115 -6.2529459 21.15335846
v 5.62349367 -6.2529459 20.95379639
v 5.6098938 -6.2529459 21.05709839
v 6.54191923 -6.2529459 20.90065765
v 6.86551571 -6.2529459 20.59398651
v 7.15742207 -6.2529459 20.59398651
v 7.12325048 -6.2529459 20.60814095
v 6.93728685 -6.2529459 20.85049248
v 7.04058838 -6.2529459 20.67156982
v 6.9771595 -6.2529459 20.75423241
v 7.52237749 -6.2529459 20.60814095
v 7.48820496 -6.2529459 20.59398651
v 7.91236353 -6.2529459 20.59398651
v 7.60503817 -6.2529459 20.67156982
v 7.70834112 -6.2529459 20.85049248
v 7.66846704 -6.2529459 20.75423241
v 9.42126083 -6.2529459 20.55466843
v 9.31795883 -6.2529459 20.56826782
v 8.68708611 -6.2529459 20.35064697
v 8.68708611 -6.2529459 20.28731346
v 8.64036655 -6.2529459 20.35064697
v 9.51413155 -6.2529459 19.98064232
v 9.96408844 -6.2529459 19.98064232
v 10.78553295 -6.2529459 19.98064232
v 10.83843899 -6.2529459 19.5206337
v 10.83843899 -5.94029808 19.5206337
v 10.83843899 5.94029808 22.55870438
v 9.51413155 3.54854679 22.55870438
v 8.1898241 3.12647295 22.55870438
v 10.83843899 6.2529459 22.26038551
v 10.83843899 0.37038916 20.85049248
v 10.83843899 0.15025385 20.59398651
v 10.83843899 0.574413 20.59398651
v 10.83843899 0.18442582 20.60814095
v 10.83843899 0.33051652 20.75423241
v 10.83843899 0.26708764 20.67156982
v 10.83843899 1.30241513 20.59398651
v 10.83843899 1.91791856 20.59398651
v 10.83843899 1.8837465 20.60814095
v 10.83843899 1.69778228 20.85049248
v 10.83843899 1.80108476 20.67156982
v 10.83843899 1.73765588 20.75423241
v 10.83843899 2.46883631 20.85049248
v 10.83843899 2.2487011 20.59398651
v 10.83843899 2.67286015 20.59398651
v 10.83843899 2.28287292 20.60814095
v 10.83843899 2.42896366 20.75423241
v 10.83843899 2.36553478 20.67156982
v 10.83843899 3.40086269 20.90065765
v 10.83843899 3.54854679 20.90065765
v 10.83843899 4.4859972 21.2073288
v 10.83843899 4.77130699 21.2073288
v 10.83843899 3.87751532 21.2073288
v 10.83843899 3.89953136 21.23601913
v 10.83843899 4.46398115 21.23601913
v 10.83843899 3.98219299 21.29944992
v 10.83843899 4.38131952 21.29944992
v 10.83843899 4.07845402 21.33932304
v 10.83843899 4.2850585 21.33932304
v 10.83843899 4.18175602 21.35292053
v 10.83843899 5.49930859 21.2073288
v 10.83843899 5.94029808 21.2073288
v 10.83843899 6.2529459 21.51399994
v 10.05431366 6.2529459 21.82067108
v 9.51413155 6.2529459 21.82067108
v 9.75198364 6.50540829 22.26038551
v 10.78231621 6.2529459 21.82067108
v 10.05431366 6.36166668 22.01003075
v 10.78231621 6.36166668 22.01003075
v 6.86551666 0 22.55870438
v 10.83843899 -1.5707562 20.35064697
v 10.83843899 -1.52403426 20.35064697
v 10.83843899 -2.84775782 20.28731346
v 10.83843899 -1.5707562 20.28731346
v 10.83843899 -2.89447904 20.35064697
v 10.83843899 -2.84775782 20.35064697
v 10.83843899 -2.21688557 20.56826782
v 10.83843899 -2.01028252 20.56826782
v 10.83843899 -2.11358452 20.55466843
v 10.83843899 0 20.28731346
v 10.83843899 0 20.55666161
v 10.83843899 -0.01513741 20.55466843
v 10.83843899 -0.11843894 20.56826782
v 10.83843899 -0.74931085 20.35064697
v 10.83843899 -0.74931085 20.28731346
v 10.83843899 -0.79603189 20.35064697
v 5.54120874 -3.12647295 22.55870438
v 4.21690083 -3.54854679 22.55870438
v 10.83843899 -5.76764965 19.5206337
v 10.83843899 -4.94620466 19.5206337
v 10.83843899 -3.6692028 19.5206337
v 3.35888815 -6.2529459 22.55870438
v 3.35888815 -5.94029808 22.55870438
v 2.51916623 -6.2529459 22.26038551
v 2.34502602 -6.2529459 21.82067108
v 1.72143006 -6.50540829 22.26038551
v 1.69752526 -6.36166668 22.01003075
v 2.34502602 -6.36166668 22.01003075
v 2.51916623 -6.2529459 21.51399994
v 3.43016195 -6.2529459 21.2073288
v 3.71547031 -6.2529459 21.2073288
v 3.35888815 -6.2529459 21.27381706
v 3.40814638 -6.2529459 21.23601913
v 4.44347334 -6.2529459 20.90065765
v 4.83223534 -6.2529459 20.90065765
v 4.82523966 -6.2529459 20.95379639
v 4.87871218 -6.2529459 21.15335846
v 4.83883953 -6.2529459 21.05709839
v 5.54120827 -6.2529459 20.59398651
v 5.81391764 -6.2529459 20.59398651
v 5.57002115 -6.2529459 20.75423241
v 5.54120827 -6.2529459 20.71668243
v 5.6098938 -6.2529459 20.85049248
v 6.54191923 -6.2529459 20.59398651
v 7.86564159 -6.2529459 20.35064697
v 7.91236353 -6.2529459 20.35064697
v 6.86551571 -6.2529459 20.28731346
v 7.86564159 -6.2529459 20.28731346
v 7.42611265 -6.2529459 20.56826782
v 7.21951103 -6.2529459 20.56826782
v 7.32281399 -6.2529459 20.55466843
v 8.68708611 -6.2529459 19.98064232
v 9.51413155 -6.2529459 19.5206337
v 9.96408844 -6.2529459 19.5206337
v 10.78553295 -6.2529459 19.5206337
v 11.57952881 -6.94771767 19.5206337
v 11.57952881 -6.60033226 19.5206337
v 10.83843899 6.2529459 22.55870438
v 9.51413155 5.94029808 22.55870438
v 8.1898241 3.54854679 22.55870438
v 6.86551666 3.12647295 22.55870438
v 9.51413155 6.2529459 22.26038551
v 10.83843899 0.08816412 20.56826782
v 10.83843899 0.52769107 20.28731346
v 10.83843899 0.52769107 20.35064697
v 10.83843899 0.574413 20.35064697
v 10.83843899 1.30241513 20.35064697
v 10.83843899 1.34913635 20.35064697
v 10.83843899 1.34913635 20.28731346
v 10.83843899 2.62613821 20.28731346
v 10.83843899 2.62613821 20.35064697
v 10.83843899 2.67286015 20.35064697
v 10.83843899 2.18661141 20.56826782
v 10.83843899 1.98000836 20.56826782
v 10.83843899 2.08330989 20.55466843
v 10.83843899 3.40086269 20.59398651
v 10.83843899 3.54854679 20.59398651
v 10.83843899 3.83610249 21.15335846
v 10.83843899 3.78962517 20.90065765
v 10.83843899 3.78262997 20.95379639
v 10.83843899 3.79622889 21.05709839
v 10.83843899 4.52741051 21.15335846
v 10.83843899 4.57388783 20.90065765
v 10.83843899 4.77130699 20.90065765
v 10.83843899 4.58088303 20.95379639
v 10.83843899 4.56728363 21.05709839
v 10.83843899 5.49930859 20.90065765
v 10.83843899 5.94029808 20.90065765
v 10.83843899 6.2529459 21.2073288
v 10.78231621 6.2529459 21.51399994
v 10.05431366 6.2529459 21.51399994
v 9.51413155 6.2529459 21.51399994
v 8.27799606 6.36166668 22.01003075
v 8.3945694 6.50540829 22.26038551
v 8.87521362 6.2529459 21.82067108
v 8.87521362 6.36166668 22.01003075
v 5.54120874 0 22.55870438
v 10.83843899 -2.84775782 19.98064232
v 10.83843899 -1.5707562 19.98064232
v 10.83843899 -0.74931085 19.98064232
v 10.83843899 0 19.98064232
v 4.21690083 -3.12647295 22.55870438
v 3.35888815 -3.54854679 22.55870438
v 11.00109482 -4.94620466 19.5206337
v 11.00109482 -5.76764965 19.5206337
v 11.00109482 -3.6692028 19.5206337
v 11.57952881 -3.94282961 19.5206337
v 11.00109482 -3.63508487 19.5206337
v 2.51916623 -6.2529459 22.55870438
v 2.51916623 -5.94029808 22.55870438
v 1.67944407 -6.2529459 22.26038551
v 1.61702371 -6.36166668 22.01003075
v 0.83972204 -6.2529459 21.82067108
v 1.61702371 -6.2529459 21.82067108
v 0.86071503 -6.50540829 22.26038551
v 2.34502602 -6.2529459 21.51399994
v 3.32548428 -6.2529459 21.29944992
v 2.51916623 -6.2529459 21.2073288
v 2.82167912 -6.2529459 21.2073288
v 2.84369516 -6.2529459 21.23601913
v 3.2292223 -6.2529459 21.33932304
v 2.92635727 -6.2529459 21.29944992
v 3.12592077 -6.2529459 21.35292053
v 3.02261925 -6.2529459 21.33932304
v 3.51805162 -6.2529459 20.90065765
v 3.71547031 -6.2529459 20.90065765
v 3.47157383 -6.2529459 21.15335846
v 3.52504778 -6.2529459 20.95379639
v 3.51144791 -6.2529459 21.05709839
v 4.44347334 -6.2529459 20.59398651
v 5.05897474 -6.2529459 20.59398651
v 5.02480316 -6.2529459 20.60814095
v 4.83883953 -6.2529459 20.85049248
v 4.94214106 -6.2529459 20.67156982
v 4.87871218 -6.2529459 20.75423241
v 5.50659227 -6.2529459 20.67156982
v 5.38975716 -6.2529459 20.59398651
v 5.42393017 -6.2529459 20.60814095
v 5.76719427 -6.2529459 20.35064697
v 5.81391764 -6.2529459 20.35064697
v 5.54120827 -6.2529459 20.28731346
v 5.76719427 -6.2529459 20.28731346
v 6.58863831 -6.2529459 20.28731346
v 6.54191923 -6.2529459 20.35064697
v 6.58863831 -6.2529459 20.35064697
v 6.86551571 -6.2529459 19.98064232
v 7.86564159 -6.2529459 19.98064232
v 8.68708611 -6.2529459 19.5206337
v 9.96408844 -6.40838909 19.5206337
v 10.1646719 -6.94771767 19.5206337
v 10.78553295 -6.40838909 19.5206337
v 11.82853699 -7.19672489 19.5206337
v 11.82853699 -6.82443905 19.5206337
v 9.51413155 6.2529459 22.55870438
v 8.1898241 5.94029808 22.55870438
v 6.86551666 3.54854679 22.55870438
v 5.54120874 3.12647295 22.55870438
v 8.1898241 6.2529459 22.26038551
v 10.83843899 0.52769107 19.98064232
v 10.83843899 1.34913635 19.98064232
v 10.83843899 2.62613821 19.98064232
v 10.83843899 3.40086269 20.35064697
v 10.83843899 3.44758344 20.35064697
v 10.83843899 3.44758344 20.28731346
v 10.83843899 3.54854679 20.28731346
v 10.83843899 3.79622889 20.85049248
v 10.83843899 4.01636505 20.59398651
v 10.83843899 3.98219299 20.60814095
v 10.83843899 3.83610249 20.75423241
v 10.83843899 3.89953136 20.67156982
v 10.83843899 4.56728363 20.85049248
v 10.83843899 4.34714651 20.59398651
v 10.83843899 4.77130699 20.59398651
v 10.83843899 4.38131952 20.60814095
v 10.83843899 4.52741051 20.75423241
v 10.83843899 4.46398115 20.67156982
v 10.83843899 5.49930859 20.59398651
v 10.83843899 5.94029808 20.59398651
v 10.83843899 6.2529459 20.90065765
v 10.78231621 6.2529459 21.2073288
v 10.05431366 6.2529459 21.2073288
v 9.56806469 6.2529459 21.33932304
v 9.51413155 6.2529459 21.3464222
v 9.76900482 6.2529459 21.2073288
v 9.7469883 6.2529459 21.23601913
v 9.66432667 6.2529459 21.29944992
v 8.87521362 6.2529459 21.51399994
v 6.86551571 6.2529459 21.82067108
v 7.03715372 6.50540829 22.26038551
v 8.14721107 6.36166668 22.01003075
v 8.14721107 6.2529459 21.82067108
v 4.21690083 0 22.55870438
v 10.83843899 -2.84775782 19.5206337
v 10.83843899 -1.5707562 19.5206337
v 10.83843899 -0.74931085 19.5206337
v 10.83843899 0 19.5206337
v 3.35888815 -3.12647295 22.55870438
v 2.51916623 -3.54854679 22.55870438
v 11.82853699 -3.97644567 19.5206337
v 11.57952881 -3.47385883 19.5206337
v 11.00109482 -3.20271826 19.5206337
v 1.67944407 -6.2529459 22.55870438
v 1.67944407 -5.94029808 22.55870438
v 0.83972204 -6.2529459 22.26038551
v 0.24657869 -6.2529459 21.82067108
v 0 -6.50540829 22.26038551
v 0 -6.36166668 22.01003075
v 0.24657869 -6.36166668 22.01003075
v 0.83972204 -6.2529459 21.51399994
v 1.61702371 -6.2529459 21.51399994
v 2.34502602 -6.2529459 21.2073288
v 2.51916623 -6.2529459 20.90065765
v 2.73378944 -6.2529459 20.90065765
v 2.72679377 -6.2529459 20.95379639
v 2.78026628 -6.2529459 21.15335846
v 2.74039364 -6.2529459 21.05709839
v 3.35888815 -6.2529459 20.59398651
v 3.71547031 -6.2529459 20.59398651
v 3.40814495 -6.2529459 20.67156982
v 3.35888815 -6.2529459 20.6337738
v 3.51144648 -6.2529459 20.85049248
v 3.47157383 -6.2529459 20.75423241
v 4.49019384 -6.2529459 20.28731346
v 4.44347334 -6.2529459 20.35064697
v 4.49019384 -6.2529459 20.35064697
v 5.32766533 -6.2529459 20.56826782
v 5.12106371 -6.2529459 20.56826782
v 5.22436666 -6.2529459 20.55466843
v 5.54120827 -6.2529459 19.98064232
v 5.76719427 -6.2529459 19.98064232
v 6.58863831 -6.2529459 19.98064232
v 6.86551571 -6.2529459 19.5206337
v 7.86564159 -6.2529459 19.5206337
v 8.74981213 -6.94771767 19.5206337
v 8.68708611 -6.40838909 19.5206337
v 8.31511211 -6.40838909 19.5206337
v 10.3638773 -7.19672489 19.5206337
v 12.03603554 -7.4042244 19.5206337
v 12.03603554 -7.01118755 19.5206337
v 8.1898241 6.2529459 22.55870438
v 6.86551666 5.94029808 22.55870438
v 5.54120874 3.54854679 22.55870438
v 4.21690083 3.12647295 22.55870438
v 6.86551666 6.2529459 22.26038551
v 10.83843899 0.52769107 19.5206337
v 10.83843899 1.34913635 19.5206337
v 10.83843899 2.62613821 19.5206337
v 10.83843899 3.44758344 19.98064232
v 10.83843899 3.54854679 19.98064232
v 10.83843899 4.07845402 20.56826782
v 10.83843899 4.28505516 20.56826782
v 10.83843899 4.18175602 20.55466843
v 10.83843899 4.72458363 20.35064697
v 10.83843899 4.77130699 20.35064697
v 10.83843899 4.72458363 20.28731346
v 10.83843899 5.49930859 20.35064697
v 10.83843899 5.54602814 20.35064697
v 10.83843899 5.54602814 20.28731346
v 10.83843899 5.94029808 20.28731346
v 10.83843899 6.2529459 20.59398651
v 10.78231621 6.2529459 20.90065765
v 10.05431366 6.2529459 20.90065765
v 9.85689449 6.2529459 20.90065765
v 9.86388969 6.2529459 20.95379639
v 9.81041718 6.2529459 21.15335846
v 9.8502903 6.2529459 21.05709839
v 8.87521362 6.2529459 21.2073288
v 9.18253613 6.2529459 21.23601913
v 9.16052151 6.2529459 21.2073288
v 9.46476364 6.2529459 21.35292053
v 9.26519775 6.2529459 21.29944992
v 9.36146164 6.2529459 21.33932304
v 8.14721107 6.2529459 21.51399994
v 6.86551571 6.2529459 21.51399994
v 6.04876328 6.2529459 21.82067108
v 5.54120827 6.2529459 21.82067108
v 5.679739 6.50540829 22.26038551
v 6.7767663 6.2529459 21.82067108
v 6.04876328 6.36166668 22.01003075
v 6.7767663 6.36166668 22.01003075
v 3.35888815 0 22.55870438
v 11.00109482 -2.84775782 19.5206337
v 11.00109482 -0.74931085 19.5206337
v 11.00109482 -1.5707562 19.5206337
v 11.57952881 0 19.5206337
v 2.51916623 -3.12647295 22.55870438
v 1.67944407 -3.54854679 22.55870438
v 11.82853699 -3.47385883 19.5206337
v 12.03603554 -4.00445843 19.5206337
v 0.83972204 -6.2529459 22.55870438
v 0.83972204 -5.94029808 22.55870438
v 0 -6.2529459 22.26038551
v -0.86071503 -6.50540829 22.26038551
v -0.83972204 -6.2529459 21.82067108
v -0.48142362 -6.2529459 21.82067108
v -0.48142362 -6.36166668 22.01003075
v 0.24657869 -6.2529459 21.51399994
v 1.33171487 -6.2529459 21.2073288
v 1.61702371 -6.2529459 21.2073288
v 0.83972204 -6.2529459 21.30434036
v 0.92417192 -6.2529459 21.33932304
v 1.30969906 -6.2529459 21.23601913
v 1.02747345 -6.2529459 21.35292053
v 1.22703767 -6.2529459 21.29944992
v 1.13077497 -6.2529459 21.33932304
v 2.34502602 -6.2529459 20.90065765
v 2.51916623 -6.2529459 20.59398651
v 2.96052933 -6.2529459 20.59398651
v 2.92635727 -6.2529459 20.60814095
v 2.74039364 -6.2529459 20.85049248
v 2.84369516 -6.2529459 20.67156982
v 2.78026628 -6.2529459 20.75423241
v 3.29131222 -6.2529459 20.59398651
v 3.32548428 -6.2529459 20.60814095
v 3.66874838 -6.2529459 20.35064697
v 3.71547031 -6.2529459 20.35064697
v 3.35888815 -6.2529459 20.28731346
v 3.66874838 -6.2529459 20.28731346
v 4.49019384 -6.2529459 19.98064232
v 5.54120827 -6.2529459 19.5206337
v 5.76719427 -6.2529459 19.5206337
v 6.58863831 -6.2529459 19.5206337
v 7.33495331 -6.94771767 19.5206337
v 7.86564159 -6.40838909 19.5206337
v 8.89921665 -7.19672489 19.5206337
v 10.52987576 -7.4042244 19.5206337
v 12.25217247 -7.62035942 19.5206337
v 12.25217247 -7.20570946 19.5206337
v 6.86551666 6.2529459 22.55870438
v 5.54120874 5.94029808 22.55870438
v 4.21690083 3.54854679 22.55870438
v 3.35888815 3.12647295 22.55870438
v 5.54120874 6.2529459 22.26038551
v 11.57952881 3.47385883 19.5206337
v 11.00109482 3.20271826 19.5206337
v 11.00109482 2.62613821 19.5206337
v 11.00109482 0.52769107 19.5206337
v 11.00109482 1.34913635 19.5206337
v 10.83843899 3.44758344 19.5206337
v 10.83843899 3.54854679 19.5206337
v 10.83843899 4.72458363 19.98064232
v 10.83843899 5.54602814 19.98064232
v 10.83843899 5.94029808 19.98064232
v 10.83843899 6.2529459 20.28731346
v 10.78231621 6.2529459 20.59398651
v 10.05431366 6.2529459 20.59398651
v 9.63015461 6.2529459 20.59398651
v 9.66432667 6.2529459 20.60814095
v 9.8502903 6.2529459 20.85049248
v 9.7469883 6.2529459 20.67156982
v 9.81041718 6.2529459 20.75423241
v 9.11911011 6.2529459 21.15335846
v 9.07263184 6.2529459 20.90065765
v 8.87521362 6.2529459 20.90065765
v 9.06563473 6.2529459 20.95379639
v 9.07923603 6.2529459 21.05709839
v 8.14721107 6.2529459 21.2073288
v 7.06207371 6.2529459 21.2073288
v 6.86551571 6.2529459 21.2073288
v 7.67055798 6.2529459 21.2073288
v 7.64854145 6.2529459 21.23601913
v 7.0840888 6.2529459 21.23601913
v 7.56587934 6.2529459 21.29944992
v 7.16675091 6.2529459 21.29944992
v 7.46961737 6.2529459 21.33932304
v 7.26301432 6.2529459 21.33932304
v 7.36631584 6.2529459 21.35292053
v 6.7767663 6.2529459 21.51399994
v 6.04876328 6.2529459 21.51399994
v 5.54120827 6.2529459 21.51399994
v 4.26230049 6.36166668 22.01003075
v 4.32232332 6.50540829 22.26038551
v 4.67831755 6.2529459 21.82067108
v 4.67831755 6.36166668 22.01003075
v 2.51916623 0 22.55870438
v 11.82853699 0 19.5206337
v 1.67944407 -3.12647295 22.55870438
v 0.83972204 -3.54854679 22.55870438
v 12.03603554 -3.47385883 19.5206337
v 12.25217247 -4.03363657 19.5206337
v 0 -6.2529459 22.55870438
v 0 -5.94029808 22.55870438
v -0.83972204 -6.2529459 22.26038551
v -1.72143006 -6.50540829 22.26038551
v -1.67944431 -6.2529459 21.82067108
v -0.83972204 -6.2529459 21.51399994
v -0.48142362 -6.2529459 21.51399994
v 0.82790995 -6.2529459 21.29944992
v 0.24657869 -6.2529459 21.2073288
v 0.72323257 -6.2529459 21.2073288
v 0.74524856 -6.2529459 21.23601913
v 1.41960442 -6.2529459 20.90065765
v 1.61702371 -6.2529459 20.90065765
v 1.37312722 -6.2529459 21.15335846
v 1.42660046 -6.2529459 20.95379639
v 1.41300058 -6.2529459 21.05709839
v 2.34502602 -6.2529459 20.59398651
v 2.51916623 -6.2529459 20.28731346
v 3.2292223 -6.2529459 20.56826782
v 3.02261925 -6.2529459 20.56826782
v 3.12592077 -6.2529459 20.55466843
v 3.35888815 -6.2529459 19.98064232
v 3.66874838 -6.2529459 19.98064232
v 4.49019384 -6.2529459 19.5206337
v 5.76719427 -6.40838909 19.5206337
v 5.92009497 -6.94771767 19.5206337
v 6.58863831 -6.40838909 19.5206337
v 7.43455696 -7.19672489 19.5206337
v 9.02371597 -7.4042244 19.5206337
v 10.70278549 -7.62035942 19.5206337
v 12.25217247 -7.62035942 19.33147812
v 12.25217247 -7.20570946 19.33147812
v 5.54120874 6.2529459 22.55870438
v 4.21690083 5.94029808 22.55870438
v 3.35888815 3.54854679 22.55870438
v 2.51916623 3.12647295 22.55870438
v 4.21690083 6.2529459 22.26038551
v 11.82853699 3.47385883 19.5206337
v 11.57952881 3.94282961 19.5206337
v 11.00109482 3.44758344 19.5206337
v 10.83843899 4.72458363 19.5206337
v 10.83843899 5.54602814 19.5206337
v 10.83843899 5.94029808 19.5206337
v 10.83843899 6.2529459 19.98064232
v 10.78231621 6.2529459 20.35064697
v 10.82903767 6.2529459 20.28731346
v 10.82903767 6.2529459 20.35064697
v 10.05431366 6.2529459 20.35064697
v 10.00759125 6.2529459 20.35064697
v 10.00759125 6.2529459 20.28731346
v 9.51413155 6.2529459 20.28731346
v 9.51413155 6.2529459 20.56116867
v 9.56806469 6.2529459 20.56826782
v 9.07923603 6.2529459 20.85049248
v 9.29937172 6.2529459 20.59398651
v 8.87521362 6.2529459 20.59398651
v 9.26519966 6.2529459 20.60814095
v 9.11911011 6.2529459 20.75423241
v 9.18253899 6.2529459 20.67156982
v 8.14721107 6.2529459 20.90065765
v 7.75844622 6.2529459 20.90065765
v 7.76544285 6.2529459 20.95379639
v 7.71197033 6.2529459 21.15335846
v 7.75184155 6.2529459 21.05709839
v 7.02066278 6.2529459 21.15335846
v 6.97418404 6.2529459 20.90065765
v 6.86551571 6.2529459 20.90065765
v 6.9671874 6.2529459 20.95379639
v 6.98078871 6.2529459 21.05709839
v 6.7767663 6.2529459 21.2073288
v 6.04876328 6.2529459 21.2073288
v 5.55009413 6.2529459 21.23601913
v 5.54120827 6.2529459 21.24283791
v 5.57211018 6.2529459 21.2073288
v 4.67831755 6.2529459 21.51399994
v 3.35888815 6.2529459 21.82067108
v 3.44286013 6.50540829 22.26038551
v 3.95031595 6.36166668 22.01003075
v 3.95031595 6.2529459 21.82067108
v 1.67944407 0 22.55870438
v 12.03603554 0 19.5206337
v 0.83972204 -3.12647295 22.55870438
v 0 -3.54854679 22.55870438
v 12.25217247 -3.47385883 19.5206337
v 12.25217247 -4.03363657 19.33147812
v -0.83972204 -6.2529459 22.55870438
v -0.83972204 -5.94029808 22.55870438
v -1.67944407 -6.2529459 22.26038551
v -1.85186863 -6.2529459 21.82067108
v -2.58214521 -6.50540829 22.26038551
v -2.54628778 -6.36166668 22.01003075
v -1.85186863 -6.36166668 22.01003075
v -1.67944431 -6.2529459 21.51399994
v -0.48142362 -6.2529459 21.2073288
v -0.78874826 -6.2529459 21.23601913
v -0.76673251 -6.2529459 21.2073288
v -0.83972204 -6.2529459 21.27513504
v 0.24657869 -6.2529459 20.90065765
v 0.63534135 -6.2529459 20.90065765
v 0.62834573 -6.2529459 20.95379639
v 0.68181968 -6.2529459 21.15335846
v 0.6419456 -6.2529459 21.05709839
v 1.22703624 -6.2529459 20.60814095
v 1.19286442 -6.2529459 20.59398651
v 1.61702371 -6.2529459 20.59398651
v 1.30969834 -6.2529459 20.67156982
v 1.41299987 -6.2529459 20.85049248
v 1.37312722 -6.2529459 20.75423241
v 2.39174652 -6.2529459 20.28731346
v 2.34502602 -6.2529459 20.35064697
v 2.39174652 -6.2529459 20.35064697
v 2.51916623 -6.2529459 19.98064232
v 3.35888815 -6.2529459 19.5206337
v 3.66874838 -6.2529459 19.5206337
v 4.50523663 -6.94771767 19.5206337
v 4.49019384 -6.40838909 19.5206337
v 4.28141117 -6.40838909 19.5206337
v 5.96989679 -7.19672489 19.5206337
v 7.51755667 -7.4042244 19.5206337
v 9.15339851 -7.62035942 19.5206337
v 10.70278549 -7.62035942 19.33147812
v 12.08103752 -7.449224 18.95316315
v 12.08103752 -7.05168772 18.95316315
v 4.21690083 6.2529459 22.55870438
v 3.35888815 5.94029808 22.55870438
v 2.51916623 3.54854679 22.55870438
v 1.67944407 3.12647295 22.55870438
v 3.35888815 6.2529459 22.26038551
v 12.03603554 3.47385883 19.5206337
v 11.82853699 3.97644567 19.5206337
v 11.57952881 6.60033226 19.5206337
v 11.00109482 4.72458363 19.5206337
v 11.00109482 5.54602814 19.5206337
v 10.83843899 6.2529459 19.5206337
v 10.82903767 6.2529459 19.98064232
v 10.00759125 6.2529459 19.98064232
v 9.51413155 6.2529459 19.98064232
v 9.36146164 6.2529459 20.56826782
v 9.46476364 6.2529459 20.55466843
v 8.92193413 6.2529459 20.35064697
v 8.87521362 6.2529459 20.35064697
v 8.92193413 6.2529459 20.28731346
v 8.14721107 6.2529459 20.59398651
v 7.53170729 6.2529459 20.59398651
v 7.56587934 6.2529459 20.60814095
v 7.75184155 6.2529459 20.85049248
v 7.64854145 6.2529459 20.67156982
v 7.71197033 6.2529459 20.75423241
v 6.98078871 6.2529459 20.85049248
v 7.2009244 6.2529459 20.59398651
v 6.86551571 6.2529459 20.59398651
v 7.16675234 6.2529459 20.60814095
v 7.02066278 6.2529459 20.75423241
v 7.08409166 6.2529459 20.67156982
v 6.7767663 6.2529459 20.90065765
v 6.04876328 6.2529459 20.90065765
v 5.65999937 6.2529459 20.90065765
v 5.66699553 6.2529459 20.95379639
v 5.61352301 6.2529459 21.15335846
v 5.65339422 6.2529459 21.05709839
v 4.67831755 6.2529459 21.2073288
v 4.98564291 6.2529459 21.23601913
v 4.96362686 6.2529459 21.2073288
v 5.46743202 6.2529459 21.29944992
v 5.06830359 6.2529459 21.29944992
v 5.37117004 6.2529459 21.33932304
v 5.16456699 6.2529459 21.33932304
v 5.26786852 6.2529459 21.35292053
v 3.95031595 6.2529459 21.51399994
v 3.35888815 6.2529459 21.51399994
v 2.54628778 6.36166668 22.01003075
v 2.58214521 6.50540829 22.26038551
v 2.57987022 6.2529459 21.82067108
v 2.57987022 6.36166668 22.01003075
v 0.83972204 0 22.55870438
v 12.25217247 0 19.5206337
v 0 -3.12647295 22.55870438
v -0.83972204 -3.54854679 22.55870438
v 12.25217247 -3.47385883 19.33147812
v 12.08103752 -4.01053286 18.95316315
v -1.67944407 -6.2529459 22.55870438
v -1.67944407 -5.94029808 22.55870438
v -2.51916623 -6.2529459 22.26038551
v -3.44286013 -6.50540829 22.26038551
v -3.35888815 -6.2529459 21.82067108
v -2.57987022 -6.2529459 21.82067108
v -2.57987022 -6.36166668 22.01003075
v -1.85186863 -6.2529459 21.51399994
v -0.87140965 -6.2529459 21.29944992
v -1.67944431 -6.2529459 21.2073288
v -1.3752147 -6.2529459 21.2073288
v -1.35319877 -6.2529459 21.23601913
v -0.96767235 -6.2529459 21.33932304
v -1.27053738 -6.2529459 21.29944992
v -1.07097387 -6.2529459 21.35292053
v -1.1742754 -6.2529459 21.33932304
v -0.7253201 -6.2529459 21.15335846
v -0.67884284 -6.2529459 20.90065765
v -0.48142362 -6.2529459 20.90065765
v -0.67184687 -6.2529459 20.95379639
v -0.68544674 -6.2529459 21.05709839
v 0.83972204 -6.2529459 20.59398651
v 0.83972204 -6.2529459 20.6032486
v 0.82790995 -6.2529459 20.60814095
v 0.6419456 -6.2529459 20.85049248
v 0.74524856 -6.2529459 20.67156982
v 0.68181968 -6.2529459 20.75423241
v 0.24657869 -6.2529459 20.59398651
v 1.57030177 -6.2529459 20.35064697
v 1.61702371 -6.2529459 20.35064697
v 0.83972204 -6.2529459 20.28731346
v 1.57030177 -6.2529459 20.28731346
v 0.862082 -6.2529459 20.59398651
v 1.13077497 -6.2529459 20.56826782
v 0.92417192 -6.2529459 20.56826782
v 1.02747345 -6.2529459 20.55466843
v 2.39174652 -6.2529459 19.98064232
v 2.51916623 -6.2529459 19.5206337
v 3.58855605 -6.94771767 19.5206337
v 3.66874838 -6.40838909 19.5206337
v 4.50523663 -7.19672489 19.5206337
v 6.01139641 -7.4042244 19.5206337
v 7.60401058 -7.62035942 19.5206337
v 9.15339851 -7.62035942 19.33147812
v 10.56587601 -7.449224 18.95316315
v 12.03603554 -7.4042244 18.57485008
v 12.03603554 -7.01118755 18.57485008
v 3.35888815 6.2529459 22.55870438
v 2.51916623 5.94029808 22.55870438
v 1.67944407 3.54854679 22.55870438
v 0.83972204 3.12647295 22.55870438
v 2.51916623 6.2529459 22.26038551
v 12.25217247 3.47385883 19.5206337
v 12.03603554 4.00445843 19.5206337
v 11.82853699 6.82443905 19.5206337
v 11.57952881 6.94771767 19.5206337
v 10.82903767 6.2529459 19.5206337
v 10.00759125 6.2529459 19.5206337
v 9.51413155 6.2529459 19.5206337
v 8.92193413 6.2529459 19.98064232
v 8.14721107 6.2529459 20.35064697
v 8.10048676 6.2529459 20.35064697
v 8.10048676 6.2529459 20.28731346
v 6.86551571 6.2529459 20.28731346
v 7.46961737 6.2529459 20.56826782
v 7.26301432 6.2529459 20.56826782
v 7.36631584 6.2529459 20.55466843
v 6.7767663 6.2529459 20.59398651
v 6.04876328 6.2529459 20.59398651
v 5.54120827 6.2529459 20.59398651
v 5.54120827 6.2529459 20.66475296
v 5.55009413 6.2529459 20.67156982
v 5.65339422 6.2529459 20.85049248
v 5.61352301 6.2529459 20.75423241
v 4.92221403 6.2529459 21.15335846
v 4.87573719 6.2529459 20.90065765
v 4.67831755 6.2529459 20.90065765
v 4.86874151 6.2529459 20.95379639
v 4.88234138 6.2529459 21.05709839
v 3.95031595 6.2529459 21.2073288
v 3.3689847 6.2529459 21.29944992
v 3.35888815 6.2529459 21.30363083
v 3.47366285 6.2529459 21.2073288
v 3.4516468 6.2529459 21.23601913
v 2.57987022 6.2529459 21.51399994
v 1.85186863 6.2529459 21.82067108
v 1.67944431 6.2529459 21.82067108
v 1.72143006 6.50540829 22.26038551
v 1.85186863 6.36166668 22.01003075
v 0 0 22.55870438
v 12.25217247 0 19.33147812
v -0.83972204 -3.12647295 22.55870438
v -1.67944407 -3.54854679 22.55870438
v 12.08103752 -3.47385883 18.95316315
v 12.03603554 -4.00445843 18.57485008
v -2.51916623 -6.2529459 22.55870438
v -2.51916623 -5.94029808 22.55870438
v -3.35888815 -6.2529459 22.26038551
v -4.32232332 -6.50540829 22.26038551
v -3.95031548 -6.36166668 22.01003075
v -3.95031548 -6.2529459 21.82067108
v -4.26230049 -6.36166668 22.01003075
v -3.35888815 -6.2529459 21.51399994
v -2.57987022 -6.2529459 21.51399994
v -1.85186863 -6.2529459 21.2073288
v -1.41662765 -6.2529459 21.15335846
v -1.67944431 -6.2529459 20.90065765
v -1.4631052 -6.2529459 20.90065765
v -1.47010088 -6.2529459 20.95379639
v -1.45650101 -6.2529459 21.05709839
v -0.68544745 -6.2529459 20.85049248
v -0.83972204 -6.2529459 20.63245773
v -0.83972204 -6.2529459 20.59398651
v -0.78874898 -6.2529459 20.67156982
v -0.7253201 -6.2529459 20.75423241
v -0.48142362 -6.2529459 20.59398651
v 0.29329991 -6.2529459 20.28731346
v 0.24657869 -6.2529459 20.35064697
v 0.29329991 -6.2529459 20.35064697
v 0.83972204 -6.2529459 19.98064232
v 1.57030177 -6.2529459 19.98064232
v 2.39174652 -6.2529459 19.5206337
v 2.69141698 -6.94771767 19.5206337
v 3.58855605 -7.19672489 19.5206337
v 4.50523663 -7.4042244 19.5206337
v 6.0546236 -7.62035942 19.5206337
v 7.60401058 -7.62035942 19.33147812
v 9.0507164 -7.449224 18.95316315
v 10.52987576 -7.4042244 18.57485008
v 11.93626499 -6.87122583 18.57485008
v 11.74316025 -7.11134863 18.57485008
v 11.74316025 -6.98659801 18.57485008
v 11.93626499 -6.98659801 18.57485008
v 2.51916623 6.2529459 22.55870438
v 1.67944407 5.94029808 22.55870438
v 0.83972204 3.54854679 22.55870438
v 0 3.12647295 22.55870438
v 1.67944407 6.2529459 22.26038551
v 12.25217247 3.47385883 19.33147812
v 12.25217247 4.03363657 19.5206337
v 12.03603554 7.01118755 19.5206337
v 11.82853699 7.19672489 19.5206337
v 10.1646719 6.94771767 19.5206337
v 10.00759125 6.40838909 19.5206337
v 10.82903767 6.40838909 19.5206337
v 8.92193413 6.2529459 19.5206337
v 8.10048676 6.2529459 19.98064232
v 6.86551571 6.2529459 19.98064232
v 6.7767663 6.2529459 20.35064697
v 6.8234868 6.2529459 20.28731346
v 6.8234868 6.2529459 20.35064697
v 6.04876328 6.2529459 20.35064697
v 6.00204134 6.2529459 20.35064697
v 6.00204134 6.2529459 20.28731346
v 5.54120827 6.2529459 20.28731346
v 5.43325996 6.2529459 20.59398651
v 5.46743202 6.2529459 20.60814095
v 4.88234138 6.2529459 20.85049248
v 5.10247803 6.2529459 20.59398651
v 4.67831755 6.2529459 20.59398651
v 5.06830645 6.2529459 20.60814095
v 4.92221546 6.2529459 20.75423241
v 4.98564434 6.2529459 20.67156982
v 3.95031595 6.2529459 20.90065765
v 3.56155252 6.2529459 20.90065765
v 3.5685482 6.2529459 20.95379639
v 3.51507568 6.2529459 21.15335846
v 3.55494833 6.2529459 21.05709839
v 2.57987022 6.2529459 21.2073288
v 2.88719559 6.2529459 21.23601913
v 2.86517954 6.2529459 21.2073288
v 3.27272272 6.2529459 21.33932304
v 2.96985769 6.2529459 21.29944992
v 3.1694212 6.2529459 21.35292053
v 3.06611967 6.2529459 21.33932304
v 1.85186863 6.2529459 21.51399994
v 1.67944431 6.2529459 21.51399994
v 0.83972204 6.2529459 21.82067108
v 0.86071503 6.50540829 22.26038551
v -0.83972204 0 22.55870438
v 12.08103752 0 18.95316315
v -1.67944407 -3.12647295 22.55870438
v -2.51916623 -3.54854679 22.55870438
v 12.03603554 -3.47385883 18.57485008
v 11.74316025 -3.96259761 18.57485008
v 11.83710289 -3.96259761 18.57485008
v 11.93626499 -6.60859823 18.57485008
v 11.74905205 -6.60859823 18.57485008
v 11.74316025 -6.60033226 18.57485008
v 11.74316025 -4.34059715 18.57485008
v 11.74316025 -5.09659767 18.57485008
v 11.74316025 -4.71859741 18.57485008
v 11.93626499 -4.71859741 18.57485008
v 11.93626499 -4.34059715 18.57485008
v 11.93626499 -5.09659767 18.57485008
v 11.74316025 -6.2305975 18.57485008
v 11.93626499 -6.2305975 18.57485008
v 11.93626499 -5.47459793 18.57485008
v 11.93626499 -5.85259819 18.57485008
v 11.74316025 -5.85259819 18.57485008
v 11.74316025 -5.47459793 18.57485008
v -3.35888815 -6.2529459 22.55870438
v -3.35888815 -5.94029808 22.55870438
v -4.21690083 -6.2529459 22.26038551
v -5.679739 -6.50540829 22.26038551
v -5.54120827 -6.2529459 21.82067108
v -4.67831755 -6.2529459 21.82067108
v -4.67831755 -6.36166668 22.01003075
v -3.95031548 -6.2529459 21.51399994
v -2.57987022 -6.2529459 21.2073288
v -2.88719559 -6.2529459 21.23601913
v -2.86517954 -6.2529459 21.2073288
v -3.35888815 -6.2529459 21.30363083
v -3.27272272 -6.2529459 21.33932304
v -2.96985698 -6.2529459 21.29944992
v -3.1694212 -6.2529459 21.35292053
v -3.06611896 -6.2529459 21.33932304
v -1.85186863 -6.2529459 20.90065765
v -1.45650101 -6.2529459 20.85049248
v -1.67944431 -6.2529459 20.59398651
v -1.23636532 -6.2529459 20.59398651
v -1.27053738 -6.2529459 20.60814095
v -1.41662765 -6.2529459 20.75423241
v -1.35319877 -6.2529459 20.67156982
v -0.90558243 -6.2529459 20.59398651
v -0.87141037 -6.2529459 20.60814095
v -0.48142362 -6.2529459 20.35064697
v -0.83972204 -6.2529459 20.28731346
v -0.52814555 -6.2529459 20.28731346
v -0.52814555 -6.2529459 20.35064697
v 0.29329991 -6.2529459 19.98064232
v 0.83972204 -6.2529459 19.5206337
v 1.57030177 -6.2529459 19.5206337
v 1.79427803 -6.94771767 19.5206337
v 2.39174652 -6.40838909 19.5206337
v 1.7051363 -6.40838909 19.5206337
v 2.69141698 -7.19672489 19.5206337
v 3.58855605 -7.4042244 19.5206337
v 4.50523663 -7.62035942 19.5206337
v 6.0546236 -7.62035942 19.33147812
v 7.53555584 -7.449224 18.95316315
v 9.02371597 -7.4042244 18.57485008
v 11.53540421 -7.11134863 18.57485008
v 10.45754528 -7.31381178 18.57485008
v 10.7665987 -7.31381178 18.57485008
v 10.77940464 -7.31381178 18.57485008
v 10.77940464 -7.11134863 18.57485008
v 11.14459991 -7.11134863 18.57485008
v 11.14459991 -7.31381178 18.57485008
v 11.15740585 -7.31381178 18.57485008
v 11.52259827 -7.31381178 18.57485008
v 11.53540421 -7.31381178 18.57485008
v 11.74316025 -7.11134863 18.18261719
v 11.74316025 -6.98659801 18.18261719
v 1.67944407 6.2529459 22.55870438
v 0.83972204 5.94029808 22.55870438
v 0 3.54854679 22.55870438
v -0.83972204 3.12647295 22.55870438
v 0.83972204 6.2529459 22.26038551
v 12.08103752 3.47385883 18.95316315
v 12.25217247 4.03363657 19.33147812
v 12.25217247 7.20570946 19.5206337
v 12.03603554 7.4042244 19.5206337
v 10.3638773 7.19672489 19.5206337
v 8.74981213 6.94771767 19.5206337
v 8.92193413 6.40838909 19.5206337
v 8.31511211 6.40838909 19.5206337
v 8.10048676 6.2529459 19.5206337
v 6.86551571 6.2529459 19.5206337
v 6.8234868 6.2529459 19.98064232
v 6.00204134 6.2529459 19.98064232
v 5.54120827 6.2529459 19.98064232
v 5.37117004 6.2529459 20.56826782
v 5.16456699 6.2529459 20.56826782
v 5.26786852 6.2529459 20.55466843
v 4.72503948 6.2529459 20.28731346
v 4.72503948 6.2529459 20.35064697
v 4.67831755 6.2529459 20.35064697
v 3.95031595 6.2529459 20.59398651
v 3.35888815 6.2529459 20.59398651
v 3.35888815 6.2529459 20.60395813
v 3.3689847 6.2529459 20.60814095
v 3.55494833 6.2529459 20.85049248
v 3.4516468 6.2529459 20.67156982
v 3.51507568 6.2529459 20.75423241
v 2.82376671 6.2529459 21.15335846
v 2.77728987 6.2529459 20.90065765
v 2.57987022 6.2529459 20.90065765
v 2.77029419 6.2529459 20.95379639
v 2.78389406 6.2529459 21.05709839
v 1.85186863 6.2529459 21.2073288
v 1.67944431 6.2529459 21.2073288
v 0.83972204 6.2529459 21.51399994
v 0 6.36166668 22.01003075
v 0 6.50540829 22.26038551
v 0.48142362 6.2529459 21.82067108
v 0.48142362 6.36166668 22.01003075
v -1.67944407 0 22.55870438
v 12.03603554 0 18.57485008
v -2.51916623 -3.12647295 22.55870438
v -3.35888815 -3.54854679 22.55870438
v 11.74316025 -3.58459759 18.57485008
v 11.74316025 -3.47385883 18.57485008
v 11.93626499 -3.96259761 18.57485008
v 11.93626499 -3.58459783 18.57485008
v 11.74316025 -6.60859823 18.57485008
v 11.74316025 -6.60033226 18.18261719
v 11.74316025 -6.2305975 18.18261719
v 11.74316025 -5.85259819 18.18261719
v 11.74316025 -5.47459793 18.18261719
v 11.74316025 -5.09659767 18.18261719
v 11.74316025 -4.71859741 18.18261719
v 11.74316025 -4.34059715 18.18261719
v 11.74316025 -3.96259761 18.18261719
v -4.21690083 -6.2529459 22.55870438
v -4.21690083 -5.94029808 22.55870438
v -5.54120874 -6.2529459 22.26038551
v -6.04876232 -6.2529459 21.82067108
v -7.03715372 -6.50540829 22.26038551
v -6.86551571 -6.2529459 21.82067108
v -6.77676487 -6.2529459 21.82067108
v -6.04876232 -6.36166668 22.01003075
v -6.77676487 -6.36166668 22.01003075
v -5.54120827 -6.2529459 21.51399994
v -4.67831755 -6.2529459 21.51399994
v -3.95031548 -6.2529459 21.2073288
v -3.3689847 -6.2529459 21.29944992
v -3.4736619 -6.2529459 21.2073288
v -3.45164609 -6.2529459 21.23601913
v -2.82376671 -6.2529459 21.15335846
v -2.77728987 -6.2529459 20.90065765
v -2.57987022 -6.2529459 20.90065765
v -2.77029419 -6.2529459 20.95379639
v -2.78389406 -6.2529459 21.05709839
v -1.85186863 -6.2529459 20.59398651
v -1.1742754 -6.2529459 20.56826782
v -0.96767235 -6.2529459 20.56826782
v -1.07097387 -6.2529459 20.55466843
v -1.67944431 -6.2529459 20.28731346
v -0.83972204 -6.2529459 19.98064232
v -0.52814555 -6.2529459 19.98064232
v 0.29329991 -6.2529459 19.5206337
v 0.89713901 -6.94771767 19.5206337
v 1.57030177 -6.40838909 19.5206337
v 1.79427803 -7.19672489 19.5206337
v 2.69141698 -7.4042244 19.5206337
v 3.58855605 -7.62035942 19.5206337
v 4.50523663 -7.62035942 19.33147812
v 6.02039623 -7.449224 18.95316315
v 7.51755667 -7.4042244 18.57485008
v 10.38860035 -7.31381178 18.57485008
v 10.40140629 -7.31381178 18.57485008
v 10.29557514 -7.11134863 18.57485008
v 10.38860035 -7.22763062 18.57485008
v 10.02340508 -7.31381178 18.57485008
v 10.02340508 -7.11134863 18.57485008
v 9.64540672 -7.31381178 18.57485008
v 10.01059914 -7.31381178 18.57485008
v 9.26740456 -7.11134863 18.57485008
v 9.63260078 -7.11134863 18.57485008
v 9.63260078 -7.31381178 18.57485008
v 8.96946907 -7.31381178 18.57485008
v 9.25459862 -7.31381178 18.57485008
v 9.26740456 -7.31381178 18.57485008
v 10.77940464 -7.11134863 18.18261719
v 11.14459991 -7.11134863 18.18261719
v 11.53540421 -7.11134863 18.18261719
v 11.74316025 -7.11134863 17.79038239
v 11.74316025 -6.60859823 18.18261719
v 11.74316025 -6.60033226 17.79038239
v 11.74316025 -6.98659801 18.028862
v 11.74316025 -6.60859823 18.028862
v 0.83972204 6.2529459 22.55870438
v 0 5.94029808 22.55870438
v -0.83972204 3.54854679 22.55870438
v -1.67944407 3.12647295 22.55870438
v 0 6.2529459 22.26038551
v 12.03603554 3.47385883 18.57485008
v 12.08103752 4.01053286 18.95316315
v 12.25217247 7.20570946 19.33147812
v 12.25217247 7.62035942 19.5206337
v 10.52987576 7.4042244 19.5206337
v 8.89921665 7.19672489 19.5206337
v 7.33495331 6.94771767 19.5206337
v 8.10048676 6.40838909 19.5206337
v 6.8234868 6.2529459 19.5206337
v 6.00204134 6.2529459 19.5206337
v 5.54120827 6.2529459 19.5206337
v 4.72503948 6.2529459 19.98064232
v 3.95031595 6.2529459 20.35064697
v 3.90359402 6.2529459 20.35064697
v 3.90359402 6.2529459 20.28731346
v 3.35888815 6.2529459 20.28731346
v 3.33481264 6.2529459 20.59398651
v 2.78389406 6.2529459 20.85049248
v 3.00402975 6.2529459 20.59398651
v 2.57987022 6.2529459 20.59398651
v 2.96985769 6.2529459 20.60814095
v 2.82376671 6.2529459 20.75423241
v 2.88719559 6.2529459 20.67156982
v 1.85186863 6.2529459 20.90065765
v 1.67944431 6.2529459 20.90065765
v 0.87140965 6.2529459 21.29944992
v 0.83972204 6.2529459 21.27513504
v 1.3752147 6.2529459 21.2073288
v 1.35319877 6.2529459 21.23601913
v 0.96767235 6.2529459 21.33932304
v 1.27053738 6.2529459 21.29944992
v 1.07097387 6.2529459 21.35292053
v 1.1742754 6.2529459 21.33932304
v 0.48142362 6.2529459 21.51399994
v -0.86071503 6.50540829 22.26038551
v -0.24657869 6.2529459 21.82067108
v -0.83972204 6.2529459 21.82067108
v -0.24657869 6.36166668 22.01003075
v -2.51916623 0 22.55870438
v 11.93626499 0 18.57485008
v 11.74316025 -0.5605967 18.57485008
v 11.74316025 -0.18259664 18.57485008
v 11.93626499 -0.18259664 18.57485008
v 11.74316025 -3.20659781 18.57485008
v 11.93626499 -2.82859778 18.57485008
v 11.74316025 -2.82859778 18.57485008
v 11.74316025 -2.45059752 18.57485008
v 11.93626499 -3.20659781 18.57485008
v 11.93626499 -2.45059752 18.57485008
v 11.93626499 -0.5605967 18.57485008
v 11.74316025 -1.31659687 18.57485008
v 11.74316025 -0.93859684 18.57485008
v 11.93626499 -0.93859684 18.57485008
v 11.93626499 -2.0725975 18.57485008
v 11.74316025 -2.0725975 18.57485008
v 11.74316025 -1.69459701 18.57485008
v 11.93626499 -1.31659687 18.57485008
v 11.93626499 -1.69459701 18.57485008
v -3.35888815 -3.12647295 22.55870438
v -4.21690083 -3.54854679 22.55870438
v 11.74316025 -3.58459759 18.18261719
v 11.74316025 -3.47385883 18.18261719
v 11.74316025 -3.94282961 17.79038239
v 11.74316025 -3.94282961 18.028862
v 11.74316025 -3.96259761 18.028862
v 11.74316025 -4.71859741 18.028862
v 11.74316025 -4.34059715 18.028862
v 11.74316025 -5.09659767 18.028862
v 11.74316025 -5.85259819 18.028862
v 11.74316025 -6.2305975 18.028862
v 11.74316025 -5.47459793 18.028862
v -5.54120874 -6.2529459 22.55870438
v -5.54120874 -5.94029808 22.55870438
v -6.86551666 -6.2529459 22.26038551
v -8.3945694 -6.50540829 22.26038551
v -8.14721012 -6.36166668 22.01003075
v -8.14721012 -6.2529459 21.82067108
v -8.27799606 -6.36166668 22.01003075
v -6.86551571 -6.2529459 21.51399994
v -6.77676487 -6.2529459 21.51399994
v -6.04876232 -6.2529459 21.51399994
v -4.67831755 -6.2529459 21.2073288
v -4.98564243 -6.2529459 21.23601913
v -4.96362686 -6.2529459 21.2073288
v -5.54120827 -6.2529459 21.24283791
v -5.46743155 -6.2529459 21.29944992
v -5.06830406 -6.2529459 21.29944992
v -5.37116957 -6.2529459 21.33932304
v -5.16456604 -6.2529459 21.33932304
v -5.26786804 -6.2529459 21.35292053
v -3.95031548 -6.2529459 20.90065765
v -3.56155205 -6.2529459 20.90065765
v -3.56854749 -6.2529459 20.95379639
v -3.51507497 -6.2529459 21.15335846
v -3.55494761 -6.2529459 21.05709839
v -2.78389406 -6.2529459 20.85049248
v -3.00402975 -6.2529459 20.59398651
v -2.57987022 -6.2529459 20.59398651
v -2.96985769 -6.2529459 20.60814095
v -2.82376671 -6.2529459 20.75423241
v -2.88719559 -6.2529459 20.67156982
v -1.85186863 -6.2529459 20.35064697
v -1.80514741 -6.2529459 20.35064697
v -1.80514741 -6.2529459 20.28731346
v -1.67944431 -6.2529459 19.98064232
v -0.83972204 -6.2529459 19.5206337
v -0.52814555 -6.2529459 19.5206337
v 0 -6.94771767 19.5206337
v 0.29329991 -6.40838909 19.5206337
v 0 -6.40838909 19.5206337
v 0.89713901 -7.19672489 19.5206337
v 1.79427803 -7.4042244 19.5206337
v 2.69141698 -7.62035942 19.5206337
v 3.58855605 -7.62035942 19.33147812
v 4.50523663 -7.449224 18.95316315
v 6.01139641 -7.4042244 18.57485008
v 8.87660027 -7.31381178 18.57485008
v 8.8894062 -7.31381178 18.57485008
v 8.84799099 -7.11134863 18.57485008
v 8.87660027 -7.15902996 18.57485008
v 8.51140404 -7.31381178 18.57485008
v 8.51140404 -7.11134863 18.57485008
v 8.13340569 -7.31381178 18.57485008
v 8.4985981 -7.31381178 18.57485008
v 7.75540352 -7.11134863 18.57485008
v 8.12059975 -7.11134863 18.57485008
v 8.12059975 -7.31381178 18.57485008
v 7.48139191 -7.31381178 18.57485008
v 7.74259758 -7.31381178 18.57485008
v 7.75540352 -7.31381178 18.57485008
v 9.26740456 -7.11134863 18.18261719
v 9.63260078 -7.11134863 18.18261719
v 10.02340508 -7.11134863 18.18261719
v 10.29557514 -7.11134863 18.18261719
v 10.38860035 -7.11134863 18.57485008
v 10.38860035 -7.11134863 18.18261719
v 10.29557514 -7.11134863 17.79038239
v 10.38860035 -7.11134863 18.02886391
v 11.53540421 -7.11134863 18.02886391
v 10.7665987 -7.11134863 18.02886391
v 10.40140629 -7.11134863 18.02886391
v 10.77940464 -7.11134863 18.02886391
v 11.52259827 -7.11134863 18.02886391
v 11.14459991 -7.11134863 18.02886391
v 11.15740585 -7.11134863 18.02886391
v 11.74316025 -7.11134863 17.00591469
v 11.74316025 -6.60033226 17.00591469
v 0 6.2529459 22.55870438
v -0.83972204 5.94029808 22.55870438
v -1.67944407 3.54854679 22.55870438
v -2.51916623 3.12647295 22.55870438
v -0.83972204 6.2529459 22.26038551
v 11.74316025 3.20659781 18.57485008
v 11.74316025 3.47385883 18.57485008
v 11.74316025 2.45059752 18.57485008
v 11.74316025 2.82859778 18.57485008
v 11.93626499 2.82859778 18.57485008
v 11.93626499 3.20659781 18.57485008
v 11.93626499 2.45059752 18.57485008
v 11.93626499 0.18259664 18.57485008
v 11.74316025 0.18259664 18.57485008
v 11.74316025 0.5605967 18.57485008
v 11.74316025 1.69459701 18.57485008
v 11.74316025 2.0725975 18.57485008
v 11.93626499 2.0725975 18.57485008
v 11.93626499 0.5605967 18.57485008
v 11.93626499 1.69459701 18.57485008
v 11.74316025 0.93859684 18.57485008
v 11.74316025 1.31659687 18.57485008
v 11.93626499 1.31659687 18.57485008
v 11.93626499 0.93859684 18.57485008
v 12.03603554 4.00445843 18.57485008
v 12.08103752 7.05168772 18.95316315
v 12.25217247 7.62035942 19.33147812
v 10.70278549 7.62035942 19.5206337
v 9.02371597 7.4042244 19.5206337
v 7.43455696 7.19672489 19.5206337
v 5.92009497 6.94771767 19.5206337
v 6.00204134 6.40838909 19.5206337
v 6.8234868 6.40838909 19.5206337
v 4.72503948 6.2529459 19.5206337
v 3.90359402 6.2529459 19.98064232
v 3.35888815 6.2529459 19.98064232
v 3.27272272 6.2529459 20.56826782
v 3.06611967 6.2529459 20.56826782
v 3.1694212 6.2529459 20.55466843
v 2.62659216 6.2529459 20.28731346
v 2.62659216 6.2529459 20.35064697
v 2.57987022 6.2529459 20.35064697
v 1.85186863 6.2529459 20.59398651
v 1.67944431 6.2529459 20.59398651
v 1.41662765 6.2529459 21.15335846
v 1.46310592 6.2529459 20.90065765
v 1.47010159 6.2529459 20.95379639
v 1.45650172 6.2529459 21.05709839
v 0.48142362 6.2529459 21.2073288
v 0.78874826 6.2529459 21.23601913
v 0.76673251 6.2529459 21.2073288
v -1.72143006 6.50540829 22.26038551
v -1.61702371 6.36166668 22.01003075
v -1.69752526 6.36166668 22.01003075
v -1.61702371 6.2529459 21.82067108
v -0.24657869 6.2529459 21.51399994
v -0.83972204 6.2529459 21.51399994
v -3.35888815 0 22.55870438
v 11.74316025 -3.20659781 18.18261719
v 11.74316025 -2.82859778 18.18261719
v 11.74316025 -2.45059752 18.18261719
v 11.74316025 -2.0725975 18.18261719
v 11.74316025 -1.69459701 18.18261719
v 11.74316025 -1.31659687 18.18261719
v 11.74316025 -0.93859684 18.18261719
v 11.74316025 -0.5605967 18.18261719
v 11.74316025 -0.18259664 18.18261719
v -4.21690083 -3.12647295 22.55870438
v -5.54120874 -3.54854679 22.55870438
v 11.74316025 -3.47385883 17.79038239
v 11.74316025 -3.58459759 18.028862
v 11.74316025 -3.94282961 17.00591469
v -6.86551666 -6.2529459 22.55870438
v -6.86551666 -5.94029808 22.55870438
v -8.1898241 -6.2529459 22.26038551
v -9.75198364 -6.50540829 22.26038551
v -9.51413155 -6.2529459 21.82067108
v -8.87521172 -6.2529459 21.82067108
v -8.87521172 -6.36166668 22.01003075
v -8.14721012 -6.2529459 21.51399994
v -6.86551571 -6.2529459 21.2073288
v -6.77676487 -6.2529459 21.2073288
v -6.04876232 -6.2529459 21.2073288
v -5.55009365 -6.2529459 21.23601913
v -5.57210922 -6.2529459 21.2073288
v -4.92221355 -6.2529459 21.15335846
v -4.87573671 -6.2529459 20.90065765
v -4.67831755 -6.2529459 20.90065765
v -4.86874104 -6.2529459 20.95379639
v -4.88234091 -6.2529459 21.05709839
v -3.95031548 -6.2529459 20.59398651
v -3.35888815 -6.2529459 20.59398651
v -3.35888815 -6.2529459 20.60395813
v -3.3689847 -6.2529459 20.60814095
v -3.55494761 -6.2529459 20.85049248
v -3.45164609 -6.2529459 20.67156982
v -3.51507497 -6.2529459 20.75423241
v -3.27272272 -6.2529459 20.56826782
v -3.33481264 -6.2529459 20.59398651
v -3.06611967 -6.2529459 20.56826782
v -3.35888815 -6.2529459 20.28731346
v -3.1694212 -6.2529459 20.55466843
v -2.62659216 -6.2529459 20.28731346
v -2.62659216 -6.2529459 20.35064697
v -2.57987022 -6.2529459 20.35064697
v -1.80514741 -6.2529459 19.98064232
v -1.67944431 -6.2529459 19.5206337
v -0.89713901 -6.94771767 19.5206337
v -0.52814555 -6.40838909 19.5206337
v 0 -7.19672489 19.5206337
v 0.89713901 -7.4042244 19.5206337
v 1.79427803 -7.62035942 19.5206337
v 2.69141698 -7.62035942 19.33147812
v 3.58855605 -7.449224 18.95316315
v 4.50523663 -7.4042244 18.57485008
v 7.36459923 -7.31381178 18.57485008
v 7.37740517 -7.31381178 18.57485008
v 6.99940395 -7.11134863 18.57485008
v 7.36459923 -7.11134863 18.57485008
v 6.6214056 -7.31381178 18.57485008
v 6.98659801 -7.31381178 18.57485008
v 6.99940395 -7.31381178 18.57485008
v 5.99331379 -7.31381178 18.57485008
v 6.23059702 -7.31381178 18.57485008
v 6.24340296 -7.31381178 18.57485008
v 6.24340296 -7.11134863 18.57485008
v 6.60859966 -7.11134863 18.57485008
v 6.60859966 -7.31381178 18.57485008
v 7.75540352 -7.11134863 18.18261719
v 8.12059975 -7.11134863 18.18261719
v 8.51140404 -7.11134863 18.18261719
v 8.84799099 -7.11134863 18.18261719
v 8.87660027 -7.11134863 18.57485008
v 8.87660027 -7.11134863 18.18261719
v 8.84799099 -7.11134863 17.79038239
v 8.87660027 -7.11134863 18.02886391
v 10.02340508 -7.11134863 18.02886391
v 9.25459862 -7.11134863 18.02886391
v 8.8894062 -7.11134863 18.02886391
v 9.26740456 -7.11134863 18.02886391
v 10.01059914 -7.11134863 18.02886391
v 9.63260078 -7.11134863 18.02886391
v 9.64540672 -7.11134863 18.02886391
v 10.29557514 -7.11134863 17.00591469
v 11.57952881 -6.94771767 16.59860611
v 11.57952881 -6.60033226 16.59860611
v -0.83972204 6.2529459 22.55870438
v -1.67944407 5.94029808 22.55870438
v -2.51916623 3.54854679 22.55870438
v -3.35888815 3.12647295 22.55870438
v -1.67944407 6.2529459 22.26038551
v 11.93626499 3.96259761 18.57485008
v 11.83710289 3.96259761 18.57485008
v 11.74316025 3.58459759 18.57485008
v 11.93626499 3.58459783 18.57485008
v 11.74316025 0.18259664 18.18261719
v 11.74316025 0.5605967 18.18261719
v 11.74316025 0.93859684 18.18261719
v 11.74316025 1.31659687 18.18261719
v 11.74316025 1.69459701 18.18261719
v 11.74316025 2.0725975 18.18261719
v 11.74316025 2.45059752 18.18261719
v 11.74316025 2.82859778 18.18261719
v 11.74316025 3.20659781 18.18261719
v 11.74316025 3.47385883 18.18261719
v 12.03603554 7.01118755 18.57485008
v 12.08103752 7.449224 18.95316315
v 10.70278549 7.62035942 19.33147812
v 9.15339851 7.62035942 19.5206337
v 7.51755667 7.4042244 19.5206337
v 5.96989679 7.19672489 19.5206337
v 4.50523663 6.94771767 19.5206337
v 4.72503948 6.40838909 19.5206337
v 4.28141117 6.40838909 19.5206337
v 3.90359402 6.2529459 19.5206337
v 3.35888815 6.2529459 19.5206337
v 2.62659216 6.2529459 19.98064232
v 1.85186863 6.2529459 20.35064697
v 1.80514741 6.2529459 20.35064697
v 1.80514741 6.2529459 20.28731346
v 1.67944431 6.2529459 20.28731346
v 1.45650172 6.2529459 20.85049248
v 1.23636532 6.2529459 20.59398651
v 1.27053738 6.2529459 20.60814095
v 1.41662765 6.2529459 20.75423241
v 1.35319877 6.2529459 20.67156982
v 0.7253201 6.2529459 21.15335846
v 0.67884284 6.2529459 20.90065765
v 0.48142362 6.2529459 20.90065765
v 0.67184687 6.2529459 20.95379639
v 0.68544674 6.2529459 21.05709839
v -2.58214521 6.50540829 22.26038551
v -2.34502602 6.2529459 21.82067108
v -2.51916623 6.2529459 21.82067108
v -2.34502602 6.36166668 22.01003075
v -1.61702371 6.2529459 21.51399994
v -0.82790995 6.2529459 21.29944992
v -0.83972204 6.2529459 21.30434036
v -0.24657869 6.2529459 21.2073288
v -0.72323185 6.2529459 21.2073288
v -0.74524784 6.2529459 21.23601913
v -4.21690083 0 22.55870438
v 11.74316025 0 17.79038239
v 11.74316025 0 18.028862
v 11.74316025 -0.18259664 18.028862
v 11.74316025 -0.93859684 18.028862
v 11.74316025 -0.5605967 18.028862
v 11.74316025 -1.31659687 18.028862
v 11.74316025 -2.82859778 18.028862
v 11.74316025 -3.20659781 18.028862
v 11.74316025 -2.45059752 18.028862
v 11.74316025 -1.69459701 18.028862
v 11.74316025 -2.0725975 18.028862
v -5.54120874 -3.12647295 22.55870438
v -6.86551666 -3.54854679 22.55870438
v 11.74316025 -3.47385883 17.00591469
v 11.57952881 -3.94282961 16.59860611
v -8.1898241 -6.2529459 22.55870438
v -8.1898241 -5.94029808 22.55870438
v -9.51413155 -6.2529459 22.26038551
v -10.05431271 -6.2529459 21.82067108
v -11.1093998 -6.50540829 22.26038551
v -10.83843899 -6.2529459 21.82067108
v -10.78231525 -6.2529459 21.82067108
v -10.05431271 -6.36166668 22.01003075
v -10.78231525 -6.36166668 22.01003075
v -9.51413155 -6.2529459 21.51399994
v -8.87521172 -6.2529459 21.51399994
v -8.14721012 -6.2529459 21.2073288
v -7.06207371 -6.2529459 21.2073288
v -7.67055607 -6.2529459 21.2073288
v -7.6485405 -6.2529459 21.23601913
v -7.08408928 -6.2529459 21.23601913
v -7.56587887 -6.2529459 21.29944992
v -7.16675186 -6.2529459 21.29944992
v -7.46961737 -6.2529459 21.33932304
v -7.26301289 -6.2529459 21.33932304
v -7.36631489 -6.2529459 21.35292053
v -6.86551571 -6.2529459 20.90065765
v -6.77676487 -6.2529459 20.90065765
v -6.04876232 -6.2529459 20.90065765
v -5.65999937 -6.2529459 20.90065765
v -5.66699505 -6.2529459 20.95379639
v -5.61352205 -6.2529459 21.15335846
v -5.6533947 -6.2529459 21.05709839
v -4.88234091 -6.2529459 20.85049248
v -5.1024766 -6.2529459 20.59398651
v -4.67831755 -6.2529459 20.59398651
v -5.06830454 -6.2529459 20.60814095
v -4.92221403 -6.2529459 20.75423241
v -4.98564291 -6.2529459 20.67156982
v -3.95031548 -6.2529459 20.35064697
v -3.90359402 -6.2529459 20.35064697
v -3.90359402 -6.2529459 20.28731346
v -3.35888815 -6.2529459 19.98064232
v -2.62659216 -6.2529459 19.98064232
v -1.80514741 -6.2529459 19.5206337
v -1.79427803 -6.94771767 19.5206337
v -0.89713901 -7.19672489 19.5206337
v 0 -7.4042244 19.5206337
v 0.89713901 -7.62035942 19.5206337
v 1.79427803 -7.62035942 19.33147812
v 2.69141698 -7.449224 18.95316315
v 3.58855605 -7.4042244 18.57485008
v 5.85259867 -7.31381178 18.57485008
v 5.86540461 -7.31381178 18.57485008
v 5.48740339 -7.11134863 18.57485008
v 5.85259867 -7.11134863 18.57485008
v 5.10940504 -7.31381178 18.57485008
v 5.47459745 -7.31381178 18.57485008
v 5.48740339 -7.31381178 18.57485008
v 4.50523663 -7.31381178 18.57485008
v 4.71859789 -7.31381178 18.57485008
v 4.73140383 -7.31381178 18.57485008
v 4.73140383 -7.11134863 18.57485008
v 5.0965991 -7.11134863 18.57485008
v 5.0965991 -7.31381178 18.57485008
v 6.24340296 -7.11134863 18.18261719
v 6.60859966 -7.11134863 18.18261719
v 6.99940395 -7.11134863 18.18261719
v 7.36459923 -7.11134863 18.18261719
v 7.40040636 -7.11134863 18.02886391
v 7.40040636 -7.11134863 17.79038239
v 8.51140404 -7.11134863 18.02886391
v 8.4985981 -7.11134863 18.02886391
v 8.13340569 -7.11134863 18.02886391
v 7.74259758 -7.11134863 18.02886391
v 7.75540352 -7.11134863 18.02886391
v 8.12059975 -7.11134863 18.02886391
v 8.84799099 -7.11134863 17.00591469
v 10.1646719 -6.94771767 16.59860611
v 11.57952881 -6.94771767 16.02523994
v 11.57952881 -6.60033226 16.02523994
v -1.67944407 6.2529459 22.55870438
v -2.51916623 5.94029808 22.55870438
v -3.35888815 3.54854679 22.55870438
v -4.21690083 3.12647295 22.55870438
v -2.51916623 6.2529459 22.26038551
v 11.93626499 6.60859823 18.57485008
v 11.93626499 6.87122583 18.57485008
v 11.74316025 6.60033226 18.57485008
v 11.74905205 6.60859823 18.57485008
v 11.93626499 6.2305975 18.57485008
v 11.74316025 6.2305975 18.57485008
v 11.74316025 5.47459793 18.57485008
v 11.74316025 5.85259819 18.57485008
v 11.93626499 5.85259819 18.57485008
v 11.93626499 5.47459793 18.57485008
v 11.74316025 3.96259761 18.57485008
v 11.74316025 4.34059715 18.57485008
v 11.93626499 4.34059715 18.57485008
v 11.93626499 4.71859741 18.57485008
v 11.74316025 4.71859741 18.57485008
v 11.74316025 5.09659767 18.57485008
v 11.93626499 5.09659767 18.57485008
v 11.74316025 3.58459759 18.18261719
v 11.74316025 0.18259664 18.028862
v 11.74316025 3.47385883 17.79038239
v 11.74316025 0.5605967 18.028862
v 11.74316025 0.93859684 18.028862
v 11.74316025 3.20659781 18.028862
v 11.74316025 1.31659687 18.028862
v 11.74316025 1.69459701 18.028862
v 11.74316025 2.82859778 18.028862
v 11.74316025 2.0725975 18.028862
v 11.74316025 2.45059752 18.028862
v 12.03603554 7.4042244 18.57485008
v 10.56587601 7.449224 18.95316315
v 9.15339851 7.62035942 19.33147812
v 7.60401058 7.62035942 19.5206337
v 6.01139641 7.4042244 19.5206337
v 4.50523663 7.19672489 19.5206337
v 3.58855605 6.94771767 19.5206337
v 3.90359402 6.40838909 19.5206337
v 2.62659216 6.2529459 19.5206337
v 1.80514741 6.2529459 19.98064232
v 1.67944431 6.2529459 19.98064232
v 1.1742754 6.2529459 20.56826782
v 0.83972204 6.2529459 20.59398651
v 0.9055829 6.2529459 20.59398651
v 0.96767235 6.2529459 20.56826782
v 1.07097387 6.2529459 20.55466843
v 0.83972204 6.2529459 20.28731346
v 0.68544745 6.2529459 20.85049248
v 0.83972204 6.2529459 20.63245773
v 0.78874898 6.2529459 20.67156982
v 0.7253201 6.2529459 20.75423241
v 0.48142362 6.2529459 20.59398651
v -3.44286013 6.50540829 22.26038551
v -3.35888815 6.2529459 21.82067108
v -2.34502602 6.2529459 21.51399994
v -2.51916623 6.2529459 21.51399994
v -1.33171487 6.2529459 21.2073288
v -1.61702371 6.2529459 21.2073288
v -0.92417192 6.2529459 21.33932304
v -1.30969906 6.2529459 21.23601913
v -1.02747345 6.2529459 21.35292053
v -1.22703695 6.2529459 21.29944992
v -1.13077497 6.2529459 21.33932304
v -0.24657869 6.2529459 20.90065765
v -0.63534135 6.2529459 20.90065765
v -0.62834573 6.2529459 20.95379639
v -0.68181896 6.2529459 21.15335846
v -0.6419456 6.2529459 21.05709839
v -5.54120874 0 22.55870438
v 11.74316025 0 17.00591469
v -6.86551666 -3.12647295 22.55870438
v -8.1898241 -3.54854679 22.55870438
v 11.57952881 -3.47385883 16.59860611
v 11.57952881 -3.94282961 16.02523994
v -9.51413155 -6.2529459 22.55870438
v -9.51413155 -5.94029808 22.55870438
v -10.83843899 -6.2529459 22.26038551
v -11.1093998 -6.18013763 22.26038551
v -10.83843899 -5.94029808 21.82067108
v -10.83843899 -6.2529459 21.51399994
v -10.78231525 -6.2529459 21.51399994
v -10.05431271 -6.2529459 21.51399994
v -8.87521172 -6.2529459 21.2073288
v -9.18253708 -6.2529459 21.23601913
v -9.16052055 -6.2529459 21.2073288
v -9.51413155 -6.2529459 21.3464222
v -9.46476269 -6.2529459 21.35292053
v -9.26519775 -6.2529459 21.29944992
v -9.36145973 -6.2529459 21.33932304
v -8.14721012 -6.2529459 20.90065765
v -7.75844622 -6.2529459 20.90065765
v -7.76544189 -6.2529459 20.95379639
v -7.7119689 -6.2529459 21.15335846
v -7.7518425 -6.2529459 21.05709839
v -7.02066135 -6.2529459 21.15335846
v -6.97418404 -6.2529459 20.90065765
v -6.96718788 -6.2529459 20.95379639
v -6.98078823 -6.2529459 21.05709839
v -6.86551571 -6.2529459 20.59398651
v -6.77676487 -6.2529459 20.59398651
v -6.04876232 -6.2529459 20.59398651
v -5.54120827 -6.2529459 20.59398651
v -5.54120827 -6.2529459 20.66475296
v -5.55009365 -6.2529459 20.67156982
v -5.6533947 -6.2529459 20.85049248
v -5.61352205 -6.2529459 20.75423241
v -5.37117004 -6.2529459 20.56826782
v -5.43325949 -6.2529459 20.59398651
v -5.16456652 -6.2529459 20.56826782
v -5.54120827 -6.2529459 20.28731346
v -5.26786804 -6.2529459 20.55466843
v -4.72503948 -6.2529459 20.28731346
v -4.72503948 -6.2529459 20.35064697
v -4.67831755 -6.2529459 20.35064697
v -3.90359402 -6.2529459 19.98064232
v -3.35888815 -6.2529459 19.5206337
v -2.62659216 -6.2529459 19.5206337
v -2.55770445 -6.40838909 19.5206337
v -2.69141698 -6.94771767 19.5206337
v -1.80514741 -6.40838909 19.5206337
v -1.79427803 -7.19672489 19.5206337
v -0.89713901 -7.4042244 19.5206337
v 0 -7.62035942 19.5206337
v 0.89713901 -7.62035942 19.33147812
v 1.79427803 -7.449224 18.95316315
v 2.69141698 -7.4042244 18.57485008
v 4.34059811 -7.31381178 18.57485008
v 4.35340405 -7.31381178 18.57485008
v 3.97540426 -7.11134863 18.57485008
v 4.34059811 -7.11134863 18.57485008
v 3.59740448 -7.31381178 18.57485008
v 3.96259832 -7.31381178 18.57485008
v 3.97540426 -7.31381178 18.57485008
v 3.58855605 -7.31381178 18.57485008
v 4.73140383 -7.11134863 18.18261719
v 5.0965991 -7.11134863 18.18261719
v 5.48740339 -7.11134863 18.18261719
v 5.85259867 -7.11134863 18.18261719
v 7.37740517 -7.11134863 18.02886391
v 7.36459923 -7.11134863 18.02886391
v 6.99940395 -7.11134863 18.02886391
v 6.98659801 -7.11134863 18.02886391
v 6.6214056 -7.11134863 18.02886391
v 5.95282078 -7.11134863 18.02886391
v 5.95282078 -7.11134863 17.79038239
v 6.24340296 -7.11134863 18.02886391
v 6.23059702 -7.11134863 18.02886391
v 6.60859966 -7.11134863 18.02886391
v 7.40040636 -7.11134863 17.00591469
v 8.74981213 -6.94771767 16.59860611
v 10.1646719 -6.94771767 16.02523994
v 11.57952881 -6.94771767 11.4916172
v 11.57952881 -6.60033226 11.4916172
v -2.51916623 6.2529459 22.55870438
v -3.35888815 5.94029808 22.55870438
v -4.21690083 3.54854679 22.55870438
v -5.54120874 3.12647295 22.55870438
v -3.35888815 6.2529459 22.26038551
v 11.74316025 6.98659801 18.57485008
v 11.74316025 7.11134863 18.57485008
v 11.93626499 6.98659801 18.57485008
v 11.74316025 3.96259761 18.18261719
v 11.74316025 4.34059715 18.18261719
v 11.74316025 4.71859741 18.18261719
v 11.74316025 5.09659767 18.18261719
v 11.74316025 5.47459793 18.18261719
v 11.74316025 5.85259819 18.18261719
v 11.74316025 6.2305975 18.18261719
v 11.74316025 6.60033226 18.18261719
v 11.74316025 6.60859823 18.57485008
v 11.74316025 3.58459759 18.028862
v 11.74316025 3.94282961 17.79038239
v 11.74316025 3.94282961 18.028862
v 11.74316025 3.47385883 17.00591469
v 10.52987576 7.4042244 18.57485008
v 9.0507164 7.449224 18.95316315
v 7.60401058 7.62035942 19.33147812
v 6.0546236 7.62035942 19.5206337
v 4.50523663 7.4042244 19.5206337
v 3.58855605 7.19672489 19.5206337
v 2.69141698 6.94771767 19.5206337
v 2.62659216 6.40838909 19.5206337
v 2.55770445 6.40838909 19.5206337
v 1.80514741 6.2529459 19.5206337
v 1.67944431 6.2529459 19.5206337
v 0.83972204 6.2529459 19.98064232
v 0.48142362 6.2529459 20.35064697
v 0.52814555 6.2529459 20.28731346
v 0.52814555 6.2529459 20.35064697
v 0.87141109 6.2529459 20.60814095
v -4.32232332 6.50540829 22.26038551
v -3.71547079 6.36166668 22.01003075
v -4.26230049 6.36166668 22.01003075
v -3.71547079 6.2529459 21.82067108
v -3.35888815 6.2529459 21.51399994
v -2.34502602 6.2529459 21.2073288
v -2.51916623 6.2529459 21.2073288
v -1.41960442 6.2529459 20.90065765
v -1.61702371 6.2529459 20.90065765
v -1.37312722 6.2529459 21.15335846
v -1.42660046 6.2529459 20.95379639
v -1.41300058 6.2529459 21.05709839
v -0.83972204 6.2529459 20.59398651
v -0.83972204 6.2529459 20.6032486
v -0.82790995 6.2529459 20.60814095
v -0.6419456 6.2529459 20.85049248
v -0.74524784 6.2529459 20.67156982
v -0.68181896 6.2529459 20.75423241
v -0.24657869 6.2529459 20.59398651
v -6.86551666 0 22.55870438
v 11.57952881 0 16.59860611
v -8.1898241 -3.12647295 22.55870438
v -9.51413155 -3.54854679 22.55870438
v 11.57952881 -3.47385883 16.02523994
v 11.57952881 -4.02684307 15.24907207
v 11.57952881 -2.23283577 15.24907207
v -10.83843899 -6.2529459 22.55870438
v -10.83843899 -5.94029808 22.55870438
v -10.83843899 -5.94029808 22.26038551
v -10.83843899 -5.49930859 21.82067108
v -11.1093998 -3.69181919 22.26038551
v -10.83843899 -3.54854679 21.82067108
v -10.83843899 -4.77130699 21.82067108
v -10.95437241 -4.77130699 22.00880814
v -10.95437241 -5.49930859 22.00880814
v -10.83843899 -5.94029808 21.51399994
v -10.83843899 -6.2529459 21.2073288
v -10.78231525 -6.2529459 21.2073288
v -10.05431271 -6.2529459 21.2073288
v -9.56806374 -6.2529459 21.33932304
v -9.76900387 -6.2529459 21.2073288
v -9.74698734 -6.2529459 21.23601913
v -9.66432571 -6.2529459 21.29944992
v -9.1191082 -6.2529459 21.15335846
v -9.07263184 -6.2529459 20.90065765
v -8.87521172 -6.2529459 20.90065765
v -9.06563568 -6.2529459 20.95379639
v -9.07923508 -6.2529459 21.05709839
v -8.14721012 -6.2529459 20.59398651
v -7.53170681 -6.2529459 20.59398651
v -7.56587887 -6.2529459 20.60814095
v -7.7518425 -6.2529459 20.85049248
v -7.6485405 -6.2529459 20.67156982
v -7.7119689 -6.2529459 20.75423241
v -6.98078823 -6.2529459 20.85049248
v -7.2009244 -6.2529459 20.59398651
v -7.16675234 -6.2529459 20.60814095
v -7.02066135 -6.2529459 20.75423241
v -7.08409023 -6.2529459 20.67156982
v -6.77676487 -6.2529459 20.35064697
v -6.86551571 -6.2529459 20.28731346
v -6.8234868 -6.2529459 20.28731346
v -6.8234868 -6.2529459 20.35064697
v -6.04876232 -6.2529459 20.35064697
v -6.00204134 -6.2529459 20.35064697
v -6.00204134 -6.2529459 20.28731346
v -5.46743155 -6.2529459 20.60814095
v -5.54120827 -6.2529459 19.98064232
v -4.72503948 -6.2529459 19.98064232
v -3.90359402 -6.2529459 19.5206337
v -3.58855605 -6.94771767 19.5206337
v -2.62659216 -6.40838909 19.5206337
v -2.69141698 -7.19672489 19.5206337
v -1.79427803 -7.4042244 19.5206337
v -0.89713901 -7.62035942 19.5206337
v 0 -7.62035942 19.33147812
v 0.89713901 -7.449224 18.95316315
v 1.79427803 -7.4042244 18.57485008
v 3.21940327 -7.11134863 18.57485008
v 3.58459854 -7.11134863 18.57485008
v 3.58459854 -7.31381178 18.57485008
v 2.69141698 -7.11134863 18.57485008
v 2.82859755 -7.11134863 18.57485008
v 2.82859755 -7.31381178 18.57485008
v 2.84140348 -7.31381178 18.57485008
v 3.20659733 -7.31381178 18.57485008
v 3.21940327 -7.31381178 18.57485008
v 3.97540426 -7.11134863 18.18261719
v 4.34059811 -7.11134863 18.18261719
v 5.86540461 -7.11134863 18.02886391
v 5.85259867 -7.11134863 18.02886391
v 5.48740339 -7.11134863 18.02886391
v 5.47459745 -7.11134863 18.02886391
v 5.10940504 -7.11134863 18.02886391
v 4.50523663 -7.11134863 18.02886391
v 4.50523663 -7.11134863 17.79038239
v 4.73140383 -7.11134863 18.02886391
v 4.71859789 -7.11134863 18.02886391
v 5.0965991 -7.11134863 18.02886391
v 5.95282078 -7.11134863 17.00591469
v 7.33495331 -6.94771767 16.59860611
v 8.74981213 -6.94771767 16.02523994
v 9.61374855 -6.94512033 15.24907207
v 10.66132641 -6.94512033 15.24907207
v 11.57952881 -4.02684307 12.37973595
v 10.66132641 -6.94512033 12.37973595
v 11.72017002 -7.08835888 11.49164104
v 11.72016907 -6.60033226 11.4916172
v -3.35888815 6.2529459 22.55870438
v -4.21690083 5.94029808 22.55870438
v -5.54120874 3.54854679 22.55870438
v -6.86551666 3.12647295 22.55870438
v -4.21690083 6.2529459 22.26038551
v 10.7665987 7.31381178 18.57485008
v 10.45754528 7.31381178 18.57485008
v 11.14459991 7.11134863 18.57485008
v 10.77940464 7.11134863 18.57485008
v 10.77940464 7.31381178 18.57485008
v 11.53540421 7.11134863 18.57485008
v 11.14459991 7.31381178 18.57485008
v 11.52259827 7.31381178 18.57485008
v 11.15740585 7.31381178 18.57485008
v 11.53540421 7.31381178 18.57485008
v 11.74316025 6.98659801 18.18261719
v 11.74316025 7.11134863 18.18261719
v 11.74316025 3.96259761 18.028862
v 11.74316025 6.60033226 17.79038239
v 11.74316025 4.34059715 18.028862
v 11.74316025 4.71859741 18.028862
v 11.74316025 6.2305975 18.028862
v 11.74316025 5.09659767 18.028862
v 11.74316025 5.47459793 18.028862
v 11.74316025 5.85259819 18.028862
v 11.74316025 6.60859823 18.18261719
v 11.74316025 3.94282961 17.00591469
v 11.57952881 3.47385883 16.59860611
v 9.02371597 7.4042244 18.57485008
v 7.53555584 7.449224 18.95316315
v 6.0546236 7.62035942 19.33147812
v 4.50523663 7.62035942 19.5206337
v 3.58855605 7.4042244 19.5206337
v 2.69141698 7.19672489 19.5206337
v 1.79427803 6.94771767 19.5206337
v 1.80514741 6.40838909 19.5206337
v 0.83972204 6.2529459 19.5206337
v 0.52814555 6.2529459 19.98064232
v -5.679739 6.50540829 22.26038551
v -4.44347286 6.2529459 21.82067108
v -5.54120827 6.2529459 21.82067108
v -4.44347286 6.36166668 22.01003075
v -3.71547079 6.2529459 21.51399994
v -3.32548428 6.2529459 21.29944992
v -3.35888815 6.2529459 21.27381706
v -2.82167912 6.2529459 21.2073288
v -2.84369516 6.2529459 21.23601913
v -3.22922158 6.2529459 21.33932304
v -2.92635727 6.2529459 21.29944992
v -3.12592006 6.2529459 21.35292053
v -3.02261853 6.2529459 21.33932304
v -2.34502602 6.2529459 20.90065765
v -2.51916623 6.2529459 20.90065765
v -1.22703624 6.2529459 20.60814095
v -1.19286442 6.2529459 20.59398651
v -1.61702371 6.2529459 20.59398651
v -1.30969834 6.2529459 20.67156982
v -1.41299987 6.2529459 20.85049248
v -1.37312722 6.2529459 20.75423241
v -0.29329991 6.2529459 20.28731346
v -0.83972204 6.2529459 20.28731346
v -0.24657869 6.2529459 20.35064697
v -0.29329991 6.2529459 20.35064697
v -0.862082 6.2529459 20.59398651
v -8.1898241 0 22.55870438
v 11.57952881 0 16.02523994
v -9.51413155 -3.12647295 22.55870438
v -10.83843899 -3.54854679 22.55870438
v 11.57952881 -1.76386464 15.24907207
v 11.6900444 -4.02684307 15.24907207
v 11.6900444 -2.23283577 15.24907207
v -10.83843899 -3.54854679 22.26038551
v -11.1093998 -3.25270414 22.26038551
v -10.95437336 -3.40086269 22.00881004
v -10.83843899 -3.40086269 21.82067108
v -10.95437336 -3.18048286 22.00881004
v -10.83843899 -3.54854679 21.51399994
v -10.83843899 -4.77130699 21.51399994
v -10.83843899 -5.49930859 21.51399994
v -10.83843899 -5.94029808 21.2073288
v -10.83843899 -6.2529459 20.90065765
v -10.78231525 -6.2529459 20.90065765
v -10.05431271 -6.2529459 20.90065765
v -9.85689354 -6.2529459 20.90065765
v -9.86388969 -6.2529459 20.95379639
v -9.81041622 -6.2529459 21.15335846
v -9.85028934 -6.2529459 21.05709839
v -9.07923508 -6.2529459 20.85049248
v -9.29937077 -6.2529459 20.59398651
v -8.87521172 -6.2529459 20.59398651
v -9.26519871 -6.2529459 20.60814095
v -9.1191082 -6.2529459 20.75423241
v -9.18253708 -6.2529459 20.67156982
v -8.14721012 -6.2529459 20.35064697
v -8.10048771 -6.2529459 20.35064697
v -8.10048771 -6.2529459 20.28731346
v -7.46961737 -6.2529459 20.56826782
v -7.26301384 -6.2529459 20.56826782
v -7.36631489 -6.2529459 20.55466843
v -6.86551571 -6.2529459 19.98064232
v -6.8234868 -6.2529459 19.98064232
v -6.00204134 -6.2529459 19.98064232
v -5.54120827 -6.2529459 19.5206337
v -4.72503948 -6.2529459 19.5206337
v -4.28141117 -6.40838909 19.5206337
v -4.50523663 -6.94771767 19.5206337
v -3.90359402 -6.40838909 19.5206337
v -3.58855605 -7.19672489 19.5206337
v -2.69141698 -7.4042244 19.5206337
v -1.79427803 -7.62035942 19.5206337
v -0.89713901 -7.62035942 19.33147812
v 0 -7.449224 18.95316315
v 0.89713901 -7.4042244 18.57485008
v 2.4634037 -7.11134863 18.57485008
v 1.79427803 -7.11134863 18.57485008
v 2.07259727 -7.11134863 18.57485008
v 2.4634037 -7.31381178 18.57485008
v 2.07259727 -7.31381178 18.57485008
v 2.0854032 -7.31381178 18.57485008
v 2.45059776 -7.31381178 18.57485008
v 2.69141698 -7.11134863 18.18261719
v 2.82859755 -7.11134863 18.18261719
v 3.21940327 -7.11134863 18.18261719
v 3.58459854 -7.11134863 18.18261719
v 4.35340405 -7.11134863 18.02886391
v 4.34059811 -7.11134863 18.02886391
v 3.97540426 -7.11134863 18.02886391
v 3.96259832 -7.11134863 18.02886391
v 3.59740448 -7.11134863 18.02886391
v 3.58855605 -7.11134863 18.02886391
v 3.58855605 -7.11134863 17.79038239
v 4.50523663 -7.11134863 17.00591469
v 5.92009497 -6.94771767 16.59860611
v 7.33495331 -6.94771767 16.02523994
v 8.56617069 -6.94512033 15.24907207
v 9.61374855 -7.04472256 15.24907207
v 10.66132641 -7.04472256 15.24907207
v 11.57952881 -2.23283577 12.37973595
v 11.57952881 -3.94282961 11.4916172
v 11.6900444 -4.02684307 12.37973595
v 10.66132641 -7.04472256 12.37973595
v 9.61374664 -6.94512033 12.37973499
v 10.18031502 -6.94769764 11.4916172
v 11.72016907 -3.94282961 11.4916172
v 10.29283905 -7.08833885 11.49164295
v 11.72017002 -7.08835888 11.39778137
v 11.72016907 -6.60033226 11.39775658
v -4.21690083 6.2529459 22.55870438
v -5.54120874 5.94029808 22.55870438
v -6.86551666 3.54854679 22.55870438
v -8.1898241 3.12647295 22.55870438
v -5.54120874 6.2529459 22.26038551
v 9.25459862 7.31381178 18.57485008
v 8.96946907 7.31381178 18.57485008
v 9.63260078 7.11134863 18.57485008
v 9.26740456 7.11134863 18.57485008
v 9.26740456 7.31381178 18.57485008
v 10.40140629 7.31381178 18.57485008
v 10.38860035 7.31381178 18.57485008
v 10.38860035 7.22763062 18.57485008
v 10.29557514 7.11134863 18.57485008
v 10.02340508 7.11134863 18.57485008
v 10.02340508 7.31381178 18.57485008
v 10.01059914 7.31381178 18.57485008
v 9.64540672 7.31381178 18.57485008
v 9.63260078 7.31381178 18.57485008
v 11.53540421 7.11134863 18.18261719
v 11.14459991 7.11134863 18.18261719
v 10.77940464 7.11134863 18.18261719
v 11.74316025 6.60859823 18.028862
v 11.74316025 6.98659801 18.028862
v 11.74316025 7.11134863 17.79038239
v 11.74316025 6.60033226 17.00591469
v 11.57952881 3.94282961 16.59860611
v 11.57952881 3.47385883 16.02523994
v 7.51755667 7.4042244 18.57485008
v 6.02039623 7.449224 18.95316315
v 4.50523663 7.62035942 19.33147812
v 3.58855605 7.62035942 19.5206337
v 2.69141698 7.4042244 19.5206337
v 1.79427803 7.19672489 19.5206337
v 0.89713901 6.94771767 19.5206337
v 0.52814555 6.2529459 19.5206337
v -7.03715372 6.50540829 22.26038551
v -6.54191923 6.2529459 21.82067108
v -6.86551571 6.2529459 21.82067108
v -5.81391716 6.2529459 21.82067108
v -5.81391716 6.36166668 22.01003075
v -6.54191923 6.36166668 22.01003075
v -4.44347286 6.2529459 21.51399994
v -5.54120827 6.2529459 21.51399994
v -3.43016195 6.2529459 21.2073288
v -3.71547079 6.2529459 21.2073288
v -3.40814638 6.2529459 21.23601913
v -2.73378849 6.2529459 20.90065765
v -2.72679305 6.2529459 20.95379639
v -2.78026628 6.2529459 21.15335846
v -2.74039292 6.2529459 21.05709839
v -2.34502602 6.2529459 20.59398651
v -2.51916623 6.2529459 20.59398651
v -1.57030177 6.2529459 20.35064697
v -1.61702371 6.2529459 20.35064697
v -1.57030177 6.2529459 20.28731346
v -1.13077497 6.2529459 20.56826782
v -0.92417192 6.2529459 20.56826782
v -1.02747345 6.2529459 20.55466843
v -0.29329991 6.2529459 19.98064232
v -0.83972204 6.2529459 19.98064232
v -9.51413155 0 22.55870438
v 11.57952881 0 15.24907207
v -10.83843899 -3.12647295 22.55870438
v 11.6900444 -1.76386464 15.24907207
v 11.6900444 -3.77028966 14.99251842
v 11.6900444 -2.23283577 14.99251842
v -10.83843899 -3.12647295 22.26038551
v -11.1093998 0 22.26038551
v -10.83843899 -1.30241513 21.82067108
v -10.83843899 -2.67286015 21.82067108
v -10.95437336 -2.67286015 22.00881004
v -10.83843899 0 21.82067108
v -10.83843899 -0.574413 21.82067108
v -10.95437336 -1.30241513 22.00881004
v -10.95437336 -0.574413 22.00881004
v -10.83843899 -3.40086269 21.51399994
v -10.83843899 -4.4859972 21.2073288
v -10.83843899 -4.77130699 21.2073288
v -10.83843899 -3.54854679 21.2073288
v -10.83843899 -3.87751532 21.2073288
v -10.83843899 -3.89953136 21.23601913
v -10.83843899 -4.46398115 21.23601913
v -10.83843899 -3.98219299 21.29944992
v -10.83843899 -4.38131952 21.29944992
v -10.83843899 -4.07845402 21.33932304
v -10.83843899 -4.2850585 21.33932304
v -10.83843899 -4.18175602 21.35292053
v -10.83843899 -5.49930859 21.2073288
v -10.83843899 -5.94029808 20.90065765
v -10.83843899 -6.2529459 20.59398651
v -10.78231525 -6.2529459 20.59398651
v -10.05431271 -6.2529459 20.59398651
v -9.63015366 -6.2529459 20.59398651
v -9.66432571 -6.2529459 20.60814095
v -9.85028934 -6.2529459 20.85049248
v -9.7469883 -6.2529459 20.67156982
v -9.81041622 -6.2529459 20.75423241
v -9.36146069 -6.2529459 20.56826782
v -9.51413155 -6.2529459 20.56116867
v -9.51413155 -6.2529459 20.28731346
v -9.46476269 -6.2529459 20.55466843
v -8.92193317 -6.2529459 20.35064697
v -8.87521172 -6.2529459 20.35064697
v -8.92193317 -6.2529459 20.28731346
v -8.10048771 -6.2529459 19.98064232
v -6.86551571 -6.2529459 19.5206337
v -6.8234868 -6.2529459 19.5206337
v -6.00204134 -6.2529459 19.5206337
v -5.92009497 -6.94771767 19.5206337
v -4.72503948 -6.40838909 19.5206337
v -4.50523663 -7.19672489 19.5206337
v -3.58855605 -7.4042244 19.5206337
v -2.69141698 -7.62035942 19.5206337
v -1.79427803 -7.62035942 19.33147812
v -0.89713901 -7.449224 18.95316315
v 0 -7.4042244 18.57485008
v 1.70740342 -7.11134863 18.57485008
v 0.89713901 -7.31381178 18.57485008
v 0.9385972 -7.31381178 18.57485008
v 0.95140314 -7.31381178 18.57485008
v 0.95140314 -7.11134863 18.57485008
v 1.3165977 -7.11134863 18.57485008
v 1.3165977 -7.31381178 18.57485008
v 1.32940364 -7.31381178 18.57485008
v 1.69459748 -7.31381178 18.57485008
v 1.70740342 -7.31381178 18.57485008
v 1.79427803 -7.11134863 18.18261719
v 2.07259727 -7.11134863 18.18261719
v 2.4634037 -7.11134863 18.18261719
v 3.58459854 -7.11134863 18.02886391
v 3.21940327 -7.11134863 18.02886391
v 3.20659733 -7.11134863 18.02886391
v 2.84140348 -7.11134863 18.02886391
v 2.69141698 -7.11134863 17.79038239
v 2.82859755 -7.11134863 18.02886391
v 3.58855605 -7.11134863 17.00591469
v 4.50523663 -6.94771767 16.59860611
v 5.92009497 -6.94771767 16.02523994
v 7.51859236 -6.94512033 15.24907207
v 8.56617069 -7.04472256 15.24907207
v 9.48234844 -7.04472256 15.03007317
v 10.4423275 -7.04472256 15.03007317
v 11.57952881 -1.76386464 12.37973595
v 11.57952881 -3.47385883 11.4916172
v 11.6900444 -2.23283577 12.37973595
v 11.6900444 -3.77028966 12.6362896
v 9.61374664 -7.04472256 12.37973499
v 10.4423275 -7.04472256 12.59873486
v 8.56616592 -6.94512033 12.37973499
v 8.78109932 -6.94767809 11.4916172
v 11.72016907 -3.47385883 11.4916172
v 11.72016907 -3.94282961 11.39775658
v 8.86550903 -7.08831882 11.49164391
v 10.29582405 -7.088346 11.39778137
v 11.57952881 -6.60033226 11.22344589
v 11.57952881 -6.94771767 11.22344589
v -5.54120874 6.2529459 22.55870438
v -6.86551666 5.94029808 22.55870438
v -8.1898241 3.54854679 22.55870438
v -9.51413155 3.12647295 22.55870438
v -6.86551666 6.2529459 22.26038551
v 7.74259758 7.31381178 18.57485008
v 7.48139191 7.31381178 18.57485008
v 8.12059975 7.11134863 18.57485008
v 7.75540352 7.11134863 18.57485008
v 7.75540352 7.31381178 18.57485008
v 8.8894062 7.31381178 18.57485008
v 8.87660027 7.31381178 18.57485008
v 8.87660027 7.15902996 18.57485008
v 8.84799099 7.11134863 18.57485008
v 8.51140404 7.11134863 18.57485008
v 8.51140404 7.31381178 18.57485008
v 8.4985981 7.31381178 18.57485008
v 8.13340569 7.31381178 18.57485008
v 8.12059975 7.31381178 18.57485008
v 10.38860035 7.11134863 18.57485008
v 10.29557514 7.11134863 18.18261719
v 10.02340508 7.11134863 18.18261719
v 9.63260078 7.11134863 18.18261719
v 9.26740456 7.11134863 18.18261719
v 11.53540421 7.11134863 18.02886391
v 11.15740585 7.11134863 18.02886391
v 11.52259827 7.11134863 18.02886391
v 11.14459991 7.11134863 18.02886391
v 10.29557514 7.11134863 17.79038239
v 10.38860035 7.11134863 18.18261719
v 10.77940464 7.11134863 18.02886391
v 10.38860035 7.11134863 18.02886391
v 10.40140629 7.11134863 18.02886391
v 10.7665987 7.11134863 18.02886391
v 11.74316025 7.11134863 17.00591469
v 11.57952881 6.60033226 16.59860611
v 11.57952881 3.94282961 16.02523994
v 11.57952881 1.76386464 15.24907207
v 6.01139641 7.4042244 18.57485008
v 4.50523663 7.449224 18.95316315
v 3.58855605 7.62035942 19.33147812
v 2.69141698 7.62035942 19.5206337
v 1.79427803 7.4042244 19.5206337
v 0.89713901 7.19672489 19.5206337
v 0 6.94771767 19.5206337
v 0.52814555 6.40838909 19.5206337
v 0 6.40838909 19.5206337
v -8.3945694 6.50540829 22.26038551
v -7.91236401 6.36166668 22.01003075
v -8.27799606 6.36166668 22.01003075
v -7.91236401 6.2529459 21.82067108
v -5.81391716 6.2529459 21.51399994
v -6.54191923 6.2529459 21.51399994
v -6.86551571 6.2529459 21.51399994
v -5.52860737 6.2529459 21.2073288
v -5.54120827 6.2529459 21.2073288
v -4.44347286 6.2529459 21.2073288
v -4.92012548 6.2529459 21.2073288
v -4.94214153 6.2529459 21.23601913
v -5.5065918 6.2529459 21.23601913
v -5.02480316 6.2529459 21.29944992
v -5.42392969 6.2529459 21.29944992
v -5.12106419 6.2529459 21.33932304
v -5.32766914 6.2529459 21.33932304
v -5.22436666 6.2529459 21.35292053
v -3.51805162 6.2529459 20.90065765
v -3.71547079 6.2529459 20.90065765
v -3.47157383 6.2529459 21.15335846
v -3.52504778 6.2529459 20.95379639
v -3.51144791 6.2529459 21.05709839
v -2.96052909 6.2529459 20.59398651
v -2.92635727 6.2529459 20.60814095
v -2.74039292 6.2529459 20.85049248
v -2.84369516 6.2529459 20.67156982
v -2.78026628 6.2529459 20.75423241
v -2.39174652 6.2529459 20.28731346
v -2.51916623 6.2529459 20.28731346
v -2.34502602 6.2529459 20.35064697
v -2.39174652 6.2529459 20.35064697
v -1.57030177 6.2529459 19.98064232
v -0.29329991 6.2529459 19.5206337
v -0.83972204 6.2529459 19.5206337
v -10.83843899 0 22.55870438
v 11.6900444 0 15.24907207
v 11.6900444 -1.76386464 14.99251842
v 11.64342022 -3.77028966 14.99251842
v 11.64342022 -2.23283577 14.99251842
v -10.83843899 0 22.26038551
v -10.83843899 0.79603189 21.82067108
v -10.83843899 2.89447904 21.82067108
v -10.83843899 1.52403426 21.82067108
v -10.95437336 1.52403426 22.00881004
v -10.95437336 0.79603189 22.00881004
v -10.95437336 2.89447927 22.00881004
v -11.1093998 3.25270414 22.26038551
v -10.95437336 3.18048286 22.00881004
v -10.83843899 0 21.51399994
v -10.83843899 -0.574413 21.51399994
v -10.83843899 -1.30241513 21.51399994
v -10.83843899 -2.67286015 21.51399994
v -10.83843899 -3.40086269 21.2073288
v -10.83843899 -3.83610249 21.15335846
v -10.83843899 -3.54854679 20.90065765
v -10.83843899 -3.78962517 20.90065765
v -10.83843899 -3.78262997 20.95379639
v -10.83843899 -3.79622889 21.05709839
v -10.83843899 -4.52741051 21.15335846
v -10.83843899 -4.57388783 20.90065765
v -10.83843899 -4.77130699 20.90065765
v -10.83843899 -4.58088303 20.95379639
v -10.83843899 -4.56728363 21.05709839
v -10.83843899 -5.49930859 20.90065765
v -10.83843899 -5.94029808 20.59398651
v -10.78231525 -6.2529459 20.35064697
v -10.83843899 -6.2529459 20.28731346
v -10.82903671 -6.2529459 20.28731346
v -10.82903671 -6.2529459 20.35064697
v -10.05431271 -6.2529459 20.35064697
v -10.00759125 -6.2529459 20.35064697
v -10.00759125 -6.2529459 20.28731346
v -9.56806374 -6.2529459 20.56826782
v -9.51413155 -6.2529459 19.98064232
v -8.92193317 -6.2529459 19.98064232
v -8.10048771 -6.2529459 19.5206337
v -7.33495331 -6.94771767 19.5206337
v -6.00204134 -6.40838909 19.5206337
v -6.8234868 -6.40838909 19.5206337
v -5.96989679 -7.19672489 19.5206337
v -4.50523663 -7.4042244 19.5206337
v -3.58855605 -7.62035942 19.5206337
v -2.69141698 -7.62035942 19.33147812
v -1.79427803 -7.449224 18.95316315
v -0.89713901 -7.4042244 18.57485008
v 0.56059742 -7.31381178 18.57485008
v 0.57340336 -7.31381178 18.57485008
v 0.19540286 -7.11134863 18.57485008
v 0.56059742 -7.11134863 18.57485008
v 0 -7.31381178 18.57485008
v 0.18259692 -7.31381178 18.57485008
v 0.19540286 -7.31381178 18.57485008
v 0.95140314 -7.11134863 18.18261719
v 1.3165977 -7.11134863 18.18261719
v 1.70740342 -7.11134863 18.18261719
v 1.79427803 -7.11134863 17.79038239
v 2.07259727 -7.11134863 18.02886391
v 2.4634037 -7.11134863 18.02886391
v 2.45059776 -7.11134863 18.02886391
v 2.0854032 -7.11134863 18.02886391
v 2.69141698 -7.11134863 17.00591469
v 3.58855605 -6.94771767 16.59860611
v 4.50523663 -6.94771767 16.02523994
v 6.4710145 -6.94512033 15.24907207
v 7.51859236 -7.04472256 15.24907207
v 8.52236938 -7.04472256 15.03007317
v 9.48234844 -6.96452045 15.03007317
v 10.4423275 -6.96452045 15.03007317
v 11.57952881 0 12.37973595
v 11.57952881 0 11.4916172
v 11.6900444 -1.76386464 12.37973595
v 11.6900444 -2.23283577 12.6362896
v 11.64342022 -3.77028966 12.6362896
v 8.56616592 -7.04472256 12.37973499
v 9.48234653 -7.04472256 12.5987339
v 10.4423275 -6.96452045 12.59873486
v 7.51858521 -6.94512033 12.37973499
v 7.3818841 -6.94765806 11.4916172
v 11.72016907 0 11.4916172
v 11.72016907 -3.47385883 11.39775658
v 11.57952881 -3.94282961 11.22344589
v 7.43817902 -7.0882988 11.49164486
v 8.87147903 -7.08833313 11.39778423
v 10.1888504 -6.94771767 11.22344589
v 11.57952881 -6.94771767 7.7495842
v 11.57952881 -6.60033226 7.7495842
v -6.86551666 6.2529459 22.55870438
v -8.1898241 5.94029808 22.55870438
v -9.51413155 3.54854679 22.55870438
v -10.83843899 3.12647295 22.55870438
v -8.1898241 6.2529459 22.26038551
v 6.23059702 7.31381178 18.57485008
v 5.99331379 7.31381178 18.57485008
v 6.60859966 7.11134863 18.57485008
v 6.24340296 7.11134863 18.57485008
v 6.24340296 7.31381178 18.57485008
v 7.37740517 7.31381178 18.57485008
v 7.36459923 7.31381178 18.57485008
v 7.36459923 7.11134863 18.57485008
v 6.99940395 7.11134863 18.57485008
v 6.99940395 7.31381178 18.57485008
v 6.98659801 7.31381178 18.57485008
v 6.6214056 7.31381178 18.57485008
v 6.60859966 7.31381178 18.57485008
v 8.87660027 7.11134863 18.57485008
v 8.84799099 7.11134863 18.18261719
v 8.51140404 7.11134863 18.18261719
v 8.12059975 7.11134863 18.18261719
v 7.75540352 7.11134863 18.18261719
v 10.02340508 7.11134863 18.02886391
v 9.64540672 7.11134863 18.02886391
v 10.01059914 7.11134863 18.02886391
v 9.63260078 7.11134863 18.02886391
v 8.84799099 7.11134863 17.79038239
v 8.87660027 7.11134863 18.18261719
v 9.26740456 7.11134863 18.02886391
v 8.87660027 7.11134863 18.02886391
v 8.8894062 7.11134863 18.02886391
v 9.25459862 7.11134863 18.02886391
v 10.29557514 7.11134863 17.00591469
v 11.57952881 6.94771767 16.59860611
v 11.57952881 6.60033226 16.02523994
v 11.57952881 2.23283577 15.24907207
v 11.6900444 1.76386464 15.24907207
v 4.50523663 7.4042244 18.57485008
v 3.58855605 7.449224 18.95316315
v 2.69141698 7.62035942 19.33147812
v 1.79427803 7.62035942 19.5206337
v 0.89713901 7.4042244 19.5206337
v 0 7.19672489 19.5206337
v -0.29329991 6.40838909 19.5206337
v -0.89713901 6.94771767 19.5206337
v -9.75198364 6.50540829 22.26038551
v -8.64036655 6.2529459 21.82067108
v -9.51413155 6.2529459 21.82067108
v -8.64036655 6.36166668 22.01003075
v -7.91236401 6.2529459 21.51399994
v -5.81391716 6.2529459 21.2073288
v -6.54191923 6.2529459 21.2073288
v -6.86551571 6.2529459 21.2073288
v -4.44347286 6.2529459 20.90065765
v -4.83223534 6.2529459 20.90065765
v -4.82524014 6.2529459 20.95379639
v -4.87871265 6.2529459 21.15335846
v -4.83883905 6.2529459 21.05709839
v -5.54120827 6.2529459 21.19090652
v -3.35888815 6.2529459 20.59398651
v -3.71547079 6.2529459 20.59398651
v -3.40814495 6.2529459 20.67156982
v -3.35888815 6.2529459 20.6337738
v -3.51144648 6.2529459 20.85049248
v -3.47157383 6.2529459 20.75423241
v -3.35888815 6.2529459 20.28731346
v -3.2913115 6.2529459 20.59398651
v -3.22922158 6.2529459 20.56826782
v -3.02261853 6.2529459 20.56826782
v -3.12592006 6.2529459 20.55466843
v -2.39174652 6.2529459 19.98064232
v -2.51916623 6.2529459 19.98064232
v -1.57030177 6.2529459 19.5206337
v 11.6900444 0 14.99251842
v 11.64342022 -1.76386464 14.99251842
v 11.64342022 -3.64837646 14.87060738
v 11.64342022 -2.23283577 14.87060738
v -10.83843899 3.12647295 22.26038551
v -11.1093998 3.69181919 22.26038551
v -10.95437336 3.60984802 22.00881004
v -10.83843899 2.89447904 21.51399994
v -10.83843899 1.52403426 21.51399994
v -10.83843899 0.79603189 21.51399994
v -10.83843899 -0.574413 21.2073288
v -10.83843899 -0.26708847 21.23601913
v -10.83843899 -0.28910416 21.2073288
v -10.83843899 0 21.35092926
v -10.83843899 -0.08816412 21.33932304
v -10.83843899 -0.18442667 21.29944992
v -10.83843899 -1.30241513 21.2073288
v -10.83843899 -2.38755155 21.2073288
v -10.83843899 -2.67286015 21.2073288
v -10.83843899 -1.77906883 21.2073288
v -10.83843899 -1.80108476 21.23601913
v -10.83843899 -2.36553574 21.23601913
v -10.83843899 -1.8837465 21.29944992
v -10.83843899 -2.28287387 21.29944992
v -10.83843899 -1.98000836 21.33932304
v -10.83843899 -2.18661141 21.33932304
v -10.83843899 -2.08330989 21.35292053
v -10.83843899 -3.40086269 20.90065765
v -10.83843899 -3.79622889 20.85049248
v -10.83843899 -3.54854679 20.59398651
v -10.83843899 -4.01636505 20.59398651
v -10.83843899 -3.98219299 20.60814095
v -10.83843899 -3.83610249 20.75423241
v -10.83843899 -3.89953136 20.67156982
v -10.83843899 -4.56728363 20.85049248
v -10.83843899 -4.34714651 20.59398651
v -10.83843899 -4.77130699 20.59398651
v -10.83843899 -4.38131952 20.60814095
v -10.83843899 -4.52741051 20.75423241
v -10.83843899 -4.46398115 20.67156982
v -10.83843899 -5.49930859 20.59398651
v -10.83843899 -5.94029808 20.28731346
v -10.83843899 -6.2529459 19.98064232
v -10.82903671 -6.2529459 19.98064232
v -10.00759125 -6.2529459 19.98064232
v -9.51413155 -6.2529459 19.5206337
v -8.92193317 -6.2529459 19.5206337
v -8.31511211 -6.40838909 19.5206337
v -8.74981213 -6.94771767 19.5206337
v -8.10048771 -6.40838909 19.5206337
v -7.43455696 -7.19672489 19.5206337
v -6.01139641 -7.4042244 19.5206337
v -4.50523663 -7.62035942 19.5206337
v -3.58855605 -7.62035942 19.33147812
v -2.69141698 -7.449224 18.95316315
v -1.79427803 -7.4042244 18.57485008
v -0.18259692 -7.31381178 18.57485008
v -0.5605967 -7.11134863 18.57485008
v -0.19540286 -7.11134863 18.57485008
v -0.19540286 -7.31381178 18.57485008
v -0.89713901 -7.31381178 18.57485008
v -0.57340264 -7.31381178 18.57485008
v -0.5605967 -7.31381178 18.57485008
v 0.19540286 -7.11134863 18.18261719
v 0.56059742 -7.11134863 18.18261719
v 0.89713901 -7.11134863 18.02886391
v 0.89713901 -7.11134863 17.79038239
v 1.70740342 -7.11134863 18.02886391
v 1.69459748 -7.11134863 18.02886391
v 1.32940364 -7.11134863 18.02886391
v 0.9385972 -7.11134863 18.02886391
v 0.95140314 -7.11134863 18.02886391
v 1.3165977 -7.11134863 18.02886391
v 1.79427803 -7.11134863 17.00591469
v 2.69141698 -6.94771767 16.59860611
v 3.58855605 -6.94771767 16.02523994
v 5.42343616 -6.94512033 15.24907207
v 6.4710145 -7.04472256 15.24907207
v 7.56239128 -7.04472256 15.03007317
v 8.52236938 -6.96452045 15.03007317
v 9.41472054 -6.96452045 14.91735935
v 10.32961273 -6.96452045 14.91735935
v 11.57952881 3.47385883 11.4916172
v 11.57952881 1.76386464 12.37973595
v 11.6900444 0 12.37973595
v 11.6900444 -1.76386464 12.6362896
v 11.64342022 -2.23283577 12.6362896
v 11.64342022 -3.64837646 12.75820255
v 7.51858521 -7.04472256 12.37973499
v 8.52236652 -7.04472256 12.5987339
v 9.48234653 -6.96452045 12.5987339
v 10.32961273 -6.96452045 12.71144867
v 6.47100449 -6.94512033 12.37973404
v 5.98266888 -6.94763803 11.4916172
v 11.72016907 3.47385883 11.4916172
v 11.72016907 0 11.39775658
v 11.57952881 -3.47385883 11.22344589
v 11.57952881 -3.94282961 7.74958324
v 6.010849 -7.08827877 11.49164581
v 7.44713259 -7.08831978 11.39778519
v 8.79817009 -6.94771767 11.22344589
v 10.1888504 -6.94771767 7.7495842
v 11.57952881 -6.94771767 5.58560419
v 11.57952881 -6.60033226 5.58560419
v -8.1898241 6.2529459 22.55870438
v -9.51413155 5.94029808 22.55870438
v -10.83843899 3.54854679 22.55870438
v -9.51413155 6.2529459 22.26038551
v 4.71859789 7.31381178 18.57485008
v 4.50523663 7.31381178 18.57485008
v 5.0965991 7.11134863 18.57485008
v 4.73140383 7.11134863 18.57485008
v 4.73140383 7.31381178 18.57485008
v 5.86540461 7.31381178 18.57485008
v 5.85259867 7.31381178 18.57485008
v 5.85259867 7.11134863 18.57485008
v 5.48740339 7.11134863 18.57485008
v 5.48740339 7.31381178 18.57485008
v 5.47459745 7.31381178 18.57485008
v 5.10940504 7.31381178 18.57485008
v 5.0965991 7.31381178 18.57485008
v 7.36459923 7.11134863 18.18261719
v 6.99940395 7.11134863 18.18261719
v 6.60859966 7.11134863 18.18261719
v 6.24340296 7.11134863 18.18261719
v 8.51140404 7.11134863 18.02886391
v 8.13340569 7.11134863 18.02886391
v 8.4985981 7.11134863 18.02886391
v 8.12059975 7.11134863 18.02886391
v 7.40040636 7.11134863 17.79038239
v 7.40040636 7.11134863 18.02886391
v 7.74259758 7.11134863 18.02886391
v 7.75540352 7.11134863 18.02886391
v 8.84799099 7.11134863 17.00591469
v 10.1646719 6.94771767 16.59860611
v 11.57952881 6.94771767 16.02523994
v 11.57952881 4.02684307 15.24907207
v 11.6900444 2.23283577 15.24907207
v 11.6900444 1.76386464 14.99251842
v 3.58855605 7.4042244 18.57485008
v 2.69141698 7.449224 18.95316315
v 1.79427803 7.62035942 19.33147812
v 0.89713901 7.62035942 19.5206337
v 0 7.4042244 19.5206337
v -0.89713901 7.19672489 19.5206337
v -1.79427803 6.94771767 19.5206337
v -1.7051363 6.40838909 19.5206337
v -1.57030177 6.40838909 19.5206337
v -11.1093998 6.50540829 22.26038551
v -10.7388134 6.2529459 21.82067108
v -10.83843899 6.2529459 21.82067108
v -10.01081085 6.2529459 21.82067108
v -10.01081085 6.36166668 22.01003075
v -10.7388134 6.36166668 22.01003075
v -8.64036655 6.2529459 21.51399994
v -9.51413155 6.2529459 21.51399994
v -7.62705517 6.2529459 21.2073288
v -7.91236401 6.2529459 21.2073288
v -7.01857185 6.2529459 21.2073288
v -7.04058838 6.2529459 21.23601913
v -7.60503864 6.2529459 21.23601913
v -7.12325048 6.2529459 21.29944992
v -7.52237701 6.2529459 21.29944992
v -7.21951103 6.2529459 21.33932304
v -7.42611599 6.2529459 21.33932304
v -7.32281399 6.2529459 21.35292053
v -5.61649799 6.2529459 20.90065765
v -5.81391716 6.2529459 20.90065765
v -5.57002068 6.2529459 21.15335846
v -5.62349319 6.2529459 20.95379639
v -5.6098938 6.2529459 21.05709839
v -6.54191923 6.2529459 20.90065765
v -6.86551571 6.2529459 20.90065765
v -4.44347286 6.2529459 20.59398651
v -5.05897474 6.2529459 20.59398651
v -5.02480316 6.2529459 20.60814095
v -4.83883905 6.2529459 20.85049248
v -4.94214153 6.2529459 20.67156982
v -4.87871265 6.2529459 20.75423241
v -3.32548356 6.2529459 20.60814095
v -3.66874886 6.2529459 20.35064697
v -3.71547079 6.2529459 20.35064697
v -3.66874886 6.2529459 20.28731346
v -3.35888815 6.2529459 19.98064232
v -2.39174652 6.2529459 19.5206337
v -2.51916623 6.2529459 19.5206337
v 11.64342022 0 14.99251842
v 11.64342022 -1.76386464 14.87060738
v 11.58747578 -3.64837646 14.87060738
v 11.58747578 -2.23283577 14.87060738
v -10.83843899 3.54854679 22.26038551
v -10.95437336 3.62248135 22.00881004
v -10.83843899 4.99292612 21.82067108
v -10.83843899 3.62248087 21.82067108
v -10.83843899 5.94029808 21.82067108
v -10.83843899 5.72092819 21.82067108
v -10.95437431 5.72092819 22.00881195
v -10.95437431 4.9929266 22.00881195
v -11.1093998 6.18013763 22.26038551
v -10.83843899 1.80934286 21.2073288
v -10.83843899 1.52403426 21.2073288
v -10.83843899 2.89447904 21.2073288
v -10.83843899 2.4178257 21.2073288
v -10.83843899 2.39580965 21.23601913
v -10.83843899 1.83135843 21.23601913
v -10.83843899 2.31314802 21.29944992
v -10.83843899 1.91402042 21.29944992
v -10.83843899 2.21688557 21.33932304
v -10.83843899 2.01028252 21.33932304
v -10.83843899 2.11358452 21.35292053
v -10.83843899 0.01513741 21.35292053
v -10.83843899 0.79603189 21.2073288
v -10.83843899 0.31937844 21.2073288
v -10.83843899 0.29736248 21.23601913
v -10.83843899 0.11843894 21.33932304
v -10.83843899 0.21470064 21.29944992
v -10.83843899 -0.33051652 21.15335846
v -10.83843899 -0.37699383 20.90065765
v -10.83843899 -0.574413 20.90065765
v -10.83843899 -0.38398987 20.95379639
v -10.83843899 -0.37039003 21.05709839
v -10.83843899 -1.30241513 20.90065765
v -10.83843899 -1.69117808 20.90065765
v -10.83843899 -1.68418241 20.95379639
v -10.83843899 -1.73765588 21.15335846
v -10.83843899 -1.69778228 21.05709839
v -10.83843899 -2.42896366 21.15335846
v -10.83843899 -2.47544098 20.90065765
v -10.83843899 -2.67286015 20.90065765
v -10.83843899 -2.48243713 20.95379639
v -10.83843899 -2.46883726 21.05709839
v -10.83843899 -3.40086269 20.59398651
v -10.83843899 -4.07845402 20.56826782
v -10.83843899 -4.28505516 20.56826782
v -10.83843899 -4.18175602 20.55466843
v -10.83843899 -4.72458363 20.35064697
v -10.83843899 -4.77130699 20.35064697
v -10.83843899 -3.54854679 20.28731346
v -10.83843899 -4.72458363 20.28731346
v -10.83843899 -5.49930859 20.35064697
v -10.83843899 -5.54602814 20.35064697
v -10.83843899 -5.54602814 20.28731346
v -10.83843899 -5.94029808 19.98064232
v -10.83843899 -6.2529459 19.5206337
v -10.82903671 -6.2529459 19.5206337
v -10.00759125 -6.2529459 19.5206337
v -10.1646719 -6.94771767 19.5206337
v -8.92193317 -6.40838909 19.5206337
v -8.89921665 -7.19672489 19.5206337
v -7.51755667 -7.4042244 19.5206337
v -6.0546236 -7.62035942 19.5206337
v -4.50523663 -7.62035942 19.33147812
v -3.58855605 -7.449224 18.95316315
v -2.69141698 -7.4042244 18.57485008
v -0.9385972 -7.31381178 18.57485008
v -1.31659698 -7.11134863 18.57485008
v -0.95140314 -7.11134863 18.57485008
v -0.95140314 -7.31381178 18.57485008
v -1.79427803 -7.11134863 18.57485008
v -1.70740342 -7.11134863 18.57485008
v -1.31659698 -7.31381178 18.57485008
v -1.69459748 -7.31381178 18.57485008
v -1.32940292 -7.31381178 18.57485008
v -1.70740342 -7.31381178 18.57485008
v -0.5605967 -7.11134863 18.18261719
v -0.19540286 -7.11134863 18.18261719
v 0.57340336 -7.11134863 18.02886391
v 0.56059742 -7.11134863 18.02886391
v 0.19540286 -7.11134863 18.02886391
v 0.18259692 -7.11134863 18.02886391
v 0 -7.11134863 18.02886391
v 0 -7.11134863 17.79038239
v 0.89713901 -7.11134863 17.00591469
v 1.79427803 -6.94771767 16.59860611
v 2.77797389 -6.94771767 16.02523994
v 4.2785821 -6.94771767 15.93421555
v 4.47191811 -6.94775391 15.93421555
v 5.33241129 -6.94521999 15.20682716
v 5.42343616 -7.04472256 15.24907207
v 6.6024127 -7.04472256 15.03007317
v 7.56239128 -6.96452045 15.03007317
v 8.49982738 -6.96452045 14.91735935
v 9.41472054 -6.86110497 14.91735935
v 10.32961273 -6.86110497 14.91735935
v 11.6900444 1.76386464 12.37973595
v 11.57952881 3.94282961 11.4916172
v 11.57952881 2.23283577 12.37973595
v 11.6900444 0 12.6362896
v 11.64342022 -1.76386464 12.6362896
v 11.64342022 -2.23283577 12.75820255
v 11.58747578 -3.64837646 12.75820255
v 6.47100449 -7.04472256 12.37973404
v 7.56238604 -7.04472256 12.5987339
v 8.52236652 -6.96452045 12.5987339
v 9.41471863 -6.96452045 12.71144772
v 10.32961273 -6.86110497 12.71144867
v 5.42342424 -6.94512033 12.37973404
v 4.58345413 -6.94761848 11.4916172
v 11.72016907 3.47385883 11.39775658
v 11.72016907 3.94282961 11.4916172
v 11.57952881 0 11.22344494
v 11.04046726 -3.94282961 11.22344589
v 11.04046726 -3.47385883 11.22344589
v 11.04046726 -3.94282961 7.74958324
v 11.57952881 -3.94282961 5.58560276
v 4.58351803 -7.08825874 11.49164677
v 6.02278805 -7.08830595 11.39778519
v 7.40749073 -6.94771767 11.22344494
v 8.798172 -6.94771767 7.74958324
v 10.18885136 -6.94771767 5.58560419
v 11.57952881 -6.94771767 1.13674498
v 11.57952881 -6.60033226 1.13674498
v -9.51413155 6.2529459 22.55870438
v -10.83843899 5.94029808 22.55870438
v -10.83843899 6.2529459 22.26038551
v 3.59740448 7.31381178 18.57485008
v 3.58855605 7.31381178 18.57485008
v 3.97540426 7.31381178 18.57485008
v 3.96259832 7.31381178 18.57485008
v 4.34059811 7.11134863 18.57485008
v 3.97540426 7.11134863 18.57485008
v 4.35340405 7.31381178 18.57485008
v 4.34059811 7.31381178 18.57485008
v 5.85259867 7.11134863 18.18261719
v 5.48740339 7.11134863 18.18261719
v 5.0965991 7.11134863 18.18261719
v 4.73140383 7.11134863 18.18261719
v 7.36459923 7.11134863 18.02886391
v 7.37740517 7.11134863 18.02886391
v 6.6214056 7.11134863 18.02886391
v 6.98659801 7.11134863 18.02886391
v 6.99940395 7.11134863 18.02886391
v 5.95282078 7.11134863 17.79038239
v 5.95282078 7.11134863 18.02886391
v 6.23059702 7.11134863 18.02886391
v 6.24340296 7.11134863 18.02886391
v 6.60859966 7.11134863 18.02886391
v 7.40040636 7.11134863 17.00591469
v 8.74981213 6.94771767 16.59860611
v 10.1646719 6.94771767 16.02523994
v 11.57952881 6.60033226 11.4916172
v 11.57952881 6.94771767 11.4916172
v 11.6900444 4.02684307 15.24907207
v 11.57952881 4.02684307 12.37973595
v 11.6900444 2.23283577 14.99251842
v 11.64342022 1.76386464 14.99251842
v 2.69141698 7.4042244 18.57485008
v 1.79427803 7.449224 18.95316315
v 0.89713901 7.62035942 19.33147812
v 0 7.62035942 19.5206337
v -0.89713901 7.4042244 19.5206337
v -1.79427803 7.19672489 19.5206337
v -2.39174652 6.40838909 19.5206337
v -2.69141698 6.94771767 19.5206337
v -10.01081085 6.2529459 21.51399994
v -10.7388134 6.2529459 21.51399994
v -10.83843899 6.2529459 21.51399994
v -9.42126083 6.2529459 21.35292053
v -9.51413155 6.2529459 21.34069633
v -8.64036655 6.2529459 21.2073288
v -9.11701965 6.2529459 21.2073288
v -9.13903618 6.2529459 21.23601913
v -9.31795883 6.2529459 21.33932304
v -9.22169781 6.2529459 21.29944992
v -6.93068218 6.2529459 20.90065765
v -6.92368698 6.2529459 20.95379639
v -6.9771595 6.2529459 21.15335846
v -6.93728638 6.2529459 21.05709839
v -7.71494484 6.2529459 20.90065765
v -7.91236401 6.2529459 20.90065765
v -7.66846752 6.2529459 21.15335846
v -7.72194004 6.2529459 20.95379639
v -7.70834112 6.2529459 21.05709839
v -5.54120827 6.2529459 20.59398651
v -5.81391716 6.2529459 20.59398651
v -5.57002068 6.2529459 20.75423241
v -5.54120827 6.2529459 20.71668434
v -5.6098938 6.2529459 20.85049248
v -6.54191923 6.2529459 20.59398651
v -6.86551571 6.2529459 20.59398651
v -4.49019384 6.2529459 20.28731346
v -5.54120827 6.2529459 20.28731346
v -4.44347286 6.2529459 20.35064697
v -4.49019384 6.2529459 20.35064697
v -5.38975668 6.2529459 20.59398651
v -5.32766533 6.2529459 20.56826782
v -5.12106419 6.2529459 20.56826782
v -5.22436666 6.2529459 20.55466843
v -3.66874886 6.2529459 19.98064232
v -3.35888815 6.2529459 19.5206337
v 11.64342022 0 14.87060738
v 11.58747578 -1.76386464 14.87060738
v 11.58747578 -2.23283577 12.75820255
v -10.83843899 5.94029808 22.26038551
v -10.83843899 5.94029808 21.51399994
v -10.83843899 5.72092819 21.51399994
v -10.83843899 4.99292612 21.51399994
v -10.83843899 3.62248087 21.51399994
v -10.83843899 2.89447904 20.90065765
v -10.83843899 2.50571609 20.90065765
v -10.83843899 2.51271152 20.95379639
v -10.83843899 2.45923853 21.15335846
v -10.83843899 2.49911213 21.05709839
v -10.83843899 1.72145343 20.90065765
v -10.83843899 1.52403426 20.90065765
v -10.83843899 1.76793075 21.15335846
v -10.83843899 1.71445727 20.95379639
v -10.83843899 1.72805715 21.05709839
v -10.83843899 0.79603189 20.90065765
v -10.83843899 0.40726912 20.90065765
v -10.83843899 0.41426474 20.95379639
v -10.83843899 0.36079136 21.15335846
v -10.83843899 0.40066487 21.05709839
v -10.83843899 -0.37038916 20.85049248
v -10.83843899 -0.15025385 20.59398651
v -10.83843899 -0.574413 20.59398651
v -10.83843899 -0.18442582 20.60814095
v -10.83843899 -0.33051652 20.75423241
v -10.83843899 -0.26708764 20.67156982
v -10.83843899 -1.30241513 20.59398651
v -10.83843899 -1.91791856 20.59398651
v -10.83843899 -1.8837465 20.60814095
v -10.83843899 -1.69778228 20.85049248
v -10.83843899 -1.80108476 20.67156982
v -10.83843899 -1.73765588 20.75423241
v -10.83843899 -2.46883631 20.85049248
v -10.83843899 -2.2487011 20.59398651
v -10.83843899 -2.67286015 20.59398651
v -10.83843899 -2.28287292 20.60814095
v -10.83843899 -2.42896366 20.75423241
v -10.83843899 -2.36553478 20.67156982
v -10.83843899 -3.40086269 20.35064697
v -10.83843899 -3.44758344 20.35064697
v -10.83843899 -3.44758344 20.28731346
v -10.83843899 -3.54854679 19.98064232
v -10.83843899 -4.72458363 19.98064232
v -10.83843899 -5.54602814 19.98064232
v -10.83843899 -5.94029808 19.5206337
v -11.57952881 -6.94771767 19.5206337
v -10.00759125 -6.40838909 19.5206337
v -10.82903671 -6.40838909 19.5206337
v -10.3638773 -7.19672489 19.5206337
v -9.02371597 -7.4042244 19.5206337
v -7.60401058 -7.62035942 19.5206337
v -6.0546236 -7.62035942 19.33147812
v -4.50523663 -7.449224 18.95316315
v -3.58855605 -7.4042244 18.57485008
v -2.07259727 -7.11134863 18.57485008
v -2.45059776 -7.31381178 18.57485008
v -2.0854032 -7.31381178 18.57485008
v -2.07259727 -7.31381178 18.57485008
v -2.69141698 -7.11134863 18.57485008
v -2.4634037 -7.11134863 18.57485008
v -2.4634037 -7.31381178 18.57485008
v -1.79427803 -7.11134863 18.18261719
v -1.70740342 -7.11134863 18.18261719
v -1.31659698 -7.11134863 18.18261719
v -0.95140314 -7.11134863 18.18261719
v -0.89713901 -7.11134863 18.02886391
v -0.5605967 -7.11134863 18.02886391
v -0.57340264 -7.11134863 18.02886391
v -0.18259692 -7.11134863 18.02886391
v -0.19540286 -7.11134863 18.02886391
v -0.89713901 -7.11134863 17.79038239
v 0 -7.11134863 17.00591469
v 0.89713901 -6.94771767 16.59860611
v 1.96739137 -6.94771767 16.02523994
v 3.31755733 -6.94769287 15.93421555
v 5.33239985 -6.94521999 12.41147995
v 5.42342424 -7.04472256 12.37973404
v 5.64243412 -7.04472256 15.03007317
v 6.6024127 -6.96452045 15.03007317
v 7.58493423 -6.96452045 14.91735935
v 8.49982738 -6.86110497 14.91735935
v 9.41471863 -6.86110497 12.71144772
v 11.6900444 2.23283577 12.37973595
v 11.6900444 1.76386464 12.6362896
v 11.64342022 0 12.6362896
v 11.64342022 -1.76386464 12.75820255
v 6.60240459 -7.04472256 12.5987339
v 7.56238604 -6.96452045 12.5987339
v 8.49982357 -6.96452045 12.71144772
v 11.57952881 3.47385883 11.22344589
v 11.72016907 3.94282961 11.39775658
v 11.72016907 6.60033226 11.4916172
v 11.04046726 0 11.22344494
v 11.04046726 -3.47385883 7.74958324
v 11.04046726 -3.94282961 5.58560276
v 11.57952881 -3.94282961 1.13674498
v 4.49261999 -6.94771767 11.4916172
v 4.349998 -7.08634329 11.48495483
v 4.59844255 -7.08829308 11.39778709
v 6.01681137 -6.94771767 11.22344494
v 7.40749311 -6.94771767 7.74958277
v 8.79817486 -6.94771767 5.58560324
v 10.18885326 -6.94771767 1.13674498
v 11.57952881 -6.94771767 0.87932193
v 11.57952881 -6.60033226 0.87932193
v -10.83843899 6.2529459 22.55870438
v 2.82859755 7.11134863 18.57485008
v 2.69141698 7.11134863 18.57485008
v 3.20659733 7.31381178 18.57485008
v 2.84140348 7.31381178 18.57485008
v 2.82859755 7.31381178 18.57485008
v 3.58459854 7.31381178 18.57485008
v 3.58459854 7.11134863 18.57485008
v 3.21940327 7.11134863 18.57485008
v 3.21940327 7.31381178 18.57485008
v 4.34059811 7.11134863 18.18261719
v 3.97540426 7.11134863 18.18261719
v 5.85259867 7.11134863 18.02886391
v 5.86540461 7.11134863 18.02886391
v 5.10940504 7.11134863 18.02886391
v 5.47459745 7.11134863 18.02886391
v 5.48740339 7.11134863 18.02886391
v 4.50523663 7.11134863 17.79038239
v 4.50523663 7.11134863 18.02886391
v 4.71859789 7.11134863 18.02886391
v 4.73140383 7.11134863 18.02886391
v 5.0965991 7.11134863 18.02886391
v 5.95282078 7.11134863 17.00591469
v 7.33495331 6.94771767 16.59860611
v 8.74981213 6.94771767 16.02523994
v 9.61374855 6.94512033 15.24907207
v 10.66132641 6.94512033 15.24907207
v 11.72017002 7.08835888 11.49164104
v 10.66132641 6.94512033 12.37973595
v 11.6900444 3.77028966 14.99251842
v 11.6900444 4.02684307 12.37973595
v 11.64342022 2.23283577 14.99251842
v 11.64342022 1.76386464 14.87060738
v 1.79427803 7.4042244 18.57485008
v 0.89713901 7.449224 18.95316315
v 0 7.62035942 19.33147812
v -0.89713901 7.62035942 19.5206337
v -1.79427803 7.4042244 19.5206337
v -2.69141698 7.19672489 19.5206337
v -3.58855605 6.94771767 19.5206337
v -9.72550201 6.2529459 21.2073288
v -10.01081085 6.2529459 21.2073288
v -9.52456284 6.2529459 21.33932304
v -9.70348549 6.2529459 21.23601913
v -9.62082386 6.2529459 21.29944992
v -10.7388134 6.2529459 21.2073288
v -10.83843899 6.2529459 21.2073288
v -8.64036655 6.2529459 20.90065765
v -9.02912903 6.2529459 20.90065765
v -9.02213478 6.2529459 20.95379639
v -9.0756073 6.2529459 21.15335846
v -9.03573322 6.2529459 21.05709839
v -7.15742207 6.2529459 20.59398651
v -7.12325048 6.2529459 20.60814095
v -6.93728638 6.2529459 20.85049248
v -7.04058838 6.2529459 20.67156982
v -6.9771595 6.2529459 20.75423241
v -7.52237701 6.2529459 20.60814095
v -7.488204 6.2529459 20.59398651
v -7.91236401 6.2529459 20.59398651
v -7.60503864 6.2529459 20.67156982
v -7.70834112 6.2529459 20.85049248
v -7.66846752 6.2529459 20.75423241
v -5.5065918 6.2529459 20.67156982
v -5.42392969 6.2529459 20.60814095
v -5.76719427 6.2529459 20.35064697
v -5.81391716 6.2529459 20.35064697
v -5.76719427 6.2529459 20.28731346
v -6.58863831 6.2529459 20.28731346
v -6.86551571 6.2529459 20.28731346
v -6.54191923 6.2529459 20.35064697
v -6.58863831 6.2529459 20.35064697
v -4.49019384 6.2529459 19.98064232
v -5.54120827 6.2529459 19.98064232
v -3.66874886 6.2529459 19.5206337
v 11.58747578 0 14.87060738
v 11.58747578 -1.76386464 12.75820255
v -10.83843899 5.94029808 21.2073288
v -10.83843899 5.72092819 21.2073288
v -10.83843899 3.90779018 21.2073288
v -10.83843899 3.62248087 21.2073288
v -10.83843899 4.99292612 21.2073288
v -10.83843899 4.51627254 21.2073288
v -10.83843899 4.49425697 21.23601913
v -10.83843899 3.92980599 21.23601913
v -10.83843899 4.41159487 21.29944992
v -10.83843899 4.01246786 21.29944992
v -10.83843899 4.31533241 21.33932304
v -10.83843899 4.10872936 21.33932304
v -10.83843899 4.21203136 21.35292053
v -10.83843899 2.89447904 20.59398651
v -10.83843899 2.27897573 20.59398651
v -10.83843899 2.31314802 20.60814095
v -10.83843899 2.49911213 20.85049248
v -10.83843899 2.39580965 20.67156982
v -10.83843899 2.45923853 20.75423241
v -10.83843899 1.91402113 20.60814095
v -10.83843899 1.94819307 20.59398651
v -10.83843899 1.52403426 20.59398651
v -10.83843899 1.83135939 20.67156982
v -10.83843899 1.7280581 20.85049248
v -10.83843899 1.76793075 20.75423241
v -10.83843899 0.79603189 20.59398651
v -10.83843899 0.18052867 20.59398651
v -10.83843899 0.21470064 20.60814095
v -10.83843899 0.40066487 20.85049248
v -10.83843899 0.29736248 20.67156982
v -10.83843899 0.36079136 20.75423241
v -10.83843899 -0.08816412 20.56826782
v -10.83843899 0 20.55666161
v -10.83843899 0 20.28731346
v -10.83843899 -0.52769107 20.28731346
v -10.83843899 -0.52769107 20.35064697
v -10.83843899 -0.574413 20.35064697
v -10.83843899 -1.30241513 20.35064697
v -10.83843899 -1.34913635 20.35064697
v -10.83843899 -1.34913635 20.28731346
v -10.83843899 -2.62613821 20.28731346
v -10.83843899 -2.62613821 20.35064697
v -10.83843899 -2.67286015 20.35064697
v -10.83843899 -2.18661141 20.56826782
v -10.83843899 -1.98000836 20.56826782
v -10.83843899 -2.08330989 20.55466843
v -10.83843899 -3.44758344 19.98064232
v -10.83843899 -3.54854679 19.5206337
v -10.83843899 -4.72458363 19.5206337
v -10.83843899 -5.54602814 19.5206337
v -11.57952881 -6.60033226 19.5206337
v -11.82853699 -7.19672489 19.5206337
v -10.52987576 -7.4042244 19.5206337
v -9.15339851 -7.62035942 19.5206337
v -7.60401058 -7.62035942 19.33147812
v -6.02039623 -7.449224 18.95316315
v -4.50523663 -7.4042244 18.57485008
v -2.82859755 -7.11134863 18.57485008
v -3.20659733 -7.31381178 18.57485008
v -2.84140348 -7.31381178 18.57485008
v -2.82859755 -7.31381178 18.57485008
v -3.58855605 -7.31381178 18.57485008
v -3.58459783 -7.31381178 18.57485008
v -3.58459783 -7.11134863 18.57485008
v -3.21940327 -7.11134863 18.57485008
v -3.21940327 -7.31381178 18.57485008
v -2.69141698 -7.11134863 18.18261719
v -2.4634037 -7.11134863 18.18261719
v -2.07259727 -7.11134863 18.18261719
v -1.70740342 -7.11134863 18.02886391
v -1.32940292 -7.11134863 18.02886391
v -1.69459748 -7.11134863 18.02886391
v -1.31659698 -7.11134863 18.02886391
v -1.79427803 -7.11134863 17.79038239
v -0.9385972 -7.11134863 18.02886391
v -0.95140314 -7.11134863 18.02886391
v -0.89713901 -7.11134863 17.00591469
v 0 -6.94771767 16.59860611
v 1.15680909 -6.94771767 16.02523994
v 2.35653234 -6.94766951 15.93421555
v 3.31756401 -6.83434153 15.93421364
v 4.278584 -6.8343668 15.93421841
v 4.2785821 -6.94762516 12.90266418
v 5.64242458 -7.04472256 12.5987339
v 5.64243412 -6.96452045 15.03007317
v 6.67004156 -6.96452045 14.91735935
v 7.58493423 -6.86110497 14.91735935
v 8.49982357 -6.86110497 12.71144772
v 11.6900444 2.23283577 12.6362896
v 11.64342022 1.76386464 12.6362896
v 11.64342022 0 12.75820255
v 6.60240459 -6.96452045 12.5987339
v 7.58492851 -6.96452045 12.71144772
v 4.54496956 -6.94761944 11.90848732
v 11.04046726 3.47385883 11.22344589
v 11.57952881 3.94282961 11.22344589
v 11.72016907 6.60033226 11.39775658
v 11.04046726 -0.25960168 11.21373081
v 11.04046726 -3.46414375 8.00918579
v 11.04046726 -3.47385883 5.58560276
v 11.04046726 -3.94282961 1.13674498
v 11.57952881 -3.94282961 0.87932193
v 4.3586154 -7.09055233 11.39128876
v 4.62613201 -6.94771767 11.22344303
v 6.01681519 -6.94771767 7.74958277
v 7.40749645 -6.94771767 5.58560276
v 8.79817772 -6.94771767 1.13674498
v 10.18885326 -6.94771767 0.87932193
v 12.08346367 -6.60033226 0.62189871
v 12.08346367 -7.45165157 0.62189871
v 2.07259727 7.11134863 18.57485008
v 1.79427803 7.11134863 18.57485008
v 2.45059776 7.31381178 18.57485008
v 2.0854032 7.31381178 18.57485008
v 2.07259727 7.31381178 18.57485008
v 2.4634037 7.11134863 18.57485008
v 2.4634037 7.31381178 18.57485008
v 3.58459854 7.11134863 18.18261719
v 3.21940327 7.11134863 18.18261719
v 2.82859755 7.11134863 18.18261719
v 2.69141698 7.11134863 18.18261719
v 4.34059811 7.11134863 18.02886391
v 4.35340405 7.11134863 18.02886391
v 3.59740448 7.11134863 18.02886391
v 3.96259832 7.11134863 18.02886391
v 3.97540426 7.11134863 18.02886391
v 3.58855605 7.11134863 17.79038239
v 3.58855605 7.11134863 18.02886391
v 4.50523663 7.11134863 17.00591469
v 5.92009497 6.94771767 16.59860611
v 7.33495331 6.94771767 16.02523994
v 8.56617069 6.94512033 15.24907207
v 10.66132641 7.04472256 15.24907207
v 9.61374855 7.04472256 15.24907207
v 11.72017002 7.08835888 11.39778137
v 10.29283905 7.08833885 11.49164295
v 10.18031502 6.94769764 11.4916172
v 10.66132641 7.04472256 12.37973595
v 9.61374664 6.94512033 12.37973499
v 11.64342022 3.77028966 14.99251842
v 11.6900444 3.77028966 12.6362896
v 11.64342022 2.23283577 14.87060738
v 11.58747578 1.76386464 14.87060738
v 0.89713901 7.4042244 18.57485008
v 0 7.449224 18.95316315
v -0.89713901 7.62035942 19.33147812
v -1.79427803 7.62035942 19.5206337
v -2.69141698 7.4042244 19.5206337
v -3.58855605 7.19672489 19.5206337
v -4.50523663 6.94771767 19.5206337
v -4.28141117 6.40838909 19.5206337
v -3.66874886 6.40838909 19.5206337
v -9.81339169 6.2529459 20.90065765
v -10.01081085 6.2529459 20.90065765
v -9.76691437 6.2529459 21.15335846
v -9.82038689 6.2529459 20.95379639
v -9.80678844 6.2529459 21.05709839
v -10.7388134 6.2529459 20.90065765
v -10.83843899 6.2529459 20.90065765
v -8.64036655 6.2529459 20.59398651
v -9.25586891 6.2529459 20.59398651
v -9.22169781 6.2529459 20.60814095
v -9.03573322 6.2529459 20.85049248
v -9.13903618 6.2529459 20.67156982
v -9.0756073 6.2529459 20.75423241
v -7.86564159 6.2529459 20.35064697
v -7.91236401 6.2529459 20.35064697
v -7.86564159 6.2529459 20.28731346
v -7.42611265 6.2529459 20.56826782
v -7.21951103 6.2529459 20.56826782
v -7.32281399 6.2529459 20.55466843
v -5.76719427 6.2529459 19.98064232
v -6.58863831 6.2529459 19.98064232
v -6.86551571 6.2529459 19.98064232
v -4.49019384 6.2529459 19.5206337
v -5.54120827 6.2529459 19.5206337
v 11.58747578 0 12.75820255
v -10.83843899 5.94029808 20.90065765
v -10.83843899 5.72092819 20.90065765
v -10.83843899 4.99292612 20.90065765
v -10.83843899 4.60416269 20.90065765
v -10.83843899 4.61115837 20.95379639
v -10.83843899 4.55768585 21.15335846
v -10.83843899 4.5975585 21.05709839
v -10.83843899 3.81990004 20.90065765
v -10.83843899 3.62248087 20.90065765
v -10.83843899 3.86637712 21.15335846
v -10.83843899 3.8129046 20.95379639
v -10.83843899 3.82650423 21.05709839
v -10.83843899 1.5707562 20.35064697
v -10.83843899 1.52403426 20.35064697
v -10.83843899 2.84775782 20.28731346
v -10.83843899 1.5707562 20.28731346
v -10.83843899 2.89447904 20.35064697
v -10.83843899 2.84775782 20.35064697
v -10.83843899 2.21688557 20.56826782
v -10.83843899 2.01028252 20.56826782
v -10.83843899 2.11358452 20.55466843
v -10.83843899 0.01513741 20.55466843
v -10.83843899 0.11843894 20.56826782
v -10.83843899 0.74931085 20.35064697
v -10.83843899 0.74931085 20.28731346
v -10.83843899 0.79603189 20.35064697
v -10.83843899 0 19.98064232
v -10.83843899 -0.52769107 19.98064232
v -10.83843899 -1.34913635 19.98064232
v -10.83843899 -2.62613821 19.98064232
v -10.83843899 -3.44758344 19.5206337
v -11.57952881 -3.94282961 19.5206337
v -11.00109482 -4.72458363 19.5206337
v -11.00109482 -5.54602814 19.5206337
v -11.82853699 -6.82443905 19.5206337
v -12.03603554 -7.4042244 19.5206337
v -10.70278549 -7.62035942 19.5206337
v -9.15339851 -7.62035942 19.33147812
v -7.53555584 -7.449224 18.95316315
v -6.01139641 -7.4042244 18.57485008
v -3.59740376 -7.31381178 18.57485008
v -3.97540379 -7.31381178 18.57485008
v -3.96259785 -7.31381178 18.57485008
v -4.34059763 -7.11134863 18.57485008
v -3.97540379 -7.11134863 18.57485008
v -4.50523663 -7.31381178 18.57485008
v -4.35340357 -7.31381178 18.57485008
v -4.34059763 -7.31381178 18.57485008
v -3.58459783 -7.11134863 18.18261719
v -3.21940327 -7.11134863 18.18261719
v -2.82859755 -7.11134863 18.18261719
v -2.4634037 -7.11134863 18.02886391
v -2.0854032 -7.11134863 18.02886391
v -2.45059776 -7.11134863 18.02886391
v -2.07259727 -7.11134863 18.02886391
v -2.69141698 -7.11134863 17.79038239
v -1.79427803 -7.11134863 17.00591469
v -0.89713901 -6.94771767 16.59860611
v 0.34622675 -6.94771767 16.02523994
v 1.3955071 -6.94764519 15.93421555
v 2.35654402 -6.83431816 15.93420982
v 4.27858782 -6.83427334 12.90266705
v 1.35478711 -6.83433723 15.61554527
v 1.39552402 -6.83429337 15.93420601
v 0.43450409 -6.83427 15.93420029
v 4.39210606 -6.94762325 12.5782299
v 5.64242458 -6.96452045 12.5987339
v 5.75514889 -6.96452045 14.91735935
v 6.67004156 -6.86110497 14.91735935
v 7.58492851 -6.86110497 12.71144772
v 11.64342022 2.23283577 12.6362896
v 11.64342022 1.76386464 12.75820255
v 6.67003441 -6.96452045 12.71144772
v 4.45489883 -6.94771767 11.89491177
v 4.48106861 -6.94762087 12.24621773
v 11.04046726 0.25960168 11.21373081
v 11.04046726 3.94282961 11.22344589
v 11.57952881 6.60033226 11.22344589
v 11.04046726 -0.51775193 11.18464565
v 10.784482 -0.25960168 11.21373081
v 10.784482 0 11.22344494
v 11.04046726 -3.43505764 8.26733589
v 10.784482 -3.47385883 7.74958324
v 10.784482 -3.46414328 8.00918579
v 10.784482 -3.47385883 5.58560276
v 11.04046726 -3.47385883 1.13674498
v 11.04046726 -3.94282961 0.87932193
v 12.08346367 -3.94282961 0.62189871
v 4.49261999 -6.60033226 11.4916172
v 4.35420227 -6.74304104 11.48511505
v 4.35441303 -6.73883772 11.39106083
v 4.50521708 -6.94771767 11.22344303
v 4.6261363 -6.94771767 7.74958277
v 6.016819 -6.94771767 5.58560276
v 7.4075017 -6.94771767 1.13674498
v 8.79817772 -6.94771767 0.87932193
v 10.49465942 -7.45165157 0.62189865
v 12.08346367 -7.45165157 -0.05223867
v 12.08346367 -6.60033226 -0.05223868
v 0.9385972 7.31381178 18.57485008
v 0.89713901 7.31381178 18.57485008
v 1.3165977 7.11134863 18.57485008
v 0.95140314 7.11134863 18.57485008
v 0.95140314 7.31381178 18.57485008
v 1.70740342 7.11134863 18.57485008
v 1.3165977 7.31381178 18.57485008
v 1.69459748 7.31381178 18.57485008
v 1.32940364 7.31381178 18.57485008
v 1.70740342 7.31381178 18.57485008
v 2.4634037 7.11134863 18.18261719
v 2.07259727 7.11134863 18.18261719
v 1.79427803 7.11134863 18.18261719
v 3.58459854 7.11134863 18.02886391
v 2.69141698 7.11134863 17.79038239
v 3.21940327 7.11134863 18.02886391
v 2.84140348 7.11134863 18.02886391
v 3.20659733 7.11134863 18.02886391
v 2.82859755 7.11134863 18.02886391
v 3.58855605 7.11134863 17.00591469
v 4.50523663 6.94771767 16.59860611
v 5.92009497 6.94771767 16.02523994
v 7.51859236 6.94512033 15.24907207
v 8.56617069 7.04472256 15.24907207
v 9.48234844 7.04472256 15.03007317
v 10.4423275 7.04472256 15.03007317
v 11.57952881 6.94771767 11.22344589
v 10.29582405 7.088346 11.39778137
v 8.86550903 7.08831882 11.49164391
v 8.78109932 6.94767809 11.4916172
v 9.61374664 7.04472256 12.37973499
v 10.4423275 7.04472256 12.59873486
v 8.56616592 6.94512033 12.37973499
v 11.64342022 3.64837646 14.87060738
v 11.64342022 3.77028966 12.6362896
v 11.58747578 2.23283577 14.87060738
v 11.58747578 1.76386464 12.75820255
v 0 7.4042244 18.57485008
v -0.89713901 7.449224 18.95316315
v -1.79427803 7.62035942 19.33147812
v -2.69141698 7.62035942 19.5206337
v -3.58855605 7.4042244 19.5206337
v -4.50523663 7.19672489 19.5206337
v -4.49019384 6.40838909 19.5206337
v -5.92009497 6.94771767 19.5206337
v -9.62082386 6.2529459 20.60814095
v -9.58665085 6.2529459 20.59398651
v -10.01081085 6.2529459 20.59398651
v -9.70348549 6.2529459 20.67156982
v -9.80678844 6.2529459 20.85049248
v -9.76691437 6.2529459 20.75423241
v -10.7388134 6.2529459 20.59398651
v -10.83843899 6.2529459 20.59398651
v -9.51413155 6.2529459 20.28731346
v -9.51413155 6.2529459 20.56689453
v -9.42126083 6.2529459 20.55466843
v -9.31795883 6.2529459 20.56826782
v -8.68708611 6.2529459 20.35064697
v -8.68708611 6.2529459 20.28731346
v -8.64036655 6.2529459 20.35064697
v -7.86564159 6.2529459 19.98064232
v -5.76719427 6.2529459 19.5206337
v -6.58863831 6.2529459 19.5206337
v -6.86551571 6.2529459 19.5206337
v -10.83843899 5.94029808 20.59398651
v -10.83843899 5.72092819 20.59398651
v -10.83843899 4.99292612 20.59398651
v -10.83843899 4.37742329 20.59398651
v -10.83843899 4.41159487 20.60814095
v -10.83843899 4.5975585 20.85049248
v -10.83843899 4.49425697 20.67156982
v -10.83843899 4.55768585 20.75423241
v -10.83843899 4.01246834 20.60814095
v -10.83843899 4.0466404 20.59398651
v -10.83843899 3.62248087 20.59398651
v -10.83843899 3.92980671 20.67156982
v -10.83843899 3.82650423 20.85049248
v -10.83843899 3.86637783 20.75423241
v -10.83843899 2.84775782 19.98064232
v -10.83843899 1.5707562 19.98064232
v -10.83843899 0.74931085 19.98064232
v -10.83843899 0 19.5206337
v -10.83843899 -0.52769107 19.5206337
v -10.83843899 -1.34913635 19.5206337
v -10.83843899 -2.62613821 19.5206337
v -11.00109482 -3.20271778 19.5206337
v -11.57952881 -3.47385883 19.5206337
v -11.00109482 -3.44758344 19.5206337
v -11.82853699 -3.97644567 19.5206337
v -12.03603554 -7.01118755 19.5206337
v -12.25217247 -7.62035942 19.5206337
v -10.70278549 -7.62035942 19.33147812
v -9.0507164 -7.449224 18.95316315
v -7.51755667 -7.4042244 18.57485008
v -4.71859789 -7.31381178 18.57485008
v -5.09659815 -7.11134863 18.57485008
v -4.73140383 -7.11134863 18.57485008
v -4.73140383 -7.31381178 18.57485008
v -5.99331379 -7.31381178 18.57485008
v -5.86540413 -7.31381178 18.57485008
v -5.85259819 -7.31381178 18.57485008
v -5.85259819 -7.11134863 18.57485008
v -5.48740387 -7.11134863 18.57485008
v -5.48740387 -7.31381178 18.57485008
v -5.47459793 -7.31381178 18.57485008
v -5.10940409 -7.31381178 18.57485008
v -5.09659815 -7.31381178 18.57485008
v -4.34059763 -7.11134863 18.18261719
v -3.97540379 -7.11134863 18.18261719
v -3.58459783 -7.11134863 18.02886391
v -3.58855605 -7.11134863 18.02886391
v -3.58855605 -7.11134863 17.79038239
v -3.21940327 -7.11134863 18.02886391
v -2.84140348 -7.11134863 18.02886391
v -3.20659733 -7.11134863 18.02886391
v -2.82859755 -7.11134863 18.02886391
v -2.69141698 -7.11134863 17.00591469
v -1.79427803 -6.94771767 16.59860611
v -1.15680909 -6.94771767 16.02523994
v -0.34622675 -6.94771767 16.02523994
v 0 -6.94771767 16.02523994
v 0.43448201 -6.94762087 15.93421555
v 4.14113092 -6.94762802 13.21770668
v 4.14113617 -6.8342762 13.21771145
v 4.19379044 -6.94771767 12.86938477
v 4.30506516 -6.94771767 12.55138016
v 5.75513983 -6.96452045 12.71144772
v 5.75514889 -6.86110497 14.91735935
v 6.67003441 -6.86110497 12.71144772
v 11.64342022 2.23283577 12.75820255
v 4.39226389 -6.94771767 12.22594929
v 4.45489883 -6.60033226 11.89491177
v 11.04046726 0.51775193 11.18464565
v 10.784482 0.25960168 11.21373081
v 11.04046726 3.47385883 7.74958324
v 11.04046726 3.94282961 7.74958324
v 11.57952881 3.94282961 7.74958324
v 11.57952881 6.60033226 7.7495842
v 11.04046726 -0.77300638 11.13634872
v 10.784482 -0.51775187 11.18464565
v 10.784482 -0.24125808 10.96888638
v 10.784482 0 10.97825813
v 11.04046726 -3.38676095 8.52259064
v 10.784482 -3.43505716 8.2673378
v 10.784482 -3.2285006 7.74499989
v 10.784482 -3.21929955 7.99084282
v 10.784482 -3.47385883 1.1367451
v 10.784482 -3.2285006 5.58560276
v 11.04046726 -3.47385883 0.87932193
v 11.04046726 -3.94282961 0.62189871
v 12.08346367 -3.94282961 -0.0522387
v 3.76133251 -6.60033226 11.4916172
v 3.61902046 -6.73918962 11.48602009
v 4.50522184 -6.94771767 7.74958277
v 4.62614155 -6.94771767 5.58560276
v 4.50521708 -6.60033226 11.22344303
v 6.01682663 -6.94771767 1.13674498
v 7.4075017 -6.94771767 0.87932193
v 8.90585518 -7.45165157 0.62189853
v 10.49465942 -7.45165157 -0.05223874
v 7.57075167 -5.36271763 -0.05223878
v 0.18259692 7.31381178 18.57485008
v 0 7.31381178 18.57485008
v 0.56059742 7.11134863 18.57485008
v 0.19540286 7.11134863 18.57485008
v 0.19540286 7.31381178 18.57485008
v 0.57340336 7.31381178 18.57485008
v 0.56059742 7.31381178 18.57485008
v 1.70740342 7.11134863 18.18261719
v 1.3165977 7.11134863 18.18261719
v 0.95140314 7.11134863 18.18261719
v 2.4634037 7.11134863 18.02886391
v 2.0854032 7.11134863 18.02886391
v 2.45059776 7.11134863 18.02886391
v 2.07259727 7.11134863 18.02886391
v 1.79427803 7.11134863 17.79038239
v 2.69141698 7.11134863 17.00591469
v 3.58855605 6.94771767 16.59860611
v 4.50523663 6.94771767 16.02523994
v 6.4710145 6.94512033 15.24907207
v 7.51859236 7.04472256 15.24907207
v 8.52236938 7.04472256 15.03007317
v 10.4423275 6.96452045 15.03007317
v 9.48234844 6.96452045 15.03007317
v 11.57952881 6.94771767 7.7495842
v 10.1888504 6.94771767 11.22344589
v 8.87147903 7.08833313 11.39778423
v 7.43817902 7.0882988 11.49164486
v 7.3818841 6.94765806 11.4916172
v 8.56616592 7.04472256 12.37973499
v 9.48234653 7.04472256 12.5987339
v 10.4423275 6.96452045 12.59873486
v 7.51858521 6.94512033 12.37973499
v 11.58747578 3.64837646 14.87060738
v 11.64342022 3.64837646 12.75820255
v 11.58747578 2.23283577 12.75820255
v -0.89713901 7.4042244 18.57485008
v -1.79427803 7.449224 18.95316315
v -2.69141698 7.62035942 19.33147812
v -3.58855605 7.62035942 19.5206337
v -4.50523663 7.4042244 19.5206337
v -5.96989679 7.19672489 19.5206337
v -5.76719427 6.40838909 19.5206337
v -7.33495331 6.94771767 19.5206337
v -6.58863831 6.40838909 19.5206337
v -9.96408844 6.2529459 20.35064697
v -10.01081085 6.2529459 20.35064697
v -9.96408844 6.2529459 20.28731346
v -9.52455997 6.2529459 20.56826782
v -10.78553295 6.2529459 20.28731346
v -10.83843899 6.2529459 20.28731346
v -10.7388134 6.2529459 20.35064697
v -10.78553295 6.2529459 20.35064697
v -8.68708611 6.2529459 19.98064232
v -9.51413155 6.2529459 19.98064232
v -7.86564159 6.2529459 19.5206337
v -10.83843899 5.76764965 20.35064697
v -10.83843899 5.72092819 20.35064697
v -10.83843899 5.94029808 20.28731346
v -10.83843899 5.76764965 20.28731346
v -10.83843899 3.6692028 20.35064697
v -10.83843899 3.62248087 20.35064697
v -10.83843899 4.94620466 20.28731346
v -10.83843899 3.6692028 20.28731346
v -10.83843899 4.99292612 20.35064697
v -10.83843899 4.94620466 20.35064697
v -10.83843899 4.31533337 20.56826782
v -10.83843899 4.10872936 20.56826782
v -10.83843899 4.21203136 20.55466843
v -10.83843899 2.84775782 19.5206337
v -10.83843899 1.5707562 19.5206337
v -10.83843899 0.74931085 19.5206337
v -11.57952881 0 19.5206337
v -11.00109482 -2.62613821 19.5206337
v -11.00109482 -0.52769107 19.5206337
v -11.00109482 -1.34913635 19.5206337
v -11.82853699 -3.47385883 19.5206337
v -12.03603554 -4.00445843 19.5206337
v -12.25217247 -7.20570946 19.5206337
v -12.25217247 -7.62035942 19.33147812
v -10.56587601 -7.449224 18.95316315
v -9.02371597 -7.4042244 18.57485008
v -6.23059845 -7.31381178 18.57485008
v -6.60859823 -7.11134863 18.57485008
v -6.24340439 -7.11134863 18.57485008
v -6.24340439 -7.31381178 18.57485008
v -7.48139191 -7.31381178 18.57485008
v -7.37740421 -7.31381178 18.57485008
v -7.36459827 -7.31381178 18.57485008
v -7.36459827 -7.11134863 18.57485008
v -6.99940491 -7.11134863 18.57485008
v -6.99940491 -7.31381178 18.57485008
v -6.98659897 -7.31381178 18.57485008
v -6.62140417 -7.31381178 18.57485008
v -6.60859823 -7.31381178 18.57485008
v -5.85259819 -7.11134863 18.18261719
v -5.48740387 -7.11134863 18.18261719
v -5.09659815 -7.11134863 18.18261719
v -4.73140383 -7.11134863 18.18261719
v -4.50523663 -7.11134863 18.02886391
v -4.34059763 -7.11134863 18.02886391
v -4.35340357 -7.11134863 18.02886391
v -3.59740376 -7.11134863 18.02886391
v -3.96259785 -7.11134863 18.02886391
v -3.97540379 -7.11134863 18.02886391
v -4.50523663 -7.11134863 17.79038239
v -3.58855605 -7.11134863 17.00591469
v -2.69141698 -6.94771767 16.59860611
v -1.96739137 -6.94771767 16.02523994
v -0.43448201 -6.94762087 15.93421555
v -1.3955071 -6.94764519 15.93421555
v 0.33667314 -6.94771767 15.71607685
v 0.430246 -6.94761562 15.7971344
v 3.98052025 -6.94763184 13.52159882
v 3.98052406 -6.83428001 13.52160263
v 4.05906296 -6.94771767 13.17818642
v 1.67922056 -6.83433008 15.50204372
v 4.19379044 -6.60033226 12.86938477
v 4.30506516 -6.60033226 12.55138016
v 5.75513983 -6.86110497 12.71144772
v 4.39226389 -6.60033226 12.22594929
v 3.72975111 -6.60033226 11.78561401
v 11.04046726 0.77300638 11.13634872
v 10.784482 0.51775187 11.18464565
v 10.784482 0.24125808 10.96888638
v 11.04046726 3.46414375 8.00918579
v 11.04046726 3.47385883 5.58560276
v 11.04046726 3.94282961 5.58560276
v 11.57952881 3.94282961 5.58560276
v 11.57952881 6.60033226 5.58560419
v 11.04046726 -1.02393806 11.06911087
v 10.784482 -0.77300638 11.13634872
v 10.784482 -0.48116243 10.94185734
v 8.47474098 -0.24125808 10.96888638
v 8.47474098 0 10.97825813
v 11.04046726 -3.31952405 8.77352333
v 10.784482 -3.38676071 8.52259064
v 10.784482 -3.19226861 8.23074818
v 8.47474098 -3.2285006 7.74499989
v 8.47474098 -3.21929955 7.99084377
v 10.784482 -3.47385883 0.87932169
v 10.784482 -3.2285006 1.1367451
v 8.47474098 -3.2285006 5.58560276
v 11.04046726 -3.47385883 0.62189871
v 11.04046726 -3.94282961 -0.0522387
v 3.62622857 -6.74270868 11.39229965
v 4.50522184 -6.60033226 7.74958277
v 4.50522614 -6.94771767 5.58560276
v 4.62615061 -6.94771767 1.13674498
v 6.01682663 -6.94771767 0.87932193
v 7.31705093 -7.45165157 0.62189853
v 8.90585518 -7.45165157 -0.0522388
v -0.89713901 7.31381178 18.57485008
v -0.5605967 7.31381178 18.57485008
v -0.57340264 7.31381178 18.57485008
v -0.19540286 7.11134863 18.57485008
v -0.5605967 7.11134863 18.57485008
v -0.18259692 7.31381178 18.57485008
v -0.19540286 7.31381178 18.57485008
v 0.56059742 7.11134863 18.18261719
v 0.19540286 7.11134863 18.18261719
v 1.70740342 7.11134863 18.02886391
v 1.32940364 7.11134863 18.02886391
v 1.69459748 7.11134863 18.02886391
v 1.3165977 7.11134863 18.02886391
v 0.89713901 7.11134863 17.79038239
v 0.89713901 7.11134863 18.02886391
v 0.9385972 7.11134863 18.02886391
v 0.95140314 7.11134863 18.02886391
v 1.79427803 7.11134863 17.00591469
v 2.69141698 6.94771767 16.59860611
v 3.58855605 6.94771767 16.02523994
v 5.42343616 6.94512033 15.24907207
v 6.4710145 7.04472256 15.24907207
v 7.56239128 7.04472256 15.03007317
v 8.52236938 6.96452045 15.03007317
v 9.41472054 6.96452045 14.91735935
v 10.32961273 6.96452045 14.91735935
v 11.57952881 6.94771767 5.58560419
v 10.1888504 6.94771767 7.7495842
v 8.79817009 6.94771767 11.22344589
v 7.44713259 7.08831978 11.39778519
v 6.010849 7.08827877 11.49164581
v 5.98266888 6.94763803 11.4916172
v 7.51858521 7.04472256 12.37973499
v 8.52236652 7.04472256 12.5987339
v 9.48234653 6.96452045 12.5987339
v 10.32961273 6.96452045 12.71144867
v 6.47100449 6.94512033 12.37973404
v 11.58747578 3.64837646 12.75820255
v -1.79427803 7.4042244 18.57485008
v -2.69141698 7.449224 18.95316315
v -3.58855605 7.62035942 19.33147812
v -4.50523663 7.62035942 19.5206337
v -6.01139641 7.4042244 19.5206337
v -7.43455696 7.19672489 19.5206337
v -8.74981213 6.94771767 19.5206337
v -8.31511211 6.40838909 19.5206337
v -7.86564159 6.40838909 19.5206337
v -9.96408844 6.2529459 19.98064232
v -10.78553295 6.2529459 19.98064232
v -10.83843899 6.2529459 19.98064232
v -8.68708611 6.2529459 19.5206337
v -9.51413155 6.2529459 19.5206337
v -10.83843899 5.94029808 19.98064232
v -10.83843899 5.76764965 19.98064232
v -10.83843899 4.94620466 19.98064232
v -10.83843899 3.6692028 19.98064232
v -11.57952881 3.47385883 19.5206337
v -11.00109482 2.84775782 19.5206337
v -11.00109482 3.20271826 19.5206337
v -11.00109482 0.74931085 19.5206337
v -11.00109482 1.5707562 19.5206337
v -11.82853699 0 19.5206337
v -12.03603554 -3.47385883 19.5206337
v -12.25217247 -4.03363657 19.5206337
v -12.25217247 -7.20570946 19.33147812
v -12.08103752 -7.449224 18.95316315
v -10.52987576 -7.4042244 18.57485008
v -7.74259901 -7.31381178 18.57485008
v -8.12059879 -7.11134863 18.57485008
v -7.75540495 -7.11134863 18.57485008
v -7.75540495 -7.31381178 18.57485008
v -8.96946907 -7.31381178 18.57485008
v -8.88940525 -7.31381178 18.57485008
v -8.87659931 -7.31381178 18.57485008
v -8.87659931 -7.15902901 18.57485008
v -8.84799099 -7.11134863 18.57485008
v -8.51140404 -7.11134863 18.57485008
v -8.51140404 -7.31381178 18.57485008
v -8.4985981 -7.31381178 18.57485008
v -8.13340473 -7.31381178 18.57485008
v -8.12059879 -7.31381178 18.57485008
v -7.36459827 -7.11134863 18.18261719
v -6.99940491 -7.11134863 18.18261719
v -6.60859823 -7.11134863 18.18261719
v -6.24340439 -7.11134863 18.18261719
v -5.95282078 -7.11134863 18.02886391
v -5.85259819 -7.11134863 18.02886391
v -5.86540413 -7.11134863 18.02886391
v -5.10940409 -7.11134863 18.02886391
v -5.47459793 -7.11134863 18.02886391
v -5.48740387 -7.11134863 18.02886391
v -5.95282078 -7.11134863 17.79038239
v -4.71859789 -7.11134863 18.02886391
v -4.73140383 -7.11134863 18.02886391
v -5.09659815 -7.11134863 18.02886391
v -4.50523663 -7.11134863 17.00591469
v -3.58855605 -6.94771767 16.59860611
v -2.77797389 -6.94771767 16.02523994
v -2.35653234 -6.94766951 15.93421555
v -1.39552402 -6.83429337 15.93420601
v -0.43450409 -6.83427 15.93420029
v -0.430246 -6.94761562 15.7971344
v -0.33667314 -6.94771767 15.71607685
v 0 -6.94771767 15.72867584
v 0.67146647 -6.94771767 15.67835426
v 0.6850425 -6.94770241 15.76842499
v 0.4302851 -6.83426428 15.79713631
v 3.79764891 -6.94763565 13.81263828
v 3.79765177 -6.83428431 13.81264114
v 3.90163517 -6.94771767 13.47605515
v 4.05906296 -6.60033226 13.17818642
v 1.99426425 -6.83432293 15.36458969
v 1.35478544 -6.94768906 15.61556053
v 1.67922044 -6.94768095 15.50203514
v 3.51114535 -6.60033226 12.60146713
v 3.6043067 -6.60033226 12.33522797
v 3.6773119 -6.60033226 12.06276798
v 3.72975111 -6.52218342 11.78561401
v 3.76133251 -6.52218342 11.4916172
v 11.04046726 1.02393806 11.06911087
v 10.784482 0.77300638 11.13634872
v 10.784482 0.48116243 10.94185734
v 8.47474098 0.24125808 10.96888638
v 11.04046726 3.43505764 8.26733589
v 10.784482 3.46414328 8.00918579
v 10.784482 3.47385883 7.74958324
v 10.784482 3.47385883 5.58560276
v 11.04046726 3.47385883 1.13674498
v 11.04046726 3.94282961 1.13674498
v 11.57952881 3.94282961 1.13674498
v 11.57952881 6.60033226 1.13674498
v 11.04046726 -1.26914263 10.98330879
v 10.784482 -1.02393806 11.06911087
v 10.784482 -0.71837246 10.89697456
v 8.47474098 -0.48116243 10.94185638
v 7.19187737 -0.24125805 10.96888638
v 7.19187737 0 10.97825813
v 11.04046726 -3.23372316 9.01872921
v 10.784482 -3.31952405 8.77352428
v 10.784482 -3.14738631 8.46795654
v 8.47474098 -3.19226861 8.23074818
v 7.19187737 -3.2285006 7.74499989
v 7.19187737 -3.21929955 7.99084377
v 10.784482 -3.2285006 0.87932169
v 10.784482 -3.47385883 0.62189853
v 8.47474098 -3.2285006 1.13674498
v 7.19187737 -3.2285006 5.58560276
v 11.04046726 -3.47385883 -0.0522387
v 3.62253714 -6.66455984 11.48616028
v 3.62271237 -6.66104078 11.39216042
v 3.77187967 -6.60033226 11.22344303
v 4.50522614 -6.60033226 5.58560276
v 3.77188301 -6.60033226 7.74958277
v 4.50523615 -6.94771767 1.13674498
v 4.62615061 -6.94771767 0.87932193
v 5.72824717 -7.45165157 0.62189847
v 7.31705093 -7.45165157 -0.05223887
v -0.19540286 7.11134863 18.18261719
v -0.5605967 7.11134863 18.18261719
v -1.70740342 7.11134863 18.57485008
v -1.79427803 7.11134863 18.57485008
v -0.9385972 7.31381178 18.57485008
v -0.95140314 7.31381178 18.57485008
v -0.95140314 7.11134863 18.57485008
v -1.31659698 7.11134863 18.57485008
v -1.31659698 7.31381178 18.57485008
v -1.32940292 7.31381178 18.57485008
v -1.69459748 7.31381178 18.57485008
v -1.70740342 7.31381178 18.57485008
v 0.56059742 7.11134863 18.02886391
v 0.57340336 7.11134863 18.02886391
v 0 7.11134863 18.02886391
v 0.18259692 7.11134863 18.02886391
v 0.19540286 7.11134863 18.02886391
v 0 7.11134863 17.79038239
v 0.89713901 7.11134863 17.00591469
v 1.79427803 6.94771767 16.59860611
v 2.77797389 6.94771767 16.02523994
v 4.47191811 6.94775391 15.93421555
v 4.2785821 6.94771767 15.93421555
v 5.42343616 7.04472256 15.24907207
v 5.33241129 6.94521999 15.20682716
v 6.6024127 7.04472256 15.03007317
v 7.56239128 6.96452045 15.03007317
v 8.49982738 6.96452045 14.91735935
v 10.32961273 6.86110497 14.91735935
v 9.41472054 6.86110497 14.91735935
v 11.57952881 6.94771767 1.13674498
v 10.18885136 6.94771767 5.58560419
v 8.798172 6.94771767 7.74958324
v 7.40749073 6.94771767 11.22344494
v 6.02278805 7.08830595 11.39778519
v 4.58351803 7.08825874 11.49164677
v 4.58345413 6.94761848 11.4916172
v 6.47100449 7.04472256 12.37973404
v 7.56238604 7.04472256 12.5987339
v 8.52236652 6.96452045 12.5987339
v 9.41471863 6.96452045 12.71144772
v 10.32961273 6.86110497 12.71144867
v 5.42342424 6.94512033 12.37973404
v -2.69141698 7.4042244 18.57485008
v -3.58855605 7.449224 18.95316315
v -4.50523663 7.62035942 19.33147812
v -6.0546236 7.62035942 19.5206337
v -7.51755667 7.4042244 19.5206337
v -8.89921665 7.19672489 19.5206337
v -8.68708611 6.40838909 19.5206337
v -10.1646719 6.94771767 19.5206337
v -9.96408844 6.2529459 19.5206337
v -10.78553295 6.2529459 19.5206337
v -10.83843899 6.2529459 19.5206337
v -10.83843899 5.94029808 19.5206337
v -10.83843899 5.76764965 19.5206337
v -10.83843899 4.94620466 19.5206337
v -10.83843899 3.6692028 19.5206337
v -11.00109482 3.63508487 19.5206337
v -11.57952881 3.94282961 19.5206337
v -11.82853699 3.47385883 19.5206337
v -12.03603554 0 19.5206337
v -12.25217247 -3.47385883 19.5206337
v -12.25217247 -4.03363657 19.33147812
v -12.08103752 -7.05168772 18.95316315
v -12.03603554 -7.4042244 18.57485008
v -9.25459862 -7.31381178 18.57485008
v -9.63259888 -7.11134863 18.57485008
v -9.26740456 -7.11134863 18.57485008
v -9.26740456 -7.31381178 18.57485008
v -10.45754528 -7.31381178 18.57485008
v -10.40140533 -7.31381178 18.57485008
v -10.3885994 -7.31381178 18.57485008
v -10.3885994 -7.22762871 18.57485008
v -10.29557514 -7.11134863 18.57485008
v -10.02340508 -7.11134863 18.57485008
v -10.02340508 -7.31381178 18.57485008
v -10.01059914 -7.31381178 18.57485008
v -9.64540482 -7.31381178 18.57485008
v -9.63259888 -7.31381178 18.57485008
v -8.87659931 -7.11134863 18.57485008
v -8.84799099 -7.11134863 18.18261719
v -8.51140404 -7.11134863 18.18261719
v -8.12059879 -7.11134863 18.18261719
v -7.75540495 -7.11134863 18.18261719
v -7.40040636 -7.11134863 18.02886391
v -7.36459827 -7.11134863 18.02886391
v -7.37740421 -7.11134863 18.02886391
v -6.62140417 -7.11134863 18.02886391
v -6.98659897 -7.11134863 18.02886391
v -6.99940491 -7.11134863 18.02886391
v -7.40040636 -7.11134863 17.79038239
v -6.23059845 -7.11134863 18.02886391
v -6.24340439 -7.11134863 18.02886391
v -6.60859823 -7.11134863 18.02886391
v -5.95282078 -7.11134863 17.00591469
v -4.50523663 -6.94771767 16.59860611
v -3.58855605 -6.94771767 16.02523994
v -3.31755733 -6.94769287 15.93421555
v -2.35654402 -6.83431816 15.93420982
v -0.4302851 -6.83426428 15.79713631
v -0.6850425 -6.94770241 15.76842499
v -0.67146647 -6.94771767 15.67835426
v 0 -6.94771767 14.99533367
v 0.28187126 -6.94771767 14.98478508
v 0.68503278 -6.83435154 15.76835442
v 1.02273619 -6.83434391 15.70438957
v 3.59353971 -6.94764042 14.08919621
v 3.5935421 -6.8342886 14.08920097
v 3.72238827 -6.94771767 13.76132584
v 3.90163517 -6.60033226 13.47605515
v 3.39834809 -6.60033226 12.86000347
v 2.29815578 -6.83431625 15.20397663
v 1.99426389 -6.94767475 15.36458302
v 1.02277374 -6.94769526 15.70452309
v 1.32793653 -6.94771767 15.52851963
v 1.64594185 -6.94771767 15.417243
v 3.51114535 -6.52218342 12.60146713
v 3.6043067 -6.52218342 12.33522797
v 3.6773119 -6.52218342 12.06276798
v 3.54846454 -6.52218342 11.75829029
v 3.578511 -6.52218342 11.49161625
v 11.04046726 1.26914263 10.98330879
v 10.784482 1.02393806 11.06911087
v 10.784482 0.71837246 10.89697456
v 8.47474098 0.48116243 10.94185638
v 7.19187737 0.24125805 10.96888638
v 11.04046726 3.38676095 8.52259064
v 10.784482 3.43505716 8.2673378
v 10.784482 3.21929955 7.99084282
v 10.784482 3.2285006 7.74499989
v 10.784482 3.2285006 5.58560276
v 10.784482 3.47385883 1.1367451
v 11.04046726 3.47385883 0.87932193
v 11.04046726 3.94282961 0.87932193
v 11.57952881 3.94282961 0.87932193
v 11.57952881 6.60033226 0.87932193
v 11.04046726 -1.50725019 10.8794241
v 10.784482 -1.26914263 10.98330879
v 10.784482 -0.95156801 10.83448792
v 8.47474098 -0.7183724 10.89697361
v 7.19187737 -0.48116243 10.94185638
v 4.70025539 -0.24125805 10.96888638
v 4.70025539 0 10.97825813
v 11.04046726 -3.12983799 9.25683594
v 10.784482 -3.23372269 9.01872921
v 10.784482 -3.08490181 8.70115376
v 8.47474098 -3.14738631 8.46795845
v 7.19187737 -3.19226861 8.23074818
v 4.70025539 -3.2285006 7.74499989
v 4.70025539 -3.21929955 7.99084377
v 10.784482 -3.2285006 0.62189853
v 8.47474098 -3.2285006 0.87932193
v 10.784482 -3.47385883 -0.05223887
v 7.19187737 -3.2285006 1.13674498
v 4.70025539 -3.2285006 5.58560276
v 3.43627548 -6.66112804 11.48629856
v 3.77187967 -6.52218342 11.22344303
v 4.50523615 -6.60033226 1.13674498
v 3.77188611 -6.60033226 5.58560276
v 3.77188301 -6.52218342 7.74958277
v 4.50523615 -6.94771767 0.87932193
v 4.1394434 -7.45165157 0.62189841
v 5.72824764 -7.45165157 -0.05223893
v -0.89713901 7.11134863 18.02886391
v -0.57340264 7.11134863 18.02886391
v -0.5605967 7.11134863 18.02886391
v -0.19540286 7.11134863 18.02886391
v -0.18259692 7.11134863 18.02886391
v -0.89713901 7.11134863 17.79038239
v -0.95140314 7.11134863 18.18261719
v -1.31659698 7.11134863 18.18261719
v -1.70740342 7.11134863 18.18261719
v -1.79427803 7.11134863 18.18261719
v -2.4634037 7.11134863 18.57485008
v -2.69141698 7.11134863 18.57485008
v -2.07259727 7.11134863 18.57485008
v -2.4634037 7.31381178 18.57485008
v -2.07259727 7.31381178 18.57485008
v -2.0854032 7.31381178 18.57485008
v -2.45059776 7.31381178 18.57485008
v 0 7.11134863 17.00591469
v 0.89713901 6.94771767 16.59860611
v 1.96739137 6.94771767 16.02523994
v 3.31755733 6.94769287 15.93421555
v 5.64243412 7.04472256 15.03007317
v 5.42342424 7.04472256 12.37973404
v 5.33239985 6.94521999 12.41147995
v 6.6024127 6.96452045 15.03007317
v 7.58493423 6.96452045 14.91735935
v 8.49982738 6.86110497 14.91735935
v 9.41471863 6.86110497 12.71144772
v 11.57952881 6.94771767 0.87932193
v 10.18885326 6.94771767 1.13674498
v 8.79817486 6.94771767 5.58560324
v 7.40749311 6.94771767 7.74958277
v 6.01681137 6.94771767 11.22344494
v 4.59844255 7.08829308 11.39778709
v 4.349998 7.08634329 11.48495483
v 4.49261999 6.94771767 11.4916172
v 6.60240459 7.04472256 12.5987339
v 7.56238604 6.96452045 12.5987339
v 8.49982357 6.96452045 12.71144772
v -3.58855605 7.4042244 18.57485008
v -4.50523663 7.449224 18.95316315
v -6.0546236 7.62035942 19.33147812
v -7.60401058 7.62035942 19.5206337
v -9.02371597 7.4042244 19.5206337
v -10.3638773 7.19672489 19.5206337
v -9.96408844 6.40838909 19.5206337
v -11.57952881 6.94771767 19.5206337
v -10.78553295 6.40838909 19.5206337
v -11.57952881 6.60033226 19.5206337
v -11.00109482 4.94620466 19.5206337
v -11.00109482 5.76764965 19.5206337
v -11.00109482 3.6692028 19.5206337
v -11.82853699 3.97644567 19.5206337
v -12.03603554 3.47385883 19.5206337
v -12.25217247 0 19.5206337
v -12.25217247 -3.47385883 19.33147812
v -12.08103752 -4.01053286 18.95316315
v -12.03603554 -7.01118755 18.57485008
v -10.76659966 -7.31381178 18.57485008
v -11.14459896 -7.11134863 18.57485008
v -10.77940559 -7.11134863 18.57485008
v -10.77940559 -7.31381178 18.57485008
v -11.74316025 -7.11134863 18.57485008
v -11.53540611 -7.11134863 18.57485008
v -11.14459896 -7.31381178 18.57485008
v -11.52260017 -7.31381178 18.57485008
v -11.1574049 -7.31381178 18.57485008
v -11.53540611 -7.31381178 18.57485008
v -10.3885994 -7.11134863 18.57485008
v -10.29557514 -7.11134863 18.18261719
v -10.02340508 -7.11134863 18.18261719
v -9.63259888 -7.11134863 18.18261719
v -9.26740456 -7.11134863 18.18261719
v -8.87659931 -7.11134863 18.18261719
v -8.51140404 -7.11134863 18.02886391
v -8.13340473 -7.11134863 18.02886391
v -8.4985981 -7.11134863 18.02886391
v -8.12059879 -7.11134863 18.02886391
v -8.84799099 -7.11134863 17.79038239
v -7.74259901 -7.11134863 18.02886391
v -7.75540495 -7.11134863 18.02886391
v -7.40040636 -7.11134863 17.00591469
v -5.92009497 -6.94771767 16.59860611
v -4.50523663 -6.94771767 16.02523994
v -4.2785821 -6.94771767 15.93421555
v -3.31756401 -6.83434153 15.93421364
v -1.35478711 -6.83433723 15.61554527
v -1.02273619 -6.83434391 15.70438957
v -0.68503278 -6.83435154 15.76835442
v -0.28187126 -6.94771767 14.98478508
v 0 -6.94771767 14.81199837
v 0.26817077 -6.94771767 14.80196285
v 0.28187126 -6.60033226 14.98478508
v 0.33667314 -6.60033226 15.71607685
v 1.00250483 -6.94771767 15.61571789
v 0.67146647 -6.60033226 15.67835426
v 3.36933374 -6.94764423 14.34972954
v 3.36933589 -6.83429337 14.34973335
v 3.52232361 -6.94771767 14.03240395
v 3.72238827 -6.60033226 13.76132584
v 3.2665453 -6.60033226 13.1093874
v 3.39834809 -6.52218342 12.86000347
v 2.58919477 -6.83431005 15.02110291
v 2.29815483 -6.94766808 15.20397091
v 1.95474207 -6.94771767 15.28251457
v 1.32793653 -6.60033226 15.52851963
v 1.64594185 -6.60033226 15.417243
v 3.3404839 -6.52218342 12.53448868
v 3.4291172 -6.52218342 12.28118896
v 3.49857378 -6.52218342 12.02197266
v 3.54846382 -3.47385883 11.75829029
v 3.57851076 -3.47385883 11.4916172
v 11.04046726 1.50725019 10.8794241
v 10.784482 1.26914263 10.98330879
v 10.784482 0.95156801 10.83448792
v 8.47474098 0.7183724 10.89697361
v 7.19187737 0.48116243 10.94185638
v 4.70025539 0.24125805 10.96888638
v 11.04046726 3.31952405 8.77352333
v 10.784482 3.38676071 8.52259064
v 10.784482 3.19226861 8.23074818
v 8.47474098 3.21929955 7.99084377
v 8.47474098 3.2285006 7.74499989
v 8.47474098 3.2285006 5.58560276
v 10.784482 3.2285006 1.1367451
v 10.784482 3.47385883 0.87932169
v 11.04046726 3.47385883 0.62189871
v 11.04046726 3.94282961 0.62189871
v 12.08346367 3.94282961 0.62189871
v 12.08346367 6.60033226 0.62189871
v 11.04046726 -1.7369287 10.75803471
v 10.784482 -1.50725019 10.8794241
v 10.784482 -1.17943895 10.75475216
v 8.47474098 -0.95156783 10.83448792
v 7.19187737 -0.71837234 10.89697361
v 4.70025539 -0.48116228 10.94185638
v 4.62615061 -0.24125805 10.96888638
v 4.62615061 0 10.97825813
v 11.04046726 -3.00844932 9.48651505
v 10.784482 -3.12983751 9.25683689
v 10.784482 -3.00516605 8.92902565
v 8.47474098 -3.08490181 8.70115376
v 7.19187737 -3.14738631 8.46795845
v 4.70025539 -3.19226861 8.23074818
v 4.62615061 -3.2285006 7.74499989
v 4.62615061 -3.21929955 7.99084377
v 8.47474098 -3.2285006 0.62189871
v 10.784482 -3.2285006 -0.05223887
v 7.19187737 -3.2285006 0.87932193
v 4.70025539 -3.2285006 1.1367451
v 4.62615061 -3.2285006 5.58560276
v 3.43796897 -3.47385883 11.48635864
v 3.44313455 -6.66447687 11.39256001
v 4.50523615 -6.60033226 0.87932193
v 3.77189159 -6.60033226 1.13674498
v 3.77188611 -6.52218342 5.58560276
v 3.58854532 -6.52218342 11.22344303
v 3.58854771 -6.52218342 7.74958277
v 4.00130177 -7.45165157 0.62189841
v 4.13944387 -7.45165157 -0.05223899
v -0.89713901 7.11134863 17.00591469
v -1.79427803 7.11134863 17.79038239
v -1.70740342 7.11134863 18.02886391
v -1.69459748 7.11134863 18.02886391
v -1.32940292 7.11134863 18.02886391
v -0.9385972 7.11134863 18.02886391
v -0.95140314 7.11134863 18.02886391
v -1.31659698 7.11134863 18.02886391
v -2.07259727 7.11134863 18.18261719
v -2.4634037 7.11134863 18.18261719
v -2.69141698 7.11134863 18.18261719
v -3.58855605 7.31381178 18.57485008
v -3.21940327 7.11134863 18.57485008
v -3.58459783 7.11134863 18.57485008
v -3.58459783 7.31381178 18.57485008
v -2.82859755 7.11134863 18.57485008
v -2.82859755 7.31381178 18.57485008
v -2.84140348 7.31381178 18.57485008
v -3.20659733 7.31381178 18.57485008
v -3.21940327 7.31381178 18.57485008
v 0 6.94771767 16.59860611
v 1.15680909 6.94771767 16.02523994
v 2.35653234 6.94766951 15.93421555
v 4.278584 6.8343668 15.93421841
v 3.31756401 6.83434153 15.93421364
v 5.64243412 6.96452045 15.03007317
v 5.64242458 7.04472256 12.5987339
v 4.2785821 6.94762516 12.90266418
v 6.67004156 6.96452045 14.91735935
v 7.58493423 6.86110497 14.91735935
v 8.49982357 6.86110497 12.71144772
v 12.08346367 7.45165157 0.62189871
v 10.18885326 6.94771767 0.87932193
v 8.79817772 6.94771767 1.13674498
v 7.40749645 6.94771767 5.58560276
v 6.01681519 6.94771767 7.74958277
v 4.62613201 6.94771767 11.22344303
v 4.3586154 7.09055233 11.39128876
v 6.60240459 6.96452045 12.5987339
v 7.58492851 6.96452045 12.71144772
v 4.54496956 6.94761944 11.90848732
v -4.50523663 7.4042244 18.57485008
v -6.02039623 7.449224 18.95316315
v -7.60401058 7.62035942 19.33147812
v -9.15339851 7.62035942 19.5206337
v -10.52987576 7.4042244 19.5206337
v -11.82853699 7.19672489 19.5206337
v -11.82853699 6.82443905 19.5206337
v -12.03603554 4.00445843 19.5206337
v -12.25217247 3.47385883 19.5206337
v -12.25217247 0 19.33147812
v -12.08103752 -3.47385883 18.95316315
v -12.03603554 -4.00445843 18.57485008
v -11.74316025 -6.98659801 18.57485008
v -11.93626404 -6.87122345 18.57485008
v -11.93626404 -6.98659801 18.57485008
v -11.74316025 -7.11134863 18.18261719
v -11.53540611 -7.11134863 18.18261719
v -11.14459896 -7.11134863 18.18261719
v -10.77940559 -7.11134863 18.18261719
v -10.3885994 -7.11134863 18.18261719
v -10.02340508 -7.11134863 18.02886391
v -9.64540482 -7.11134863 18.02886391
v -10.01059914 -7.11134863 18.02886391
v -9.63259888 -7.11134863 18.02886391
v -10.29557514 -7.11134863 17.79038239
v -9.26740456 -7.11134863 18.02886391
v -8.87659931 -7.11134863 18.02886391
v -8.88940525 -7.11134863 18.02886391
v -9.25459862 -7.11134863 18.02886391
v -8.84799099 -7.11134863 17.00591469
v -7.33495331 -6.94771767 16.59860611
v -5.92009497 -6.94771767 16.02523994
v -4.47191811 -6.94775391 15.93421555
v -4.278584 -6.8343668 15.93421841
v -1.35478544 -6.94768906 15.61556053
v -1.02277374 -6.94769526 15.70452309
v -1.00250483 -6.94771767 15.61571789
v -0.67146647 -6.60033226 15.67835426
v -0.33667314 -6.60033226 15.71607685
v -0.28187126 -6.60033226 14.98478508
v -0.26817077 -6.94771767 14.80196285
v 0 -6.60033226 14.81199837
v 0.26817077 -6.52218342 14.80196285
v 0.28187126 -6.52218342 14.98478508
v 0.56216842 -6.60033226 14.95320511
v 1.00250483 -6.60033226 15.61571789
v 3.12628508 -6.94764996 14.59277916
v 3.12628698 -6.83429861 14.59278488
v 3.30256104 -6.94771767 14.28777409
v 3.52232361 -6.60033226 14.03240395
v 3.11647558 -6.60033226 13.34822273
v 3.2665453 -6.52218342 13.1093874
v 3.23316908 -6.52218342 12.78045845
v 2.86575413 -6.83430433 14.81699181
v 2.58919382 -6.9476614 15.02109718
v 2.25261068 -6.94771767 15.12508678
v 1.95474207 -6.60033226 15.28251457
v 1.111781 -6.60033226 14.82775784
v 1.37802303 -6.60033226 14.73459625
v 3.34048319 -3.47385883 12.53448868
v 3.42911673 -3.47385883 12.28118992
v 3.49857283 -3.47385883 12.02197266
v 3.54846334 0 11.75829124
v 3.57850981 0 11.4916172
v 11.04046726 1.7369287 10.75803471
v 10.784482 1.50725019 10.8794241
v 10.784482 1.17943895 10.75475216
v 8.47474098 0.95156783 10.83448792
v 7.19187737 0.71837234 10.89697361
v 4.70025539 0.48116228 10.94185638
v 4.62615061 0.24125805 10.96888638
v 11.04046726 3.23372316 9.01872921
v 10.784482 3.31952405 8.77352428
v 10.784482 3.14738631 8.46795654
v 8.47474098 3.19226861 8.23074818
v 7.19187737 3.21929955 7.99084377
v 7.19187737 3.2285006 7.74499989
v 7.19187737 3.2285006 5.58560276
v 8.47474098 3.2285006 1.13674498
v 10.784482 3.2285006 0.87932169
v 10.784482 3.47385883 0.62189853
v 11.04046726 3.47385883 -0.0522387
v 11.04046726 3.94282961 -0.0522387
v 12.08346367 3.94282961 -0.0522387
v 12.08346367 6.60033226 -0.05223868
v 11.04046726 -1.95689464 10.61982346
v 10.784482 -1.7369287 10.75803471
v 10.784482 -1.40071905 10.65820885
v 8.47474098 -1.17943895 10.75475216
v 7.19187737 -0.95156777 10.83448792
v 4.70025539 -0.71837234 10.89697361
v 4.62615061 -0.48116228 10.94185638
v 4.50523663 -0.24125805 10.96888638
v 4.50523663 0 10.97825813
v 11.04046726 -2.8702364 9.70648003
v 10.784482 -3.00844932 9.48651505
v 10.784482 -2.9086225 9.15030479
v 8.47474098 -3.00516605 8.92902565
v 7.19187737 -3.08490181 8.70115376
v 4.70025539 -3.14738607 8.46795845
v 4.62615061 -3.19226861 8.23074818
v 4.50523663 -3.2285006 7.74499989
v 4.50523663 -3.21929955 7.99084377
v 7.19187737 -3.2285006 0.62189871
v 8.47474098 -3.2285006 -0.0522387
v 4.70025539 -3.2285006 0.87932169
v 4.62615061 -3.2285006 1.13674498
v 4.50523663 -3.2285006 5.58560276
v 3.43796825 0 11.48635864
v 3.44148088 -3.47385883 11.39249897
v 4.00130224 -7.10426521 0.62189841
v 3.77189159 -6.60033226 0.87932193
v 3.77189159 -6.52218342 1.13674498
v 3.58855057 -6.52218342 5.58560276
v 3.58854461 -3.47385883 11.22344494
v 3.58854747 -3.47385883 7.74958324
v 4.00130272 -7.45165157 -0.052239
v -1.79427803 7.11134863 17.00591469
v -0.89713901 6.94771767 16.59860611
v -2.69141698 7.11134863 17.79038239
v -2.07259727 7.11134863 18.02886391
v -2.4634037 7.11134863 18.02886391
v -2.45059776 7.11134863 18.02886391
v -2.0854032 7.11134863 18.02886391
v -2.82859755 7.11134863 18.18261719
v -3.21940327 7.11134863 18.18261719
v -3.58459783 7.11134863 18.18261719
v -4.50523663 7.31381178 18.57485008
v -4.34059763 7.31381178 18.57485008
v -4.35340357 7.31381178 18.57485008
v -3.97540379 7.11134863 18.57485008
v -4.34059763 7.11134863 18.57485008
v -3.59740376 7.31381178 18.57485008
v -3.96259785 7.31381178 18.57485008
v -3.97540379 7.31381178 18.57485008
v 0.34622675 6.94771767 16.02523994
v 1.3955071 6.94764519 15.93421555
v 2.35654402 6.83431816 15.93420982
v 4.27858782 6.83427334 12.90266705
v 0.43450409 6.83427 15.93420029
v 1.39552402 6.83429337 15.93420601
v 1.35478711 6.83433723 15.61554527
v 5.75514889 6.96452045 14.91735935
v 5.64242458 6.96452045 12.5987339
v 4.39210606 6.94762325 12.5782299
v 6.67004156 6.86110497 14.91735935
v 7.58492851 6.86110497 12.71144772
v 12.08346367 7.45165157 -0.05223867
v 10.49465942 7.45165157 0.62189865
v 8.79817772 6.94771767 0.87932193
v 7.4075017 6.94771767 1.13674498
v 6.016819 6.94771767 5.58560276
v 4.6261363 6.94771767 7.74958277
v 4.50521708 6.94771767 11.22344303
v 4.45489883 6.94771767 11.89491177
v 4.35420227 6.74304104 11.48511505
v 4.49261999 6.60033226 11.4916172
v 4.35441303 6.73883772 11.39106083
v 6.67003441 6.96452045 12.71144772
v 4.48106861 6.94762087 12.24621773
v -6.01139641 7.4042244 18.57485008
v -7.53555584 7.449224 18.95316315
v -9.15339851 7.62035942 19.33147812
v -10.70278549 7.62035942 19.5206337
v -12.03603554 7.4042244 19.5206337
v -12.03603554 7.01118755 19.5206337
v -12.25217247 4.03363657 19.5206337
v -12.25217247 3.47385883 19.33147812
v -12.08103752 0 18.95316315
v -12.03603554 -3.47385883 18.57485008
v -11.93626404 -6.60859823 18.57485008
v -11.74316025 -6.60033226 18.57485008
v -11.74905205 -6.60859823 18.57485008
v -11.93626404 -6.2305975 18.57485008
v -11.74316025 -6.2305975 18.57485008
v -11.74316025 -5.47459793 18.57485008
v -11.74316025 -5.85259819 18.57485008
v -11.93626404 -5.85259819 18.57485008
v -11.93626404 -5.47459793 18.57485008
v -11.83710289 -3.96259761 18.57485008
v -11.74316025 -3.96259761 18.57485008
v -11.74316025 -4.34059715 18.57485008
v -11.93626404 -4.34059715 18.57485008
v -11.93626404 -4.71859741 18.57485008
v -11.74316025 -4.71859741 18.57485008
v -11.74316025 -5.09659767 18.57485008
v -11.93626404 -5.09659767 18.57485008
v -11.74316025 -6.98659801 18.18261719
v -11.53540611 -7.11134863 18.02886391
v -11.1574049 -7.11134863 18.02886391
v -11.52260017 -7.11134863 18.02886391
v -11.14459896 -7.11134863 18.02886391
v -11.74316025 -7.11134863 17.79038239
v -10.77940559 -7.11134863 18.02886391
v -10.3885994 -7.11134863 18.02886391
v -10.40140533 -7.11134863 18.02886391
v -10.76659966 -7.11134863 18.02886391
v -10.29557514 -7.11134863 17.00591469
v -8.74981213 -6.94771767 16.59860611
v -7.33495331 -6.94771767 16.02523994
v -5.42343616 -6.94512033 15.24907207
v -6.4710145 -6.94512033 15.24907207
v -4.2785821 -6.94762516 12.90266418
v -4.27858782 -6.83427334 12.90266705
v -1.67922056 -6.83433008 15.50204372
v -1.32793653 -6.94771767 15.52851963
v -1.00250483 -6.60033226 15.61571789
v -0.56216842 -6.60033226 14.95320511
v -0.28187126 -6.52218342 14.98478508
v -0.26817077 -6.52218342 14.80196285
v 0 -3.47385883 14.81199837
v 0.26817042 -3.47385883 14.80196285
v 0.53484392 -6.52218342 14.77191639
v 0.56216842 -6.52218342 14.95320511
v 0.83932167 -6.60033226 14.90076447
v 2.86575294 -6.9476552 14.81698608
v 3.06432915 -6.94771767 14.5260067
v 3.30256104 -6.60033226 14.28777409
v 2.94897652 -6.60033226 13.57517624
v 3.11647558 -6.52218342 13.34822273
v 3.1077733 -6.52218342 13.01772022
v 3.23316836 -3.47385883 12.78045845
v 2.53788185 -6.94771767 14.94583797
v 2.25261068 -6.60033226 15.12508678
v 1.63655829 -6.60033226 14.62179756
v 1.111781 -6.52218342 14.82775784
v 1.37802303 -6.52218342 14.73459625
v 3.34048247 0 12.53448868
v 3.42911577 0 12.28118992
v 3.49857235 0 12.02197266
v 3.54846382 3.47385883 11.75829029
v 3.57851076 3.47385883 11.4916172
v 11.04046726 1.95689464 10.61982346
v 10.784482 1.7369287 10.75803471
v 10.784482 1.40071905 10.65820885
v 8.47474098 1.17943895 10.75475216
v 7.19187737 0.95156777 10.83448792
v 4.70025539 0.71837234 10.89697361
v 4.62615061 0.48116228 10.94185638
v 4.50523663 0.24125805 10.96888638
v 11.04046726 3.12983799 9.25683594
v 10.784482 3.23372269 9.01872921
v 10.784482 3.08490181 8.70115376
v 8.47474098 3.14738631 8.46795845
v 7.19187737 3.19226861 8.23074818
v 4.70025539 3.21929955 7.99084377
v 4.70025539 3.2285006 7.74499989
v 4.70025539 3.2285006 5.58560276
v 7.19187737 3.2285006 1.13674498
v 8.47474098 3.2285006 0.87932193
v 10.784482 3.2285006 0.62189853
v 10.784482 3.47385883 -0.05223887
v 7.57075167 5.36271763 -0.05223878
v 11.04046726 -2.16591477 10.4655571
v 10.784482 -1.95689464 10.61982346
v 10.784482 -1.61416626 10.54539776
v 8.47474098 -1.40071905 10.65820885
v 7.19187737 -1.17943895 10.75475216
v 4.70025539 -0.95156777 10.83448792
v 4.62615061 -0.71837223 10.89697361
v 4.50523663 -0.48116228 10.94185638
v 3.58854437 -0.24125805 10.96888638
v 3.58854437 0 10.97825813
v 11.04046726 -2.71597195 9.91550064
v 10.784482 -2.8702364 9.70648003
v 10.784482 -2.79581261 9.36375237
v 8.47474098 -2.9086225 9.15030479
v 7.19187737 -3.00516605 8.92902565
v 4.70025539 -3.08490157 8.70115376
v 4.62615061 -3.1473856 8.46795845
v 4.50523663 -3.19226861 8.23074818
v 3.58854747 -3.2285006 7.74499989
v 3.58854437 -3.21929884 7.99084425
v 4.70025539 -3.2285006 0.62189853
v 7.19187737 -3.2285006 -0.0522387
v 4.62615061 -3.2285006 0.87932193
v 4.50523663 -3.2285006 1.13674498
v 3.58855033 -3.2285006 5.58560276
v 3.43796897 3.47385883 11.48635864
v 3.44148016 0 11.39249897
v 4.00130224 -7.10426521 -0.052239
v 3.26795769 -7.10426521 0.62189841
v 3.77189159 -6.52218342 0.87932193
v 3.58855605 -6.52218342 1.13674498
v 3.58855033 -3.47385883 5.58560276
v 3.58854437 -3.4641428 8.0091877
v -2.69141698 7.11134863 17.00591469
v -1.79427803 6.94771767 16.59860611
v -0.34622675 6.94771767 16.02523994
v -1.15680909 6.94771767 16.02523994
v -3.58855605 7.11134863 17.79038239
v -3.58855605 7.11134863 18.02886391
v -3.58459783 7.11134863 18.02886391
v -3.21940327 7.11134863 18.02886391
v -3.20659733 7.11134863 18.02886391
v -2.84140348 7.11134863 18.02886391
v -2.82859755 7.11134863 18.02886391
v -3.97540379 7.11134863 18.18261719
v -4.34059763 7.11134863 18.18261719
v -5.99331379 7.31381178 18.57485008
v -5.85259819 7.31381178 18.57485008
v -5.86540413 7.31381178 18.57485008
v -5.48740387 7.11134863 18.57485008
v -5.85259819 7.11134863 18.57485008
v -5.10940409 7.31381178 18.57485008
v -5.47459793 7.31381178 18.57485008
v -5.48740387 7.31381178 18.57485008
v -4.71859789 7.31381178 18.57485008
v -4.73140383 7.31381178 18.57485008
v -4.73140383 7.11134863 18.57485008
v -5.09659815 7.11134863 18.57485008
v -5.09659815 7.31381178 18.57485008
v 0.43448201 6.94762087 15.93421555
v 0 6.94771767 16.02523994
v 4.14113092 6.94762802 13.21770668
v 4.14113617 6.8342762 13.21771145
v 5.75514889 6.86110497 14.91735935
v 5.75513983 6.96452045 12.71144772
v 4.30506516 6.94771767 12.55138016
v 4.19379044 6.94771767 12.86938477
v 6.67003441 6.86110497 12.71144772
v 10.49465942 7.45165157 -0.05223874
v 8.90585518 7.45165157 0.62189853
v 7.4075017 6.94771767 0.87932193
v 6.01682663 6.94771767 1.13674498
v 4.62614155 6.94771767 5.58560276
v 4.50522184 6.94771767 7.74958277
v 4.50521708 6.60033226 11.22344303
v 4.45489883 6.60033226 11.89491177
v 4.39226389 6.94771767 12.22594929
v 3.61902046 6.73918962 11.48602009
v 3.76133251 6.60033226 11.4916172
v -7.51755667 7.4042244 18.57485008
v -9.0507164 7.449224 18.95316315
v -10.70278549 7.62035942 19.33147812
v -12.25217247 7.62035942 19.5206337
v -12.25217247 7.20570946 19.5206337
v -12.25217247 4.03363657 19.33147812
v -12.08103752 3.47385883 18.95316315
v -12.03603554 0 18.57485008
v -11.93626404 -3.96259761 18.57485008
v -11.74316025 -3.47385883 18.57485008
v -11.74316025 -3.58459759 18.57485008
v -11.93626404 -3.58459783 18.57485008
v -11.74316025 -3.96259761 18.18261719
v -11.74316025 -4.34059715 18.18261719
v -11.74316025 -4.71859741 18.18261719
v -11.74316025 -5.09659767 18.18261719
v -11.74316025 -5.47459793 18.18261719
v -11.74316025 -5.85259819 18.18261719
v -11.74316025 -6.2305975 18.18261719
v -11.74316025 -6.60033226 18.18261719
v -11.74316025 -6.60859823 18.57485008
v -11.74316025 -6.60859823 18.028862
v -11.74316025 -6.60859823 18.18261719
v -11.74316025 -6.98659801 18.028862
v -11.74316025 -6.60033226 17.79038239
v -11.74316025 -7.11134863 17.00591469
v -10.1646719 -6.94771767 16.59860611
v -8.74981213 -6.94771767 16.02523994
v -7.51859236 -6.94512033 15.24907207
v -6.4710145 -7.04472256 15.24907207
v -5.42343616 -7.04472256 15.24907207
v -5.33241129 -6.94521999 15.20682716
v -4.14113092 -6.94762802 13.21770668
v -4.14113617 -6.8342762 13.21771145
v -1.99426425 -6.83432293 15.36458969
v -1.67922044 -6.94768095 15.50203514
v -1.64594185 -6.94771767 15.417243
v -1.32793653 -6.60033226 15.52851963
v -0.83932167 -6.60033226 14.90076447
v -0.56216842 -6.52218342 14.95320511
v -0.53484392 -6.52218342 14.77191639
v -0.26817042 -3.47385883 14.80196285
v 0 0 14.81199837
v 0.26817006 0 14.80196285
v 0.53484356 -3.47385883 14.77191639
v 0.79852599 -6.52218342 14.72202587
v 0.83932167 -6.52218342 14.90076447
v 2.80895996 -6.94771767 14.74577141
v 3.06432915 -6.60033226 14.5260067
v 2.7649858 -6.60033226 13.78897762
v 2.94897652 -6.52218342 13.57517624
v 2.96499729 -6.52218342 13.24494743
v 3.10777235 -3.47385883 13.01772022
v 3.23316765 0 12.78045845
v 2.53788185 -6.60033226 14.94583797
v 1.88594127 -6.60033226 14.48999405
v 1.63655829 -6.52218342 14.62179756
v 1.05774224 -6.52218342 14.65256691
v 1.31104326 -6.52218342 14.56393433
v 3.34048319 3.47385883 12.53448868
v 3.42911673 3.47385883 12.28118992
v 3.49857283 3.47385883 12.02197266
v 3.54846454 6.52218342 11.75829029
v 3.578511 6.52218342 11.49161625
v 11.04046726 2.16591477 10.4655571
v 10.784482 1.95689464 10.61982346
v 10.784482 1.61416626 10.54539776
v 8.47474098 1.40071905 10.65820885
v 7.19187737 1.17943895 10.75475216
v 4.70025539 0.95156777 10.83448792
v 4.62615061 0.71837223 10.89697361
v 4.50523663 0.48116228 10.94185638
v 3.58854437 0.24125805 10.96888638
v 11.04046726 3.00844932 9.48651505
v 10.784482 3.12983751 9.25683689
v 10.784482 3.00516605 8.92902565
v 8.47474098 3.08490181 8.70115376
v 7.19187737 3.14738631 8.46795845
v 4.70025539 3.19226861 8.23074818
v 4.62615061 3.21929955 7.99084377
v 4.62615061 3.2285006 7.74499989
v 4.62615061 3.2285006 5.58560276
v 4.70025539 3.2285006 1.1367451
v 7.19187737 3.2285006 0.87932193
v 8.47474098 3.2285006 0.62189871
v 10.784482 3.2285006 -0.05223887
v 11.04046726 -2.3628242 10.29610443
v 10.784482 -2.16591477 10.4655571
v 10.784482 -1.81858313 10.41695595
v 8.47474098 -1.61416626 10.54539776
v 7.19187737 -1.40071905 10.65820885
v 4.70025539 -1.17943895 10.75475216
v 4.62615061 -0.95156765 10.83448792
v 4.50523663 -0.71837223 10.89697361
v 3.58854437 -0.48116213 10.94185543
v 3.58854437 -0.25960168 11.21373081
v 3.58854437 0 11.22344494
v 11.04046726 -2.5465188 10.11240959
v 10.784482 -2.71597195 9.91550064
v 10.784482 -2.6673696 9.56816769
v 8.47474098 -2.79581261 9.36375237
v 7.19187737 -2.9086225 9.15030479
v 4.70025539 -3.00516605 8.92902565
v 4.62615061 -3.08490157 8.70115376
v 4.50523663 -3.1473856 8.46795845
v 3.58854437 -3.19226837 8.23074913
v 4.62615061 -3.2285006 0.62189871
v 4.70025539 -3.2285006 -0.05223887
v 4.50523663 -3.2285006 0.87932193
v 3.58855605 -3.2285006 1.13674498
v 3.43627548 6.66112804 11.48629856
v 3.44148088 3.47385883 11.39249897
v 3.2679584 -7.10426521 -0.052239
v 3.26795816 -7.02611637 0.62189841
v 3.58855605 -6.52218342 0.87932193
v 3.58855605 -3.47385883 1.13674498
v 3.58854437 -3.43505645 8.26733875
v -3.58855605 7.11134863 17.00591469
v -2.69141698 6.94771767 16.59860611
v -1.96739137 6.94771767 16.02523994
v -0.43448201 6.94762087 15.93421555
v -1.3955071 6.94764519 15.93421555
v -4.50523663 7.11134863 18.02886391
v -4.35340357 7.11134863 18.02886391
v -4.34059763 7.11134863 18.02886391
v -3.97540379 7.11134863 18.02886391
v -3.96259785 7.11134863 18.02886391
v -3.59740376 7.11134863 18.02886391
v -4.50523663 7.11134863 17.79038239
v -4.73140383 7.11134863 18.18261719
v -5.09659815 7.11134863 18.18261719
v -5.48740387 7.11134863 18.18261719
v -5.85259819 7.11134863 18.18261719
v -7.48139191 7.31381178 18.57485008
v -7.36459827 7.31381178 18.57485008
v -7.37740421 7.31381178 18.57485008
v -6.99940491 7.11134863 18.57485008
v -7.36459827 7.11134863 18.57485008
v -6.62140417 7.31381178 18.57485008
v -6.98659897 7.31381178 18.57485008
v -6.99940491 7.31381178 18.57485008
v -6.23059845 7.31381178 18.57485008
v -6.24340439 7.31381178 18.57485008
v -6.24340439 7.11134863 18.57485008
v -6.60859823 7.11134863 18.57485008
v -6.60859823 7.31381178 18.57485008
v 0.430246 6.94761562 15.7971344
v 0.33667314 6.94771767 15.71607685
v 4.05906296 6.94771767 13.17818642
v 3.98052025 6.94763184 13.52159882
v 3.98052406 6.83428001 13.52160263
v 1.67922056 6.83433008 15.50204372
v 5.75513983 6.86110497 12.71144772
v 4.30506516 6.60033226 12.55138016
v 4.19379044 6.60033226 12.86938477
v 8.90585518 7.45165157 -0.0522388
v 7.31705093 7.45165157 0.62189853
v 6.01682663 6.94771767 0.87932193
v 4.62615061 6.94771767 1.13674498
v 4.50522614 6.94771767 5.58560276
v 4.50522184 6.60033226 7.74958277
v 3.72975111 6.60033226 11.78561401
v 4.39226389 6.60033226 12.22594929
v 3.62622857 6.74270868 11.39229965
v -9.02371597 7.4042244 18.57485008
v -10.56587601 7.449224 18.95316315
v -12.25217247 7.62035942 19.33147812
v -12.25217247 7.20570946 19.33147812
v -12.08103752 4.01053286 18.95316315
v -12.03603554 3.47385883 18.57485008
v -11.74316025 -3.20659781 18.57485008
v -11.74316025 -2.45059752 18.57485008
v -11.74316025 -2.82859778 18.57485008
v -11.93626404 -2.82859778 18.57485008
v -11.93626404 -3.20659781 18.57485008
v -11.93626404 -2.45059752 18.57485008
v -11.93626404 0 18.57485008
v -11.93626404 -0.18259664 18.57485008
v -11.74316025 -0.18259664 18.57485008
v -11.74316025 -0.5605967 18.57485008
v -11.74316025 -1.69459701 18.57485008
v -11.74316025 -2.0725975 18.57485008
v -11.93626404 -2.0725975 18.57485008
v -11.93626404 -0.5605967 18.57485008
v -11.93626404 -1.69459701 18.57485008
v -11.74316025 -0.93859684 18.57485008
v -11.74316025 -1.31659687 18.57485008
v -11.93626404 -1.31659687 18.57485008
v -11.93626404 -0.93859684 18.57485008
v -11.74316025 -3.47385883 18.18261719
v -11.74316025 -3.58459759 18.18261719
v -11.74316025 -3.96259761 18.028862
v -11.74316025 -3.94282961 18.028862
v -11.74316025 -3.94282961 17.79038239
v -11.74316025 -4.34059715 18.028862
v -11.74316025 -4.71859741 18.028862
v -11.74316025 -6.2305975 18.028862
v -11.74316025 -5.09659767 18.028862
v -11.74316025 -5.47459793 18.028862
v -11.74316025 -5.85259819 18.028862
v -11.74316025 -6.60033226 17.00591469
v -11.57952881 -6.94771767 16.59860611
v -10.1646719 -6.94771767 16.02523994
v -8.56617069 -6.94512033 15.24907207
v -7.51859236 -7.04472256 15.24907207
v -5.64243412 -7.04472256 15.03007317
v -6.6024127 -7.04472256 15.03007317
v -5.42342424 -7.04472256 12.37973404
v -5.42342424 -6.94512033 12.37973404
v -5.33239985 -6.94521999 12.41147995
v -4.19379044 -6.94771767 12.86938477
v -4.05906296 -6.94771767 13.17818642
v -3.98052025 -6.94763184 13.52159882
v -3.98052406 -6.83428001 13.52160263
v -2.29815578 -6.83431625 15.20397663
v -1.99426389 -6.94767475 15.36458302
v -1.95474207 -6.94771767 15.28251457
v -1.64594185 -6.60033226 15.417243
v -1.111781 -6.60033226 14.82775784
v -0.83932167 -6.52218342 14.90076447
v -0.79852599 -6.52218342 14.72202587
v -0.53484356 -3.47385883 14.77191639
v -0.26817006 0 14.80196285
v 0 3.47385883 14.81199837
v 0.26817042 3.47385883 14.80196285
v 0.53484309 0 14.77191639
v 0.79852563 -3.47385883 14.72202587
v 2.80895996 -6.60033226 14.74577141
v 2.56553197 -6.60033226 13.98843098
v 2.7649858 -6.52218342 13.78897762
v 2.80563974 -6.52218342 13.46086884
v 2.96499634 -3.47385883 13.24494839
v 3.1077714 0 13.01772022
v 3.23316836 3.47385883 12.78045845
v 2.12477732 -6.60033226 14.33992195
v 1.88594127 -6.52218342 14.48999405
v 1.55701232 -6.52218342 14.45661736
v 1.05774188 -3.47385883 14.65256691
v 1.31104279 -3.47385883 14.56393433
v 3.3404839 6.52218342 12.53448868
v 3.4291172 6.52218342 12.28118896
v 3.49857378 6.52218342 12.02197266
v 3.72975111 6.52218342 11.78561401
v 3.76133251 6.52218342 11.4916172
v 11.04046726 2.3628242 10.29610443
v 10.784482 2.16591477 10.4655571
v 10.784482 1.81858313 10.41695595
v 8.47474098 1.61416626 10.54539776
v 7.19187737 1.40071905 10.65820885
v 4.70025539 1.17943895 10.75475216
v 4.62615061 0.95156765 10.83448792
v 4.50523663 0.71837223 10.89697361
v 3.58854437 0.48116213 10.94185543
v 3.58854437 0.25960168 11.21373081
v 11.04046726 2.8702364 9.70648003
v 10.784482 3.00844932 9.48651505
v 10.784482 2.9086225 9.15030479
v 8.47474098 3.00516605 8.92902565
v 7.19187737 3.08490181 8.70115376
v 4.70025539 3.14738607 8.46795845
v 4.62615061 3.19226861 8.23074818
v 4.50523663 3.2285006 7.74499989
v 4.50523663 3.21929955 7.99084377
v 4.50523663 3.2285006 5.58560276
v 4.62615061 3.2285006 1.13674498
v 4.70025539 3.2285006 0.87932169
v 7.19187737 3.2285006 0.62189871
v 8.47474098 3.2285006 -0.0522387
v 10.784482 -2.36282396 10.29610443
v 10.784482 -2.0128324 10.273592
v 8.47474098 -1.81858277 10.41695595
v 7.19187737 -1.61416626 10.54539776
v 4.70025539 -1.40071905 10.65820885
v 4.62615061 -1.17943895 10.75475216
v 4.50523663 -0.95156765 10.83448792
v 3.58854437 -0.71837211 10.89697266
v 3.58854437 -0.51775157 11.18464375
v 10.784482 -2.54651856 10.11240959
v 10.784482 -2.52400637 9.76241875
v 8.47474098 -2.6673696 9.56816769
v 7.19187737 -2.79581213 9.36375237
v 4.70025539 -2.90862226 9.15030479
v 4.62615061 -3.00516558 8.92902565
v 4.50523663 -3.08490157 8.70115376
v 3.58854437 -3.14738512 8.4679594
v 4.50523663 -3.2285006 0.62189871
v 4.62615061 -3.2285006 -0.0522387
v 3.58855605 -3.2285006 0.87932193
v 3.62253714 6.66455984 11.48616028
v 3.44313455 6.66447687 11.39256001
v 3.58854461 3.47385883 11.22344494
v 3.26795816 -7.02611637 -0.052239
v 3.08462191 -7.02611637 0.62189853
v 3.58855605 -3.47385883 0.87932193
v 3.58854437 -3.38675952 8.52259254
v -4.50523663 7.11134863 17.00591469
v -3.58855605 6.94771767 16.59860611
v -2.77797389 6.94771767 16.02523994
v -2.35653234 6.94766951 15.93421555
v -0.33667314 6.94771767 15.71607685
v -0.430246 6.94761562 15.7971344
v -0.43450409 6.83427 15.93420029
v -1.39552402 6.83429337 15.93420601
v -5.95282078 7.11134863 18.02886391
v -5.86540413 7.11134863 18.02886391
v -5.85259819 7.11134863 18.02886391
v -5.48740387 7.11134863 18.02886391
v -5.47459793 7.11134863 18.02886391
v -5.10940409 7.11134863 18.02886391
v -5.95282078 7.11134863 17.79038239
v -4.73140383 7.11134863 18.02886391
v -4.71859789 7.11134863 18.02886391
v -5.09659815 7.11134863 18.02886391
v -6.24340439 7.11134863 18.18261719
v -6.60859823 7.11134863 18.18261719
v -6.99940491 7.11134863 18.18261719
v -7.36459827 7.11134863 18.18261719
v -8.96946907 7.31381178 18.57485008
v -8.87659931 7.31381178 18.57485008
v -8.88940525 7.31381178 18.57485008
v -8.84799099 7.11134863 18.57485008
v -8.87659931 7.15902901 18.57485008
v -8.51140404 7.31381178 18.57485008
v -8.51140404 7.11134863 18.57485008
v -8.13340473 7.31381178 18.57485008
v -8.4985981 7.31381178 18.57485008
v -7.75540495 7.11134863 18.57485008
v -8.12059879 7.11134863 18.57485008
v -8.12059879 7.31381178 18.57485008
v -7.74259901 7.31381178 18.57485008
v -7.75540495 7.31381178 18.57485008
v 0.4302851 6.83426428 15.79713631
v 0.6850425 6.94770241 15.76842499
v 0.67146647 6.94771767 15.67835426
v 0 6.94771767 15.72867584
v 4.05906296 6.60033226 13.17818642
v 3.90163517 6.94771767 13.47605515
v 3.79764891 6.94763565 13.81263828
v 3.79765177 6.83428431 13.81264114
v 1.99426425 6.83432293 15.36458969
v 1.35478544 6.94768906 15.61556053
v 1.67922044 6.94768095 15.50203514
v 3.6043067 6.60033226 12.33522797
v 3.51114535 6.60033226 12.60146713
v 7.31705093 7.45165157 -0.05223887
v 5.72824717 7.45165157 0.62189847
v 4.62615061 6.94771767 0.87932193
v 4.50523615 6.94771767 1.13674498
v 4.50522614 6.60033226 5.58560276
v 3.77188301 6.60033226 7.74958277
v 3.77187967 6.60033226 11.22344303
v 3.6773119 6.60033226 12.06276798
v 3.62271237 6.66104078 11.39216042
v -10.52987576 7.4042244 18.57485008
v -12.08103752 7.449224 18.95316315
v -12.08103752 7.05168772 18.95316315
v -12.03603554 4.00445843 18.57485008
v -11.74316025 0.5605967 18.57485008
v -11.74316025 0.18259664 18.57485008
v -11.93626404 0.18259664 18.57485008
v -11.74316025 3.47385883 18.57485008
v -11.74316025 3.20659781 18.57485008
v -11.93626404 2.82859778 18.57485008
v -11.74316025 2.82859778 18.57485008
v -11.74316025 2.45059752 18.57485008
v -11.93626404 3.20659781 18.57485008
v -11.93626404 2.45059752 18.57485008
v -11.93626404 0.5605967 18.57485008
v -11.74316025 1.31659687 18.57485008
v -11.74316025 0.93859684 18.57485008
v -11.93626404 0.93859684 18.57485008
v -11.93626404 2.0725975 18.57485008
v -11.74316025 2.0725975 18.57485008
v -11.74316025 1.69459701 18.57485008
v -11.93626404 1.31659687 18.57485008
v -11.93626404 1.69459701 18.57485008
v -11.74316025 -0.18259664 18.18261719
v -11.74316025 -0.5605967 18.18261719
v -11.74316025 -0.93859684 18.18261719
v -11.74316025 -1.31659687 18.18261719
v -11.74316025 -1.69459701 18.18261719
v -11.74316025 -2.0725975 18.18261719
v -11.74316025 -2.45059752 18.18261719
v -11.74316025 -2.82859778 18.18261719
v -11.74316025 -3.20659781 18.18261719
v -11.74316025 -3.58459759 18.028862
v -11.74316025 -3.47385883 17.79038239
v -11.74316025 -3.94282961 17.00591469
v -11.57952881 -6.60033226 16.59860611
v -11.57952881 -6.94771767 16.02523994
v -9.61374855 -6.94512033 15.24907207
v -8.56617069 -7.04472256 15.24907207
v -7.56239128 -7.04472256 15.03007317
v -6.6024127 -6.96452045 15.03007317
v -5.64243412 -6.96452045 15.03007317
v -5.64242458 -7.04472256 12.5987339
v -6.47100449 -7.04472256 12.37973404
v -6.47100449 -6.94512033 12.37973404
v -4.58345413 -6.94761848 11.4916172
v -4.39210606 -6.94762325 12.5782299
v -4.30506516 -6.94771767 12.55138016
v -4.19379044 -6.60033226 12.86938477
v -4.05906296 -6.60033226 13.17818642
v -3.90163517 -6.94771767 13.47605515
v -3.79764891 -6.94763565 13.81263828
v -3.79765177 -6.83428431 13.81264114
v -2.58919477 -6.83431005 15.02110291
v -2.29815483 -6.94766808 15.20397091
v -2.25261068 -6.94771767 15.12508678
v -1.95474207 -6.60033226 15.28251457
v -1.37802303 -6.60033226 14.73459625
v -1.111781 -6.52218342 14.82775784
v -1.05774224 -6.52218342 14.65256691
v -0.79852563 -3.47385883 14.72202587
v -0.53484309 0 14.77191639
v -0.26817042 3.47385883 14.80196285
v 0 6.60033226 14.81199837
v 0.26817077 6.52218342 14.80196285
v 0.53484356 3.47385883 14.77191639
v 0.79852521 0 14.72202587
v 2.35173059 -6.60033226 14.17242336
v 2.56553197 -6.52218342 13.98843098
v 2.63059187 -6.52218342 13.66427803
v 2.80563879 -3.47385883 13.46086884
v 2.96499586 0 13.24494839
v 3.10777235 3.47385883 13.01772022
v 3.23316908 6.52218342 12.78045845
v 2.12477732 -6.52218342 14.33992195
v 1.79427385 -6.52218342 14.33122158
v 1.55701196 -3.47385883 14.45661736
v 1.0577414 0 14.65256691
v 1.31104219 0 14.56393433
v 3.51114535 6.52218342 12.60146713
v 3.6043067 6.52218342 12.33522797
v 3.6773119 6.52218342 12.06276798
v 11.04046726 2.5465188 10.11240959
v 10.784482 2.36282396 10.29610443
v 10.784482 2.0128324 10.273592
v 8.47474098 1.81858277 10.41695595
v 7.19187737 1.61416626 10.54539776
v 4.70025539 1.40071905 10.65820885
v 4.62615061 1.17943895 10.75475216
v 4.50523663 0.95156765 10.83448792
v 3.58854437 0.71837211 10.89697266
v 3.58854437 0.51775157 11.18464375
v 11.04046726 2.71597195 9.91550064
v 10.784482 2.8702364 9.70648003
v 10.784482 2.79581261 9.36375237
v 8.47474098 2.9086225 9.15030479
v 7.19187737 3.00516605 8.92902565
v 4.70025539 3.08490157 8.70115376
v 4.62615061 3.1473856 8.46795845
v 4.50523663 3.19226861 8.23074818
v 3.58854747 3.2285006 7.74499989
v 3.58854437 3.21929884 7.99084425
v 3.58855033 3.2285006 5.58560276
v 4.50523663 3.2285006 1.13674498
v 4.62615061 3.2285006 0.87932193
v 4.70025539 3.2285006 0.62189853
v 7.19187737 3.2285006 -0.0522387
v 10.784482 -2.1958189 10.11612034
v 8.47474098 -2.0128324 10.273592
v 7.19187737 -1.81858253 10.41695595
v 4.70025539 -1.61416626 10.54539776
v 4.62615061 -1.40071905 10.65820885
v 4.50523663 -1.17943895 10.75475216
v 3.58854437 -0.95156729 10.83448696
v 3.58854437 -0.77300596 11.13634682
v 10.784482 -2.36653471 9.94540405
v 8.47474098 -2.52400637 9.76241875
v 7.19187737 -2.6673696 9.56816769
v 4.70025539 -2.79581213 9.36375237
v 4.62615061 -2.90862226 9.15030479
v 4.50523663 -3.00516558 8.92902565
v 3.58854437 -3.08490038 8.70115376
v 3.58855605 -3.2285006 0.62189871
v 4.50523663 -3.2285006 -0.0522387
v 3.58854532 6.52218342 11.22344303
v 3.08462262 -7.02611637 -0.05223884
v 3.08462191 -3.47385883 0.62189853
v 3.58854437 -3.31952286 8.77352428
v -5.95282078 7.11134863 17.00591469
v -4.50523663 6.94771767 16.59860611
v -3.58855605 6.94771767 16.02523994
v -3.31755733 6.94769287 15.93421555
v -2.35654402 6.83431816 15.93420982
v -0.67146647 6.94771767 15.67835426
v -0.6850425 6.94770241 15.76842499
v -0.4302851 6.83426428 15.79713631
v -4.278584 6.8343668 15.93421841
v -3.31756401 6.83434153 15.93421364
v -1.35478711 6.83433723 15.61554527
v -7.40040636 7.11134863 18.02886391
v -7.37740421 7.11134863 18.02886391
v -7.36459827 7.11134863 18.02886391
v -6.99940491 7.11134863 18.02886391
v -6.98659897 7.11134863 18.02886391
v -6.62140417 7.11134863 18.02886391
v -7.40040636 7.11134863 17.79038239
v -6.24340439 7.11134863 18.02886391
v -6.23059845 7.11134863 18.02886391
v -6.60859823 7.11134863 18.02886391
v -7.75540495 7.11134863 18.18261719
v -8.12059879 7.11134863 18.18261719
v -8.51140404 7.11134863 18.18261719
v -8.84799099 7.11134863 18.18261719
v -8.87659931 7.11134863 18.57485008
v -10.45754528 7.31381178 18.57485008
v -10.3885994 7.31381178 18.57485008
v -10.40140533 7.31381178 18.57485008
v -10.29557514 7.11134863 18.57485008
v -10.3885994 7.22762871 18.57485008
v -10.02340508 7.31381178 18.57485008
v -10.02340508 7.11134863 18.57485008
v -9.64540482 7.31381178 18.57485008
v -10.01059914 7.31381178 18.57485008
v -9.26740456 7.11134863 18.57485008
v -9.63259888 7.11134863 18.57485008
v -9.63259888 7.31381178 18.57485008
v -9.25459862 7.31381178 18.57485008
v -9.26740456 7.31381178 18.57485008
v 1.02273619 6.83434391 15.70438957
v 0.68503278 6.83435154 15.76835442
v 0.28187126 6.94771767 14.98478508
v 0 6.94771767 14.99533367
v 3.39834809 6.60033226 12.86000347
v 3.90163517 6.60033226 13.47605515
v 3.72238827 6.94771767 13.76132584
v 3.59353971 6.94764042 14.08919621
v 3.5935421 6.8342886 14.08920097
v 2.29815578 6.83431625 15.20397663
v 1.99426389 6.94767475 15.36458302
v 1.64594185 6.94771767 15.417243
v 1.32793653 6.94771767 15.52851963
v 1.02277374 6.94769526 15.70452309
v 5.72824764 7.45165157 -0.05223893
v 4.1394434 7.45165157 0.62189841
v 4.50523615 6.94771767 0.87932193
v 4.50523615 6.60033226 1.13674498
v 3.77188611 6.60033226 5.58560276
v 3.77188301 6.52218342 7.74958277
v 3.77187967 6.52218342 11.22344303
v -12.03603554 7.4042244 18.57485008
v -12.03603554 7.01118755 18.57485008
v -11.74316025 3.58459759 18.57485008
v -11.83710289 3.96259761 18.57485008
v -11.93626404 3.96259761 18.57485008
v -11.93626404 3.58459783 18.57485008
v -11.74316025 3.47385883 18.18261719
v -11.74316025 3.20659781 18.18261719
v -11.74316025 2.82859778 18.18261719
v -11.74316025 2.45059752 18.18261719
v -11.74316025 2.0725975 18.18261719
v -11.74316025 1.69459701 18.18261719
v -11.74316025 1.31659687 18.18261719
v -11.74316025 0.93859684 18.18261719
v -11.74316025 0.5605967 18.18261719
v -11.74316025 0.18259664 18.18261719
v -11.74316025 -0.18259664 18.028862
v -11.74316025 0 18.028862
v -11.74316025 0 17.79038239
v -11.74316025 -0.5605967 18.028862
v -11.74316025 -0.93859684 18.028862
v -11.74316025 -3.20659781 18.028862
v -11.74316025 -1.31659687 18.028862
v -11.74316025 -1.69459701 18.028862
v -11.74316025 -2.82859778 18.028862
v -11.74316025 -2.0725975 18.028862
v -11.74316025 -2.45059752 18.028862
v -11.74316025 -3.47385883 17.00591469
v -11.57952881 -3.94282961 16.59860611
v -11.57952881 -6.60033226 16.02523994
v -10.66132641 -6.94512033 15.24907207
v -9.61374855 -7.04472256 15.24907207
v -8.52236938 -7.04472256 15.03007317
v -7.56239128 -6.96452045 15.03007317
v -5.75514889 -6.96452045 14.91735935
v -6.67004156 -6.96452045 14.91735935
v -5.64242458 -6.96452045 12.5987339
v -6.60240459 -7.04472256 12.5987339
v -5.98266888 -6.94763803 11.4916172
v -7.51858521 -7.04472256 12.37973499
v -7.51858521 -6.94512033 12.37973499
v -4.54496956 -6.94761944 11.90848732
v -4.48106861 -6.94762087 12.24621773
v -4.39226389 -6.94771767 12.22594929
v -4.30506516 -6.60033226 12.55138016
v -3.51114535 -6.60033226 12.60146713
v -3.39834809 -6.60033226 12.86000347
v -3.90163517 -6.60033226 13.47605515
v -3.72238827 -6.94771767 13.76132584
v -3.59353971 -6.94764042 14.08919621
v -3.5935421 -6.8342886 14.08920097
v -2.86575413 -6.83430433 14.81699181
v -2.58919382 -6.9476614 15.02109718
v -2.53788185 -6.94771767 14.94583797
v -2.25261068 -6.60033226 15.12508678
v -1.63655829 -6.60033226 14.62179756
v -1.37802303 -6.52218342 14.73459625
v -1.31104326 -6.52218342 14.56393433
v -1.05774188 -3.47385883 14.65256691
v -0.79852521 0 14.72202587
v -0.53484356 3.47385883 14.77191639
v -0.26817077 6.52218342 14.80196285
v 0 6.94771767 14.81199837
v 0.26817077 6.94771767 14.80196285
v 0.53484392 6.52218342 14.77191639
v 0.79852563 3.47385883 14.72202587
v 2.35173059 -6.52218342 14.17242336
v 2.44083261 -6.52218342 13.85403728
v 2.63059092 -3.47385883 13.66427803
v 2.80563831 0 13.46086884
v 2.96499634 3.47385883 13.24494839
v 3.1077733 6.52218342 13.01772022
v 3.39834809 6.52218342 12.86000347
v 2.02150106 -6.52218342 14.18844414
v 1.79427338 -3.47385883 14.33122158
v 1.55701125 0 14.45661736
v 1.05774188 3.47385883 14.65256691
v 1.31104279 3.47385883 14.56393433
v 10.784482 2.54651856 10.11240959
v 10.784482 2.1958189 10.11612034
v 8.47474098 2.0128324 10.273592
v 7.19187737 1.81858253 10.41695595
v 4.70025539 1.61416626 10.54539776
v 4.62615061 1.40071905 10.65820885
v 4.50523663 1.17943895 10.75475216
v 3.58854437 0.95156729 10.83448696
v 3.58854437 0.77300596 11.13634682
v 10.784482 2.71597195 9.91550064
v 10.784482 2.6673696 9.56816769
v 8.47474098 2.79581261 9.36375237
v 7.19187737 2.9086225 9.15030479
v 4.70025539 3.00516605 8.92902565
v 4.62615061 3.08490157 8.70115376
v 4.50523663 3.1473856 8.46795845
v 3.58854437 3.19226837 8.23074913
v 3.58854747 3.47385883 7.74958324
v 3.58854437 3.4641428 8.0091877
v 3.58855033 3.47385883 5.58560276
v 3.58855605 3.2285006 1.13674498
v 4.50523663 3.2285006 0.87932193
v 4.62615061 3.2285006 0.62189871
v 4.70025539 3.2285006 -0.05223887
v 8.47474098 -2.1958189 10.11612034
v 7.19187737 -2.0128324 10.273592
v 4.70025539 -1.81858253 10.41695595
v 4.62615061 -1.61416626 10.54539776
v 4.50523663 -1.40071905 10.65820885
v 3.58854437 -1.17943895 10.75475216
v 3.58854437 -1.02393746 11.06910992
v 8.47474098 -2.36653471 9.94540405
v 7.19187737 -2.52400613 9.76241875
v 4.70025539 -2.66736937 9.56816769
v 4.62615061 -2.79581213 9.36375237
v 4.50523663 -2.90862226 9.15030479
v 3.58854437 -3.00516486 8.92902565
v 3.58855605 -3.47385883 0.62189871
v 3.58855605 -3.2285006 -0.0522387
v 3.58854771 6.52218342 7.74958277
v 3.08462262 -3.47385883 -0.05223884
v 3.58854437 -3.23372173 9.01873016
v -7.40040636 7.11134863 17.00591469
v -5.92009497 6.94771767 16.59860611
v -4.50523663 6.94771767 16.02523994
v -4.2785821 6.94771767 15.93421555
v -0.28187126 6.94771767 14.98478508
v -0.68503278 6.83435154 15.76835442
v -1.02273619 6.83434391 15.70438957
v -8.84799099 7.11134863 17.79038239
v -8.51140404 7.11134863 18.02886391
v -8.4985981 7.11134863 18.02886391
v -8.13340473 7.11134863 18.02886391
v -7.74259901 7.11134863 18.02886391
v -7.75540495 7.11134863 18.02886391
v -8.12059879 7.11134863 18.02886391
v -8.87659931 7.11134863 18.18261719
v -9.26740456 7.11134863 18.18261719
v -9.63259888 7.11134863 18.18261719
v -10.02340508 7.11134863 18.18261719
v -10.29557514 7.11134863 18.18261719
v -10.3885994 7.11134863 18.57485008
v -11.53540611 7.11134863 18.57485008
v -11.74316025 7.11134863 18.57485008
v -10.76659966 7.31381178 18.57485008
v -10.77940559 7.31381178 18.57485008
v -10.77940559 7.11134863 18.57485008
v -11.14459896 7.11134863 18.57485008
v -11.14459896 7.31381178 18.57485008
v -11.1574049 7.31381178 18.57485008
v -11.52260017 7.31381178 18.57485008
v -11.53540611 7.31381178 18.57485008
v 1.00250483 6.94771767 15.61571789
v 0.67146647 6.60033226 15.67835426
v 0.33667314 6.60033226 15.71607685
v 0.28187126 6.60033226 14.98478508
v 3.2665453 6.60033226 13.1093874
v 3.72238827 6.60033226 13.76132584
v 3.52232361 6.94771767 14.03240395
v 3.36933374 6.94764423 14.34972954
v 3.36933589 6.83429337 14.34973335
v 2.58919477 6.83431005 15.02110291
v 2.29815483 6.94766808 15.20397091
v 1.95474207 6.94771767 15.28251457
v 1.64594185 6.60033226 15.417243
v 1.32793653 6.60033226 15.52851963
v 4.13944387 7.45165157 -0.05223899
v 4.00130177 7.45165157 0.62189841
v 4.50523615 6.60033226 0.87932193
v 3.77189159 6.60033226 1.13674498
v 3.77188611 6.52218342 5.58560276
v -11.74316025 3.96259761 18.57485008
v -11.93626404 6.87122345 18.57485008
v -11.93626404 6.60859823 18.57485008
v -11.74905205 6.60859823 18.57485008
v -11.74316025 6.60033226 18.57485008
v -11.74316025 4.34059715 18.57485008
v -11.74316025 5.09659767 18.57485008
v -11.74316025 4.71859741 18.57485008
v -11.93626404 4.71859741 18.57485008
v -11.93626404 4.34059715 18.57485008
v -11.93626404 5.09659767 18.57485008
v -11.74316025 6.2305975 18.57485008
v -11.93626404 6.2305975 18.57485008
v -11.74316025 5.85259819 18.57485008
v -11.74316025 5.47459793 18.57485008
v -11.93626404 5.47459793 18.57485008
v -11.93626404 5.85259819 18.57485008
v -11.74316025 3.58459759 18.18261719
v -11.74316025 0.18259664 18.028862
v -11.74316025 0.93859684 18.028862
v -11.74316025 0.5605967 18.028862
v -11.74316025 1.31659687 18.028862
v -11.74316025 3.47385883 17.79038239
v -11.74316025 2.82859778 18.028862
v -11.74316025 3.20659781 18.028862
v -11.74316025 2.45059752 18.028862
v -11.74316025 1.69459701 18.028862
v -11.74316025 2.0725975 18.028862
v -11.74316025 0 17.00591469
v -11.57952881 -3.47385883 16.59860611
v -11.57952881 -3.94282961 16.02523994
v -11.57952881 -6.60033226 11.4916172
v -11.57952881 -6.94771767 11.4916172
v -10.66132641 -7.04472256 15.24907207
v -10.66132641 -6.94512033 12.37973595
v -9.48234844 -7.04472256 15.03007317
v -8.52236938 -6.96452045 15.03007317
v -7.58493423 -6.96452045 14.91735935
v -6.67004156 -6.86110497 14.91735935
v -5.75514889 -6.86110497 14.91735935
v -5.75513983 -6.96452045 12.71144772
v -6.60240459 -6.96452045 12.5987339
v -7.56238604 -7.04472256 12.5987339
v -7.3818841 -6.94765806 11.4916172
v -6.010849 -7.08827877 11.49164581
v -4.58351803 -7.08825874 11.49164677
v -8.56616592 -7.04472256 12.37973499
v -8.56616592 -6.94512033 12.37973499
v -4.49261999 -6.94771767 11.4916172
v -4.45489883 -6.94771767 11.89491177
v -4.39226389 -6.60033226 12.22594929
v -3.6043067 -6.60033226 12.33522797
v -3.2665453 -6.60033226 13.1093874
v -3.51114535 -6.52218342 12.60146713
v -3.39834809 -6.52218342 12.86000347
v -3.72238827 -6.60033226 13.76132584
v -3.52232361 -6.94771767 14.03240395
v -3.36933374 -6.94764423 14.34972954
v -3.36933589 -6.83429337 14.34973335
v -2.86575294 -6.9476552 14.81698608
v -3.12628698 -6.83429861 14.59278488
v -2.80895996 -6.94771767 14.74577141
v -2.53788185 -6.60033226 14.94583797
v -1.88594127 -6.60033226 14.48999405
v -1.63655829 -6.52218342 14.62179756
v -1.55701232 -6.52218342 14.45661736
v -1.31104279 -3.47385883 14.56393433
v -1.0577414 0 14.65256691
v -0.79852563 3.47385883 14.72202587
v -0.53484392 6.52218342 14.77191639
v -0.26817077 6.94771767 14.80196285
v 0.28187126 6.52218342 14.98478508
v 0.56216842 6.52218342 14.95320511
v 0.79852599 6.52218342 14.72202587
v 2.23742342 -6.52218342 14.02908611
v 2.4408319 -3.47385883 13.85403728
v 2.6305902 0 13.66427803
v 2.80563879 3.47385883 13.46086884
v 2.96499729 6.52218342 13.24494743
v 3.2665453 6.52218342 13.1093874
v 2.02150035 -3.47385883 14.18844414
v 1.79427266 0 14.33122158
v 1.55701196 3.47385883 14.45661736
v 1.05774224 6.52218342 14.65256691
v 1.31104326 6.52218342 14.56393433
v 10.784482 2.36653471 9.94540405
v 8.47474098 2.1958189 10.11612034
v 7.19187737 2.0128324 10.273592
v 4.70025539 1.81858253 10.41695595
v 4.62615061 1.61416626 10.54539776
v 4.50523663 1.40071905 10.65820885
v 3.58854437 1.17943895 10.75475216
v 3.58854437 1.02393746 11.06910992
v 10.784482 2.52400637 9.76241875
v 8.47474098 2.6673696 9.56816769
v 7.19187737 2.79581213 9.36375237
v 4.70025539 2.90862226 9.15030479
v 4.62615061 3.00516558 8.92902565
v 4.50523663 3.08490157 8.70115376
v 3.58854437 3.14738512 8.4679594
v 3.58854437 3.43505645 8.26733875
v 3.58855057 6.52218342 5.58560276
v 3.58855605 3.47385883 1.13674498
v 3.58855605 3.2285006 0.87932193
v 4.50523663 3.2285006 0.62189871
v 4.62615061 3.2285006 -0.0522387
v 7.19187737 -2.1958189 10.11612034
v 4.70025539 -2.0128324 10.273592
v 4.62615061 -1.81858253 10.41695595
v 4.50523663 -1.61416626 10.54539776
v 3.58854437 -1.40071905 10.65820885
v 3.58854437 -1.26914263 10.98330879
v 7.19187737 -2.36653471 9.94540405
v 4.70025539 -2.52400613 9.76241875
v 4.62615061 -2.66736937 9.56816769
v 4.50523663 -2.79581213 9.36375237
v 3.58854437 -2.90862131 9.15030479
v 3.58855605 -3.47385883 -0.0522387
v 3.58854437 -3.12983656 9.25683689
v -8.84799099 7.11134863 17.00591469
v -7.33495331 6.94771767 16.59860611
v -5.92009497 6.94771767 16.02523994
v -4.47191811 6.94775391 15.93421555
v -0.28187126 6.60033226 14.98478508
v -0.33667314 6.60033226 15.71607685
v -1.02277374 6.94769526 15.70452309
v -1.00250483 6.94771767 15.61571789
v -0.67146647 6.60033226 15.67835426
v -1.35478544 6.94768906 15.61556053
v -10.29557514 7.11134863 17.79038239
v -8.87659931 7.11134863 18.02886391
v -10.02340508 7.11134863 18.02886391
v -9.25459862 7.11134863 18.02886391
v -8.88940525 7.11134863 18.02886391
v -9.26740456 7.11134863 18.02886391
v -10.01059914 7.11134863 18.02886391
v -9.63259888 7.11134863 18.02886391
v -9.64540482 7.11134863 18.02886391
v -10.3885994 7.11134863 18.18261719
v -10.77940559 7.11134863 18.18261719
v -11.14459896 7.11134863 18.18261719
v -11.53540611 7.11134863 18.18261719
v -11.74316025 7.11134863 18.18261719
v -11.74316025 6.98659801 18.57485008
v -11.93626404 6.98659801 18.57485008
v 1.00250483 6.60033226 15.61571789
v 0.56216842 6.60033226 14.95320511
v 3.11647558 6.60033226 13.34822273
v 3.52232361 6.60033226 14.03240395
v 3.30256104 6.94771767 14.28777409
v 3.12628508 6.94764996 14.59277916
v 3.12628698 6.83429861 14.59278488
v 2.86575413 6.83430433 14.81699181
v 2.58919382 6.9476614 15.02109718
v 2.25261068 6.94771767 15.12508678
v 1.95474207 6.60033226 15.28251457
v 1.37802303 6.60033226 14.73459625
v 1.111781 6.60033226 14.82775784
v 4.00130272 7.45165157 -0.052239
v 4.00130224 7.10426521 0.62189841
v 3.77189159 6.60033226 0.87932193
v 3.77189159 6.52218342 1.13674498
v -11.74316025 6.60859823 18.57485008
v -11.74316025 6.60033226 18.18261719
v -11.74316025 6.2305975 18.18261719
v -11.74316025 5.85259819 18.18261719
v -11.74316025 5.47459793 18.18261719
v -11.74316025 5.09659767 18.18261719
v -11.74316025 4.71859741 18.18261719
v -11.74316025 4.34059715 18.18261719
v -11.74316025 3.96259761 18.18261719
v -11.74316025 3.94282961 18.028862
v -11.74316025 3.94282961 17.79038239
v -11.74316025 3.58459759 18.028862
v -11.74316025 3.47385883 17.00591469
v -11.57952881 0 16.59860611
v -11.57952881 -3.47385883 16.02523994
v -11.57952881 -4.02684307 15.24907207
v -11.57952881 -2.23283577 15.24907207
v -11.57952881 -4.02684307 12.37973595
v -11.72016907 -6.60033226 11.4916172
v -11.72017002 -7.08835888 11.49164104
v -10.66132641 -7.04472256 12.37973595
v -10.4423275 -7.04472256 15.03007317
v -10.18031502 -6.94769764 11.4916172
v -9.61374664 -6.94512033 12.37973499
v -9.48234844 -6.96452045 15.03007317
v -8.49982738 -6.96452045 14.91735935
v -7.58493423 -6.86110497 14.91735935
v -6.67003441 -6.86110497 12.71144772
v -5.75513983 -6.86110497 12.71144772
v -6.67003441 -6.96452045 12.71144772
v -7.56238604 -6.96452045 12.5987339
v -8.52236652 -7.04472256 12.5987339
v -8.78109932 -6.94767809 11.4916172
v -7.43817902 -7.0882988 11.49164486
v -6.02278805 -7.08830595 11.39778519
v -4.59844255 -7.08829308 11.39778709
v -4.349998 -7.08634329 11.48495483
v -9.61374664 -7.04472256 12.37973499
v -4.49261999 -6.60033226 11.4916172
v -4.45489883 -6.60033226 11.89491177
v -3.6773119 -6.60033226 12.06276798
v -3.6043067 -6.52218342 12.33522797
v -3.11647558 -6.60033226 13.34822273
v -3.2665453 -6.52218342 13.1093874
v -3.3404839 -6.52218342 12.53448868
v -3.23316908 -6.52218342 12.78045845
v -3.52232361 -6.60033226 14.03240395
v -3.30256104 -6.94771767 14.28777409
v -3.12628508 -6.94764996 14.59277916
v -3.06432915 -6.94771767 14.5260067
v -2.80895996 -6.60033226 14.74577141
v -2.12477732 -6.60033226 14.33992195
v -1.88594127 -6.52218342 14.48999405
v -1.79427385 -6.52218342 14.33122158
v -1.55701196 -3.47385883 14.45661736
v -1.31104219 0 14.56393433
v -1.05774188 3.47385883 14.65256691
v -0.79852599 6.52218342 14.72202587
v -0.28187126 6.52218342 14.98478508
v -0.56216842 6.52218342 14.95320511
v 0.83932167 6.52218342 14.90076447
v 2.23742247 -3.47385883 14.02908611
v 2.44083118 0 13.85403728
v 2.63059092 3.47385883 13.66427803
v 2.80563974 6.52218342 13.46086884
v 3.11647558 6.52218342 13.34822273
v 2.02149963 0 14.18844414
v 1.79427338 3.47385883 14.33122158
v 1.55701232 6.52218342 14.45661736
v 1.111781 6.52218342 14.82775784
v 1.37802303 6.52218342 14.73459625
v 8.47474098 2.36653471 9.94540405
v 7.19187737 2.1958189 10.11612034
v 4.70025539 2.0128324 10.273592
v 4.62615061 1.81858253 10.41695595
v 4.50523663 1.61416626 10.54539776
v 3.58854437 1.40071905 10.65820885
v 3.58854437 1.26914263 10.98330879
v 8.47474098 2.52400637 9.76241875
v 7.19187737 2.6673696 9.56816769
v 4.70025539 2.79581213 9.36375237
v 4.62615061 2.90862226 9.15030479
v 4.50523663 3.00516558 8.92902565
v 3.58854437 3.08490038 8.70115376
v 3.58854437 3.38675952 8.52259254
v 3.58855605 6.52218342 1.13674498
v 3.58855605 3.47385883 0.87932193
v 3.58855605 3.2285006 0.62189871
v 4.50523663 3.2285006 -0.0522387
v 4.70025539 -2.19581866 10.11612034
v 4.62615061 -2.0128324 10.273592
v 4.50523663 -1.81858253 10.41695595
v 3.58854437 -1.61416626 10.54539776
v 3.58854437 -1.50725019 10.8794241
v 4.70025539 -2.36653423 9.94540405
v 4.62615061 -2.52400565 9.76241875
v 4.50523663 -2.66736937 9.56816769
v 3.58854437 -2.79581141 9.36375237
v 3.58854437 -3.00844812 9.48651505
v -10.29557514 7.11134863 17.00591469
v -8.74981213 6.94771767 16.59860611
v -7.33495331 6.94771767 16.02523994
v -5.42343616 6.94512033 15.24907207
v -6.4710145 6.94512033 15.24907207
v -4.2785821 6.94762516 12.90266418
v -4.27858782 6.83427334 12.90266705
v -1.67922056 6.83433008 15.50204372
v -0.56216842 6.60033226 14.95320511
v -1.32793653 6.94771767 15.52851963
v -1.00250483 6.60033226 15.61571789
v -11.74316025 7.11134863 17.79038239
v -10.3885994 7.11134863 18.02886391
v -11.53540611 7.11134863 18.02886391
v -10.76659966 7.11134863 18.02886391
v -10.40140533 7.11134863 18.02886391
v -10.77940559 7.11134863 18.02886391
v -11.52260017 7.11134863 18.02886391
v -11.14459896 7.11134863 18.02886391
v -11.1574049 7.11134863 18.02886391
v -11.74316025 6.98659801 18.18261719
v 0.83932167 6.60033226 14.90076447
v 2.94897652 6.60033226 13.57517624
v 3.30256104 6.60033226 14.28777409
v 3.06432915 6.94771767 14.5260067
v 2.86575294 6.9476552 14.81698608
v 2.53788185 6.94771767 14.94583797
v 2.25261068 6.60033226 15.12508678
v 1.63655829 6.60033226 14.62179756
v 4.00130224 7.10426521 -0.052239
v 3.26795769 7.10426521 0.62189841
v 3.77189159 6.52218342 0.87932193
v -11.74316025 6.60859823 18.18261719
v -11.74316025 3.96259761 18.028862
v -11.74316025 4.71859741 18.028862
v -11.74316025 4.34059715 18.028862
v -11.74316025 5.09659767 18.028862
v -11.74316025 6.60033226 17.79038239
v -11.74316025 5.85259819 18.028862
v -11.74316025 6.2305975 18.028862
v -11.74316025 5.47459793 18.028862
v -11.74316025 3.94282961 17.00591469
v -11.57952881 3.47385883 16.59860611
v -11.57952881 0 16.02523994
v -11.57952881 -1.76386464 15.24907207
v -11.6900444 -2.23283577 15.24907207
v -11.6900444 -4.02684307 15.24907207
v -11.6900444 -4.02684307 12.37973595
v -11.57952881 -2.23283577 12.37973595
v -11.57952881 -3.94282961 11.4916172
v -11.72016907 -3.94282961 11.4916172
v -11.72016907 -6.60033226 11.39775658
v -11.72017002 -7.08835888 11.39778137
v -10.29283905 -7.08833885 11.49164295
v -10.4423275 -7.04472256 12.59873486
v -10.4423275 -6.96452045 15.03007317
v -9.41472054 -6.96452045 14.91735935
v -8.49982738 -6.86110497 14.91735935
v -7.58492851 -6.86110497 12.71144772
v -7.58492851 -6.96452045 12.71144772
v -8.52236652 -6.96452045 12.5987339
v -9.48234653 -7.04472256 12.5987339
v -8.86550903 -7.08831882 11.49164391
v -7.44713259 -7.08831978 11.39778519
v -4.62613201 -6.94771767 11.22344303
v -6.01681137 -6.94771767 11.22344494
v -4.3586154 -7.09055233 11.39128876
v -4.35420227 -6.74304104 11.48511505
v -3.76133251 -6.60033226 11.4916172
v -3.72975111 -6.60033226 11.78561401
v -3.6773119 -6.52218342 12.06276798
v -3.4291172 -6.52218342 12.28118896
v -2.94897652 -6.60033226 13.57517624
v -3.11647558 -6.52218342 13.34822273
v -3.1077733 -6.52218342 13.01772022
v -3.34048319 -3.47385883 12.53448868
v -3.23316836 -3.47385883 12.78045845
v -3.30256104 -6.60033226 14.28777409
v -3.06432915 -6.60033226 14.5260067
v -2.35173059 -6.60033226 14.17242336
v -2.12477732 -6.52218342 14.33992195
v -2.02150106 -6.52218342 14.18844414
v -1.79427338 -3.47385883 14.33122158
v -1.55701125 0 14.45661736
v -1.31104279 3.47385883 14.56393433
v -1.05774224 6.52218342 14.65256691
v -0.83932167 6.52218342 14.90076447
v 2.23742199 0 14.02908611
v 2.4408319 3.47385883 13.85403728
v 2.63059187 6.52218342 13.66427803
v 2.94897652 6.52218342 13.57517624
v 2.02150035 3.47385883 14.18844414
v 1.79427385 6.52218342 14.33122158
v 1.63655829 6.52218342 14.62179756
v 7.19187737 2.36653471 9.94540405
v 4.70025539 2.19581866 10.11612034
v 4.62615061 2.0128324 10.273592
v 4.50523663 1.81858253 10.41695595
v 3.58854437 1.61416626 10.54539776
v 3.58854437 1.50725019 10.8794241
v 7.19187737 2.52400613 9.76241875
v 4.70025539 2.66736937 9.56816769
v 4.62615061 2.79581213 9.36375237
v 4.50523663 2.90862226 9.15030479
v 3.58854437 3.00516486 8.92902565
v 3.58854437 3.31952286 8.77352428
v 3.58855605 6.52218342 0.87932193
v 3.58855605 3.47385883 0.62189871
v 3.58855605 3.2285006 -0.0522387
v 4.62615061 -2.19581842 10.11612034
v 4.50523663 -2.0128324 10.273592
v 3.58854437 -1.81858206 10.41695499
v 3.58854437 -1.7369287 10.75803471
v 4.62615061 -2.36653423 9.94540405
v 4.50523663 -2.52400565 9.76241875
v 3.58854437 -2.66736841 9.56816769
v 3.58854437 -2.8702352 9.70648003
v -11.74316025 7.11134863 17.00591469
v -10.1646719 6.94771767 16.59860611
v -8.74981213 6.94771767 16.02523994
v -7.51859236 6.94512033 15.24907207
v -5.33241129 6.94521999 15.20682716
v -5.42343616 7.04472256 15.24907207
v -6.4710145 7.04472256 15.24907207
v -4.14113092 6.94762802 13.21770668
v -4.14113617 6.8342762 13.21771145
v -1.99426425 6.83432293 15.36458969
v -1.67922044 6.94768095 15.50203514
v -0.83932167 6.60033226 14.90076447
v -1.64594185 6.94771767 15.417243
v -1.32793653 6.60033226 15.52851963
v -11.74316025 6.98659801 18.028862
v -11.74316025 6.60859823 18.028862
v 2.7649858 6.60033226 13.78897762
v 3.06432915 6.60033226 14.5260067
v 2.80895996 6.94771767 14.74577141
v 2.53788185 6.60033226 14.94583797
v 1.88594127 6.60033226 14.48999405
v 3.2679584 7.10426521 -0.052239
v 3.26795816 7.02611637 0.62189841
v -11.74316025 6.60033226 17.00591469
v -11.57952881 3.94282961 16.59860611
v -11.57952881 3.47385883 16.02523994
v -11.57952881 0 15.24907207
v -11.6900444 -1.76386464 15.24907207
v -11.6900444 -3.77028966 14.99251842
v -11.6900444 -2.23283577 14.99251842
v -11.6900444 -3.77028966 12.6362896
v -11.6900444 -2.23283577 12.37973595
v -11.57952881 -1.76386464 12.37973595
v -11.57952881 -3.47385883 11.4916172
v -11.72016907 -3.47385883 11.4916172
v -11.72016907 -3.94282961 11.39775658
v -11.57952881 -6.60033226 11.22344589
v -11.57952881 -6.94771767 11.22344589
v -10.29582405 -7.088346 11.39778137
v -10.4423275 -6.96452045 12.59873486
v -10.32961273 -6.96452045 14.91735935
v -9.41472054 -6.86110497 14.91735935
v -8.49982357 -6.86110497 12.71144772
v -8.49982357 -6.96452045 12.71144772
v -9.48234653 -6.96452045 12.5987339
v -8.87147903 -7.08833313 11.39778423
v -7.40749073 -6.94771767 11.22344494
v -6.01681519 -6.94771767 7.74958277
v -4.6261363 -6.94771767 7.74958277
v -4.50521708 -6.94771767 11.22344303
v -4.35441303 -6.73883772 11.39106083
v -3.61902046 -6.73918962 11.48602009
v -3.76133251 -6.52218342 11.4916172
v -3.72975111 -6.52218342 11.78561401
v -3.49857378 -6.52218342 12.02197266
v -3.42911673 -3.47385883 12.28118992
v -2.7649858 -6.60033226 13.78897762
v -2.94897652 -6.52218342 13.57517624
v -2.96499729 -6.52218342 13.24494743
v -3.10777235 -3.47385883 13.01772022
v -3.34048247 0 12.53448868
v -3.23316765 0 12.78045845
v -2.56553197 -6.60033226 13.98843098
v -2.35173059 -6.52218342 14.17242336
v -2.23742342 -6.52218342 14.02908611
v -2.02150035 -3.47385883 14.18844414
v -1.79427266 0 14.33122158
v -1.55701196 3.47385883 14.45661736
v -1.31104326 6.52218342 14.56393433
v -1.111781 6.52218342 14.82775784
v 2.23742247 3.47385883 14.02908611
v 2.44083261 6.52218342 13.85403728
v 2.7649858 6.52218342 13.78897762
v 2.02150106 6.52218342 14.18844414
v 1.88594127 6.52218342 14.48999405
v 4.70025539 2.36653423 9.94540405
v 4.62615061 2.19581842 10.11612034
v 4.50523663 2.0128324 10.273592
v 3.58854437 1.81858206 10.41695499
v 3.58854437 1.7369287 10.75803471
v 4.70025539 2.52400613 9.76241875
v 4.62615061 2.66736937 9.56816769
v 4.50523663 2.79581213 9.36375237
v 3.58854437 2.90862131 9.15030479
v 3.58854437 3.23372173 9.01873016
v 3.08462191 7.02611637 0.62189853
v 3.08462191 3.47385883 0.62189853
v 3.58855605 3.47385883 -0.0522387
v 4.50523663 -2.19581842 10.11612034
v 3.58854437 -2.0128324 10.273592
v 3.58854437 -1.95689356 10.61982155
v 4.50523663 -2.36653423 9.94540405
v 3.58854437 -2.52400517 9.76241875
v 3.58854437 -2.71597075 9.91550064
v -11.57952881 6.94771767 16.59860611
v -10.1646719 6.94771767 16.02523994
v -8.56617069 6.94512033 15.24907207
v -7.51859236 7.04472256 15.24907207
v -5.33239985 6.94521999 12.41147995
v -5.42342424 6.94512033 12.37973404
v -5.42342424 7.04472256 12.37973404
v -5.64243412 7.04472256 15.03007317
v -6.6024127 7.04472256 15.03007317
v -3.98052025 6.94763184 13.52159882
v -3.98052406 6.83428001 13.52160263
v -4.05906296 6.94771767 13.17818642
v -4.19379044 6.94771767 12.86938477
v -2.29815578 6.83431625 15.20397663
v -1.99426389 6.94767475 15.36458302
v -1.111781 6.60033226 14.82775784
v -1.95474207 6.94771767 15.28251457
v -1.64594185 6.60033226 15.417243
v 2.56553197 6.60033226 13.98843098
v 2.80895996 6.60033226 14.74577141
v 2.12477732 6.60033226 14.33992195
v 3.26795816 7.02611637 -0.052239
v -11.57952881 6.60033226 16.59860611
v -11.57952881 3.94282961 16.02523994
v -11.57952881 1.76386464 15.24907207
v -11.6900444 0 15.24907207
v -11.6900444 -1.76386464 14.99251842
v -11.64342022 -2.23283577 14.99251842
v -11.64342022 -3.77028966 14.99251842
v -11.64342022 -3.77028966 12.6362896
v -11.6900444 -2.23283577 12.6362896
v -11.6900444 -1.76386464 12.37973595
v -11.57952881 0 12.37973595
v -11.57952881 0 11.4916172
v -11.72016907 0 11.4916172
v -11.72016907 -3.47385883 11.39775658
v -11.57952881 -3.94282961 11.22344589
v -11.57952881 -6.60033226 7.7495842
v -11.57952881 -6.94771767 7.7495842
v -10.1888504 -6.94771767 11.22344589
v -10.32961273 -6.96452045 12.71144867
v -10.32961273 -6.86110497 14.91735935
v -9.41471863 -6.86110497 12.71144772
v -9.41471863 -6.96452045 12.71144772
v -8.79817009 -6.94771767 11.22344589
v -7.40749311 -6.94771767 7.74958277
v -6.016819 -6.94771767 5.58560276
v -4.62614155 -6.94771767 5.58560276
v -4.50522184 -6.94771767 7.74958277
v -4.50521708 -6.60033226 11.22344303
v -3.62622857 -6.74270868 11.39229965
v -3.62253714 -6.66455984 11.48616028
v -3.578511 -6.52218342 11.49161625
v -3.54846454 -6.52218342 11.75829029
v -3.49857283 -3.47385883 12.02197266
v -3.42911577 0 12.28118992
v -2.7649858 -6.52218342 13.78897762
v -2.80563974 -6.52218342 13.46086884
v -2.96499634 -3.47385883 13.24494839
v -3.1077714 0 13.01772022
v -3.23316836 3.47385883 12.78045845
v -3.34048319 3.47385883 12.53448868
v -2.56553197 -6.52218342 13.98843098
v -2.44083261 -6.52218342 13.85403728
v -2.23742247 -3.47385883 14.02908611
v -2.02149963 0 14.18844414
v -1.79427338 3.47385883 14.33122158
v -1.55701232 6.52218342 14.45661736
v -1.37802303 6.52218342 14.73459625
v 2.23742342 6.52218342 14.02908611
v 2.56553197 6.52218342 13.98843098
v 2.12477732 6.52218342 14.33992195
v 4.62615061 2.36653423 9.94540405
v 4.50523663 2.19581842 10.11612034
v 3.58854437 2.0128324 10.273592
v 3.58854437 1.95689356 10.61982155
v 4.62615061 2.52400565 9.76241875
v 4.50523663 2.66736937 9.56816769
v 3.58854437 2.79581141 9.36375237
v 3.58854437 3.12983656 9.25683689
v 3.08462262 7.02611637 -0.05223884
v 3.08462262 3.47385883 -0.05223884
v 3.58854437 -2.19581771 10.11612034
v 3.58854437 -2.16591477 10.4655571
v 3.58854437 -2.36653352 9.94540405
v 3.58854437 -2.54651737 10.11240959
v -11.57952881 6.94771767 16.02523994
v -9.61374855 6.94512033 15.24907207
v -8.56617069 7.04472256 15.24907207
v -7.56239128 7.04472256 15.03007317
v -4.58345413 6.94761848 11.4916172
v -6.47100449 6.94512033 12.37973404
v -6.47100449 7.04472256 12.37973404
v -5.64242458 7.04472256 12.5987339
v -5.64243412 6.96452045 15.03007317
v -6.6024127 6.96452045 15.03007317
v -3.79764891 6.94763565 13.81263828
v -3.79765177 6.83428431 13.81264114
v -3.90163517 6.94771767 13.47605515
v -4.39210606 6.94762325 12.5782299
v -4.30506516 6.94771767 12.55138016
v -4.05906296 6.60033226 13.17818642
v -4.19379044 6.60033226 12.86938477
v -2.58919477 6.83431005 15.02110291
v -2.29815483 6.94766808 15.20397091
v -1.37802303 6.60033226 14.73459625
v -2.25261068 6.94771767 15.12508678
v -1.95474207 6.60033226 15.28251457
v 2.35173059 6.60033226 14.17242336
v -11.57952881 6.60033226 16.02523994
v -11.57952881 2.23283577 15.24907207
v -11.6900444 1.76386464 15.24907207
v -11.6900444 0 14.99251842
v -11.64342022 -1.76386464 14.99251842
v -11.64342022 -3.64837646 14.87060738
v -11.64342022 -2.23283577 14.87060738
v -11.64342022 -3.64837646 12.75820255
v -11.64342022 -2.23283577 12.6362896
v -11.6900444 -1.76386464 12.6362896
v -11.6900444 0 12.37973595
v -11.57952881 1.76386464 12.37973595
v -11.57952881 3.47385883 11.4916172
v -11.72016907 3.47385883 11.4916172
v -11.72016907 0 11.39775658
v -11.57952881 -3.47385883 11.22344589
v -11.57952881 -3.94282961 7.74958324
v -11.57952881 -6.60033226 5.58560419
v -11.57952881 -6.94771767 5.58560419
v -10.1888504 -6.94771767 7.7495842
v -10.32961273 -6.86110497 12.71144867
v -8.798172 -6.94771767 7.74958324
v -7.40749645 -6.94771767 5.58560276
v -6.01682663 -6.94771767 1.13674498
v -4.62615061 -6.94771767 1.13674498
v -4.50522614 -6.94771767 5.58560276
v -4.50522184 -6.60033226 7.74958277
v -3.62271237 -6.66104078 11.39216042
v -3.43627548 -6.66112804 11.48629856
v -3.57851076 -3.47385883 11.4916172
v -3.54846382 -3.47385883 11.75829029
v -3.49857235 0 12.02197266
v -3.42911673 3.47385883 12.28118992
v -2.63059187 -6.52218342 13.66427803
v -2.80563879 -3.47385883 13.46086884
v -2.96499586 0 13.24494839
v -3.10777235 3.47385883 13.01772022
v -3.23316908 6.52218342 12.78045845
v -3.3404839 6.52218342 12.53448868
v -2.4408319 -3.47385883 13.85403728
v -2.23742199 0 14.02908611
v -2.02150035 3.47385883 14.18844414
v -1.79427385 6.52218342 14.33122158
v -1.63655829 6.52218342 14.62179756
v 2.35173059 6.52218342 14.17242336
v 4.50523663 2.36653423 9.94540405
v 3.58854437 2.19581771 10.11612034
v 3.58854437 2.16591477 10.4655571
v 4.50523663 2.52400565 9.76241875
v 3.58854437 2.66736841 9.56816769
v 3.58854437 3.00844812 9.48651505
v 3.58854437 -2.36282301 10.29610443
v -10.66132641 6.94512033 15.24907207
v -9.61374855 7.04472256 15.24907207
v -8.52236938 7.04472256 15.03007317
v -7.56239128 6.96452045 15.03007317
v -4.54496956 6.94761944 11.90848732
v -5.98266888 6.94763803 11.4916172
v -7.51858521 6.94512033 12.37973499
v -7.51858521 7.04472256 12.37973499
v -6.60240459 7.04472256 12.5987339
v -5.64242458 6.96452045 12.5987339
v -5.75514889 6.96452045 14.91735935
v -6.67004156 6.96452045 14.91735935
v -3.59353971 6.94764042 14.08919621
v -3.5935421 6.8342886 14.08920097
v -3.72238827 6.94771767 13.76132584
v -3.90163517 6.60033226 13.47605515
v -4.48106861 6.94762087 12.24621773
v -4.39226389 6.94771767 12.22594929
v -4.30506516 6.60033226 12.55138016
v -3.39834809 6.60033226 12.86000347
v -3.51114535 6.60033226 12.60146713
v -2.86575413 6.83430433 14.81699181
v -2.58919382 6.9476614 15.02109718
v -1.63655829 6.60033226 14.62179756
v -2.53788185 6.94771767 14.94583797
v -2.25261068 6.60033226 15.12508678
v -11.57952881 4.02684307 15.24907207
v -11.6900444 2.23283577 15.24907207
v -11.6900444 1.76386464 14.99251842
v -11.64342022 0 14.99251842
v -11.64342022 -1.76386464 14.87060738
v -11.58747578 -2.23283577 14.87060738
v -11.58747578 -3.64837646 14.87060738
v -11.58747578 -3.64837646 12.75820255
v -11.64342022 -2.23283577 12.75820255
v -11.64342022 -1.76386464 12.6362896
v -11.6900444 0 12.6362896
v -11.6900444 1.76386464 12.37973595
v -11.57952881 2.23283577 12.37973595
v -11.57952881 3.94282961 11.4916172
v -11.72016907 3.94282961 11.4916172
v -11.72016907 3.47385883 11.39775658
v -11.57952881 0 11.22344494
v -11.04046726 -3.47385883 11.22344589
v -11.04046726 -3.94282961 11.22344589
v -11.04046726 -3.94282961 7.74958324
v -11.57952881 -3.94282961 5.58560276
v -11.57952881 -6.60033226 1.13674498
v -11.57952881 -6.94771767 1.13674498
v -10.18885136 -6.94771767 5.58560419
v -8.79817486 -6.94771767 5.58560324
v -7.4075017 -6.94771767 1.13674498
v -6.01682663 -6.94771767 0.87932193
v -4.62615061 -6.94771767 0.87932193
v -4.50523615 -6.94771767 1.13674498
v -4.50522614 -6.60033226 5.58560276
v -3.77188301 -6.60033226 7.74958277
v -3.77187967 -6.60033226 11.22344303
v -3.77187967 -6.52218342 11.22344303
v -3.44313455 -6.66447687 11.39256001
v -3.43796897 -3.47385883 11.48635864
v -3.57850981 0 11.4916172
v -3.54846334 0 11.75829124
v -3.49857283 3.47385883 12.02197266
v -3.4291172 6.52218342 12.28118896
v -2.63059092 -3.47385883 13.66427803
v -2.80563831 0 13.46086884
v -2.96499634 3.47385883 13.24494839
v -3.1077733 6.52218342 13.01772022
v -3.39834809 6.52218342 12.86000347
v -3.51114535 6.52218342 12.60146713
v -2.44083118 0 13.85403728
v -2.23742247 3.47385883 14.02908611
v -2.02150106 6.52218342 14.18844414
v -1.88594127 6.52218342 14.48999405
v 3.58854437 2.36653352 9.94540405
v 3.58854437 2.36282301 10.29610443
v 3.58854437 2.52400517 9.76241875
v 3.58854437 2.8702352 9.70648003
v -11.57952881 6.94771767 11.4916172
v -11.57952881 6.60033226 11.4916172
v -10.66132641 7.04472256 15.24907207
v -10.66132641 6.94512033 12.37973595
v -9.48234844 7.04472256 15.03007317
v -8.52236938 6.96452045 15.03007317
v -7.58493423 6.96452045 14.91735935
v -4.45489883 6.94771767 11.89491177
v -4.49261999 6.94771767 11.4916172
v -7.3818841 6.94765806 11.4916172
v -4.58351803 7.08825874 11.49164677
v -6.010849 7.08827877 11.49164581
v -8.56616592 6.94512033 12.37973499
v -8.56616592 7.04472256 12.37973499
v -7.56238604 7.04472256 12.5987339
v -6.60240459 6.96452045 12.5987339
v -5.75513983 6.96452045 12.71144772
v -5.75514889 6.86110497 14.91735935
v -6.67004156 6.86110497 14.91735935
v -3.36933374 6.94764423 14.34972954
v -3.36933589 6.83429337 14.34973335
v -3.52232361 6.94771767 14.03240395
v -3.72238827 6.60033226 13.76132584
v -3.2665453 6.60033226 13.1093874
v -4.39226389 6.60033226 12.22594929
v -3.6043067 6.60033226 12.33522797
v -2.86575294 6.9476552 14.81698608
v -3.12628698 6.83429861 14.59278488
v -1.88594127 6.60033226 14.48999405
v -2.80895996 6.94771767 14.74577141
v -2.53788185 6.60033226 14.94583797
v -11.57952881 4.02684307 12.37973595
v -11.6900444 4.02684307 15.24907207
v -11.6900444 2.23283577 14.99251842
v -11.64342022 1.76386464 14.99251842
v -11.64342022 0 14.87060738
v -11.58747578 -1.76386464 14.87060738
v -11.58747578 -2.23283577 12.75820255
v -11.64342022 -1.76386464 12.75820255
v -11.64342022 0 12.6362896
v -11.6900444 1.76386464 12.6362896
v -11.6900444 2.23283577 12.37973595
v -11.72016907 6.60033226 11.4916172
v -11.72016907 3.94282961 11.39775658
v -11.57952881 3.47385883 11.22344589
v -11.04046726 0 11.22344494
v -11.04046726 -3.47385883 7.74958324
v -11.04046726 -3.94282961 5.58560276
v -11.57952881 -3.94282961 1.13674498
v -11.57952881 -6.60033226 0.87932193
v -11.57952881 -6.94771767 0.87932193
v -10.18885326 -6.94771767 1.13674498
v -8.79817772 -6.94771767 1.13674498
v -7.4075017 -6.94771767 0.87932193
v -5.72824717 -7.45165157 0.62189847
v -4.1394434 -7.45165157 0.62189841
v -4.50523615 -6.94771767 0.87932193
v -4.50523615 -6.60033226 1.13674498
v -3.77188611 -6.60033226 5.58560276
v -3.77188301 -6.52218342 7.74958277
v -3.58854532 -6.52218342 11.22344303
v -3.44148088 -3.47385883 11.39249897
v -3.43796825 0 11.48635864
v -3.54846382 3.47385883 11.75829029
v -3.57851076 3.47385883 11.4916172
v -3.49857378 6.52218342 12.02197266
v -3.6043067 6.52218342 12.33522797
v -2.6305902 0 13.66427803
v -2.80563879 3.47385883 13.46086884
v -2.96499729 6.52218342 13.24494743
v -3.2665453 6.52218342 13.1093874
v -2.4408319 3.47385883 13.85403728
v -2.23742342 6.52218342 14.02908611
v -2.12477732 6.52218342 14.33992195
v 3.58854437 2.54651737 10.11240959
v 3.58854437 2.71597075 9.91550064
v -11.72017002 7.08835888 11.49164104
v -10.66132641 7.04472256 12.37973595
v -10.4423275 7.04472256 15.03007317
v -9.61374664 6.94512033 12.37973499
v -10.18031502 6.94769764 11.4916172
v -9.48234844 6.96452045 15.03007317
v -8.49982738 6.96452045 14.91735935
v -7.58493423 6.86110497 14.91735935
v -4.349998 7.08634329 11.48495483
v -4.45489883 6.60033226 11.89491177
v -4.49261999 6.60033226 11.4916172
v -8.78109932 6.94767809 11.4916172
v -7.43817902 7.0882988 11.49164486
v -6.02278805 7.08830595 11.39778519
v -4.59844255 7.08829308 11.39778709
v -9.61374664 7.04472256 12.37973499
v -8.52236652 7.04472256 12.5987339
v -7.56238604 6.96452045 12.5987339
v -6.67003441 6.96452045 12.71144772
v -5.75513983 6.86110497 12.71144772
v -6.67003441 6.86110497 12.71144772
v -3.12628508 6.94764996 14.59277916
v -3.30256104 6.94771767 14.28777409
v -3.52232361 6.60033226 14.03240395
v -3.11647558 6.60033226 13.34822273
v -3.6773119 6.60033226 12.06276798
v -2.12477732 6.60033226 14.33992195
v -3.06432915 6.94771767 14.5260067
v -2.80895996 6.60033226 14.74577141
v -11.6900444 4.02684307 12.37973595
v -11.6900444 3.77028966 14.99251842
v -11.64342022 2.23283577 14.99251842
v -11.64342022 1.76386464 14.87060738
v -11.58747578 0 14.87060738
v -11.58747578 -1.76386464 12.75820255
v -11.64342022 0 12.75820255
v -11.64342022 1.76386464 12.6362896
v -11.6900444 2.23283577 12.6362896
v -11.72016907 6.60033226 11.39775658
v -11.57952881 3.94282961 11.22344589
v -11.04046726 3.47385883 11.22344589
v -11.04046726 -0.25960168 11.21373081
v -11.04046726 -3.46414375 8.00918579
v -11.04046726 -3.47385883 5.58560276
v -11.04046726 -3.94282961 1.13674498
v -11.57952881 -3.94282961 0.87932193
v -12.08346367 -6.60033226 0.62189871
v -12.08346367 -7.45165157 0.62189871
v -10.18885326 -6.94771767 0.87932193
v -8.79817772 -6.94771767 0.87932193
v -7.31705093 -7.45165157 0.62189853
v -5.72824764 -7.45165157 -0.05223893
v -4.13944387 -7.45165157 -0.05223899
v -4.00130177 -7.45165157 0.62189841
v -4.50523615 -6.60033226 0.87932193
v -3.77189159 -6.60033226 1.13674498
v -3.77188611 -6.52218342 5.58560276
v -3.58854771 -6.52218342 7.74958277
v -3.58854461 -3.47385883 11.22344494
v -3.44148016 0 11.39249897
v -3.43796897 3.47385883 11.48635864
v -3.54846454 6.52218342 11.75829029
v -3.578511 6.52218342 11.49161625
v -3.6773119 6.52218342 12.06276798
v -2.63059092 3.47385883 13.66427803
v -2.80563974 6.52218342 13.46086884
v -3.11647558 6.52218342 13.34822273
v -2.44083261 6.52218342 13.85403728
v -2.35173059 6.52218342 14.17242336
v -10.29283905 7.08833885 11.49164295
v -11.72017002 7.08835888 11.39778137
v -10.4423275 7.04472256 12.59873486
v -10.4423275 6.96452045 15.03007317
v -9.41472054 6.96452045 14.91735935
v -8.49982738 6.86110497 14.91735935
v -7.58492851 6.86110497 12.71144772
v -4.35420227 6.74304104 11.48511505
v -3.72975111 6.60033226 11.78561401
v -3.76133251 6.60033226 11.4916172
v -8.86550903 7.08831882 11.49164391
v -7.44713259 7.08831978 11.39778519
v -4.3586154 7.09055233 11.39128876
v -4.62613201 6.94771767 11.22344303
v -6.01681137 6.94771767 11.22344494
v -9.48234653 7.04472256 12.5987339
v -8.52236652 6.96452045 12.5987339
v -7.58492851 6.96452045 12.71144772
v -3.30256104 6.60033226 14.28777409
v -2.94897652 6.60033226 13.57517624
v -2.35173059 6.60033226 14.17242336
v -3.06432915 6.60033226 14.5260067
v -11.6900444 3.77028966 12.6362896
v -11.64342022 3.77028966 14.99251842
v -11.64342022 2.23283577 14.87060738
v -11.58747578 1.76386464 14.87060738
v -11.58747578 0 12.75820255
v -11.64342022 1.76386464 12.75820255
v -11.64342022 2.23283577 12.6362896
v -11.57952881 6.60033226 11.22344589
v -11.04046726 3.94282961 11.22344589
v -11.04046726 0.25960168 11.21373081
v -11.04046726 -0.51775193 11.18464565
v -10.784482 0 11.22344494
v -10.784482 -0.25960168 11.21373081
v -11.04046726 -3.43505764 8.26733589
v -10.784482 -3.46414328 8.00918579
v -10.784482 -3.47385883 7.74958324
v -10.784482 -3.47385883 5.58560276
v -11.04046726 -3.47385883 1.13674498
v -11.04046726 -3.94282961 0.87932193
v -12.08346367 -3.94282961 0.62189871
v -12.08346367 -6.60033226 -0.05223868
v -12.08346367 -7.45165157 -0.05223867
v -10.49465942 -7.45165157 0.62189865
v -8.90585518 -7.45165157 0.62189853
v -7.31705093 -7.45165157 -0.05223887
v -7.57075167 -5.36271763 -0.05223878
v -4.00130272 -7.45165157 -0.052239
v -4.00130224 -7.10426521 0.62189841
v -3.77189159 -6.60033226 0.87932193
v -3.77189159 -6.52218342 1.13674498
v -3.58855057 -6.52218342 5.58560276
v -3.58854747 -3.47385883 7.74958324
v -3.58854437 0 11.22344494
v -3.44148088 3.47385883 11.39249897
v -3.43627548 6.66112804 11.48629856
v -3.72975111 6.52218342 11.78561401
v -3.76133251 6.52218342 11.4916172
v -2.63059187 6.52218342 13.66427803
v -2.94897652 6.52218342 13.57517624
v -2.56553197 6.52218342 13.98843098
v -10.29582405 7.088346 11.39778137
v -11.57952881 6.94771767 11.22344589
v -10.4423275 6.96452045 12.59873486
v -10.32961273 6.96452045 14.91735935
v -9.41472054 6.86110497 14.91735935
v -8.49982357 6.86110497 12.71144772
v -3.61902046 6.73918962 11.48602009
v -4.35441303 6.73883772 11.39106083
v -8.87147903 7.08833313 11.39778423
v -7.40749073 6.94771767 11.22344494
v -4.50521708 6.94771767 11.22344303
v -4.6261363 6.94771767 7.74958277
v -6.01681519 6.94771767 7.74958277
v -9.48234653 6.96452045 12.5987339
v -8.49982357 6.96452045 12.71144772
v -2.7649858 6.60033226 13.78897762
v -2.56553197 6.60033226 13.98843098
v -11.64342022 3.77028966 12.6362896
v -11.64342022 3.64837646 14.87060738
v -11.58747578 2.23283577 14.87060738
v -11.58747578 1.76386464 12.75820255
v -11.64342022 2.23283577 12.75820255
v -11.57952881 6.60033226 7.7495842
v -11.57952881 3.94282961 7.74958324
v -11.04046726 3.94282961 7.74958324
v -11.04046726 3.47385883 7.74958324
v -11.04046726 0.51775193 11.18464565
v -10.784482 0.25960168 11.21373081
v -11.04046726 -0.77300638 11.13634872
v -10.784482 -0.51775187 11.18464565
v -10.784482 0 10.97825813
v -10.784482 -0.24125808 10.96888638
v -11.04046726 -3.38676095 8.52259064
v -10.784482 -3.43505716 8.2673378
v -10.784482 -3.21929955 7.99084282
v -10.784482 -3.2285006 7.74499989
v -10.784482 -3.2285006 5.58560276
v -10.784482 -3.47385883 1.1367451
v -11.04046726 -3.47385883 0.87932193
v -11.04046726 -3.94282961 0.62189871
v -12.08346367 -3.94282961 -0.0522387
v -10.49465942 -7.45165157 -0.05223874
v -8.90585518 -7.45165157 -0.0522388
v -4.00130224 -7.10426521 -0.052239
v -3.26795769 -7.10426521 0.62189841
v -3.77189159 -6.52218342 0.87932193
v -3.58855605 -6.52218342 1.13674498
v -3.58855033 -3.47385883 5.58560276
v -3.58854437 -3.4641428 8.0091877
v -3.58854437 -0.25960168 11.21373081
v -3.58854461 3.47385883 11.22344494
v -3.44313455 6.66447687 11.39256001
v -3.62253714 6.66455984 11.48616028
v -2.7649858 6.52218342 13.78897762
v -10.1888504 6.94771767 11.22344589
v -11.57952881 6.94771767 7.7495842
v -10.32961273 6.96452045 12.71144867
v -10.32961273 6.86110497 14.91735935
v -9.41471863 6.86110497 12.71144772
v -3.62622857 6.74270868 11.39229965
v -8.79817009 6.94771767 11.22344589
v -7.40749311 6.94771767 7.74958277
v -4.50522184 6.94771767 7.74958277
v -4.62614155 6.94771767 5.58560276
v -6.016819 6.94771767 5.58560276
v -4.50521708 6.60033226 11.22344303
v -9.41471863 6.96452045 12.71144772
v -11.64342022 3.64837646 12.75820255
v -11.58747578 3.64837646 14.87060738
v -11.58747578 2.23283577 12.75820255
v -11.57952881 6.60033226 5.58560419
v -11.57952881 3.94282961 5.58560276
v -11.04046726 3.94282961 5.58560276
v -11.04046726 3.46414375 8.00918579
v -11.04046726 3.47385883 5.58560276
v -11.04046726 0.77300638 11.13634872
v -10.784482 0.51775187 11.18464565
v -10.784482 0.24125808 10.96888638
v -11.04046726 -1.02393806 11.06911087
v -10.784482 -0.77300638 11.13634872
v -10.784482 -0.48116243 10.94185734
v -8.47474098 0 10.97825813
v -8.47474098 -0.24125808 10.96888638
v -11.04046726 -3.31952405 8.77352333
v -10.784482 -3.38676071 8.52259064
v -10.784482 -3.19226861 8.23074818
v -8.47474098 -3.21929955 7.99084377
v -8.47474098 -3.2285006 7.74499989
v -8.47474098 -3.2285006 5.58560276
v -10.784482 -3.2285006 1.1367451
v -10.784482 -3.47385883 0.87932169
v -11.04046726 -3.47385883 0.62189871
v -11.04046726 -3.94282961 -0.0522387
v -3.2679584 -7.10426521 -0.052239
v -3.26795816 -7.02611637 0.62189841
v -3.58855605 -6.52218342 0.87932193
v -3.58855605 -3.47385883 1.13674498
v -3.58855033 -3.2285006 5.58560276
v -3.58854747 -3.2285006 7.74499989
v -3.58854437 -3.43505645 8.26733875
v -3.58854437 -3.21929884 7.99084425
v -3.58854437 -0.51775157 11.18464375
v -3.58854437 -0.24125805 10.96888638
v -3.58854437 0 10.97825813
v -3.58854437 0.25960168 11.21373081
v -3.58854532 6.52218342 11.22344303
v -3.62271237 6.66104078 11.39216042
v -10.1888504 6.94771767 7.7495842
v -11.57952881 6.94771767 5.58560419
v -10.32961273 6.86110497 12.71144867
v -8.798172 6.94771767 7.74958324
v -7.40749645 6.94771767 5.58560276
v -4.50522184 6.60033226 7.74958277
v -4.50522614 6.94771767 5.58560276
v -4.62615061 6.94771767 1.13674498
v -6.01682663 6.94771767 1.13674498
v -11.58747578 3.64837646 12.75820255
v -11.57952881 6.60033226 1.13674498
v -11.57952881 3.94282961 1.13674498
v -11.04046726 3.94282961 1.13674498
v -11.04046726 3.43505764 8.26733589
v -10.784482 3.47385883 7.74958324
v -10.784482 3.46414328 8.00918579
v -10.784482 3.47385883 5.58560276
v -11.04046726 3.47385883 1.13674498
v -11.04046726 1.02393806 11.06911087
v -10.784482 0.77300638 11.13634872
v -10.784482 0.48116243 10.94185734
v -8.47474098 0.24125808 10.96888638
v -11.04046726 -1.26914263 10.98330879
v -10.784482 -1.02393806 11.06911087
v -10.784482 -0.71837246 10.89697456
v -8.47474098 -0.48116243 10.94185638
v -7.19187737 0 10.97825813
v -7.19187737 -0.24125805 10.96888638
v -11.04046726 -3.23372316 9.01872921
v -10.784482 -3.31952405 8.77352428
v -10.784482 -3.14738631 8.46795654
v -8.47474098 -3.19226861 8.23074818
v -7.19187737 -3.21929955 7.99084377
v -7.19187737 -3.2285006 7.74499989
v -7.19187737 -3.2285006 5.58560276
v -8.47474098 -3.2285006 1.13674498
v -10.784482 -3.2285006 0.87932169
v -10.784482 -3.47385883 0.62189853
v -11.04046726 -3.47385883 -0.0522387
v -3.26795816 -7.02611637 -0.052239
v -3.08462191 -7.02611637 0.62189853
v -3.58855605 -3.47385883 0.87932193
v -3.58855605 -3.2285006 1.13674498
v -4.50523663 -3.2285006 5.58560276
v -4.50523663 -3.2285006 7.74499989
v -3.58854437 -3.38675952 8.52259254
v -3.58854437 -3.19226837 8.23074913
v -4.50523663 -3.21929955 7.99084377
v -3.58854437 -0.77300596 11.13634682
v -3.58854437 -0.48116213 10.94185543
v -4.50523663 -0.24125805 10.96888638
v -4.50523663 0 10.97825813
v -3.58854437 0.24125805 10.96888638
v -3.58854437 0.51775157 11.18464375
v -3.58854747 3.47385883 7.74958324
v -3.58854771 6.52218342 7.74958277
v -10.18885136 6.94771767 5.58560419
v -11.57952881 6.94771767 1.13674498
v -3.77187967 6.60033226 11.22344303
v -3.77187967 6.52218342 11.22344303
v -8.79817486 6.94771767 5.58560324
v -7.4075017 6.94771767 1.13674498
v -4.50522614 6.60033226 5.58560276
v -3.77188301 6.60033226 7.74958277
v -4.50523615 6.94771767 1.13674498
v -4.62615061 6.94771767 0.87932193
v -6.01682663 6.94771767 0.87932193
v -11.57952881 6.60033226 0.87932193
v -11.57952881 3.94282961 0.87932193
v -11.04046726 3.94282961 0.87932193
v -11.04046726 3.38676095 8.52259064
v -10.784482 3.43505716 8.2673378
v -10.784482 3.2285006 7.74499989
v -10.784482 3.21929955 7.99084282
v -10.784482 3.47385883 1.1367451
v -10.784482 3.2285006 5.58560276
v -11.04046726 3.47385883 0.87932193
v -11.04046726 1.26914263 10.98330879
v -10.784482 1.02393806 11.06911087
v -10.784482 0.71837246 10.89697456
v -8.47474098 0.48116243 10.94185638
v -7.19187737 0.24125805 10.96888638
v -11.04046726 -1.50725019 10.8794241
v -10.784482 -1.26914263 10.98330879
v -10.784482 -0.95156801 10.83448792
v -8.47474098 -0.7183724 10.89697361
v -7.19187737 -0.48116243 10.94185638
v -4.70025539 0 10.97825813
v -4.70025539 -0.24125805 10.96888638
v -11.04046726 -3.12983799 9.25683594
v -10.784482 -3.23372269 9.01872921
v -10.784482 -3.08490181 8.70115376
v -8.47474098 -3.14738631 8.46795845
v -7.19187737 -3.19226861 8.23074818
v -4.70025539 -3.21929955 7.99084377
v -4.70025539 -3.2285006 7.74499989
v -4.70025539 -3.2285006 5.58560276
v -7.19187737 -3.2285006 1.13674498
v -8.47474098 -3.2285006 0.87932193
v -10.784482 -3.2285006 0.62189853
v -10.784482 -3.47385883 -0.05223887
v -3.08462262 -7.02611637 -0.05223884
v -3.08462191 -3.47385883 0.62189853
v -3.58855605 -3.2285006 0.87932193
v -4.50523663 -3.2285006 1.13674498
v -4.62615061 -3.2285006 5.58560276
v -4.62615061 -3.2285006 7.74499989
v -3.58854437 -3.31952286 8.77352428
v -3.58854437 -3.14738512 8.4679594
v -4.50523663 -3.19226861 8.23074818
v -4.62615061 -3.21929955 7.99084377
v -3.58854437 -1.02393746 11.06910992
v -3.58854437 -0.71837211 10.89697266
v -4.50523663 -0.48116228 10.94185638
v -4.62615061 -0.24125805 10.96888638
v -4.62615061 0 10.97825813
v -4.50523663 0.24125805 10.96888638
v -3.58854437 0.48116213 10.94185543
v -3.58854437 0.77300596 11.13634682
v -3.77188301 6.52218342 7.74958277
v -3.58854437 3.4641428 8.0091877
v -3.58855033 3.47385883 5.58560276
v -3.58855057 6.52218342 5.58560276
v -10.18885326 6.94771767 1.13674498
v -11.57952881 6.94771767 0.87932193
v -8.79817772 6.94771767 1.13674498
v -7.4075017 6.94771767 0.87932193
v -4.50523615 6.60033226 1.13674498
v -3.77188611 6.60033226 5.58560276
v -4.50523615 6.94771767 0.87932193
v -5.72824717 7.45165157 0.62189847
v -4.1394434 7.45165157 0.62189841
v -12.08346367 3.94282961 0.62189871
v -12.08346367 6.60033226 0.62189871
v -11.04046726 3.94282961 0.62189871
v -11.04046726 3.31952405 8.77352333
v -10.784482 3.38676071 8.52259064
v -10.784482 3.19226861 8.23074818
v -8.47474098 3.2285006 7.74499989
v -8.47474098 3.21929955 7.99084377
v -10.784482 3.47385883 0.87932169
v -10.784482 3.2285006 1.1367451
v -8.47474098 3.2285006 5.58560276
v -11.04046726 3.47385883 0.62189871
v -11.04046726 1.50725019 10.8794241
v -10.784482 1.26914263 10.98330879
v -10.784482 0.95156801 10.83448792
v -8.47474098 0.7183724 10.89697361
v -7.19187737 0.48116243 10.94185638
v -4.70025539 0.24125805 10.96888638
v -11.04046726 -1.7369287 10.75803471
v -10.784482 -1.50725019 10.8794241
v -10.784482 -1.17943895 10.75475216
v -8.47474098 -0.95156783 10.83448792
v -7.19187737 -0.71837234 10.89697361
v -4.70025539 -0.48116228 10.94185638
v -11.04046726 -3.00844932 9.48651505
v -10.784482 -3.12983751 9.25683689
v -10.784482 -3.00516605 8.92902565
v -8.47474098 -3.08490181 8.70115376
v -7.19187737 -3.14738631 8.46795845
v -4.70025539 -3.19226861 8.23074818
v -4.70025539 -3.2285006 1.1367451
v -7.19187737 -3.2285006 0.87932193
v -8.47474098 -3.2285006 0.62189871
v -10.784482 -3.2285006 -0.05223887
v -3.08462262 -3.47385883 -0.05223884
v -3.58855605 -3.47385883 0.62189871
v -3.58855605 -3.2285006 0.62189871
v -4.50523663 -3.2285006 0.87932193
v -4.62615061 -3.2285006 1.13674498
v -3.58854437 -3.23372173 9.01873016
v -3.58854437 -3.08490038 8.70115376
v -4.50523663 -3.1473856 8.46795845
v -4.62615061 -3.19226861 8.23074818
v -3.58854437 -1.26914263 10.98330879
v -3.58854437 -0.95156729 10.83448696
v -4.50523663 -0.71837223 10.89697361
v -4.62615061 -0.48116228 10.94185638
v -4.62615061 0.24125805 10.96888638
v -4.50523663 0.48116228 10.94185638
v -3.58854437 0.71837211 10.89697266
v -3.58854437 1.02393746 11.06910992
v -3.77188611 6.52218342 5.58560276
v -3.58854437 3.43505645 8.26733875
v -3.58854437 3.21929884 7.99084425
v -3.58854747 3.2285006 7.74499989
v -3.58855033 3.2285006 5.58560276
v -3.58855605 3.47385883 1.13674498
v -3.58855605 6.52218342 1.13674498
v -10.18885326 6.94771767 0.87932193
v -12.08346367 7.45165157 0.62189871
v -8.79817772 6.94771767 0.87932193
v -7.31705093 7.45165157 0.62189853
v -4.50523615 6.60033226 0.87932193
v -3.77189159 6.60033226 1.13674498
v -4.00130177 7.45165157 0.62189841
v -4.13944387 7.45165157 -0.05223899
v -5.72824764 7.45165157 -0.05223893
v -12.08346367 6.60033226 -0.05223868
v -12.08346367 3.94282961 -0.0522387
v -11.04046726 3.94282961 -0.0522387
v -11.04046726 3.23372316 9.01872921
v -10.784482 3.31952405 8.77352428
v -10.784482 3.14738631 8.46795654
v -8.47474098 3.19226861 8.23074818
v -7.19187737 3.2285006 7.74499989
v -7.19187737 3.21929955 7.99084377
v -10.784482 3.2285006 0.87932169
v -10.784482 3.47385883 0.62189853
v -8.47474098 3.2285006 1.13674498
v -7.19187737 3.2285006 5.58560276
v -11.04046726 3.47385883 -0.0522387
v -11.04046726 1.7369287 10.75803471
v -10.784482 1.50725019 10.8794241
v -10.784482 1.17943895 10.75475216
v -8.47474098 0.95156783 10.83448792
v -7.19187737 0.71837234 10.89697361
v -4.70025539 0.48116228 10.94185638
v -11.04046726 -1.95689464 10.61982346
v -10.784482 -1.7369287 10.75803471
v -10.784482 -1.40071905 10.65820885
v -8.47474098 -1.17943895 10.75475216
v -7.19187737 -0.95156777 10.83448792
v -4.70025539 -0.71837234 10.89697361
v -11.04046726 -2.8702364 9.70648003
v -10.784482 -3.00844932 9.48651505
v -10.784482 -2.9086225 9.15030479
v -8.47474098 -3.00516605 8.92902565
v -7.19187737 -3.08490181 8.70115376
v -4.70025539 -3.14738607 8.46795845
v -4.70025539 -3.2285006 0.87932169
v -7.19187737 -3.2285006 0.62189871
v -8.47474098 -3.2285006 -0.0522387
v -3.58855605 -3.47385883 -0.0522387
v -3.58855605 -3.2285006 -0.0522387
v -4.50523663 -3.2285006 0.62189871
v -4.62615061 -3.2285006 0.87932193
v -3.58854437 -3.12983656 9.25683689
v -3.58854437 -3.00516486 8.92902565
v -4.50523663 -3.08490157 8.70115376
v -4.62615061 -3.1473856 8.46795845
v -3.58854437 -1.50725019 10.8794241
v -3.58854437 -1.17943895 10.75475216
v -4.50523663 -0.95156765 10.83448792
v -4.62615061 -0.71837223 10.89697361
v -4.62615061 0.48116228 10.94185638
v -4.50523663 0.71837223 10.89697361
v -3.58854437 0.95156729 10.83448696
v -3.58854437 1.26914263 10.98330879
v -3.77189159 6.52218342 1.13674498
v -3.58854437 3.38675952 8.52259254
v -3.58854437 3.19226837 8.23074913
v -4.50523663 3.21929955 7.99084377
v -4.50523663 3.2285006 7.74499989
v -3.58855605 3.2285006 1.13674498
v -4.50523663 3.2285006 5.58560276
v -3.58855605 3.47385883 0.87932193
v -3.58855605 6.52218342 0.87932193
v -10.49465942 7.45165157 0.62189865
v -12.08346367 7.45165157 -0.05223867
v -8.90585518 7.45165157 0.62189853
v -7.31705093 7.45165157 -0.05223887
v -4.00130224 7.10426521 0.62189841
v -3.77189159 6.60033226 0.87932193
v -4.00130272 7.45165157 -0.052239
v -7.57075167 5.36271763 -0.05223878
v -11.04046726 3.12983799 9.25683594
v -10.784482 3.23372269 9.01872921
v -10.784482 3.08490181 8.70115376
v -8.47474098 3.14738631 8.46795845
v -7.19187737 3.19226861 8.23074818
v -4.70025539 3.2285006 7.74499989
v -4.70025539 3.21929955 7.99084377
v -10.784482 3.2285006 0.62189853
v -8.47474098 3.2285006 0.87932193
v -10.784482 3.47385883 -0.05223887
v -7.19187737 3.2285006 1.13674498
v -4.70025539 3.2285006 5.58560276
v -11.04046726 1.95689464 10.61982346
v -10.784482 1.7369287 10.75803471
v -10.784482 1.40071905 10.65820885
v -8.47474098 1.17943895 10.75475216
v -7.19187737 0.95156777 10.83448792
v -4.70025539 0.71837234 10.89697361
v -11.04046726 -2.16591477 10.4655571
v -10.784482 -1.95689464 10.61982346
v -10.784482 -1.61416626 10.54539776
v -8.47474098 -1.40071905 10.65820885
v -7.19187737 -1.17943895 10.75475216
v -4.70025539 -0.95156777 10.83448792
v -11.04046726 -2.71597195 9.91550064
v -10.784482 -2.8702364 9.70648003
v -10.784482 -2.79581261 9.36375237
v -8.47474098 -2.9086225 9.15030479
v -7.19187737 -3.00516605 8.92902565
v -4.70025539 -3.08490157 8.70115376
v -4.70025539 -3.2285006 0.62189853
v -7.19187737 -3.2285006 -0.0522387
v -4.50523663 -3.2285006 -0.0522387
v -4.62615061 -3.2285006 0.62189871
v -3.58854437 -3.00844812 9.48651505
v -3.58854437 -2.90862131 9.15030479
v -4.50523663 -3.00516558 8.92902565
v -4.62615061 -3.08490157 8.70115376
v -3.58854437 -1.7369287 10.75803471
v -3.58854437 -1.40071905 10.65820885
v -4.50523663 -1.17943895 10.75475216
v -4.62615061 -0.95156765 10.83448792
v -4.62615061 0.71837223 10.89697361
v -4.50523663 0.95156765 10.83448792
v -3.58854437 1.17943895 10.75475216
v -3.58854437 1.50725019 10.8794241
v -3.77189159 6.52218342 0.87932193
v -3.58854437 3.31952286 8.77352428
v -3.58854437 3.14738512 8.4679594
v -4.50523663 3.19226861 8.23074818
v -4.62615061 3.21929955 7.99084377
v -4.62615061 3.2285006 7.74499989
v -3.58855605 3.2285006 0.87932193
v -4.50523663 3.2285006 1.13674498
v -4.62615061 3.2285006 5.58560276
v -3.08462191 7.02611637 0.62189853
v -3.08462191 3.47385883 0.62189853
v -10.49465942 7.45165157 -0.05223874
v -8.90585518 7.45165157 -0.0522388
v -4.00130224 7.10426521 -0.052239
v -3.26795769 7.10426521 0.62189841
v -11.04046726 3.00844932 9.48651505
v -10.784482 3.12983751 9.25683689
v -10.784482 3.00516605 8.92902565
v -8.47474098 3.08490181 8.70115376
v -7.19187737 3.14738631 8.46795845
v -4.70025539 3.19226861 8.23074818
v -8.47474098 3.2285006 0.62189871
v -10.784482 3.2285006 -0.05223887
v -7.19187737 3.2285006 0.87932193
v -4.70025539 3.2285006 1.1367451
v -11.04046726 2.16591477 10.4655571
v -10.784482 1.95689464 10.61982346
v -10.784482 1.61416626 10.54539776
v -8.47474098 1.40071905 10.65820885
v -7.19187737 1.17943895 10.75475216
v -4.70025539 0.95156777 10.83448792
v -11.04046726 -2.3628242 10.29610443
v -10.784482 -2.16591477 10.4655571
v -10.784482 -1.81858313 10.41695595
v -8.47474098 -1.61416626 10.54539776
v -7.19187737 -1.40071905 10.65820885
v -4.70025539 -1.17943895 10.75475216
v -11.04046726 -2.5465188 10.11240959
v -10.784482 -2.71597195 9.91550064
v -10.784482 -2.6673696 9.56816769
v -8.47474098 -2.79581261 9.36375237
v -7.19187737 -2.9086225 9.15030479
v -4.70025539 -3.00516605 8.92902565
v -4.70025539 -3.2285006 -0.05223887
v -4.62615061 -3.2285006 -0.0522387
v -3.58854437 -2.8702352 9.70648003
v -3.58854437 -2.79581141 9.36375237
v -4.50523663 -2.90862226 9.15030479
v -4.62615061 -3.00516558 8.92902565
v -3.58854437 -1.95689356 10.61982155
v -3.58854437 -1.61416626 10.54539776
v -4.50523663 -1.40071905 10.65820885
v -4.62615061 -1.17943895 10.75475216
v -4.62615061 0.95156765 10.83448792
v -4.50523663 1.17943895 10.75475216
v -3.58854437 1.40071905 10.65820885
v -3.58854437 1.7369287 10.75803471
v -3.26795816 7.02611637 0.62189841
v -3.58854437 3.23372173 9.01873016
v -3.58854437 3.08490038 8.70115376
v -4.50523663 3.1473856 8.46795845
v -4.62615061 3.19226861 8.23074818
v -3.58855605 3.2285006 0.62189871
v -3.58855605 3.47385883 0.62189871
v -4.50523663 3.2285006 0.87932193
v -4.62615061 3.2285006 1.13674498
v -3.08462262 3.47385883 -0.05223884
v -3.08462262 7.02611637 -0.05223884
v -3.2679584 7.10426521 -0.052239
v -11.04046726 2.8702364 9.70648003
v -10.784482 3.00844932 9.48651505
v -10.784482 2.9086225 9.15030479
v -8.47474098 3.00516605 8.92902565
v -7.19187737 3.08490181 8.70115376
v -4.70025539 3.14738607 8.46795845
v -7.19187737 3.2285006 0.62189871
v -8.47474098 3.2285006 -0.0522387
v -4.70025539 3.2285006 0.87932169
v -11.04046726 2.3628242 10.29610443
v -10.784482 2.16591477 10.4655571
v -10.784482 1.81858313 10.41695595
v -8.47474098 1.61416626 10.54539776
v -7.19187737 1.40071905 10.65820885
v -4.70025539 1.17943895 10.75475216
v -10.784482 -2.36282396 10.29610443
v -10.784482 -2.0128324 10.273592
v -8.47474098 -1.81858277 10.41695595
v -7.19187737 -1.61416626 10.54539776
v -4.70025539 -1.40071905 10.65820885
v -10.784482 -2.54651856 10.11240959
v -10.784482 -2.52400637 9.76241875
v -8.47474098 -2.6673696 9.56816769
v -7.19187737 -2.79581213 9.36375237
v -4.70025539 -2.90862226 9.15030479
v -3.58854437 -2.71597075 9.91550064
v -3.58854437 -2.66736841 9.56816769
v -4.50523663 -2.79581213 9.36375237
v -4.62615061 -2.90862226 9.15030479
v -3.58854437 -2.16591477 10.4655571
v -3.58854437 -1.81858206 10.41695499
v -4.50523663 -1.61416626 10.54539776
v -4.62615061 -1.40071905 10.65820885
v -4.62615061 1.17943895 10.75475216
v -4.50523663 1.40071905 10.65820885
v -3.58854437 1.61416626 10.54539776
v -3.58854437 1.95689356 10.61982155
v -3.26795816 7.02611637 -0.052239
v -3.58854437 3.12983656 9.25683689
v -3.58854437 3.00516486 8.92902565
v -4.50523663 3.08490157 8.70115376
v -4.62615061 3.1473856 8.46795845
v -4.50523663 3.2285006 0.62189871
v -3.58855605 3.2285006 -0.0522387
v -3.58855605 3.47385883 -0.0522387
v -4.62615061 3.2285006 0.87932193
v -11.04046726 2.71597195 9.91550064
v -10.784482 2.8702364 9.70648003
v -10.784482 2.79581261 9.36375237
v -8.47474098 2.9086225 9.15030479
v -7.19187737 3.00516605 8.92902565
v -4.70025539 3.08490157 8.70115376
v -4.70025539 3.2285006 0.62189853
v -7.19187737 3.2285006 -0.0522387
v -11.04046726 2.5465188 10.11240959
v -10.784482 2.36282396 10.29610443
v -10.784482 2.0128324 10.273592
v -8.47474098 1.81858277 10.41695595
v -7.19187737 1.61416626 10.54539776
v -4.70025539 1.40071905 10.65820885
v -10.784482 -2.1958189 10.11612034
v -8.47474098 -2.0128324 10.273592
v -7.19187737 -1.81858253 10.41695595
v -4.70025539 -1.61416626 10.54539776
v -10.784482 -2.36653471 9.94540405
v -8.47474098 -2.52400637 9.76241875
v -7.19187737 -2.6673696 9.56816769
v -4.70025539 -2.79581213 9.36375237
v -3.58854437 -2.54651737 10.11240959
v -3.58854437 -2.52400517 9.76241875
v -4.50523663 -2.66736937 9.56816769
v -4.62615061 -2.79581213 9.36375237
v -3.58854437 -2.36282301 10.29610443
v -3.58854437 -2.0128324 10.273592
v -4.50523663 -1.81858253 10.41695595
v -4.62615061 -1.61416626 10.54539776
v -4.62615061 1.40071905 10.65820885
v -4.50523663 1.61416626 10.54539776
v -3.58854437 1.81858206 10.41695499
v -3.58854437 2.16591477 10.4655571
v -3.58854437 3.00844812 9.48651505
v -3.58854437 2.90862131 9.15030479
v -4.50523663 3.00516558 8.92902565
v -4.62615061 3.08490157 8.70115376
v -4.62615061 3.2285006 0.62189871
v -4.50523663 3.2285006 -0.0522387
v -10.784482 2.71597195 9.91550064
v -10.784482 2.6673696 9.56816769
v -8.47474098 2.79581261 9.36375237
v -7.19187737 2.9086225 9.15030479
v -4.70025539 3.00516605 8.92902565
v -4.70025539 3.2285006 -0.05223887
v -10.784482 2.54651856 10.11240959
v -10.784482 2.1958189 10.11612034
v -8.47474098 2.0128324 10.273592
v -7.19187737 1.81858253 10.41695595
v -4.70025539 1.61416626 10.54539776
v -8.47474098 -2.1958189 10.11612034
v -7.19187737 -2.0128324 10.273592
v -4.70025539 -1.81858253 10.41695595
v -8.47474098 -2.36653471 9.94540405
v -7.19187737 -2.52400613 9.76241875
v -4.70025539 -2.66736937 9.56816769
v -3.58854437 -2.36653352 9.94540405
v -4.50523663 -2.52400565 9.76241875
v -4.62615061 -2.66736937 9.56816769
v -3.58854437 -2.19581771 10.11612034
v -4.50523663 -2.0128324 10.273592
v -4.62615061 -1.81858253 10.41695595
v -4.62615061 1.61416626 10.54539776
v -4.50523663 1.81858253 10.41695595
v -3.58854437 2.0128324 10.273592
v -3.58854437 2.36282301 10.29610443
v -3.58854437 2.8702352 9.70648003
v -3.58854437 2.79581141 9.36375237
v -4.50523663 2.90862226 9.15030479
v -4.62615061 3.00516558 8.92902565
v -4.62615061 3.2285006 -0.0522387
v -10.784482 2.52400637 9.76241875
v -8.47474098 2.6673696 9.56816769
v -7.19187737 2.79581213 9.36375237
v -4.70025539 2.90862226 9.15030479
v -10.784482 2.36653471 9.94540405
v -8.47474098 2.1958189 10.11612034
v -7.19187737 2.0128324 10.273592
v -4.70025539 1.81858253 10.41695595
v -7.19187737 -2.1958189 10.11612034
v -4.70025539 -2.0128324 10.273592
v -7.19187737 -2.36653471 9.94540405
v -4.70025539 -2.52400613 9.76241875
v -4.50523663 -2.36653423 9.94540405
v -4.62615061 -2.52400565 9.76241875
v -4.50523663 -2.19581842 10.11612034
v -4.62615061 -2.0128324 10.273592
v -4.62615061 1.81858253 10.41695595
v -4.50523663 2.0128324 10.273592
v -3.58854437 2.19581771 10.11612034
v -3.58854437 2.54651737 10.11240959
v -3.58854437 2.71597075 9.91550064
v -3.58854437 2.66736841 9.56816769
v -4.50523663 2.79581213 9.36375237
v -4.62615061 2.90862226 9.15030479
v -8.47474098 2.52400637 9.76241875
v -7.19187737 2.6673696 9.56816769
v -4.70025539 2.79581213 9.36375237
v -8.47474098 2.36653471 9.94540405
v -7.19187737 2.1958189 10.11612034
v -4.70025539 2.0128324 10.273592
v -4.70025539 -2.19581866 10.11612034
v -4.70025539 -2.36653423 9.94540405
v -4.62615061 -2.36653423 9.94540405
v -4.62615061 -2.19581842 10.11612034
v -4.62615061 2.0128324 10.273592
v -4.50523663 2.19581842 10.11612034
v -3.58854437 2.36653352 9.94540405
v -3.58854437 2.52400517 9.76241875
v -4.50523663 2.66736937 9.56816769
v -4.62615061 2.79581213 9.36375237
v -7.19187737 2.52400613 9.76241875
v -4.70025539 2.66736937 9.56816769
v -7.19187737 2.36653471 9.94540405
v -4.70025539 2.19581866 10.11612034
v -4.62615061 2.19581842 10.11612034
v -4.50523663 2.36653423 9.94540405
v -4.50523663 2.52400565 9.76241875
v -4.62615061 2.66736937 9.56816769
v -4.70025539 2.52400613 9.76241875
v -4.70025539 2.36653423 9.94540405
v -4.62615061 2.36653423 9.94540405
v -4.62615061 2.52400565 9.76241875
v -9.46476269 -6.34126377 20.66069794
v -9.38890266 -6.34126377 20.67068291
v -9.46476269 -6.34126425 20.95379829
v -9.54062176 -6.34126377 20.67068291
v -9.46476269 -6.2921133 20.66069794
v -9.38890266 -6.2921133 20.67068291
v -9.31821251 -6.34126377 20.69996452
v -9.61131191 -6.34126377 20.69996452
v -9.54062176 -6.2921133 20.67068291
v -9.46476269 -6.2921133 20.55466843
v -9.36146069 -6.2921133 20.56826782
v -9.31821251 -6.2921133 20.69996452
v -9.25751019 -6.34126377 20.74654388
v -9.67201519 -6.34126377 20.74654388
v -9.61131191 -6.2921133 20.69996452
v -9.56806374 -6.2921133 20.56826782
v -9.26519871 -6.2921133 20.60814095
v -9.25751019 -6.2921133 20.74654388
v -9.21093082 -6.34126377 20.80724525
v -9.7185936 -6.34126377 20.80724525
v -9.67201519 -6.2921133 20.74654388
v -9.66432571 -6.2921133 20.60814095
v -9.18253708 -6.2921133 20.67156982
v -9.21093082 -6.2921133 20.80724525
v -9.18165016 -6.34126377 20.8779335
v -9.74787426 -6.34126377 20.8779335
v -9.7185936 -6.2921133 20.80724525
v -9.7469883 -6.2921133 20.67156982
v -9.1191082 -6.2921133 20.75423241
v -9.18165016 -6.2921133 20.8779335
v -9.17166328 -6.34126377 20.95379639
v -9.75786114 -6.34126377 20.95379639
v -9.74787426 -6.2921133 20.8779335
v -9.81041622 -6.2921133 20.75423241
v -9.07923508 -6.2921133 20.85049248
v -9.17166328 -6.2921133 20.95379639
v -9.18165016 -6.34126377 21.02965546
v -9.74787426 -6.34126377 21.02965546
v -9.75786114 -6.2921133 20.95379639
v -9.85028934 -6.2921133 20.85049248
v -9.06563568 -6.2921133 20.95379639
v -9.18165016 -6.2921133 21.02965546
v -9.21093082 -6.34126377 21.10034561
v -9.7185936 -6.34126377 21.10034561
v -9.74787426 -6.2921133 21.02965546
v -9.86388969 -6.2921133 20.95379639
v -9.07923508 -6.2921133 21.05709839
v -9.21093082 -6.2921133 21.10034561
v -9.25751019 -6.34126377 21.16104698
v -9.67201424 -6.34126377 21.16104698
v -9.7185936 -6.2921133 21.10034561
v -9.85028934 -6.2921133 21.05709839
v -9.1191082 -6.2921133 21.15335846
v -9.25751019 -6.2921133 21.16104698
v -9.31821251 -6.34126377 21.20762634
v -9.61131191 -6.34126377 21.20762634
v -9.67201424 -6.2921133 21.16104698
v -9.81041622 -6.2921133 21.15335846
v -9.18253708 -6.2921133 21.23601913
v -9.31821251 -6.2921133 21.20762634
v -9.38890266 -6.34126377 21.23690796
v -9.54062176 -6.34126377 21.23690796
v -9.61131191 -6.2921133 21.20762634
v -9.74698734 -6.2921133 21.23601913
v -9.26519775 -6.2921133 21.29944992
v -9.38890266 -6.2921133 21.23690796
v -9.46476269 -6.34126377 21.24689293
v -9.54062176 -6.2921133 21.23690796
v -9.66432571 -6.2921133 21.29944992
v -9.36145973 -6.2921133 21.33932304
v -9.46476269 -6.2921133 21.24689293
v -9.56806374 -6.2921133 21.33932304
v -9.46476269 -6.2921133 21.35292053
v -8.92193317 -6.40838909 20.35064697
v -8.87521172 -6.36166668 20.35064697
v -8.14721012 -6.36166668 20.35064697
v -8.10048771 -6.40838909 20.35064697
v -7.36631489 -6.34126377 20.66069794
v -7.29045582 -6.34126377 20.67068291
v -7.36631489 -6.34126425 20.95379829
v -7.44217491 -6.34126377 20.67068291
v -7.36631489 -6.2921133 20.66069794
v -7.29045582 -6.2921133 20.67068291
v -7.21976566 -6.34126377 20.69996452
v -7.51286459 -6.34126377 20.69996452
v -7.44217491 -6.2921133 20.67068291
v -7.36631489 -6.2921133 20.55466843
v -7.26301384 -6.2921133 20.56826782
v -7.21976566 -6.2921133 20.69996452
v -7.15906334 -6.34126377 20.74654388
v -7.57356739 -6.34126377 20.74654388
v -7.51286459 -6.2921133 20.69996452
v -7.46961737 -6.2921133 20.56826782
v -7.16675234 -6.2921133 20.60814095
v -7.15906334 -6.2921133 20.74654388
v -7.11248398 -6.34126377 20.80724525
v -7.62014675 -6.34126377 20.80724525
v -7.57356739 -6.2921133 20.74654388
v -7.56587887 -6.2921133 20.60814095
v -7.08409023 -6.2921133 20.67156982
v -7.11248398 -6.2921133 20.80724525
v -7.08320332 -6.34126377 20.8779335
v -7.64942694 -6.34126377 20.8779335
v -7.62014675 -6.2921133 20.80724525
v -7.6485405 -6.2921133 20.67156982
v -7.02066135 -6.2921133 20.75423241
v -7.08320332 -6.2921133 20.8779335
v -7.07321644 -6.34126377 20.95379639
v -7.65941429 -6.34126377 20.95379639
v -7.64942694 -6.2921133 20.8779335
v -7.7119689 -6.2921133 20.75423241
v -6.98078823 -6.2921133 20.85049248
v -7.07321644 -6.2921133 20.95379639
v -7.08320332 -6.34126377 21.02965546
v -7.64942694 -6.34126377 21.02965546
v -7.65941429 -6.2921133 20.95379639
v -7.7518425 -6.2921133 20.85049248
v -6.96718788 -6.2921133 20.95379639
v -7.08320332 -6.2921133 21.02965546
v -7.11248398 -6.34126377 21.10034561
v -7.62014675 -6.34126377 21.10034561
v -7.64942694 -6.2921133 21.02965546
v -7.76544189 -6.2921133 20.95379639
v -6.98078823 -6.2921133 21.05709839
v -7.11248398 -6.2921133 21.10034561
v -7.15906239 -6.34126377 21.16104698
v -7.57356739 -6.34126377 21.16104698
v -7.62014675 -6.2921133 21.10034561
v -7.7518425 -6.2921133 21.05709839
v -7.02066135 -6.2921133 21.15335846
v -7.15906239 -6.2921133 21.16104698
v -7.21976566 -6.34126377 21.20762634
v -7.51286459 -6.34126377 21.20762634
v -7.57356739 -6.2921133 21.16104698
v -7.7119689 -6.2921133 21.15335846
v -7.08408928 -6.2921133 21.23601913
v -7.21976566 -6.2921133 21.20762634
v -7.29045582 -6.34126377 21.23690796
v -7.44217443 -6.34126377 21.23690796
v -7.51286459 -6.2921133 21.20762634
v -7.6485405 -6.2921133 21.23601913
v -7.16675186 -6.2921133 21.29944992
v -7.29045582 -6.2921133 21.23690796
v -7.36631489 -6.34126377 21.24689293
v -7.44217443 -6.2921133 21.23690796
v -7.56587887 -6.2921133 21.29944992
v -7.26301289 -6.2921133 21.33932304
v -7.36631489 -6.2921133 21.24689293
v -7.46961737 -6.2921133 21.33932304
v -7.36631489 -6.2921133 21.35292053
v -6.8234868 -6.40838909 20.35064697
v -6.77676487 -6.36166668 20.35064697
v -6.04876232 -6.36166668 20.35064697
v -6.00204134 -6.40838909 20.35064697
v -5.26786804 -6.34126377 20.66069794
v -5.19200897 -6.34126377 20.67068291
v -5.26786804 -6.34126425 20.95379829
v -5.34372807 -6.34126377 20.67068291
v -5.26786804 -6.2921133 20.66069794
v -5.19200897 -6.2921133 20.67068291
v -5.12131882 -6.34126377 20.69996452
v -5.41441774 -6.34126377 20.69996452
v -5.34372807 -6.2921133 20.67068291
v -5.26786804 -6.2921133 20.55466843
v -5.16456652 -6.2921133 20.56826782
v -5.12131882 -6.2921133 20.69996452
v -5.06061554 -6.34126377 20.74654388
v -5.47512054 -6.34126377 20.74654388
v -5.41441774 -6.2921133 20.69996452
v -5.37117004 -6.2921133 20.56826782
v -5.06830454 -6.2921133 20.60814095
v -5.06061554 -6.2921133 20.74654388
v -5.01403713 -6.34126377 20.80724525
v -5.52169943 -6.34126377 20.80724525
v -5.47512054 -6.2921133 20.74654388
v -5.46743155 -6.2921133 20.60814095
v -4.98564291 -6.2921133 20.67156982
v -5.01403713 -6.2921133 20.80724525
v -4.98475647 -6.34126377 20.8779335
v -5.55097961 -6.34126377 20.8779335
v -5.52169943 -6.2921133 20.80724525
v -5.55009365 -6.2921133 20.67156982
v -4.92221403 -6.2921133 20.75423241
v -4.98475647 -6.2921133 20.8779335
v -4.97476912 -6.34126377 20.95379639
v -5.56096697 -6.34126377 20.95379639
v -5.55097961 -6.2921133 20.8779335
v -5.61352205 -6.2921133 20.75423241
v -4.88234091 -6.2921133 20.85049248
v -4.97476912 -6.2921133 20.95379639
v -4.98475599 -6.34126377 21.02965546
v -5.55097961 -6.34126377 21.02965546
v -5.56096697 -6.2921133 20.95379639
v -5.6533947 -6.2921133 20.85049248
v -4.86874104 -6.2921133 20.95379639
v -4.98475599 -6.2921133 21.02965546
v -5.01403666 -6.34126377 21.10034561
v -5.52169943 -6.34126377 21.10034561
v -5.55097961 -6.2921133 21.02965546
v -5.66699505 -6.2921133 20.95379639
v -4.88234091 -6.2921133 21.05709839
v -5.01403666 -6.2921133 21.10034561
v -5.06061554 -6.34126377 21.16104698
v -5.47512054 -6.34126377 21.16104698
v -5.52169943 -6.2921133 21.10034561
v -5.6533947 -6.2921133 21.05709839
v -4.92221355 -6.2921133 21.15335846
v -5.06061554 -6.2921133 21.16104698
v -5.12131882 -6.34126377 21.20762634
v -5.41441774 -6.34126377 21.20762634
v -5.47512054 -6.2921133 21.16104698
v -5.61352205 -6.2921133 21.15335846
v -4.98564243 -6.2921133 21.23601913
v -5.12131882 -6.2921133 21.20762634
v -5.1920085 -6.34126377 21.23690796
v -5.34372807 -6.34126377 21.23690796
v -5.41441774 -6.2921133 21.20762634
v -5.55009365 -6.2921133 21.23601913
v -5.06830406 -6.2921133 21.29944992
v -5.1920085 -6.2921133 21.23690796
v -5.26786804 -6.34126377 21.24689293
v -5.34372807 -6.2921133 21.23690796
v -5.46743155 -6.2921133 21.29944992
v -5.16456604 -6.2921133 21.33932304
v -5.26786804 -6.2921133 21.24689293
v -5.37116957 -6.2921133 21.33932304
v -5.26786804 -6.2921133 21.35292053
v -4.72503948 -6.40838909 20.35064697
v -4.67831755 -6.36166668 20.35064697
v -3.95031548 -6.36166668 20.35064697
v -3.90359402 -6.40838909 20.35064697
v -3.1694212 -6.34126377 20.66069794
v -3.09356189 -6.34126377 20.67068291
v -3.1694212 -6.34126425 20.95379829
v -3.2452805 -6.34126377 20.67068291
v -3.1694212 -6.2921133 20.66069794
v -3.09356189 -6.2921133 20.67068291
v -3.02287173 -6.34126377 20.69996452
v -3.31597066 -6.34126377 20.69996452
v -3.2452805 -6.2921133 20.67068291
v -3.1694212 -6.2921133 20.55466843
v -3.06611967 -6.2921133 20.56826782
v -3.02287173 -6.2921133 20.69996452
v -2.96216869 -6.34126377 20.74654388
v -3.37667298 -6.34126377 20.74654388
v -3.31597066 -6.2921133 20.69996452
v -3.27272272 -6.2921133 20.56826782
v -2.96985769 -6.2921133 20.60814095
v -2.96216869 -6.2921133 20.74654388
v -2.91558981 -6.34126377 20.80724525
v -3.42325258 -6.34126377 20.80724525
v -3.37667298 -6.2921133 20.74654388
v -3.3689847 -6.2921133 20.60814095
v -2.88719559 -6.2921133 20.67156982
v -2.91558981 -6.2921133 20.80724525
v -2.88630939 -6.34126377 20.8779335
v -3.45253229 -6.34126377 20.8779335
v -3.42325258 -6.2921133 20.80724525
v -3.45164609 -6.2921133 20.67156982
v -2.82376671 -6.2921133 20.75423241
v -2.88630939 -6.2921133 20.8779335
v -2.87632227 -6.34126377 20.95379639
v -3.46252012 -6.34126377 20.95379639
v -3.45253229 -6.2921133 20.8779335
v -3.51507497 -6.2921133 20.75423241
v -2.78389406 -6.2921133 20.85049248
v -2.87632227 -6.2921133 20.95379639
v -2.88630867 -6.34126377 21.02965546
v -3.45253229 -6.34126377 21.02965546
v -3.46252012 -6.2921133 20.95379639
v -3.55494761 -6.2921133 20.85049248
v -2.77029419 -6.2921133 20.95379639
v -2.88630867 -6.2921133 21.02965546
v -2.91558981 -6.34126377 21.10034561
v -3.42325258 -6.34126377 21.10034561
v -3.45253229 -6.2921133 21.02965546
v -3.56854749 -6.2921133 20.95379639
v -2.78389406 -6.2921133 21.05709839
v -2.91558981 -6.2921133 21.10034561
v -2.96216869 -6.34126377 21.16104698
v -3.37667298 -6.34126377 21.16104698
v -3.42325258 -6.2921133 21.10034561
v -3.55494761 -6.2921133 21.05709839
v -2.82376671 -6.2921133 21.15335846
v -2.96216869 -6.2921133 21.16104698
v -3.02287173 -6.34126377 21.20762634
v -3.31597066 -6.34126377 21.20762634
v -3.37667298 -6.2921133 21.16104698
v -3.51507497 -6.2921133 21.15335846
v -2.88719559 -6.2921133 21.23601913
v -3.02287173 -6.2921133 21.20762634
v -3.09356117 -6.34126377 21.23690796
v -3.2452805 -6.34126377 21.23690796
v -3.31597066 -6.2921133 21.20762634
v -3.45164609 -6.2921133 21.23601913
v -2.96985698 -6.2921133 21.29944992
v -3.09356117 -6.2921133 21.23690796
v -3.1694212 -6.34126377 21.24689293
v -3.2452805 -6.2921133 21.23690796
v -3.3689847 -6.2921133 21.29944992
v -3.06611896 -6.2921133 21.33932304
v -3.1694212 -6.2921133 21.24689293
v -3.27272272 -6.2921133 21.33932304
v -3.1694212 -6.2921133 21.35292053
v -2.62659216 -6.40838909 20.35064697
v -2.57987022 -6.36166668 20.35064697
v -1.85186863 -6.36166668 20.35064697
v -1.80514741 -6.40838909 20.35064697
v -1.07097387 -6.34126377 20.66069794
v -0.99511385 -6.34126377 20.67068291
v -1.07097387 -6.34126425 20.95379829
v -1.1468339 -6.34126377 20.67068291
v -1.07097387 -6.2921133 20.66069794
v -0.99511385 -6.2921133 20.67068291
v -0.92442513 -6.34126377 20.69996452
v -1.21752405 -6.34126377 20.69996452
v -1.1468339 -6.2921133 20.67068291
v -1.07097387 -6.2921133 20.55466843
v -0.96767235 -6.2921133 20.56826782
v -0.92442513 -6.2921133 20.69996452
v -0.86372209 -6.34126377 20.74654388
v -1.27822566 -6.34126377 20.74654388
v -1.21752405 -6.2921133 20.69996452
v -1.1742754 -6.2921133 20.56826782
v -0.87141037 -6.2921133 20.60814095
v -0.86372209 -6.2921133 20.74654388
v -0.81714249 -6.34126377 20.80724525
v -1.32480526 -6.34126377 20.80724525
v -1.27822566 -6.2921133 20.74654388
v -1.27053738 -6.2921133 20.60814095
v -0.78874898 -6.2921133 20.67156982
v -0.81714249 -6.2921133 20.80724525
v -0.78786206 -6.34126377 20.8779335
v -1.35408568 -6.34126377 20.8779335
v -1.32480526 -6.2921133 20.80724525
v -1.35319877 -6.2921133 20.67156982
v -0.7253201 -6.2921133 20.75423241
v -0.78786206 -6.2921133 20.8779335
v -0.77787495 -6.34126377 20.95379639
v -1.3640728 -6.34126377 20.95379639
v -1.35408568 -6.2921133 20.8779335
v -1.41662765 -6.2921133 20.75423241
v -0.68544745 -6.2921133 20.85049248
v -0.77787495 -6.2921133 20.95379639
v -0.78786206 -6.34126377 21.02965546
v -1.35408568 -6.34126377 21.02965546
v -1.3640728 -6.2921133 20.95379639
v -1.45650101 -6.2921133 20.85049248
v -0.67184687 -6.2921133 20.95379639
v -0.78786206 -6.2921133 21.02965546
v -0.81714249 -6.34126377 21.10034561
v -1.32480526 -6.34126377 21.10034561
v -1.35408568 -6.2921133 21.02965546
v -1.47010088 -6.2921133 20.95379639
v -0.68544674 -6.2921133 21.05709839
v -0.81714249 -6.2921133 21.10034561
v -0.86372137 -6.34126377 21.16104698
v -1.27822566 -6.34126377 21.16104698
v -1.32480526 -6.2921133 21.10034561
v -1.45650101 -6.2921133 21.05709839
v -0.7253201 -6.2921133 21.15335846
v -0.86372137 -6.2921133 21.16104698
v -0.92442369 -6.34126377 21.20762634
v -1.21752405 -6.34126377 21.20762634
v -1.27822566 -6.2921133 21.16104698
v -1.41662765 -6.2921133 21.15335846
v -0.78874826 -6.2921133 21.23601913
v -0.92442369 -6.2921133 21.20762634
v -0.99511385 -6.34126377 21.23690796
v -1.1468339 -6.34126377 21.23690796
v -1.21752405 -6.2921133 21.20762634
v -1.35319877 -6.2921133 21.23601913
v -0.87140965 -6.2921133 21.29944992
v -0.99511385 -6.2921133 21.23690796
v -1.07097387 -6.34126377 21.24689293
v -1.1468339 -6.2921133 21.23690796
v -1.27053738 -6.2921133 21.29944992
v -0.96767235 -6.2921133 21.33932304
v -1.07097387 -6.2921133 21.24689293
v -1.1742754 -6.2921133 21.33932304
v -1.07097387 -6.2921133 21.35292053
v -0.52814555 -6.40838909 20.35064697
v -0.48142362 -6.36166668 20.35064697
v 0.24657869 -6.36166668 20.35064697
v 0.29329991 -6.40838909 20.35064697
v 1.02747345 -6.34126377 20.66069794
v 1.10333276 -6.34126377 20.67068291
v 1.02747345 -6.34126425 20.95379829
v 0.95161343 -6.34126377 20.67068291
v 1.02747345 -6.2921133 20.66069794
v 1.10333276 -6.2921133 20.67068291
v 1.1740222 -6.34126377 20.69996452
v 0.88092327 -6.34126377 20.69996452
v 0.95161343 -6.2921133 20.67068291
v 1.02747345 -6.2921133 20.55466843
v 1.13077497 -6.2921133 20.56826782
v 1.1740222 -6.2921133 20.69996452
v 1.23472524 -6.34126377 20.74654388
v 0.82022166 -6.34126377 20.74654388
v 0.88092327 -6.2921133 20.69996452
v 0.92417192 -6.2921133 20.56826782
v 1.22703624 -6.2921133 20.60814095
v 1.23472524 -6.2921133 20.74654388
v 1.28130484 -6.34126377 20.80724525
v 0.77364206 -6.34126377 20.80724525
v 0.82022166 -6.2921133 20.74654388
v 0.82790995 -6.2921133 20.60814095
v 1.30969834 -6.2921133 20.67156982
v 1.28130484 -6.2921133 20.80724525
v 1.31058526 -6.34126377 20.8779335
v 0.74436164 -6.34126377 20.8779335
v 0.77364206 -6.2921133 20.80724525
v 0.74524856 -6.2921133 20.67156982
v 1.37312722 -6.2921133 20.75423241
v 1.31058526 -6.2921133 20.8779335
v 1.32057238 -6.34126377 20.95379639
v 0.73437452 -6.34126377 20.95379639
v 0.74436164 -6.2921133 20.8779335
v 0.68181968 -6.2921133 20.75423241
v 1.41299987 -6.2921133 20.85049248
v 1.32057238 -6.2921133 20.95379639
v 1.31058526 -6.34126377 21.02965546
v 0.74436164 -6.34126377 21.02965546
v 0.73437452 -6.2921133 20.95379639
v 0.6419456 -6.2921133 20.85049248
v 1.42660046 -6.2921133 20.95379639
v 1.31058526 -6.2921133 21.02965546
v 1.28130484 -6.34126377 21.10034561
v 0.77364206 -6.34126377 21.10034561
v 0.74436164 -6.2921133 21.02965546
v 0.62834573 -6.2921133 20.95379639
v 1.41300058 -6.2921133 21.05709839
v 1.28130484 -6.2921133 21.10034561
v 1.23472595 -6.34126377 21.16104698
v 0.82022166 -6.34126377 21.16104698
v 0.77364206 -6.2921133 21.10034561
v 0.6419456 -6.2921133 21.05709839
v 1.37312722 -6.2921133 21.15335846
v 1.23472595 -6.2921133 21.16104698
v 1.17402291 -6.34126377 21.20762634
v 0.88092327 -6.34126377 21.20762634
v 0.82022166 -6.2921133 21.16104698
v 0.68181968 -6.2921133 21.15335846
v 1.30969906 -6.2921133 21.23601913
v 1.17402291 -6.2921133 21.20762634
v 1.10333276 -6.34126377 21.23690796
v 0.95161343 -6.34126377 21.23690796
v 0.88092327 -6.2921133 21.20762634
v 0.74524856 -6.2921133 21.23601913
v 1.22703767 -6.2921133 21.29944992
v 1.10333276 -6.2921133 21.23690796
v 1.02747345 -6.34126377 21.24689293
v 0.95161343 -6.2921133 21.23690796
v 0.82790995 -6.2921133 21.29944992
v 1.13077497 -6.2921133 21.33932304
v 1.02747345 -6.2921133 21.24689293
v 0.92417192 -6.2921133 21.33932304
v 1.02747345 -6.2921133 21.35292053
v 1.57030177 -6.40838909 20.35064697
v 1.61702371 -6.36166668 20.35064697
v 2.34502602 -6.36166668 20.35064697
v 2.39174652 -6.40838909 20.35064697
v 3.12592077 -6.34126377 20.66069794
v 3.2017808 -6.34126377 20.67068291
v 3.12592077 -6.34126425 20.95379829
v 3.05006075 -6.34126377 20.67068291
v 3.12592077 -6.2921133 20.66069794
v 3.2017808 -6.2921133 20.67068291
v 3.27246952 -6.34126377 20.69996452
v 2.97937059 -6.34126377 20.69996452
v 3.05006075 -6.2921133 20.67068291
v 3.12592077 -6.2921133 20.55466843
v 3.2292223 -6.2921133 20.56826782
v 3.27246952 -6.2921133 20.69996452
v 3.33317184 -6.34126377 20.74654388
v 2.91866827 -6.34126377 20.74654388
v 2.97937059 -6.2921133 20.69996452
v 3.02261925 -6.2921133 20.56826782
v 3.32548428 -6.2921133 20.60814095
v 3.33317184 -6.2921133 20.74654388
v 3.37975216 -6.34126377 20.80724525
v 2.87208939 -6.34126377 20.80724525
v 2.91866827 -6.2921133 20.74654388
v 2.92635727 -6.2921133 20.60814095
v 3.40814495 -6.2921133 20.67156982
v 3.37975216 -6.2921133 20.80724525
v 3.40903187 -6.34126377 20.8779335
v 2.84280825 -6.34126377 20.8779335
v 2.87208939 -6.2921133 20.80724525
v 2.84369516 -6.2921133 20.67156982
v 3.47157383 -6.2921133 20.75423241
v 3.40903187 -6.2921133 20.8779335
v 3.4190197 -6.34126377 20.95379639
v 2.83282185 -6.34126377 20.95379639
v 2.84280825 -6.2921133 20.8779335
v 2.78026628 -6.2921133 20.75423241
v 3.51144648 -6.2921133 20.85049248
v 3.4190197 -6.2921133 20.95379639
v 3.40903187 -6.34126377 21.02965546
v 2.84280825 -6.34126377 21.02965546
v 2.83282185 -6.2921133 20.95379639
v 2.74039364 -6.2921133 20.85049248
v 3.52504778 -6.2921133 20.95379639
v 3.40903187 -6.2921133 21.02965546
v 3.37975216 -6.34126377 21.10034561
v 2.87208939 -6.34126377 21.10034561
v 2.84280825 -6.2921133 21.02965546
v 2.72679377 -6.2921133 20.95379639
v 3.51144791 -6.2921133 21.05709839
v 3.37975216 -6.2921133 21.10034561
v 3.33317327 -6.34126377 21.16104698
v 2.91866827 -6.34126377 21.16104698
v 2.87208939 -6.2921133 21.10034561
v 2.74039364 -6.2921133 21.05709839
v 3.47157383 -6.2921133 21.15335846
v 3.33317327 -6.2921133 21.16104698
v 3.27247095 -6.34126377 21.20762634
v 2.97937059 -6.34126377 21.20762634
v 2.91866827 -6.2921133 21.16104698
v 2.78026628 -6.2921133 21.15335846
v 3.40814638 -6.2921133 21.23601913
v 3.27247095 -6.2921133 21.20762634
v 3.2017808 -6.34126377 21.23690796
v 3.05006075 -6.34126377 21.23690796
v 2.97937059 -6.2921133 21.20762634
v 2.84369516 -6.2921133 21.23601913
v 3.32548428 -6.2921133 21.29944992
v 3.2017808 -6.2921133 21.23690796
v 3.12592077 -6.34126377 21.24689293
v 3.05006075 -6.2921133 21.23690796
v 2.92635727 -6.2921133 21.29944992
v 3.2292223 -6.2921133 21.33932304
v 3.12592077 -6.2921133 21.24689293
v 3.02261925 -6.2921133 21.33932304
v 3.12592077 -6.2921133 21.35292053
v 3.66874838 -6.40838909 20.35064697
v 3.71547031 -6.36166668 20.35064697
v 4.44347334 -6.36166668 20.35064697
v 4.49019384 -6.40838909 20.35064697
v 5.22436666 -6.34126377 20.66069794
v 5.30022383 -6.34126377 20.67068291
v 5.22436666 -6.34126425 20.95379829
v 5.14850664 -6.34126377 20.67068291
v 5.22436666 -6.2921133 20.66069794
v 5.30022383 -6.2921133 20.67068291
v 5.37091398 -6.34126377 20.69996452
v 5.07781649 -6.34126377 20.69996452
v 5.14850664 -6.2921133 20.67068291
v 5.22436666 -6.2921133 20.55466843
v 5.32766533 -6.2921133 20.56826782
v 5.37091398 -6.2921133 20.69996452
v 5.43161631 -6.34126377 20.74654388
v 5.01711273 -6.34126377 20.74654388
v 5.07781649 -6.2921133 20.69996452
v 5.12106371 -6.2921133 20.56826782
v 5.42393017 -6.2921133 20.60814095
v 5.43161631 -6.2921133 20.74654388
v 5.47819519 -6.34126377 20.80724525
v 4.97053385 -6.34126377 20.80724525
v 5.01711273 -6.2921133 20.74654388
v 5.02480316 -6.2921133 20.60814095
v 5.50659227 -6.2921133 20.67156982
v 5.47819519 -6.2921133 20.80724525
v 5.50747776 -6.34126377 20.8779335
v 4.94125271 -6.34126377 20.8779335
v 4.97053385 -6.2921133 20.80724525
v 4.94214106 -6.2921133 20.67156982
v 5.57002115 -6.2921133 20.75423241
v 5.50747776 -6.2921133 20.8779335
v 5.51746416 -6.34126377 20.95379639
v 4.93126917 -6.34126377 20.95379639
v 4.94125271 -6.2921133 20.8779335
v 4.87871218 -6.2921133 20.75423241
v 5.6098938 -6.2921133 20.85049248
v 5.51746416 -6.2921133 20.95379639
v 5.50747776 -6.34126377 21.02965546
v 4.94125271 -6.34126377 21.02965546
v 4.93126917 -6.2921133 20.95379639
v 4.83883953 -6.2921133 20.85049248
v 5.62349367 -6.2921133 20.95379639
v 5.50747776 -6.2921133 21.02965546
v 5.47819519 -6.34126377 21.10034561
v 4.97053385 -6.34126377 21.10034561
v 4.94125271 -6.2921133 21.02965546
v 4.82523966 -6.2921133 20.95379639
v 5.6098938 -6.2921133 21.05709839
v 5.47819519 -6.2921133 21.10034561
v 5.43161631 -6.34126377 21.16104698
v 5.01711273 -6.34126377 21.16104698
v 4.97053385 -6.2921133 21.10034561
v 4.83883953 -6.2921133 21.05709839
v 5.57002115 -6.2921133 21.15335846
v 5.43161631 -6.2921133 21.16104698
v 5.37091398 -6.34126377 21.20762634
v 5.07781649 -6.34126377 21.20762634
v 5.01711273 -6.2921133 21.16104698
v 4.87871218 -6.2921133 21.15335846
v 5.50659227 -6.2921133 21.23601913
v 5.37091398 -6.2921133 21.20762634
v 5.30022669 -6.34126377 21.23690796
v 5.14850664 -6.34126377 21.23690796
v 5.07781649 -6.2921133 21.20762634
v 4.94214106 -6.2921133 21.23601913
v 5.42393017 -6.2921133 21.29944992
v 5.30022669 -6.2921133 21.23690796
v 5.22436666 -6.34126377 21.24689293
v 5.14850664 -6.2921133 21.23690796
v 5.02480316 -6.2921133 21.29944992
v 5.32766962 -6.2921133 21.33932304
v 5.22436666 -6.2921133 21.24689293
v 5.12106371 -6.2921133 21.33932304
v 5.22436666 -6.2921133 21.35292053
v 5.76719427 -6.40838909 20.35064697
v 5.81391764 -6.36166668 20.35064697
v 6.54191923 -6.36166668 20.35064697
v 6.58863831 -6.40838909 20.35064697
v 7.32281399 -6.34126377 20.66069794
v 7.39867115 -6.34126377 20.67068291
v 7.32281399 -6.34126425 20.95379829
v 7.24695253 -6.34126377 20.67068291
v 7.32281399 -6.2921133 20.66069794
v 7.39867115 -6.2921133 20.67068291
v 7.46936131 -6.34126377 20.69996452
v 7.17626238 -6.34126377 20.69996452
v 7.24695253 -6.2921133 20.67068291
v 7.32281399 -6.2921133 20.55466843
v 7.42611265 -6.2921133 20.56826782
v 7.46936131 -6.2921133 20.69996452
v 7.53006363 -6.34126377 20.74654388
v 7.11556005 -6.34126377 20.74654388
v 7.17626238 -6.2921133 20.69996452
v 7.21951103 -6.2921133 20.56826782
v 7.52237749 -6.2921133 20.60814095
v 7.53006363 -6.2921133 20.74654388
v 7.57664251 -6.34126377 20.80724525
v 7.06898117 -6.34126377 20.80724525
v 7.11556005 -6.2921133 20.74654388
v 7.12325048 -6.2921133 20.60814095
v 7.60503817 -6.2921133 20.67156982
v 7.57664251 -6.2921133 20.80724525
v 7.60592508 -6.34126377 20.8779335
v 7.03970003 -6.34126377 20.8779335
v 7.06898117 -6.2921133 20.80724525
v 7.04058838 -6.2921133 20.67156982
v 7.66846704 -6.2921133 20.75423241
v 7.60592508 -6.2921133 20.8779335
v 7.61591148 -6.34126377 20.95379639
v 7.0297122 -6.34126377 20.95379639
v 7.03970003 -6.2921133 20.8779335
v 6.9771595 -6.2921133 20.75423241
v 7.70834112 -6.2921133 20.85049248
v 7.61591148 -6.2921133 20.95379639
v 7.60592508 -6.34126377 21.02965546
v 7.03970003 -6.34126377 21.02965546
v 7.0297122 -6.2921133 20.95379639
v 6.93728685 -6.2921133 20.85049248
v 7.72193956 -6.2921133 20.95379639
v 7.60592508 -6.2921133 21.02965546
v 7.57664251 -6.34126377 21.10034561
v 7.06898117 -6.34126377 21.10034561
v 7.03970003 -6.2921133 21.02965546
v 6.92368698 -6.2921133 20.95379639
v 7.70834112 -6.2921133 21.05709839
v 7.57664251 -6.2921133 21.10034561
v 7.53006363 -6.34126377 21.16104698
v 7.11556005 -6.34126377 21.16104698
v 7.06898117 -6.2921133 21.10034561
v 6.93728685 -6.2921133 21.05709839
v 7.66846704 -6.2921133 21.15335846
v 7.53006363 -6.2921133 21.16104698
v 7.46936131 -6.34126377 21.20762634
v 7.17626238 -6.34126377 21.20762634
v 7.11556005 -6.2921133 21.16104698
v 6.9771595 -6.2921133 21.15335846
v 7.60503817 -6.2921133 21.23601913
v 7.46936131 -6.2921133 21.20762634
v 7.39867401 -6.34126377 21.23690796
v 7.24695253 -6.34126377 21.23690796
v 7.17626238 -6.2921133 21.20762634
v 7.04058838 -6.2921133 21.23601913
v 7.52237749 -6.2921133 21.29944992
v 7.39867401 -6.2921133 21.23690796
v 7.32281399 -6.34126377 21.24689293
v 7.24695253 -6.2921133 21.23690796
v 7.12325048 -6.2921133 21.29944992
v 7.42611551 -6.2921133 21.33932304
v 7.32281399 -6.2921133 21.24689293
v 7.21951103 -6.2921133 21.33932304
v 7.32281399 -6.2921133 21.35292053
v 7.86564159 -6.40838909 20.35064697
v 7.91236353 -6.36166668 20.35064697
v 8.64036655 -6.36166668 20.35064697
v 8.68708611 -6.40838909 20.35064697
v 9.42126083 -6.34126377 20.66069794
v 9.497118 -6.34126377 20.67068291
v 9.42126083 -6.34126425 20.95379829
v 9.34539986 -6.34126377 20.67068291
v 9.42126083 -6.2921133 20.66069794
v 9.497118 -6.2921133 20.67068291
v 9.56780815 -6.34126377 20.69996452
v 9.2747097 -6.34126377 20.69996452
v 9.34539986 -6.2921133 20.67068291
v 9.42126083 -6.2921133 20.55466843
v 9.52455997 -6.2921133 20.56826782
v 9.56780815 -6.2921133 20.69996452
v 9.62851143 -6.34126377 20.74654388
v 9.21400738 -6.34126377 20.74654388
v 9.2747097 -6.2921133 20.69996452
v 9.31795883 -6.2921133 20.56826782
v 9.62082481 -6.2921133 20.60814095
v 9.62851143 -6.2921133 20.74654388
v 9.67508984 -6.34126377 20.80724525
v 9.16742897 -6.34126377 20.80724525
v 9.21400738 -6.2921133 20.74654388
v 9.22169781 -6.2921133 20.60814095
v 9.70348549 -6.2921133 20.67156982
v 9.67508984 -6.2921133 20.80724525
v 9.70437241 -6.34126377 20.8779335
v 9.13814735 -6.34126377 20.8779335
v 9.16742897 -6.2921133 20.80724525
v 9.13903618 -6.2921133 20.67156982
v 9.76691437 -6.2921133 20.75423241
v 9.70437241 -6.2921133 20.8779335
v 9.71435928 -6.34126377 20.95379639
v 9.12815952 -6.34126377 20.95379639
v 9.13814735 -6.2921133 20.8779335
v 9.0756073 -6.2921133 20.75423241
v 9.80678844 -6.2921133 20.85049248
v 9.71435928 -6.2921133 20.95379639
v 9.70437241 -6.34126377 21.02965546
v 9.13814735 -6.34126377 21.02965546
v 9.12815952 -6.2921133 20.95379639
v 9.03573418 -6.2921133 20.85049248
v 9.82038689 -6.2921133 20.95379639
v 9.70437241 -6.2921133 21.02965546
v 9.67508984 -6.34126377 21.10034561
v 9.16742897 -6.34126377 21.10034561
v 9.13814735 -6.2921133 21.02965546
v 9.02213478 -6.2921133 20.95379639
v 9.80678844 -6.2921133 21.05709839
v 9.67508984 -6.2921133 21.10034561
v 9.62851143 -6.34126377 21.16104698
v 9.21400738 -6.34126377 21.16104698
v 9.16742897 -6.2921133 21.10034561
v 9.03573418 -6.2921133 21.05709839
v 9.76691437 -6.2921133 21.15335846
v 9.62851143 -6.2921133 21.16104698
v 9.56780815 -6.34126377 21.20762634
v 9.2747097 -6.34126377 21.20762634
v 9.21400738 -6.2921133 21.16104698
v 9.0756073 -6.2921133 21.15335846
v 9.70348549 -6.2921133 21.23601913
v 9.56780815 -6.2921133 21.20762634
v 9.49712181 -6.34126377 21.23690796
v 9.34539986 -6.34126377 21.23690796
v 9.2747097 -6.2921133 21.20762634
v 9.13903618 -6.2921133 21.23601913
v 9.62082481 -6.2921133 21.29944992
v 9.49712181 -6.2921133 21.23690796
v 9.42126083 -6.34126377 21.24689293
v 9.34539986 -6.2921133 21.23690796
v 9.22169781 -6.2921133 21.29944992
v 9.52456284 -6.2921133 21.33932304
v 9.42126083 -6.2921133 21.24689293
v 9.31795883 -6.2921133 21.33932304
v 9.42126083 -6.2921133 21.35292053
v 9.96408844 -6.40838909 20.35064697
v 10.01081085 -6.36166668 20.35064697
v 10.7388134 -6.36166668 20.35064697
v 10.78553295 -6.40838909 20.35064697
v -10.05431271 -6.36166668 20.35064697
v -10.00759125 -6.40838909 20.35064697
v -10.78231525 -6.36166668 20.35064697
v -10.82903671 -6.40838909 20.35064697
v -11.00109482 5.76764965 20.35064697
v -10.95437431 5.72092819 20.35064697
v -10.95437431 4.9929266 20.35064697
v -11.00109482 4.94620466 20.35064697
v -10.93397045 4.21203136 20.66069794
v -10.93397045 4.13617229 20.67068291
v -10.93397141 4.21203089 20.95379829
v -10.93397045 4.28789091 20.67068291
v -10.88482094 4.21203136 20.66069794
v -10.88482094 4.13617182 20.67068291
v -10.93397045 4.06548214 20.69996452
v -10.93397045 4.35858059 20.69996452
v -10.88482094 4.28789043 20.67068291
v -10.88482094 4.21203136 20.55466843
v -10.88482094 4.10872936 20.56826782
v -10.88482094 4.06548166 20.69996452
v -10.93397045 4.00477934 20.74654388
v -10.93397045 4.41928339 20.74654388
v -10.88482094 4.35858059 20.69996452
v -10.88482094 4.31533337 20.56826782
v -10.88482094 4.01246834 20.60814095
v -10.88482094 4.00477886 20.74654388
v -10.93397045 3.95820093 20.80724525
v -10.93397045 4.46586275 20.80724525
v -10.88482094 4.41928387 20.74654388
v -10.88482094 4.41159534 20.60814095
v -10.88482094 3.92980671 20.67156982
v -10.88482094 3.95820022 20.80724525
v -10.93397045 3.92891979 20.8779335
v -10.93397045 4.49514294 20.8779335
v -10.88482094 4.46586227 20.80724525
v -10.88482094 4.49425697 20.67156982
v -10.88481998 3.86637783 20.75423241
v -10.88482094 3.92891908 20.8779335
v -10.93397045 3.91893244 20.95379639
v -10.93397045 4.50513029 20.95379639
v -10.88482094 4.49514294 20.8779335
v -10.88482094 4.55768585 20.75423241
v -10.88481998 3.82650447 20.85049248
v -10.88482094 3.91893196 20.95379639
v -10.93397045 3.92891884 21.02965546
v -10.93397045 4.49514294 21.02965546
v -10.88482094 4.50512981 20.95379639
v -10.88482094 4.5975585 20.85049248
v -10.88481998 3.8129046 20.95379639
v -10.88482094 3.92891908 21.02965546
v -10.93397045 3.95819998 21.10034561
v -10.93397045 4.46586275 21.10034561
v -10.88482094 4.49514294 21.02965546
v -10.88482094 4.61115837 20.95379639
v -10.88481998 3.82650447 21.05709839
v -10.88482094 3.9581995 21.10034561
v -10.93397045 4.00477934 21.16104698
v -10.93397045 4.41928339 21.16104698
v -10.88482094 4.46586227 21.10034561
v -10.88482094 4.5975585 21.05709839
v -10.88481998 3.86637712 21.15335846
v -10.88482094 4.00477886 21.16104698
v -10.93397045 4.06548214 21.20762634
v -10.93397045 4.35858059 21.20762634
v -10.88482094 4.41928387 21.16104698
v -10.88482094 4.55768585 21.15335846
v -10.88482094 3.92980599 21.23601913
v -10.88482094 4.06548166 21.20762634
v -10.93397045 4.13617134 21.23690796
v -10.93397045 4.28789091 21.23690796
v -10.88482094 4.35858059 21.20762634
v -10.88482094 4.49425697 21.23601913
v -10.88482094 4.01246786 21.29944992
v -10.88482094 4.13617134 21.23690796
v -10.93397045 4.21203136 21.24689293
v -10.88482094 4.28789043 21.23690796
v -10.88482094 4.41159534 21.29944992
v -10.88482094 4.10872936 21.33932304
v -10.88482094 4.21203136 21.24689293
v -10.88482094 4.31533241 21.33932304
v -10.88482094 4.21203136 21.35292053
v -11.00109482 3.6692028 20.35064697
v -10.95437336 3.62248135 20.35064697
v -10.95437336 2.89447927 20.35064697
v -11.00109482 2.84775782 20.35064697
v -10.9339695 2.11358452 20.66069794
v -10.9339695 2.03772449 20.67068291
v -10.93397045 2.11358404 20.95379829
v -10.9339695 2.18944407 20.67068291
v -10.88481998 2.11358476 20.66069794
v -10.88481998 2.03772426 20.67068291
v -10.9339695 1.96703529 20.69996452
v -10.9339695 2.26013422 20.69996452
v -10.88481998 2.18944383 20.67068291
v -10.88481998 2.11358476 20.55466843
v -10.88481998 2.01028252 20.56826782
v -10.88481998 1.96703589 20.69996452
v -10.9339695 1.90633249 20.74654388
v -10.9339695 2.32083654 20.74654388
v -10.88481998 2.26013398 20.69996452
v -10.88481998 2.21688557 20.56826782
v -10.88481998 1.91402113 20.60814095
v -10.88481998 1.90633249 20.74654388
v -10.9339695 1.85975313 20.80724525
v -10.9339695 2.3674159 20.80724525
v -10.88481998 2.32083678 20.74654388
v -10.88481998 2.31314802 20.60814095
v -10.88481998 1.83135939 20.67156982
v -10.88481998 1.85975313 20.80724525
v -10.9339695 1.83047283 20.8779335
v -10.9339695 2.39669609 20.8779335
v -10.88481998 2.36741543 20.80724525
v -10.88481998 2.39580989 20.67156982
v -10.88481998 1.76793075 20.75423241
v -10.88481998 1.83047283 20.8779335
v -10.9339695 1.82048559 20.95379639
v -10.9339695 2.40668344 20.95379639
v -10.88481998 2.39669561 20.8779335
v -10.88481998 2.45923877 20.75423241
v -10.88481998 1.7280581 20.85049248
v -10.88481998 1.82048559 20.95379639
v -10.9339695 1.83047283 21.02965546
v -10.9339695 2.39669609 21.02965546
v -10.88481998 2.40668297 20.95379639
v -10.88481998 2.49911237 20.85049248
v -10.88481998 1.71445727 20.95379639
v -10.88481998 1.83047283 21.02965546
v -10.9339695 1.85975313 21.10034561
v -10.9339695 2.3674159 21.10034561
v -10.88481998 2.39669561 21.02965546
v -10.88481998 2.51271129 20.95379639
v -10.88481998 1.72805715 21.05709839
v -10.88481998 1.85975313 21.10034561
v -10.9339695 1.90633154 21.16104698
v -10.9339695 2.32083654 21.16104698
v -10.88481998 2.36741543 21.10034561
v -10.88481998 2.49911237 21.05709839
v -10.88481998 1.76793075 21.15335846
v -10.88481998 1.90633154 21.16104698
v -10.9339695 1.96703446 21.20762634
v -10.9339695 2.26013422 21.20762634
v -10.88481998 2.32083678 21.16104698
v -10.88481998 2.45923877 21.15335846
v -10.88481998 1.83135843 21.23601913
v -10.88481998 1.9670341 21.20762634
v -10.9339695 2.03772449 21.23690796
v -10.9339695 2.18944407 21.23690796
v -10.88481998 2.26013398 21.20762634
v -10.88481998 2.39580989 21.23601913
v -10.88481998 1.91402042 21.29944992
v -10.88481998 2.03772426 21.23690796
v -10.9339695 2.11358452 21.24689293
v -10.88481998 2.18944383 21.23690796
v -10.88481998 2.31314802 21.29944992
v -10.88481998 2.01028252 21.33932304
v -10.88481998 2.11358476 21.24689293
v -10.88481998 2.21688557 21.33932304
v -10.88481998 2.11358476 21.35292053
v -11.00109482 1.5707562 20.35064697
v -10.95437336 1.52403426 20.35064697
v -10.95437336 0.79603189 20.35064697
v -11.00109482 0.74931085 20.35064697
v -10.9339695 0.01513741 20.66069794
v -10.93397045 -0.06072233 20.67068291
v -10.93397045 0.01513741 20.95379829
v -10.93397045 0.09099714 20.67068291
v -10.88481998 0.01513741 20.66069794
v -10.88481998 -0.06072233 20.67068291
v -10.9339695 -0.13141164 20.69996452
v -10.93397045 0.1616873 20.69996452
v -10.88481998 0.09099714 20.67068291
v -10.88481998 0.01513741 20.55466843
v -10.88481998 -0.08816412 20.56826782
v -10.88481998 -0.13141164 20.69996452
v -10.9339695 -0.19211453 20.74654388
v -10.9339695 0.22238934 20.74654388
v -10.88481998 0.1616873 20.69996452
v -10.88481998 0.11843894 20.56826782
v -10.88481998 -0.18442582 20.60814095
v -10.88481998 -0.19211453 20.74654388
v -10.93397045 -0.23869398 20.80724525
v -10.9339695 0.26896882 20.80724525
v -10.88481998 0.22238934 20.74654388
v -10.88481998 0.21470064 20.60814095
v -10.88481998 -0.26708764 20.67156982
v -10.88481998 -0.23869398 20.80724525
v -10.93397045 -0.26797426 20.8779335
v -10.9339695 0.2982491 20.8779335
v -10.88481998 0.26896882 20.80724525
v -10.88481998 0.29736248 20.67156982
v -10.88481998 -0.33051652 20.75423241
v -10.88481998 -0.26797426 20.8779335
v -10.93397045 -0.27796152 20.95379639
v -10.9339695 0.30823636 20.95379639
v -10.88481998 0.2982491 20.8779335
v -10.88481998 0.36079136 20.75423241
v -10.88481998 -0.37038916 20.85049248
v -10.88481998 -0.27796152 20.95379639
v -10.93397045 -0.26797426 21.02965546
v -10.9339695 0.2982491 21.02965546
v -10.88481998 0.30823636 20.95379639
v -10.88481998 0.40066487 20.85049248
v -10.88481998 -0.38398987 20.95379639
v -10.88481998 -0.26797426 21.02965546
v -10.93397045 -0.23869398 21.10034561
v -10.9339695 0.26896882 21.10034561
v -10.88481998 0.2982491 21.02965546
v -10.88481998 0.41426474 20.95379639
v -10.88481998 -0.37039003 21.05709839
v -10.88481998 -0.23869398 21.10034561
v -10.93397045 -0.1921154 21.16104698
v -10.9339695 0.22238934 21.16104698
v -10.88481998 0.26896882 21.10034561
v -10.88481998 0.40066487 21.05709839
v -10.88481998 -0.33051652 21.15335846
v -10.88481998 -0.1921154 21.16104698
v -10.93397045 -0.13141248 21.20762634
v -10.93397045 0.1616873 21.20762634
v -10.88481998 0.22238934 21.16104698
v -10.88481998 0.36079136 21.15335846
v -10.88481998 -0.26708847 21.23601913
v -10.88481998 -0.13141248 21.20762634
v -10.93397045 -0.06072233 21.23690796
v -10.93397045 0.09099714 21.23690796
v -10.88481998 0.1616873 21.20762634
v -10.88481998 0.29736248 21.23601913
v -10.88481998 -0.18442667 21.29944992
v -10.88481998 -0.06072233 21.23690796
v -10.9339695 0.01513741 21.24689293
v -10.88481998 0.09099714 21.23690796
v -10.88481998 0.21470064 21.29944992
v -10.88481998 -0.08816412 21.33932304
v -10.88481998 0.01513741 21.24689293
v -10.88481998 0.11843894 21.33932304
v -10.88481998 0.01513741 21.35292053
v -11.00109482 -0.52769107 20.35064697
v -10.95437336 -0.574413 20.35064697
v -10.95437336 -1.30241513 20.35064697
v -11.00109482 -1.34913635 20.35064697
v -10.9339695 -2.08330989 20.66069794
v -10.9339695 -2.15916944 20.67068291
v -10.9339695 -2.08330989 20.95379829
v -10.9339695 -2.0074501 20.67068291
v -10.88481998 -2.08330989 20.66069794
v -10.88481903 -2.15916944 20.67068291
v -10.9339695 -2.22985888 20.69996452
v -10.9339695 -1.93675983 20.69996452
v -10.88481903 -2.0074501 20.67068291
v -10.88481998 -2.08330989 20.55466843
v -10.88481903 -2.18661141 20.56826782
v -10.88481998 -2.22985888 20.69996452
v -10.9339695 -2.29056168 20.74654388
v -10.9339695 -1.87605786 20.74654388
v -10.88481903 -1.93675983 20.69996452
v -10.88481903 -1.98000836 20.56826782
v -10.88481998 -2.28287292 20.60814095
v -10.88481998 -2.29056168 20.74654388
v -10.9339695 -2.33714128 20.80724525
v -10.9339695 -1.8294785 20.80724525
v -10.88481998 -1.87605786 20.74654388
v -10.88481998 -1.8837465 20.60814095
v -10.88481998 -2.36553478 20.67156982
v -10.88481903 -2.33714128 20.80724525
v -10.9339695 -2.36642146 20.8779335
v -10.9339695 -1.8001982 20.8779335
v -10.88481903 -1.8294785 20.80724525
v -10.88481998 -1.80108476 20.67156982
v -10.88481998 -2.42896366 20.75423241
v -10.88481903 -2.36642146 20.8779335
v -10.9339695 -2.37640882 20.95379639
v -10.93397045 -1.79021096 20.95379639
v -10.88481903 -1.8001982 20.8779335
v -10.88481998 -1.73765588 20.75423241
v -10.88481903 -2.46883631 20.85049248
v -10.88481903 -2.37640882 20.95379639
v -10.9339695 -2.36642146 21.02965546
v -10.9339695 -1.8001982 21.02965546
v -10.88481998 -1.79021096 20.95379639
v -10.88481998 -1.69778228 20.85049248
v -10.88481903 -2.48243713 20.95379639
v -10.88481903 -2.36642146 21.02965546
v -10.9339695 -2.33714128 21.10034561
v -10.9339695 -1.8294785 21.10034561
v -10.88481903 -1.8001982 21.02965546
v -10.88481998 -1.68418241 20.95379639
v -10.88481998 -2.46883726 21.05709839
v -10.88481903 -2.33714128 21.10034561
v -10.9339695 -2.29056263 21.16104698
v -10.9339695 -1.87605786 21.16104698
v -10.88481903 -1.8294785 21.10034561
v -10.88481998 -1.69778228 21.05709839
v -10.88481998 -2.42896366 21.15335846
v -10.88481903 -2.29056263 21.16104698
v -10.9339695 -2.22985959 21.20762634
v -10.9339695 -1.93675983 21.20762634
v -10.88481998 -1.87605786 21.16104698
v -10.88481998 -1.73765588 21.15335846
v -10.88481903 -2.36553574 21.23601913
v -10.88481903 -2.22985959 21.20762634
v -10.9339695 -2.15916944 21.23690796
v -10.9339695 -2.0074501 21.23690796
v -10.88481903 -1.93675983 21.20762634
v -10.88481998 -1.80108476 21.23601913
v -10.88481903 -2.28287387 21.29944992
v -10.88481903 -2.15916944 21.23690796
v -10.9339695 -2.08330989 21.24689293
v -10.88481903 -2.0074501 21.23690796
v -10.88481998 -1.8837465 21.29944992
v -10.88481903 -2.18661141 21.33932304
v -10.88481998 -2.08330989 21.24689293
v -10.88481903 -1.98000836 21.33932304
v -10.88481998 -2.08330989 21.35292053
v -11.00109482 -2.62613821 20.35064697
v -10.95437336 -2.67286015 20.35064697
v -10.95437336 -3.40086269 20.35064697
v -11.00109482 -3.44758344 20.35064697
v -10.9339695 -4.18175602 20.66069794
v -10.9339695 -4.25761318 20.67068291
v -10.93397045 -4.18175602 20.95379829
v -10.9339695 -4.10589552 20.67068291
v -10.88481903 -4.18175602 20.66069794
v -10.88481903 -4.25761318 20.67068291
v -10.9339695 -4.32830334 20.69996452
v -10.9339695 -4.03520536 20.69996452
v -10.88481903 -4.10589552 20.67068291
v -10.88481903 -4.18175602 20.55466843
v -10.88481903 -4.28505516 20.56826782
v -10.88481903 -4.32830334 20.69996452
v -10.9339695 -4.38900661 20.74654388
v -10.9339695 -3.97450256 20.74654388
v -10.88481903 -4.03520536 20.69996452
v -10.88481903 -4.07845402 20.56826782
v -10.88481903 -4.38131952 20.60814095
v -10.88481903 -4.38900661 20.74654388
v -10.9339695 -4.43558502 20.80724525
v -10.9339695 -3.92792416 20.80724525
v -10.88481903 -3.97450256 20.74654388
v -10.88481903 -3.98219299 20.60814095
v -10.88481903 -4.46398115 20.67156982
v -10.88481903 -4.43558502 20.80724525
v -10.9339695 -4.46486712 20.8779335
v -10.9339695 -3.89864206 20.8779335
v -10.88481903 -3.92792416 20.80724525
v -10.88481903 -3.89953136 20.67156982
v -10.88481903 -4.52741051 20.75423241
v -10.88481903 -4.46486712 20.8779335
v -10.9339695 -4.47485447 20.95379639
v -10.9339695 -3.88865805 20.95379639
v -10.88481903 -3.89864206 20.8779335
v -10.88481903 -3.83610249 20.75423241
v -10.88481903 -4.56728363 20.85049248
v -10.88481903 -4.47485447 20.95379639
v -10.9339695 -4.46486712 21.02965546
v -10.9339695 -3.89864206 21.02965546
v -10.88481903 -3.88865805 20.95379639
v -10.88481903 -3.79622889 20.85049248
v -10.88481903 -4.58088303 20.95379639
v -10.88481903 -4.46486712 21.02965546
v -10.9339695 -4.43558502 21.10034561
v -10.9339695 -3.92792416 21.10034561
v -10.88481903 -3.89864206 21.02965546
v -10.88481903 -3.78262997 20.95379639
v -10.88481903 -4.56728363 21.05709839
v -10.88481903 -4.43558502 21.10034561
v -10.9339695 -4.38900661 21.16104698
v -10.9339695 -3.97450256 21.16104698
v -10.88481903 -3.92792416 21.10034561
v -10.88481903 -3.79622889 21.05709839
v -10.88481903 -4.52741051 21.15335846
v -10.88481903 -4.38900661 21.16104698
v -10.9339695 -4.32830334 21.20762634
v -10.9339695 -4.03520536 21.20762634
v -10.88481903 -3.97450256 21.16104698
v -10.88481903 -3.83610249 21.15335846
v -10.88481903 -4.46398115 21.23601913
v -10.88481903 -4.32830334 21.20762634
v -10.9339695 -4.257617 21.23690796
v -10.9339695 -4.10589552 21.23690796
v -10.88481903 -4.03520536 21.20762634
v -10.88481903 -3.89953136 21.23601913
v -10.88481903 -4.38131952 21.29944992
v -10.88481903 -4.257617 21.23690796
v -10.9339695 -4.18175602 21.24689293
v -10.88481903 -4.10589552 21.23690796
v -10.88481903 -3.98219299 21.29944992
v -10.88481903 -4.2850585 21.33932304
v -10.88481903 -4.18175602 21.24689293
v -10.88481903 -4.07845402 21.33932304
v -10.88481903 -4.18175602 21.35292053
v -11.00109482 -4.72458363 20.35064697
v -10.95437241 -4.77130699 20.35064697
v -10.95437241 -5.49930859 20.35064697
v -11.00109482 -5.54602814 20.35064697
v 9.46476364 6.34126377 20.66069794
v 9.38890266 6.34126377 20.67068291
v 9.46476364 6.34126425 20.95379829
v 9.54062176 6.34126377 20.67068291
v 9.46476364 6.2921133 20.66069794
v 9.38890266 6.2921133 20.67068291
v 9.31821251 6.34126377 20.69996452
v 9.61131191 6.34126377 20.69996452
v 9.54062176 6.2921133 20.67068291
v 9.46476364 6.2921133 20.55466843
v 9.36146164 6.2921133 20.56826782
v 9.31821251 6.2921133 20.69996452
v 9.25750923 6.34126377 20.74654388
v 9.67201424 6.34126377 20.74654388
v 9.61131191 6.2921133 20.69996452
v 9.56806469 6.2921133 20.56826782
v 9.26519966 6.2921133 20.60814095
v 9.25750923 6.2921133 20.74654388
v 9.21093178 6.34126377 20.80724525
v 9.71859455 6.34126377 20.80724525
v 9.67201424 6.2921133 20.74654388
v 9.66432667 6.2921133 20.60814095
v 9.18253899 6.2921133 20.67156982
v 9.21093178 6.2921133 20.80724525
v 9.18165016 6.34126377 20.8779335
v 9.74787426 6.34126377 20.8779335
v 9.71859455 6.2921133 20.80724525
v 9.7469883 6.2921133 20.67156982
v 9.11911011 6.2921133 20.75423241
v 9.18165016 6.2921133 20.8779335
v 9.17166424 6.34126377 20.95379639
v 9.75786209 6.34126377 20.95379639
v 9.74787426 6.2921133 20.8779335
v 9.81041718 6.2921133 20.75423241
v 9.07923603 6.2921133 20.85049248
v 9.17166424 6.2921133 20.95379639
v 9.18165016 6.34126377 21.02965546
v 9.74787426 6.34126377 21.02965546
v 9.75786209 6.2921133 20.95379639
v 9.8502903 6.2921133 20.85049248
v 9.06563473 6.2921133 20.95379639
v 9.18165016 6.2921133 21.02965546
v 9.21093178 6.34126377 21.10034561
v 9.71859455 6.34126377 21.10034561
v 9.74787426 6.2921133 21.02965546
v 9.86388969 6.2921133 20.95379639
v 9.07923603 6.2921133 21.05709839
v 9.21093178 6.2921133 21.10034561
v 9.25750923 6.34126377 21.16104698
v 9.67201424 6.34126377 21.16104698
v 9.71859455 6.2921133 21.10034561
v 9.8502903 6.2921133 21.05709839
v 9.11911011 6.2921133 21.15335846
v 9.25750923 6.2921133 21.16104698
v 9.31821251 6.34126377 21.20762634
v 9.61131191 6.34126377 21.20762634
v 9.67201424 6.2921133 21.16104698
v 9.81041718 6.2921133 21.15335846
v 9.18253613 6.2921133 21.23601913
v 9.31821251 6.2921133 21.20762634
v 9.38890266 6.34126377 21.23690796
v 9.54062176 6.34126377 21.23690796
v 9.61131191 6.2921133 21.20762634
v 9.7469883 6.2921133 21.23601913
v 9.26519775 6.2921133 21.29944992
v 9.38890266 6.2921133 21.23690796
v 9.46476364 6.34126377 21.24689293
v 9.54062176 6.2921133 21.23690796
v 9.66432667 6.2921133 21.29944992
v 9.36146164 6.2921133 21.33932304
v 9.46476364 6.2921133 21.24689293
v 9.56806469 6.2921133 21.33932304
v 9.46476364 6.2921133 21.35292053
v 8.92193413 6.40838909 20.35064697
v 8.87521362 6.36166668 20.35064697
v 8.14721107 6.36166668 20.35064697
v 8.10048676 6.40838909 20.35064697
v 7.36631584 6.34126377 20.66069794
v 7.29045582 6.34126377 20.67068291
v 7.36631584 6.34126425 20.95379829
v 7.44217443 6.34126377 20.67068291
v 7.36631584 6.2921133 20.66069794
v 7.29045582 6.2921133 20.67068291
v 7.21976566 6.34126377 20.69996452
v 7.51286459 6.34126377 20.69996452
v 7.44217443 6.2921133 20.67068291
v 7.36631584 6.2921133 20.55466843
v 7.26301432 6.2921133 20.56826782
v 7.21976566 6.2921133 20.69996452
v 7.15906191 6.34126377 20.74654388
v 7.57356834 6.34126377 20.74654388
v 7.51286459 6.2921133 20.69996452
v 7.46961737 6.2921133 20.56826782
v 7.16675234 6.2921133 20.60814095
v 7.15906191 6.2921133 20.74654388
v 7.11248446 6.34126377 20.80724525
v 7.62014723 6.34126377 20.80724525
v 7.57356834 6.2921133 20.74654388
v 7.56587934 6.2921133 20.60814095
v 7.08409166 6.2921133 20.67156982
v 7.11248446 6.2921133 20.80724525
v 7.08320332 6.34126377 20.8779335
v 7.64942694 6.34126377 20.8779335
v 7.62014723 6.2921133 20.80724525
v 7.64854145 6.2921133 20.67156982
v 7.02066278 6.2921133 20.75423241
v 7.08320332 6.2921133 20.8779335
v 7.07321692 6.34126377 20.95379639
v 7.65941477 6.34126377 20.95379639
v 7.64942694 6.2921133 20.8779335
v 7.71197033 6.2921133 20.75423241
v 6.98078871 6.2921133 20.85049248
v 7.07321692 6.2921133 20.95379639
v 7.08320332 6.34126377 21.02965546
v 7.64942694 6.34126377 21.02965546
v 7.65941477 6.2921133 20.95379639
v 7.75184155 6.2921133 20.85049248
v 6.9671874 6.2921133 20.95379639
v 7.08320332 6.2921133 21.02965546
v 7.11248446 6.34126377 21.10034561
v 7.62014723 6.34126377 21.10034561
v 7.64942694 6.2921133 21.02965546
v 7.76544285 6.2921133 20.95379639
v 6.98078871 6.2921133 21.05709839
v 7.11248446 6.2921133 21.10034561
v 7.15906191 6.34126377 21.16104698
v 7.57356834 6.34126377 21.16104698
v 7.62014723 6.2921133 21.10034561
v 7.75184155 6.2921133 21.05709839
v 7.02066278 6.2921133 21.15335846
v 7.15906191 6.2921133 21.16104698
v 7.21976566 6.34126377 21.20762634
v 7.51286459 6.34126377 21.20762634
v 7.57356834 6.2921133 21.16104698
v 7.71197033 6.2921133 21.15335846
v 7.0840888 6.2921133 21.23601913
v 7.21976566 6.2921133 21.20762634
v 7.29045582 6.34126377 21.23690796
v 7.44217443 6.34126377 21.23690796
v 7.51286459 6.2921133 21.20762634
v 7.64854145 6.2921133 21.23601913
v 7.16675091 6.2921133 21.29944992
v 7.29045582 6.2921133 21.23690796
v 7.36631584 6.34126377 21.24689293
v 7.44217443 6.2921133 21.23690796
v 7.56587934 6.2921133 21.29944992
v 7.26301432 6.2921133 21.33932304
v 7.36631584 6.2921133 21.24689293
v 7.46961737 6.2921133 21.33932304
v 7.36631584 6.2921133 21.35292053
v 6.8234868 6.40838909 20.35064697
v 6.7767663 6.36166668 20.35064697
v 6.04876328 6.36166668 20.35064697
v 6.00204134 6.40838909 20.35064697
v 5.26786852 6.34126377 20.66069794
v 5.1920085 6.34126377 20.67068291
v 5.26786852 6.34126425 20.95379829
v 5.34372854 6.34126377 20.67068291
v 5.26786852 6.2921133 20.66069794
v 5.1920085 6.2921133 20.67068291
v 5.12131834 6.34126377 20.69996452
v 5.4144187 6.34126377 20.69996452
v 5.34372854 6.2921133 20.67068291
v 5.26786852 6.2921133 20.55466843
v 5.16456699 6.2921133 20.56826782
v 5.12131834 6.2921133 20.69996452
v 5.06061602 6.34126377 20.74654388
v 5.47512102 6.34126377 20.74654388
v 5.4144187 6.2921133 20.69996452
v 5.37117004 6.2921133 20.56826782
v 5.06830645 6.2921133 20.60814095
v 5.06061602 6.2921133 20.74654388
v 5.01403713 6.34126377 20.80724525
v 5.52169991 6.34126377 20.80724525
v 5.47512102 6.2921133 20.74654388
v 5.46743202 6.2921133 20.60814095
v 4.98564434 6.2921133 20.67156982
v 5.01403713 6.2921133 20.80724525
v 4.98475599 6.34126377 20.8779335
v 5.55097961 6.34126377 20.8779335
v 5.52169991 6.2921133 20.80724525
v 5.55009413 6.2921133 20.67156982
v 4.92221546 6.2921133 20.75423241
v 4.98475599 6.2921133 20.8779335
v 4.97476959 6.34126377 20.95379639
v 5.56096745 6.34126377 20.95379639
v 5.55097961 6.2921133 20.8779335
v 5.61352301 6.2921133 20.75423241
v 4.88234138 6.2921133 20.85049248
v 4.97476959 6.2921133 20.95379639
v 4.98475599 6.34126377 21.02965546
v 5.55097961 6.34126377 21.02965546
v 5.56096745 6.2921133 20.95379639
v 5.65339422 6.2921133 20.85049248
v 4.86874151 6.2921133 20.95379639
v 4.98475599 6.2921133 21.02965546
v 5.01403713 6.34126377 21.10034561
v 5.52169991 6.34126377 21.10034561
v 5.55097961 6.2921133 21.02965546
v 5.66699553 6.2921133 20.95379639
v 4.88234138 6.2921133 21.05709839
v 5.01403713 6.2921133 21.10034561
v 5.06061602 6.34126377 21.16104698
v 5.47512102 6.34126377 21.16104698
v 5.52169991 6.2921133 21.10034561
v 5.65339422 6.2921133 21.05709839
v 4.92221403 6.2921133 21.15335846
v 5.06061602 6.2921133 21.16104698
v 5.12131834 6.34126377 21.20762634
v 5.4144187 6.34126377 21.20762634
v 5.47512102 6.2921133 21.16104698
v 5.61352301 6.2921133 21.15335846
v 4.98564291 6.2921133 21.23601913
v 5.12131834 6.2921133 21.20762634
v 5.1920085 6.34126377 21.23690796
v 5.34372854 6.34126377 21.23690796
v 5.4144187 6.2921133 21.20762634
v 5.55009413 6.2921133 21.23601913
v 5.06830359 6.2921133 21.29944992
v 5.1920085 6.2921133 21.23690796
v 5.26786852 6.34126377 21.24689293
v 5.34372854 6.2921133 21.23690796
v 5.46743202 6.2921133 21.29944992
v 5.16456699 6.2921133 21.33932304
v 5.26786852 6.2921133 21.24689293
v 5.37117004 6.2921133 21.33932304
v 5.26786852 6.2921133 21.35292053
v 4.72503948 6.40838909 20.35064697
v 4.67831755 6.36166668 20.35064697
v 3.95031595 6.36166668 20.35064697
v 3.90359402 6.40838909 20.35064697
v 3.1694212 6.34126377 20.66069794
v 3.09356117 6.34126377 20.67068291
v 3.1694212 6.34126425 20.95379829
v 3.24528122 6.34126377 20.67068291
v 3.1694212 6.2921133 20.66069794
v 3.09356117 6.2921133 20.67068291
v 3.02287102 6.34126377 20.69996452
v 3.31597137 6.34126377 20.69996452
v 3.24528122 6.2921133 20.67068291
v 3.1694212 6.2921133 20.55466843
v 3.06611967 6.2921133 20.56826782
v 3.02287102 6.2921133 20.69996452
v 2.96216869 6.34126377 20.74654388
v 3.3766737 6.34126377 20.74654388
v 3.31597137 6.2921133 20.69996452
v 3.27272272 6.2921133 20.56826782
v 2.96985769 6.2921133 20.60814095
v 2.96216869 6.2921133 20.74654388
v 2.91558981 6.34126377 20.80724525
v 3.42325258 6.34126377 20.80724525
v 3.3766737 6.2921133 20.74654388
v 3.3689847 6.2921133 20.60814095
v 2.88719559 6.2921133 20.67156982
v 2.91558981 6.2921133 20.80724525
v 2.8863101 6.34126377 20.8779335
v 3.45253229 6.34126377 20.8779335
v 3.42325258 6.2921133 20.80724525
v 3.4516468 6.2921133 20.67156982
v 2.82376671 6.2921133 20.75423241
v 2.8863101 6.2921133 20.8779335
v 2.87632227 6.34126377 20.95379639
v 3.46252012 6.34126377 20.95379639
v 3.45253229 6.2921133 20.8779335
v 3.51507568 6.2921133 20.75423241
v 2.78389406 6.2921133 20.85049248
v 2.87632227 6.2921133 20.95379639
v 2.8863101 6.34126377 21.02965546
v 3.45253229 6.34126377 21.02965546
v 3.46252012 6.2921133 20.95379639
v 3.55494833 6.2921133 20.85049248
v 2.77029419 6.2921133 20.95379639
v 2.8863101 6.2921133 21.02965546
v 2.91558981 6.34126377 21.10034561
v 3.42325258 6.34126377 21.10034561
v 3.45253229 6.2921133 21.02965546
v 3.5685482 6.2921133 20.95379639
v 2.78389406 6.2921133 21.05709839
v 2.91558981 6.2921133 21.10034561
v 2.96216869 6.34126377 21.16104698
v 3.3766737 6.34126377 21.16104698
v 3.42325258 6.2921133 21.10034561
v 3.55494833 6.2921133 21.05709839
v 2.82376671 6.2921133 21.15335846
v 2.96216869 6.2921133 21.16104698
v 3.02287102 6.34126377 21.20762634
v 3.31597137 6.34126377 21.20762634
v 3.3766737 6.2921133 21.16104698
v 3.51507568 6.2921133 21.15335846
v 2.88719559 6.2921133 21.23601913
v 3.02287102 6.2921133 21.20762634
v 3.09356117 6.34126377 21.23690796
v 3.24528122 6.34126377 21.23690796
v 3.31597137 6.2921133 21.20762634
v 3.4516468 6.2921133 21.23601913
v 2.96985769 6.2921133 21.29944992
v 3.09356117 6.2921133 21.23690796
v 3.1694212 6.34126377 21.24689293
v 3.24528122 6.2921133 21.23690796
v 3.3689847 6.2921133 21.29944992
v 3.06611967 6.2921133 21.33932304
v 3.1694212 6.2921133 21.24689293
v 3.27272272 6.2921133 21.33932304
v 3.1694212 6.2921133 21.35292053
v 2.62659216 6.40838909 20.35064697
v 2.57987022 6.36166668 20.35064697
v 1.85186863 6.36166668 20.35064697
v 1.80514741 6.40838909 20.35064697
v 1.07097387 6.34126377 20.66069794
v 0.99511456 6.34126377 20.67068291
v 1.07097387 6.34126425 20.95379829
v 1.1468339 6.34126377 20.67068291
v 1.07097387 6.2921133 20.66069794
v 0.99511456 6.2921133 20.67068291
v 0.92442513 6.34126377 20.69996452
v 1.21752405 6.34126377 20.69996452
v 1.1468339 6.2921133 20.67068291
v 1.07097387 6.2921133 20.55466843
v 0.96767235 6.2921133 20.56826782
v 0.92442513 6.2921133 20.69996452
v 0.86372209 6.34126377 20.74654388
v 1.27822566 6.34126377 20.74654388
v 1.21752405 6.2921133 20.69996452
v 1.1742754 6.2921133 20.56826782
v 0.87141109 6.2921133 20.60814095
v 0.86372209 6.2921133 20.74654388
v 0.81714249 6.34126377 20.80724525
v 1.32480526 6.34126377 20.80724525
v 1.27822566 6.2921133 20.74654388
v 1.27053738 6.2921133 20.60814095
v 0.78874898 6.2921133 20.67156982
v 0.81714249 6.2921133 20.80724525
v 0.78786206 6.34126377 20.8779335
v 1.35408568 6.34126377 20.8779335
v 1.32480526 6.2921133 20.80724525
v 1.35319877 6.2921133 20.67156982
v 0.7253201 6.2921133 20.75423241
v 0.78786206 6.2921133 20.8779335
v 0.77787495 6.34126377 20.95379639
v 1.3640728 6.34126377 20.95379639
v 1.35408568 6.2921133 20.8779335
v 1.41662765 6.2921133 20.75423241
v 0.68544745 6.2921133 20.85049248
v 0.77787495 6.2921133 20.95379639
v 0.78786206 6.34126377 21.02965546
v 1.35408568 6.34126377 21.02965546
v 1.3640728 6.2921133 20.95379639
v 1.45650172 6.2921133 20.85049248
v 0.67184687 6.2921133 20.95379639
v 0.78786206 6.2921133 21.02965546
v 0.81714249 6.34126377 21.10034561
v 1.32480526 6.34126377 21.10034561
v 1.35408568 6.2921133 21.02965546
v 1.47010159 6.2921133 20.95379639
v 0.68544674 6.2921133 21.05709839
v 0.81714249 6.2921133 21.10034561
v 0.86372137 6.34126377 21.16104698
v 1.27822566 6.34126377 21.16104698
v 1.32480526 6.2921133 21.10034561
v 1.45650172 6.2921133 21.05709839
v 0.7253201 6.2921133 21.15335846
v 0.86372137 6.2921133 21.16104698
v 0.92442441 6.34126377 21.20762634
v 1.21752405 6.34126377 21.20762634
v 1.27822566 6.2921133 21.16104698
v 1.41662765 6.2921133 21.15335846
v 0.78874826 6.2921133 21.23601913
v 0.92442441 6.2921133 21.20762634
v 0.99511456 6.34126377 21.23690796
v 1.1468339 6.34126377 21.23690796
v 1.21752405 6.2921133 21.20762634
v 1.35319877 6.2921133 21.23601913
v 0.87140965 6.2921133 21.29944992
v 0.99511456 6.2921133 21.23690796
v 1.07097387 6.34126377 21.24689293
v 1.1468339 6.2921133 21.23690796
v 1.27053738 6.2921133 21.29944992
v 0.96767235 6.2921133 21.33932304
v 1.07097387 6.2921133 21.24689293
v 1.1742754 6.2921133 21.33932304
v 1.07097387 6.2921133 21.35292053
v 0.52814555 6.40838909 20.35064697
v 0.48142362 6.36166668 20.35064697
v -0.24657869 6.36166668 20.35064697
v -0.29329991 6.40838909 20.35064697
v -1.02747345 6.34126377 20.66069794
v -1.10333276 6.34126377 20.67068291
v -1.02747345 6.34126425 20.95379829
v -0.95161343 6.34126377 20.67068291
v -1.02747345 6.2921133 20.66069794
v -1.10333276 6.2921133 20.67068291
v -1.1740222 6.34126377 20.69996452
v -0.88092327 6.34126377 20.69996452
v -0.95161343 6.2921133 20.67068291
v -1.02747345 6.2921133 20.55466843
v -1.13077497 6.2921133 20.56826782
v -1.1740222 6.2921133 20.69996452
v -1.23472524 6.34126377 20.74654388
v -0.82022095 6.34126377 20.74654388
v -0.88092327 6.2921133 20.69996452
v -0.92417192 6.2921133 20.56826782
v -1.22703624 6.2921133 20.60814095
v -1.23472524 6.2921133 20.74654388
v -1.28130484 6.34126377 20.80724525
v -0.77364206 6.34126377 20.80724525
v -0.82022095 6.2921133 20.74654388
v -0.82790995 6.2921133 20.60814095
v -1.30969834 6.2921133 20.67156982
v -1.28130484 6.2921133 20.80724525
v -1.31058455 6.34126377 20.8779335
v -0.74436164 6.34126377 20.8779335
v -0.77364206 6.2921133 20.80724525
v -0.74524784 6.2921133 20.67156982
v -1.37312722 6.2921133 20.75423241
v -1.31058455 6.2921133 20.8779335
v -1.32057238 6.34126377 20.95379639
v -0.73437452 6.34126377 20.95379639
v -0.74436164 6.2921133 20.8779335
v -0.68181896 6.2921133 20.75423241
v -1.41299987 6.2921133 20.85049248
v -1.32057238 6.2921133 20.95379639
v -1.31058455 6.34126377 21.02965546
v -0.74436164 6.34126377 21.02965546
v -0.73437452 6.2921133 20.95379639
v -0.6419456 6.2921133 20.85049248
v -1.42660046 6.2921133 20.95379639
v -1.31058455 6.2921133 21.02965546
v -1.28130484 6.34126377 21.10034561
v -0.77364206 6.34126377 21.10034561
v -0.74436164 6.2921133 21.02965546
v -0.62834573 6.2921133 20.95379639
v -1.41300058 6.2921133 21.05709839
v -1.28130484 6.2921133 21.10034561
v -1.23472595 6.34126377 21.16104698
v -0.82022095 6.34126377 21.16104698
v -0.77364206 6.2921133 21.10034561
v -0.6419456 6.2921133 21.05709839
v -1.37312722 6.2921133 21.15335846
v -1.23472595 6.2921133 21.16104698
v -1.17402291 6.34126377 21.20762634
v -0.88092327 6.34126377 21.20762634
v -0.82022095 6.2921133 21.16104698
v -0.68181896 6.2921133 21.15335846
v -1.30969906 6.2921133 21.23601913
v -1.17402291 6.2921133 21.20762634
v -1.10333276 6.34126377 21.23690796
v -0.95161343 6.34126377 21.23690796
v -0.88092327 6.2921133 21.20762634
v -0.74524784 6.2921133 21.23601913
v -1.22703695 6.2921133 21.29944992
v -1.10333276 6.2921133 21.23690796
v -1.02747345 6.34126377 21.24689293
v -0.95161343 6.2921133 21.23690796
v -0.82790995 6.2921133 21.29944992
v -1.13077497 6.2921133 21.33932304
v -1.02747345 6.2921133 21.24689293
v -0.92417192 6.2921133 21.33932304
v -1.02747345 6.2921133 21.35292053
v -1.57030177 6.40838909 20.35064697
v -1.61702371 6.36166668 20.35064697
v -2.34502602 6.36166668 20.35064697
v -2.39174652 6.40838909 20.35064697
v -3.12592006 6.34126377 20.66069794
v -3.20178008 6.34126377 20.67068291
v -3.12592006 6.34126425 20.95379829
v -3.05006075 6.34126377 20.67068291
v -3.12592006 6.2921133 20.66069794
v -3.20178008 6.2921133 20.67068291
v -3.27246952 6.34126377 20.69996452
v -2.97937059 6.34126377 20.69996452
v -3.05006075 6.2921133 20.67068291
v -3.12592006 6.2921133 20.55466843
v -3.22922158 6.2921133 20.56826782
v -3.27246952 6.2921133 20.69996452
v -3.33317184 6.34126377 20.74654388
v -2.91866827 6.34126377 20.74654388
v -2.97937059 6.2921133 20.69996452
v -3.02261853 6.2921133 20.56826782
v -3.32548356 6.2921133 20.60814095
v -3.33317184 6.2921133 20.74654388
v -3.37975144 6.34126377 20.80724525
v -2.87208867 6.34126377 20.80724525
v -2.91866827 6.2921133 20.74654388
v -2.92635727 6.2921133 20.60814095
v -3.40814495 6.2921133 20.67156982
v -3.37975144 6.2921133 20.80724525
v -3.40903187 6.34126377 20.8779335
v -2.84280825 6.34126377 20.8779335
v -2.87208867 6.2921133 20.80724525
v -2.84369516 6.2921133 20.67156982
v -3.47157383 6.2921133 20.75423241
v -3.40903187 6.2921133 20.8779335
v -3.41901898 6.34126377 20.95379639
v -2.83282113 6.34126377 20.95379639
v -2.84280825 6.2921133 20.8779335
v -2.78026628 6.2921133 20.75423241
v -3.51144648 6.2921133 20.85049248
v -3.41901898 6.2921133 20.95379639
v -3.40903187 6.34126377 21.02965546
v -2.84280825 6.34126377 21.02965546
v -2.83282113 6.2921133 20.95379639
v -2.74039292 6.2921133 20.85049248
v -3.52504778 6.2921133 20.95379639
v -3.40903187 6.2921133 21.02965546
v -3.37975144 6.34126377 21.10034561
v -2.87208867 6.34126377 21.10034561
v -2.84280825 6.2921133 21.02965546
v -2.72679305 6.2921133 20.95379639
v -3.51144791 6.2921133 21.05709839
v -3.37975144 6.2921133 21.10034561
v -3.33317327 6.34126377 21.16104698
v -2.91866827 6.34126377 21.16104698
v -2.87208867 6.2921133 21.10034561
v -2.74039292 6.2921133 21.05709839
v -3.47157383 6.2921133 21.15335846
v -3.33317327 6.2921133 21.16104698
v -3.27247024 6.34126377 21.20762634
v -2.97937059 6.34126377 21.20762634
v -2.91866827 6.2921133 21.16104698
v -2.78026628 6.2921133 21.15335846
v -3.40814638 6.2921133 21.23601913
v -3.27247024 6.2921133 21.20762634
v -3.20178008 6.34126377 21.23690796
v -3.05006075 6.34126377 21.23690796
v -2.97937059 6.2921133 21.20762634
v -2.84369516 6.2921133 21.23601913
v -3.32548428 6.2921133 21.29944992
v -3.20178008 6.2921133 21.23690796
v -3.12592006 6.34126377 21.24689293
v -3.05006075 6.2921133 21.23690796
v -2.92635727 6.2921133 21.29944992
v -3.22922158 6.2921133 21.33932304
v -3.12592006 6.2921133 21.24689293
v -3.02261853 6.2921133 21.33932304
v -3.12592006 6.2921133 21.35292053
v -3.66874886 6.40838909 20.35064697
v -3.71547079 6.36166668 20.35064697
v -4.44347286 6.36166668 20.35064697
v -4.49019384 6.40838909 20.35064697
v -5.22436666 6.34126377 20.66069794
v -5.30022383 6.34126377 20.67068291
v -5.22436666 6.34126425 20.95379829
v -5.14850616 6.34126377 20.67068291
v -5.22436666 6.2921133 20.66069794
v -5.30022383 6.2921133 20.67068291
v -5.37091398 6.34126377 20.69996452
v -5.07781601 6.34126377 20.69996452
v -5.14850616 6.2921133 20.67068291
v -5.22436666 6.2921133 20.55466843
v -5.32766533 6.2921133 20.56826782
v -5.37091398 6.2921133 20.69996452
v -5.43161678 6.34126377 20.74654388
v -5.01711273 6.34126377 20.74654388
v -5.07781601 6.2921133 20.69996452
v -5.12106419 6.2921133 20.56826782
v -5.42392969 6.2921133 20.60814095
v -5.43161678 6.2921133 20.74654388
v -5.47819519 6.34126377 20.80724525
v -4.97053432 6.34126377 20.80724525
v -5.01711273 6.2921133 20.74654388
v -5.02480316 6.2921133 20.60814095
v -5.5065918 6.2921133 20.67156982
v -5.47819519 6.2921133 20.80724525
v -5.50747728 6.34126377 20.8779335
v -4.94125223 6.34126377 20.8779335
v -4.97053432 6.2921133 20.80724525
v -4.94214153 6.2921133 20.67156982
v -5.57002068 6.2921133 20.75423241
v -5.50747728 6.2921133 20.8779335
v -5.51746464 6.34126377 20.95379639
v -4.93126869 6.34126377 20.95379639
v -4.94125223 6.2921133 20.8779335
v -4.87871265 6.2921133 20.75423241
v -5.6098938 6.2921133 20.85049248
v -5.51746464 6.2921133 20.95379639
v -5.50747728 6.34126377 21.02965546
v -4.94125223 6.34126377 21.02965546
v -4.93126869 6.2921133 20.95379639
v -4.83883905 6.2921133 20.85049248
v -5.62349319 6.2921133 20.95379639
v -5.50747728 6.2921133 21.02965546
v -5.47819519 6.34126377 21.10034561
v -4.97053432 6.34126377 21.10034561
v -4.94125223 6.2921133 21.02965546
v -4.82524014 6.2921133 20.95379639
v -5.6098938 6.2921133 21.05709839
v -5.47819519 6.2921133 21.10034561
v -5.43161678 6.34126377 21.16104698
v -5.01711273 6.34126377 21.16104698
v -4.97053432 6.2921133 21.10034561
v -4.83883905 6.2921133 21.05709839
v -5.57002068 6.2921133 21.15335846
v -5.43161678 6.2921133 21.16104698
v -5.37091398 6.34126377 21.20762634
v -5.07781601 6.34126377 21.20762634
v -5.01711273 6.2921133 21.16104698
v -4.87871265 6.2921133 21.15335846
v -5.5065918 6.2921133 21.23601913
v -5.37091398 6.2921133 21.20762634
v -5.30022717 6.34126377 21.23690796
v -5.14850616 6.34126377 21.23690796
v -5.07781601 6.2921133 21.20762634
v -4.94214153 6.2921133 21.23601913
v -5.42392969 6.2921133 21.29944992
v -5.30022717 6.2921133 21.23690796
v -5.22436666 6.34126377 21.24689293
v -5.14850616 6.2921133 21.23690796
v -5.02480316 6.2921133 21.29944992
v -5.32766914 6.2921133 21.33932304
v -5.22436666 6.2921133 21.24689293
v -5.12106419 6.2921133 21.33932304
v -5.22436666 6.2921133 21.35292053
v -5.76719427 6.40838909 20.35064697
v -5.81391716 6.36166668 20.35064697
v -6.54191923 6.36166668 20.35064697
v -6.58863831 6.40838909 20.35064697
v -7.32281399 6.34126377 20.66069794
v -7.39867115 6.34126377 20.67068291
v -7.32281399 6.34126425 20.95379829
v -7.24695301 6.34126377 20.67068291
v -7.32281399 6.2921133 20.66069794
v -7.39867115 6.2921133 20.67068291
v -7.46936131 6.34126377 20.69996452
v -7.17626286 6.34126377 20.69996452
v -7.24695301 6.2921133 20.67068291
v -7.32281399 6.2921133 20.55466843
v -7.42611265 6.2921133 20.56826782
v -7.46936131 6.2921133 20.69996452
v -7.53006363 6.34126377 20.74654388
v -7.11556005 6.34126377 20.74654388
v -7.17626286 6.2921133 20.69996452
v -7.21951103 6.2921133 20.56826782
v -7.52237701 6.2921133 20.60814095
v -7.53006363 6.2921133 20.74654388
v -7.57664251 6.34126377 20.80724525
v -7.06898117 6.34126377 20.80724525
v -7.11556005 6.2921133 20.74654388
v -7.12325048 6.2921133 20.60814095
v -7.60503864 6.2921133 20.67156982
v -7.57664251 6.2921133 20.80724525
v -7.60592461 6.34126377 20.8779335
v -7.03969955 6.34126377 20.8779335
v -7.06898117 6.2921133 20.80724525
v -7.04058838 6.2921133 20.67156982
v -7.66846752 6.2921133 20.75423241
v -7.60592461 6.2921133 20.8779335
v -7.61591148 6.34126377 20.95379639
v -7.0297122 6.34126377 20.95379639
v -7.03969955 6.2921133 20.8779335
v -6.9771595 6.2921133 20.75423241
v -7.70834112 6.2921133 20.85049248
v -7.61591148 6.2921133 20.95379639
v -7.60592461 6.34126377 21.02965546
v -7.03969955 6.34126377 21.02965546
v -7.0297122 6.2921133 20.95379639
v -6.93728638 6.2921133 20.85049248
v -7.72194004 6.2921133 20.95379639
v -7.60592461 6.2921133 21.02965546
v -7.57664251 6.34126377 21.10034561
v -7.06898117 6.34126377 21.10034561
v -7.03969955 6.2921133 21.02965546
v -6.92368698 6.2921133 20.95379639
v -7.70834112 6.2921133 21.05709839
v -7.57664251 6.2921133 21.10034561
v -7.53006363 6.34126377 21.16104698
v -7.11556005 6.34126377 21.16104698
v -7.06898117 6.2921133 21.10034561
v -6.93728638 6.2921133 21.05709839
v -7.66846752 6.2921133 21.15335846
v -7.53006363 6.2921133 21.16104698
v -7.46936131 6.34126377 21.20762634
v -7.17626286 6.34126377 21.20762634
v -7.11556005 6.2921133 21.16104698
v -6.9771595 6.2921133 21.15335846
v -7.60503864 6.2921133 21.23601913
v -7.46936131 6.2921133 21.20762634
v -7.39867401 6.34126377 21.23690796
v -7.24695301 6.34126377 21.23690796
v -7.17626286 6.2921133 21.20762634
v -7.04058838 6.2921133 21.23601913
v -7.52237701 6.2921133 21.29944992
v -7.39867401 6.2921133 21.23690796
v -7.32281399 6.34126377 21.24689293
v -7.24695301 6.2921133 21.23690796
v -7.12325048 6.2921133 21.29944992
v -7.42611599 6.2921133 21.33932304
v -7.32281399 6.2921133 21.24689293
v -7.21951103 6.2921133 21.33932304
v -7.32281399 6.2921133 21.35292053
v -7.86564159 6.40838909 20.35064697
v -7.91236401 6.36166668 20.35064697
v -8.64036655 6.36166668 20.35064697
v -8.68708611 6.40838909 20.35064697
v -9.42126083 6.34126377 20.66069794
v -9.497118 6.34126377 20.67068291
v -9.42126083 6.34126425 20.95379829
v -9.34539986 6.34126377 20.67068291
v -9.42126083 6.2921133 20.66069794
v -9.497118 6.2921133 20.67068291
v -9.56780815 6.34126377 20.69996452
v -9.2747097 6.34126377 20.69996452
v -9.34539986 6.2921133 20.67068291
v -9.42126083 6.2921133 20.55466843
v -9.52455997 6.2921133 20.56826782
v -9.56780815 6.2921133 20.69996452
v -9.62851143 6.34126377 20.74654388
v -9.21400738 6.34126377 20.74654388
v -9.2747097 6.2921133 20.69996452
v -9.31795883 6.2921133 20.56826782
v -9.62082386 6.2921133 20.60814095
v -9.62851143 6.2921133 20.74654388
v -9.67508984 6.34126377 20.80724525
v -9.16742897 6.34126377 20.80724525
v -9.21400738 6.2921133 20.74654388
v -9.22169781 6.2921133 20.60814095
v -9.70348549 6.2921133 20.67156982
v -9.67508984 6.2921133 20.80724525
v -9.70437145 6.34126377 20.8779335
v -9.1381464 6.34126377 20.8779335
v -9.16742897 6.2921133 20.80724525
v -9.13903618 6.2921133 20.67156982
v -9.76691437 6.2921133 20.75423241
v -9.70437145 6.2921133 20.8779335
v -9.71435928 6.34126377 20.95379639
v -9.12815952 6.34126377 20.95379639
v -9.1381464 6.2921133 20.8779335
v -9.0756073 6.2921133 20.75423241
v -9.80678844 6.2921133 20.85049248
v -9.71435928 6.2921133 20.95379639
v -9.70437145 6.34126377 21.02965546
v -9.1381464 6.34126377 21.02965546
v -9.12815952 6.2921133 20.95379639
v -9.03573322 6.2921133 20.85049248
v -9.82038689 6.2921133 20.95379639
v -9.70437145 6.2921133 21.02965546
v -9.67508984 6.34126377 21.10034561
v -9.16742897 6.34126377 21.10034561
v -9.1381464 6.2921133 21.02965546
v -9.02213478 6.2921133 20.95379639
v -9.80678844 6.2921133 21.05709839
v -9.67508984 6.2921133 21.10034561
v -9.62851143 6.34126377 21.16104698
v -9.21400738 6.34126377 21.16104698
v -9.16742897 6.2921133 21.10034561
v -9.03573322 6.2921133 21.05709839
v -9.76691437 6.2921133 21.15335846
v -9.62851143 6.2921133 21.16104698
v -9.56780815 6.34126377 21.20762634
v -9.2747097 6.34126377 21.20762634
v -9.21400738 6.2921133 21.16104698
v -9.0756073 6.2921133 21.15335846
v -9.70348549 6.2921133 21.23601913
v -9.56780815 6.2921133 21.20762634
v -9.49712181 6.34126377 21.23690796
v -9.34539986 6.34126377 21.23690796
v -9.2747097 6.2921133 21.20762634
v -9.13903618 6.2921133 21.23601913
v -9.62082386 6.2921133 21.29944992
v -9.49712181 6.2921133 21.23690796
v -9.42126083 6.34126377 21.24689293
v -9.34539986 6.2921133 21.23690796
v -9.22169781 6.2921133 21.29944992
v -9.52456284 6.2921133 21.33932304
v -9.42126083 6.2921133 21.24689293
v -9.31795883 6.2921133 21.33932304
v -9.42126083 6.2921133 21.35292053
v -9.96408844 6.40838909 20.35064697
v -10.01081085 6.36166668 20.35064697
v -10.7388134 6.36166668 20.35064697
v -10.78553295 6.40838909 20.35064697
v 10.05431366 6.36166668 20.35064697
v 10.00759125 6.40838909 20.35064697
v 10.78231621 6.36166668 20.35064697
v 10.82903767 6.40838909 20.35064697
v 11.00109482 -5.76764965 20.35064697
v 10.95437336 -5.72092819 20.35064697
v 10.95437336 -4.9929266 20.35064697
v 11.00109482 -4.94620466 20.35064697
v 10.93397141 -4.21203136 20.66069794
v 10.93397141 -4.13617229 20.67068291
v 10.93397141 -4.21203089 20.95379829
v 10.93397141 -4.28789091 20.67068291
v 10.88482094 -4.21203136 20.66069794
v 10.88482094 -4.13617182 20.67068291
v 10.93397141 -4.06548214 20.69996452
v 10.93397141 -4.35858059 20.69996452
v 10.88482094 -4.28789043 20.67068291
v 10.88482094 -4.21203136 20.55466843
v 10.88482094 -4.10872936 20.56826782
v 10.88482094 -4.06548166 20.69996452
v 10.93397141 -4.00477934 20.74654388
v 10.93397141 -4.41928339 20.74654388
v 10.88482094 -4.35858059 20.69996452
v 10.88482094 -4.31533337 20.56826782
v 10.88482094 -4.01246834 20.60814095
v 10.88482094 -4.00477886 20.74654388
v 10.93397141 -3.95820093 20.80724525
v 10.93397141 -4.46586275 20.80724525
v 10.88482094 -4.41928387 20.74654388
v 10.88482094 -4.41159534 20.60814095
v 10.88482094 -3.92980671 20.67156982
v 10.88482094 -3.95820022 20.80724525
v 10.93397141 -3.92891979 20.8779335
v 10.93397141 -4.49514294 20.8779335
v 10.88482094 -4.46586227 20.80724525
v 10.88482094 -4.49425697 20.67156982
v 10.88482094 -3.86637783 20.75423241
v 10.88482094 -3.92891908 20.8779335
v 10.93397141 -3.91893244 20.95379639
v 10.93397141 -4.50513029 20.95379639
v 10.88482094 -4.49514294 20.8779335
v 10.88482094 -4.55768585 20.75423241
v 10.88482094 -3.82650447 20.85049248
v 10.88482094 -3.91893196 20.95379639
v 10.93397141 -3.92891884 21.02965546
v 10.93397141 -4.49514294 21.02965546
v 10.88482094 -4.50512981 20.95379639
v 10.88482094 -4.5975585 20.85049248
v 10.88482094 -3.8129046 20.95379639
v 10.88482094 -3.92891908 21.02965546
v 10.93397141 -3.95819998 21.10034561
v 10.93397141 -4.46586275 21.10034561
v 10.88482094 -4.49514294 21.02965546
v 10.88482094 -4.61115837 20.95379639
v 10.88482094 -3.82650447 21.05709839
v 10.88482094 -3.9581995 21.10034561
v 10.93397141 -4.00477934 21.16104698
v 10.93397141 -4.41928339 21.16104698
v 10.88482094 -4.46586227 21.10034561
v 10.88482094 -4.5975585 21.05709839
v 10.88482094 -3.86637712 21.15335846
v 10.88482094 -4.00477886 21.16104698
v 10.93397141 -4.06548214 21.20762634
v 10.93397141 -4.35858059 21.20762634
v 10.88482094 -4.41928387 21.16104698
v 10.88482094 -4.55768585 21.15335846
v 10.88482094 -3.92980599 21.23601913
v 10.88482094 -4.06548166 21.20762634
v 10.93397141 -4.13617134 21.23690796
v 10.93397141 -4.28789091 21.23690796
v 10.88482094 -4.35858059 21.20762634
v 10.88482094 -4.49425697 21.23601913
v 10.88482094 -4.01246786 21.29944992
v 10.88482094 -4.13617134 21.23690796
v 10.93397141 -4.21203136 21.24689293
v 10.88482094 -4.28789043 21.23690796
v 10.88482094 -4.41159534 21.29944992
v 10.88482094 -4.10872936 21.33932304
v 10.88482094 -4.21203136 21.24689293
v 10.88482094 -4.31533241 21.33932304
v 10.88482094 -4.21203136 21.35292053
v 11.00109482 -3.6692028 20.35064697
v 10.95437336 -3.62248135 20.35064697
v 10.95437336 -2.89447927 20.35064697
v 11.00109482 -2.84775782 20.35064697
v 10.9339695 -2.11358452 20.66069794
v 10.9339695 -2.03772449 20.67068291
v 10.93397141 -2.11358404 20.95379829
v 10.9339695 -2.18944407 20.67068291
v 10.88482094 -2.11358476 20.66069794
v 10.88482094 -2.03772426 20.67068291
v 10.9339695 -1.96703529 20.69996452
v 10.9339695 -2.26013422 20.69996452
v 10.88482094 -2.18944383 20.67068291
v 10.88482094 -2.11358476 20.55466843
v 10.88482094 -2.01028252 20.56826782
v 10.88482094 -1.96703589 20.69996452
v 10.9339695 -1.90633249 20.74654388
v 10.9339695 -2.32083654 20.74654388
v 10.88482094 -2.26013398 20.69996452
v 10.88482094 -2.21688557 20.56826782
v 10.88482094 -1.91402113 20.60814095
v 10.88482094 -1.90633249 20.74654388
v 10.9339695 -1.85975313 20.80724525
v 10.9339695 -2.3674159 20.80724525
v 10.88482094 -2.32083678 20.74654388
v 10.88482094 -2.31314802 20.60814095
v 10.88482094 -1.83135939 20.67156982
v 10.88482094 -1.85975313 20.80724525
v 10.9339695 -1.83047283 20.8779335
v 10.9339695 -2.39669609 20.8779335
v 10.88482094 -2.36741543 20.80724525
v 10.88482094 -2.39580989 20.67156982
v 10.88482094 -1.76793075 20.75423241
v 10.88482094 -1.83047283 20.8779335
v 10.9339695 -1.82048559 20.95379639
v 10.9339695 -2.40668344 20.95379639
v 10.88482094 -2.39669561 20.8779335
v 10.88482094 -2.45923877 20.75423241
v 10.88482094 -1.7280581 20.85049248
v 10.88482094 -1.82048559 20.95379639
v 10.9339695 -1.83047283 21.02965546
v 10.9339695 -2.39669609 21.02965546
v 10.88482094 -2.40668297 20.95379639
v 10.88482094 -2.49911237 20.85049248
v 10.88482094 -1.71445727 20.95379639
v 10.88482094 -1.83047283 21.02965546
v 10.9339695 -1.85975313 21.10034561
v 10.9339695 -2.3674159 21.10034561
v 10.88482094 -2.39669561 21.02965546
v 10.88482094 -2.51271129 20.95379639
v 10.88482094 -1.72805715 21.05709839
v 10.88482094 -1.85975313 21.10034561
v 10.9339695 -1.90633154 21.16104698
v 10.9339695 -2.32083654 21.16104698
v 10.88482094 -2.36741543 21.10034561
v 10.88482094 -2.49911237 21.05709839
v 10.88482094 -1.76793075 21.15335846
v 10.88482094 -1.90633154 21.16104698
v 10.9339695 -1.96703446 21.20762634
v 10.9339695 -2.26013422 21.20762634
v 10.88482094 -2.32083678 21.16104698
v 10.88482094 -2.45923877 21.15335846
v 10.88482094 -1.83135843 21.23601913
v 10.88482094 -1.9670341 21.20762634
v 10.9339695 -2.03772449 21.23690796
v 10.9339695 -2.18944407 21.23690796
v 10.88482094 -2.26013398 21.20762634
v 10.88482094 -2.39580989 21.23601913
v 10.88482094 -1.91402042 21.29944992
v 10.88482094 -2.03772426 21.23690796
v 10.9339695 -2.11358452 21.24689293
v 10.88482094 -2.18944383 21.23690796
v 10.88482094 -2.31314802 21.29944992
v 10.88482094 -2.01028252 21.33932304
v 10.88482094 -2.11358476 21.24689293
v 10.88482094 -2.21688557 21.33932304
v 10.88482094 -2.11358476 21.35292053
v 11.00109482 -1.5707562 20.35064697
v 10.95437336 -1.52403426 20.35064697
v 10.95437336 -0.79603189 20.35064697
v 11.00109482 -0.74931085 20.35064697
v 10.9339695 -0.01513741 20.66069794
v 10.93397141 0.06072233 20.67068291
v 10.93397141 -0.01513741 20.95379829
v 10.93397141 -0.09099714 20.67068291
v 10.88482094 -0.01513741 20.66069794
v 10.88482094 0.06072233 20.67068291
v 10.9339695 0.13141164 20.69996452
v 10.93397141 -0.1616873 20.69996452
v 10.88482094 -0.09099714 20.67068291
v 10.88482094 -0.01513741 20.55466843
v 10.88482094 0.08816412 20.56826782
v 10.88482094 0.13141164 20.69996452
v 10.9339695 0.19211453 20.74654388
v 10.9339695 -0.22238934 20.74654388
v 10.88482094 -0.1616873 20.69996452
v 10.88482094 -0.11843894 20.56826782
v 10.88482094 0.18442582 20.60814095
v 10.88482094 0.19211453 20.74654388
v 10.93397141 0.23869398 20.80724525
v 10.9339695 -0.26896882 20.80724525
v 10.88482094 -0.22238934 20.74654388
v 10.88482094 -0.21470064 20.60814095
v 10.88482094 0.26708764 20.67156982
v 10.88482094 0.23869398 20.80724525
v 10.93397141 0.26797426 20.8779335
v 10.9339695 -0.2982491 20.8779335
v 10.88482094 -0.26896882 20.80724525
v 10.88482094 -0.29736248 20.67156982
v 10.88482094 0.33051652 20.75423241
v 10.88482094 0.26797426 20.8779335
v 10.93397141 0.27796152 20.95379639
v 10.9339695 -0.30823636 20.95379639
v 10.88482094 -0.2982491 20.8779335
v 10.88482094 -0.36079136 20.75423241
v 10.88482094 0.37038916 20.85049248
v 10.88482094 0.27796152 20.95379639
v 10.93397141 0.26797426 21.02965546
v 10.9339695 -0.2982491 21.02965546
v 10.88482094 -0.30823636 20.95379639
v 10.88482094 -0.40066487 20.85049248
v 10.88482094 0.38398987 20.95379639
v 10.88482094 0.26797426 21.02965546
v 10.93397141 0.23869398 21.10034561
v 10.9339695 -0.26896882 21.10034561
v 10.88482094 -0.2982491 21.02965546
v 10.88482094 -0.41426474 20.95379639
v 10.88482094 0.37039003 21.05709839
v 10.88482094 0.23869398 21.10034561
v 10.93397141 0.1921154 21.16104698
v 10.9339695 -0.22238934 21.16104698
v 10.88482094 -0.26896882 21.10034561
v 10.88482094 -0.40066487 21.05709839
v 10.88482094 0.33051652 21.15335846
v 10.88482094 0.1921154 21.16104698
v 10.93397141 0.13141248 21.20762634
v 10.93397141 -0.1616873 21.20762634
v 10.88482094 -0.22238934 21.16104698
v 10.88482094 -0.36079136 21.15335846
v 10.88482094 0.26708847 21.23601913
v 10.88482094 0.13141248 21.20762634
v 10.93397141 0.06072233 21.23690796
v 10.93397141 -0.09099714 21.23690796
v 10.88482094 -0.1616873 21.20762634
v 10.88482094 -0.29736248 21.23601913
v 10.88482094 0.18442667 21.29944992
v 10.88482094 0.06072233 21.23690796
v 10.9339695 -0.01513741 21.24689293
v 10.88482094 -0.09099714 21.23690796
v 10.88482094 -0.21470064 21.29944992
v 10.88482094 0.08816412 21.33932304
v 10.88482094 -0.01513741 21.24689293
v 10.88482094 -0.11843894 21.33932304
v 10.88482094 -0.01513741 21.35292053
v 11.00109482 0.52769107 20.35064697
v 10.95437336 0.574413 20.35064697
v 10.95437336 1.30241513 20.35064697
v 11.00109482 1.34913635 20.35064697
v 10.9339695 2.08330989 20.66069794
v 10.9339695 2.15916944 20.67068291
v 10.9339695 2.08330989 20.95379829
v 10.9339695 2.0074501 20.67068291
v 10.88482094 2.08330989 20.66069794
v 10.88481903 2.15916944 20.67068291
v 10.9339695 2.22985888 20.69996452
v 10.9339695 1.93675983 20.69996452
v 10.88481903 2.0074501 20.67068291
v 10.88482094 2.08330989 20.55466843
v 10.88481903 2.18661141 20.56826782
v 10.88482094 2.22985888 20.69996452
v 10.9339695 2.29056168 20.74654388
v 10.9339695 1.87605786 20.74654388
v 10.88481903 1.93675983 20.69996452
v 10.88481903 1.98000836 20.56826782
v 10.88482094 2.28287292 20.60814095
v 10.88482094 2.29056168 20.74654388
v 10.9339695 2.33714128 20.80724525
v 10.9339695 1.8294785 20.80724525
v 10.88482094 1.87605786 20.74654388
v 10.88482094 1.8837465 20.60814095
v 10.88482094 2.36553478 20.67156982
v 10.88481903 2.33714128 20.80724525
v 10.9339695 2.36642146 20.8779335
v 10.9339695 1.8001982 20.8779335
v 10.88481903 1.8294785 20.80724525
v 10.88482094 1.80108476 20.67156982
v 10.88482094 2.42896366 20.75423241
v 10.88481903 2.36642146 20.8779335
v 10.9339695 2.37640882 20.95379639
v 10.93397141 1.79021096 20.95379639
v 10.88481903 1.8001982 20.8779335
v 10.88482094 1.73765588 20.75423241
v 10.88481903 2.46883631 20.85049248
v 10.88481903 2.37640882 20.95379639
v 10.9339695 2.36642146 21.02965546
v 10.9339695 1.8001982 21.02965546
v 10.88482094 1.79021096 20.95379639
v 10.88482094 1.69778228 20.85049248
v 10.88481903 2.48243713 20.95379639
v 10.88481903 2.36642146 21.02965546
v 10.9339695 2.33714128 21.10034561
v 10.9339695 1.8294785 21.10034561
v 10.88481903 1.8001982 21.02965546
v 10.88482094 1.68418241 20.95379639
v 10.88482094 2.46883726 21.05709839
v 10.88481903 2.33714128 21.10034561
v 10.9339695 2.29056263 21.16104698
v 10.9339695 1.87605786 21.16104698
v 10.88481903 1.8294785 21.10034561
v 10.88482094 1.69778228 21.05709839
v 10.88482094 2.42896366 21.15335846
v 10.88481903 2.29056263 21.16104698
v 10.9339695 2.22985959 21.20762634
v 10.9339695 1.93675983 21.20762634
v 10.88482094 1.87605786 21.16104698
v 10.88482094 1.73765588 21.15335846
v 10.88481903 2.36553574 21.23601913
v 10.88481903 2.22985959 21.20762634
v 10.9339695 2.15916944 21.23690796
v 10.9339695 2.0074501 21.23690796
v 10.88481903 1.93675983 21.20762634
v 10.88482094 1.80108476 21.23601913
v 10.88481903 2.28287387 21.29944992
v 10.88481903 2.15916944 21.23690796
v 10.9339695 2.08330989 21.24689293
v 10.88481903 2.0074501 21.23690796
v 10.88482094 1.8837465 21.29944992
v 10.88481903 2.18661141 21.33932304
v 10.88482094 2.08330989 21.24689293
v 10.88481903 1.98000836 21.33932304
v 10.88482094 2.08330989 21.35292053
v 11.00109482 2.62613821 20.35064697
v 10.95437336 2.67286015 20.35064697
v 10.95437336 3.40086269 20.35064697
v 11.00109482 3.44758344 20.35064697
v 10.9339695 4.18175602 20.66069794
v 10.9339695 4.25761318 20.67068291
v 10.93397141 4.18175602 20.95379829
v 10.9339695 4.10589552 20.67068291
v 10.88481903 4.18175602 20.66069794
v 10.88481903 4.25761318 20.67068291
v 10.9339695 4.32830334 20.69996452
v 10.9339695 4.03520536 20.69996452
v 10.88481903 4.10589552 20.67068291
v 10.88481903 4.18175602 20.55466843
v 10.88481903 4.28505516 20.56826782
v 10.88481903 4.32830334 20.69996452
v 10.9339695 4.38900661 20.74654388
v 10.9339695 3.97450256 20.74654388
v 10.88481903 4.03520536 20.69996452
v 10.88481903 4.07845402 20.56826782
v 10.88481903 4.38131952 20.60814095
v 10.88481903 4.38900661 20.74654388
v 10.9339695 4.43558502 20.80724525
v 10.9339695 3.92792416 20.80724525
v 10.88481903 3.97450256 20.74654388
v 10.88481903 3.98219299 20.60814095
v 10.88481903 4.46398115 20.67156982
v 10.88481903 4.43558502 20.80724525
v 10.9339695 4.46486712 20.8779335
v 10.9339695 3.89864206 20.8779335
v 10.88481903 3.92792416 20.80724525
v 10.88481903 3.89953136 20.67156982
v 10.88481903 4.52741051 20.75423241
v 10.88481903 4.46486712 20.8779335
v 10.9339695 4.47485447 20.95379639
v 10.9339695 3.88865805 20.95379639
v 10.88481903 3.89864206 20.8779335
v 10.88481903 3.83610249 20.75423241
v 10.88481903 4.56728363 20.85049248
v 10.88481903 4.47485447 20.95379639
v 10.9339695 4.46486712 21.02965546
v 10.9339695 3.89864206 21.02965546
v 10.88481903 3.88865805 20.95379639
v 10.88481903 3.79622889 20.85049248
v 10.88481903 4.58088303 20.95379639
v 10.88481903 4.46486712 21.02965546
v 10.9339695 4.43558502 21.10034561
v 10.9339695 3.92792416 21.10034561
v 10.88481903 3.89864206 21.02965546
v 10.88481903 3.78262997 20.95379639
v 10.88481903 4.56728363 21.05709839
v 10.88481903 4.43558502 21.10034561
v 10.9339695 4.38900661 21.16104698
v 10.9339695 3.97450256 21.16104698
v 10.88481903 3.92792416 21.10034561
v 10.88481903 3.79622889 21.05709839
v 10.88481903 4.52741051 21.15335846
v 10.88481903 4.38900661 21.16104698
v 10.9339695 4.32830334 21.20762634
v 10.9339695 4.03520536 21.20762634
v 10.88481903 3.97450256 21.16104698
v 10.88481903 3.83610249 21.15335846
v 10.88481903 4.46398115 21.23601913
v 10.88481903 4.32830334 21.20762634
v 10.9339695 4.257617 21.23690796
v 10.9339695 4.10589552 21.23690796
v 10.88481903 4.03520536 21.20762634
v 10.88481903 3.89953136 21.23601913
v 10.88481903 4.38131952 21.29944992
v 10.88481903 4.257617 21.23690796
v 10.9339695 4.18175602 21.24689293
v 10.88481903 4.10589552 21.23690796
v 10.88481903 3.98219299 21.29944992
v 10.88481903 4.2850585 21.33932304
v 10.88481903 4.18175602 21.24689293
v 10.88481903 4.07845402 21.33932304
v 10.88481903 4.18175602 21.35292053
v 11.00109482 4.72458363 20.35064697
v 10.95437241 4.77130699 20.35064697
v 10.95437241 5.49930859 20.35064697
v 11.00109482 5.54602814 20.35064697
v -11.14459896 -7.31381178 18.02886391
v -11.1574049 -7.31381178 18.02886391
v -11.52260017 -7.31381178 18.02886391
v -11.53540611 -7.31381178 18.02886391
v -10.3885994 -7.31381178 18.02886391
v -10.40140533 -7.31381178 18.02886391
v -10.76659966 -7.31381178 18.02886391
v -10.77940559 -7.31381178 18.02886391
v -9.63259888 -7.31381178 18.02886391
v -9.64540482 -7.31381178 18.02886391
v -10.01059914 -7.31381178 18.02886391
v -10.02340508 -7.31381178 18.02886391
v -8.87659931 -7.31381178 18.02886391
v -8.88940525 -7.31381178 18.02886391
v -9.25459862 -7.31381178 18.02886391
v -9.26740456 -7.31381178 18.02886391
v -8.12059879 -7.31381178 18.02886391
v -8.13340473 -7.31381178 18.02886391
v -8.4985981 -7.31381178 18.02886391
v -8.51140404 -7.31381178 18.02886391
v -7.36459827 -7.31381178 18.02886391
v -7.37740421 -7.31381178 18.02886391
v -7.74259901 -7.31381178 18.02886391
v -7.75540495 -7.31381178 18.02886391
v -6.60859823 -7.31381178 18.02886391
v -6.62140417 -7.31381178 18.02886391
v -6.98659897 -7.31381178 18.02886391
v -6.99940491 -7.31381178 18.02886391
v -5.85259819 -7.31381178 18.02886391
v -5.86540413 -7.31381178 18.02886391
v -6.23059845 -7.31381178 18.02886391
v -6.24340439 -7.31381178 18.02886391
v -5.09659815 -7.31381178 18.02886391
v -5.10940409 -7.31381178 18.02886391
v -5.47459793 -7.31381178 18.02886391
v -5.48740387 -7.31381178 18.02886391
v -4.34059763 -7.31381178 18.02886391
v -4.35340357 -7.31381178 18.02886391
v -4.71859789 -7.31381178 18.02886391
v -4.73140383 -7.31381178 18.02886391
v -3.58459783 -7.31381178 18.02886391
v -3.59740376 -7.31381178 18.02886391
v -3.96259785 -7.31381178 18.02886391
v -3.97540379 -7.31381178 18.02886391
v -2.82859755 -7.31381178 18.02886391
v -2.84140348 -7.31381178 18.02886391
v -3.20659733 -7.31381178 18.02886391
v -3.21940327 -7.31381178 18.02886391
v -2.07259727 -7.31381178 18.02886391
v -2.0854032 -7.31381178 18.02886391
v -2.45059776 -7.31381178 18.02886391
v -2.4634037 -7.31381178 18.02886391
v -1.31659698 -7.31381178 18.02886391
v -1.32940292 -7.31381178 18.02886391
v -1.69459748 -7.31381178 18.02886391
v -1.70740342 -7.31381178 18.02886391
v -0.5605967 -7.31381178 18.02886391
v -0.57340264 -7.31381178 18.02886391
v -0.9385972 -7.31381178 18.02886391
v -0.95140314 -7.31381178 18.02886391
v 0.19540286 -7.31381178 18.02886391
v 0.18259692 -7.31381178 18.02886391
v -0.18259692 -7.31381178 18.02886391
v -0.19540286 -7.31381178 18.02886391
v 0.95140314 -7.31381178 18.02886391
v 0.9385972 -7.31381178 18.02886391
v 0.57340336 -7.31381178 18.02886391
v 0.56059742 -7.31381178 18.02886391
v 1.70740342 -7.31381178 18.02886391
v 1.69459748 -7.31381178 18.02886391
v 1.32940364 -7.31381178 18.02886391
v 1.3165977 -7.31381178 18.02886391
v 2.4634037 -7.31381178 18.02886391
v 2.45059776 -7.31381178 18.02886391
v 2.0854032 -7.31381178 18.02886391
v 2.07259727 -7.31381178 18.02886391
v 3.21940327 -7.31381178 18.02886391
v 3.20659733 -7.31381178 18.02886391
v 2.84140348 -7.31381178 18.02886391
v 2.82859755 -7.31381178 18.02886391
v 3.97540426 -7.31381178 18.02886391
v 3.96259832 -7.31381178 18.02886391
v 3.59740448 -7.31381178 18.02886391
v 3.58459854 -7.31381178 18.02886391
v 4.73140383 -7.31381178 18.02886391
v 4.71859789 -7.31381178 18.02886391
v 4.35340405 -7.31381178 18.02886391
v 4.34059811 -7.31381178 18.02886391
v 5.48740339 -7.31381178 18.02886391
v 5.47459745 -7.31381178 18.02886391
v 5.10940504 -7.31381178 18.02886391
v 5.0965991 -7.31381178 18.02886391
v 6.24340296 -7.31381178 18.02886391
v 6.23059702 -7.31381178 18.02886391
v 5.86540461 -7.31381178 18.02886391
v 5.85259867 -7.31381178 18.02886391
v 6.99940395 -7.31381178 18.02886391
v 6.98659801 -7.31381178 18.02886391
v 6.6214056 -7.31381178 18.02886391
v 6.60859966 -7.31381178 18.02886391
v 7.75540352 -7.31381178 18.02886391
v 7.74259758 -7.31381178 18.02886391
v 7.37740517 -7.31381178 18.02886391
v 7.36459923 -7.31381178 18.02886391
v 8.51140404 -7.31381178 18.02886391
v 8.4985981 -7.31381178 18.02886391
v 8.13340569 -7.31381178 18.02886391
v 8.12059975 -7.31381178 18.02886391
v 9.26740456 -7.31381178 18.02886391
v 9.25459862 -7.31381178 18.02886391
v 8.8894062 -7.31381178 18.02886391
v 8.87660027 -7.31381178 18.02886391
v 10.02340508 -7.31381178 18.02886391
v 10.01059914 -7.31381178 18.02886391
v 9.64540672 -7.31381178 18.02886391
v 9.63260078 -7.31381178 18.02886391
v 10.77940464 -7.31381178 18.02886391
v 10.7665987 -7.31381178 18.02886391
v 10.40140629 -7.31381178 18.02886391
v 10.38860035 -7.31381178 18.02886391
v 11.53540421 -7.31381178 18.02886391
v 11.52259827 -7.31381178 18.02886391
v 11.15740585 -7.31381178 18.02886391
v 11.14459991 -7.31381178 18.02886391
v 11.93626499 -6.98659801 18.028862
v 11.93626499 -6.60859823 18.028862
v 11.93626499 -6.2305975 18.028862
v 11.93626499 -5.85259819 18.028862
v 11.93626499 -5.47459793 18.028862
v 11.93626499 -5.09659767 18.028862
v 11.93626499 -4.71859741 18.028862
v 11.93626499 -4.34059715 18.028862
v 11.93626499 -3.96259761 18.028862
v 11.93626499 -3.58459783 18.028862
v 11.93626499 -3.20659781 18.028862
v 11.93626499 -2.82859778 18.028862
v 11.93626499 -2.45059752 18.028862
v 11.93626499 -2.0725975 18.028862
v 11.93626499 -1.69459701 18.028862
v 11.93626499 -1.31659687 18.028862
v 11.93626499 -0.93859684 18.028862
v 11.93626499 -0.5605967 18.028862
v 11.93626499 -0.18259664 18.028862
v 11.93626499 0 18.028862
v 11.93626499 0.18259664 18.028862
v -11.93626404 -6.98659801 18.028862
v -11.93626404 -6.60859823 18.028862
v -11.93626404 -6.2305975 18.028862
v -11.93626404 -5.85259819 18.028862
v -11.93626404 -5.47459793 18.028862
v -11.93626404 -5.09659767 18.028862
v -11.93626404 -4.71859741 18.028862
v -11.93626404 -4.34059715 18.028862
v -11.93626404 -3.96259761 18.028862
v -11.93626404 -3.58459783 18.028862
v -11.93626404 -3.20659781 18.028862
v -11.93626404 -2.82859778 18.028862
v -11.93626404 -2.45059752 18.028862
v -11.93626404 -2.0725975 18.028862
v -11.93626404 -1.69459701 18.028862
v -11.93626404 -1.31659687 18.028862
v -11.93626404 -0.93859684 18.028862
v -11.93626404 -0.5605967 18.028862
v -11.93626404 -0.18259664 18.028862
v -11.93626404 0 18.028862
v -11.93626404 0.18259664 18.028862
v -11.1574049 7.31381178 18.02886391
v -11.14459896 7.31381178 18.02886391
v -11.52260017 7.31381178 18.02886391
v -11.53540611 7.31381178 18.02886391
v -10.40140533 7.31381178 18.02886391
v -10.3885994 7.31381178 18.02886391
v -10.76659966 7.31381178 18.02886391
v -10.77940559 7.31381178 18.02886391
v -9.64540482 7.31381178 18.02886391
v -9.63259888 7.31381178 18.02886391
v -10.01059914 7.31381178 18.02886391
v -10.02340508 7.31381178 18.02886391
v -8.88940525 7.31381178 18.02886391
v -8.87659931 7.31381178 18.02886391
v -9.25459862 7.31381178 18.02886391
v -9.26740456 7.31381178 18.02886391
v -8.13340473 7.31381178 18.02886391
v -8.12059879 7.31381178 18.02886391
v -8.4985981 7.31381178 18.02886391
v -8.51140404 7.31381178 18.02886391
v -7.37740421 7.31381178 18.02886391
v -7.36459827 7.31381178 18.02886391
v -7.74259901 7.31381178 18.02886391
v -7.75540495 7.31381178 18.02886391
v -6.62140417 7.31381178 18.02886391
v -6.60859823 7.31381178 18.02886391
v -6.98659897 7.31381178 18.02886391
v -6.99940491 7.31381178 18.02886391
v -5.86540413 7.31381178 18.02886391
v -5.85259819 7.31381178 18.02886391
v -6.23059845 7.31381178 18.02886391
v -6.24340439 7.31381178 18.02886391
v -5.10940409 7.31381178 18.02886391
v -5.09659815 7.31381178 18.02886391
v -5.47459793 7.31381178 18.02886391
v -5.48740387 7.31381178 18.02886391
v -4.35340357 7.31381178 18.02886391
v -4.34059763 7.31381178 18.02886391
v -4.71859789 7.31381178 18.02886391
v -4.73140383 7.31381178 18.02886391
v -3.59740376 7.31381178 18.02886391
v -3.58459783 7.31381178 18.02886391
v -3.96259785 7.31381178 18.02886391
v -3.97540379 7.31381178 18.02886391
v -2.84140348 7.31381178 18.02886391
v -2.82859755 7.31381178 18.02886391
v -3.20659733 7.31381178 18.02886391
v -3.21940327 7.31381178 18.02886391
v -2.0854032 7.31381178 18.02886391
v -2.07259727 7.31381178 18.02886391
v -2.45059776 7.31381178 18.02886391
v -2.4634037 7.31381178 18.02886391
v -1.32940292 7.31381178 18.02886391
v -1.31659698 7.31381178 18.02886391
v -1.69459748 7.31381178 18.02886391
v -1.70740342 7.31381178 18.02886391
v -0.57340264 7.31381178 18.02886391
v -0.5605967 7.31381178 18.02886391
v -0.9385972 7.31381178 18.02886391
v -0.95140314 7.31381178 18.02886391
v 0.18259692 7.31381178 18.02886391
v 0.19540286 7.31381178 18.02886391
v -0.18259692 7.31381178 18.02886391
v -0.19540286 7.31381178 18.02886391
v 0.9385972 7.31381178 18.02886391
v 0.95140314 7.31381178 18.02886391
v 0.57340336 7.31381178 18.02886391
v 0.56059742 7.31381178 18.02886391
v 1.69459748 7.31381178 18.02886391
v 1.70740342 7.31381178 18.02886391
v 1.32940364 7.31381178 18.02886391
v 1.3165977 7.31381178 18.02886391
v 2.45059776 7.31381178 18.02886391
v 2.4634037 7.31381178 18.02886391
v 2.0854032 7.31381178 18.02886391
v 2.07259727 7.31381178 18.02886391
v 3.20659733 7.31381178 18.02886391
v 3.21940327 7.31381178 18.02886391
v 2.84140348 7.31381178 18.02886391
v 2.82859755 7.31381178 18.02886391
v 3.96259832 7.31381178 18.02886391
v 3.97540426 7.31381178 18.02886391
v 3.59740448 7.31381178 18.02886391
v 3.58459854 7.31381178 18.02886391
v 4.71859789 7.31381178 18.02886391
v 4.73140383 7.31381178 18.02886391
v 4.35340405 7.31381178 18.02886391
v 4.34059811 7.31381178 18.02886391
v 5.47459745 7.31381178 18.02886391
v 5.48740339 7.31381178 18.02886391
v 5.10940504 7.31381178 18.02886391
v 5.0965991 7.31381178 18.02886391
v 6.23059702 7.31381178 18.02886391
v 6.24340296 7.31381178 18.02886391
v 5.86540461 7.31381178 18.02886391
v 5.85259867 7.31381178 18.02886391
v 6.98659801 7.31381178 18.02886391
v 6.99940395 7.31381178 18.02886391
v 6.6214056 7.31381178 18.02886391
v 6.60859966 7.31381178 18.02886391
v 7.74259758 7.31381178 18.02886391
v 7.75540352 7.31381178 18.02886391
v 7.37740517 7.31381178 18.02886391
v 7.36459923 7.31381178 18.02886391
v 8.4985981 7.31381178 18.02886391
v 8.51140404 7.31381178 18.02886391
v 8.13340569 7.31381178 18.02886391
v 8.12059975 7.31381178 18.02886391
v 9.25459862 7.31381178 18.02886391
v 9.26740456 7.31381178 18.02886391
v 8.8894062 7.31381178 18.02886391
v 8.87660027 7.31381178 18.02886391
v 10.01059914 7.31381178 18.02886391
v 10.02340508 7.31381178 18.02886391
v 9.64540672 7.31381178 18.02886391
v 9.63260078 7.31381178 18.02886391
v 10.7665987 7.31381178 18.02886391
v 10.77940464 7.31381178 18.02886391
v 10.40140629 7.31381178 18.02886391
v 10.38860035 7.31381178 18.02886391
v 11.52259827 7.31381178 18.02886391
v 11.53540421 7.31381178 18.02886391
v 11.15740585 7.31381178 18.02886391
v 11.14459991 7.31381178 18.02886391
v 11.93626499 6.98659801 18.028862
v 11.93626499 6.60859823 18.028862
v 11.93626499 6.2305975 18.028862
v 11.93626499 5.85259819 18.028862
v 11.93626499 5.47459793 18.028862
v 11.93626499 5.09659767 18.028862
v 11.93626499 4.71859741 18.028862
v 11.93626499 4.34059715 18.028862
v 11.93626499 3.96259761 18.028862
v 11.93626499 3.58459783 18.028862
v 11.93626499 3.20659781 18.028862
v 11.93626499 2.82859778 18.028862
v 11.93626499 2.45059752 18.028862
v 11.93626499 2.0725975 18.028862
v 11.93626499 1.69459701 18.028862
v 11.93626499 1.31659687 18.028862
v 11.93626499 0.93859684 18.028862
v 11.93626499 0.5605967 18.028862
v -11.93626404 6.98659801 18.028862
v -11.93626404 6.60859823 18.028862
v -11.93626404 6.2305975 18.028862
v -11.93626404 5.85259819 18.028862
v -11.93626404 5.47459793 18.028862
v -11.93626404 5.09659767 18.028862
v -11.93626404 4.71859741 18.028862
v -11.93626404 4.34059715 18.028862
v -11.93626404 3.96259761 18.028862
v -11.93626404 3.58459783 18.028862
v -11.93626404 3.20659781 18.028862
v -11.93626404 2.82859778 18.028862
v -11.93626404 2.45059752 18.028862
v -11.93626404 2.0725975 18.028862
v -11.93626404 1.69459701 18.028862
v -11.93626404 1.31659687 18.028862
v -11.93626404 0.93859684 18.028862
v -11.93626404 0.5605967 18.028862
vn 0.85134 0 -0.52461
vn 0.85134 0 -0.52461
vn 0.85134 0 -0.52461
vn 0.85134 0 -0.52461
vn 0.85134 0 -0.52461
vn 0.85134 0 -0.52461
vn 0 0 0
vn 0.85134 0 -0.52461
vn 0 0 1
vn -0 -0.86722 -0.49792
vn -0 -0.86722 -0.49792
vn -0 -0.86722 -0.49792
vn 0 -0.86722 -0.49792
vn -0 -0.86722 -0.49792
vn 0 -0.86722 -0.49792
vn 1 0 0
vn 0.85134 0 -0.52461
vn 0 -0 1
vn -0 -0.86722 -0.49792
vn -0 -0.86722 -0.49792
vn 0 -0.86722 -0.49792
vn 0 -1 0
vn 0.85134 0 -0.52461
vn 0.85134 0 -0.52461
vn 0.85134 -0 -0.52461
vn 0.85134 0 -0.52461
vn 1 0 -0
vn -0 -0.86722 -0.49792
vn -0 -0.86722 -0.49792
vn 0 -0.86722 -0.49792
vn 0 -0.86722 -0.49792
vn 0 -1 0
vn 0.85134 0 -0.52461
vn 0.85134 0 -0.52461
vn 0.85134 0 -0.52461
vn 0.85134 0 -0.52461
vn -0 -0.86722 -0.49792
vn -0 -0.86722 -0.49792
vn -0 -0.86722 -0.49792
vn 0 -0.86722 -0.49792
vn -0 -0.86722 -0.49792
vn 0.85134 0 -0.52461
vn 0.85133 -2E-05 -0.52463
vn -0 -0.86722 -0.49792
vn 0.85134 0 -0.52462
vn 0.85134 0 -0.52462
vn 0.85136 -1E-05 -0.52458
vn 0.85134 0 -0.52461
vn 0 -0.86722 -0.49792
vn 0 -0.86722 -0.49792
vn -0 -0.86722 -0.49792
vn 0 0.86722 -0.49792
vn 0 0.86722 -0.49792
vn 0 0.86722 -0.49792
vn -0 0.86722 -0.49792
vn 0 0.86722 -0.49792
vn 0 0.86722 -0.49792
vn -0 -0.86722 -0.49792
vn 0 1 0
vn 0 0.86722 -0.49792
vn 0 0.86722 -0.49792
vn -0 0.86722 -0.49792
vn 0 -0.86722 -0.49792
vn 0 1 0
vn 0 0.86722 -0.49792
vn 0 0.86722 -0.49792
vn 0 0.86722 -0.49792
vn 0 0.86722 -0.49792
vn -0 -0.86722 -0.49792
vn -0 -0.86722 -0.49792
vn -0 -0.86722 -0.49792
vn 0 0.86722 -0.49792
vn 0 0.86722 -0.49792
vn 0 0.86722 -0.49792
vn -0 0.86722 -0.49792
vn 0 0.86722 -0.49792
vn -0 -0.86722 -0.49792
vn 0 -0.86722 -0.49792
vn -0 0.86722 -0.49792
vn 0 0.86722 -0.49792
vn 0 0.86722 -0.49792
vn -0 -0.86722 -0.49792
vn 0.91111 0 -0.41215
vn 0.91111 0 -0.41215
vn 0 0.86722 -0.49792
vn -0 0.86722 -0.49792
vn 0.91111 0 -0.41215
vn 0 -0.86722 -0.49792
vn 0 -0.91111 -0.41215
vn -0 -0.91111 -0.41215
vn 0.993 0 -0.11812
vn 0.993 0 -0.11812
vn 0 0.86722 -0.49792
vn 0.91111 0 -0.41215
vn 0.993 0 -0.11812
vn -0 -0.86722 -0.49792
vn -0 -0.86722 -0.49792
vn 0 -0.993 -0.11812
vn -0 -0.993 -0.11812
vn -0 -0 -1
vn 0.993 0 -0.11812
vn -0 -0.86722 -0.49792
vn 0 -0.86722 -0.49792
vn -0 -0.91111 -0.41215
vn 0 -0.993 -0.11812
vn 0 0 -1
vn 0 0.86722 -0.49792
vn -0 0.86722 -0.49792
vn 0.993 0 -0.11812
vn -0 -0.86722 -0.49792
vn 0 -0.86722 -0.49792
vn 0 -0.993 -0.11812
vn -0 -0.993 -0.11812
vn 0 0.86722 -0.49792
vn 0 -0.86722 -0.49792
vn -0 -0.86722 -0.49792
vn -0 -0.993 -0.11812
vn -0 0.86722 -0.49792
vn -0 -0.86722 -0.49792
vn 0 -0.86722 -0.49792
vn 0.92792 0 -0.37278
vn 0.92792 0 -0.37278
vn 0 0.86722 -0.49792
vn 0 0.86722 -0.49792
vn 0.92792 0 -0.37278
vn -0 -0.86722 -0.49792
vn 0 -0.86722 -0.49792
vn -0 -0.92792 -0.37278
vn 0 -0.92792 -0.37278
vn 0 0.91111 -0.41215
vn 0 0.91111 -0.41215
vn 0 0.86722 -0.49792
vn 0.92792 0 -0.37278
vn -0.85134 0 -0.52461
vn -0.85134 -0 -0.52461
vn 0 -0.91111 -0.41215
vn 0 -0.993 -0.11812
vn -0 -0.92792 -0.37278
vn 0 -0.92792 -0.37278
vn 0 0.993 -0.11812
vn 0 0.993 -0.11812
vn -0 0.86722 -0.49792
vn 0.92792 0 -0.37278
vn -0.85134 0 -0.52461
vn -0.85134 0 -0.52461
vn -0.85134 0 -0.52461
vn -0.85133 -0 -0.52463
vn -0.85134 0 -0.52461
vn -1 0 0
vn 0 -0.91111 -0.41215
vn -0 -0.92792 -0.37278
vn -0 -0.99999 -0.00335
vn -0.00283 -1 0
vn -0.00283 -1 -0
vn -0.00017 0 1
vn -0 5E-05 1
vn 0 0.993 -0.11812
vn 0 0.91111 -0.41215
vn 0 0.86722 -0.49792
vn -0.85134 0 -0.52461
vn -0.85134 0 -0.52461
vn -0.85133 2E-05 -0.52463
vn -0 -0.92792 -0.37278
vn 0 -0.99999 -0.00335
vn -0 -1 0.0029
vn -1E-05 -1 0.00291
vn 0 0.00018 1
vn 0 0.00017 1
vn 1 0 -0
vn 1 0 0
vn 0 0.993 -0.11812
vn 0 0.993 -0.11812
vn 0 0.86722 -0.49792
vn -0 0.86722 -0.49792
vn -0.85134 0 -0.52461
vn -0.85134 0 -0.52461
vn -0.85134 0 -0.52461
vn -0.85134 0 -0.52461
vn -0.85134 -0 -0.52461
vn -1 0 0
vn -0 -0.99999 -0.00335
vn 0 0 -1
vn 0 -1 0.00288
vn -1E-05 -1 0.00289
vn 0 0.00019 1
vn 0 0.00018 1
vn -1E-05 -1 -0
vn -1E-05 -1 8E-05
vn 0.77827 -3E-05 -0.62793
vn 0.77831 0 -0.62788
vn 0 0.993 -0.11812
vn 0 0.86722 -0.49792
vn -0 0.86722 -0.49792
vn -0.85134 0 -0.52461
vn -0.85134 0 -0.52461
vn -0.85134 -0 -0.52461
vn -0.85134 0 -0.52461
vn 0 -1 0.00286
vn -1E-05 -1 0.00288
vn 0.77827 0 -0.62793
vn 0 0.0002 1
vn 0 0.00019 1
vn -1E-05 -1 8E-05
vn -1E-05 -1 0.00015
vn -0 -0.77831 -0.62788
vn -1E-05 -0.77834 -0.62785
vn 0 0.86722 -0.49792
vn 0 0.86722 -0.49792
vn -0 0 1
vn -0 -1 0.00283
vn -1E-05 -1 0.00286
vn 0.77827 0 -0.62793
vn 0 0.0002 1
vn 0 0.0002 1
vn -1E-05 -1 0.00015
vn -1E-05 -1 0.00022
vn -0 -0.77834 -0.62785
vn -1E-05 -0.77837 -0.6278
vn 0 0.92792 -0.37278
vn 0 0.92792 -0.37278
vn 0 0.86722 -0.49792
vn -0 0.86722 -0.49792
vn -0.85134 0 -0.52461
vn -0.85134 0 -0.52461
vn -0.85134 0 -0.52461
vn -0.85134 -0 -0.52461
vn 0.89443 -0 0.44721
vn -0.85134 0 -0.52462
vn -0.00019 -1 -0.00142
vn 0 -1 0.0004
vn 0.00175 -1 -0.00141
vn 0.00242 -1 -0.00049
vn 0 0 -1
vn 0 -1 0.00281
vn -1E-05 -1 0.00284
vn 0.77827 0 -0.62793
vn 0.77827 -0 -0.62793
vn 0 0.00021 1
vn 0 0.0002 1
vn -1E-05 -1 0.00022
vn -1E-05 -1 0.00029
vn 0 -0.77837 -0.62781
vn -1E-05 -0.7784 -0.62777
vn 0 0.92792 -0.37278
vn 0 0.92792 -0.37278
vn 0 0.993 -0.11812
vn 0 0.91111 -0.41215
vn -3E-05 -1 -0.0002
vn 0 -1 -0.00027
vn -0.00019 -0.99999 -0.00371
vn 0.00109 -1 -0
vn 0.00109 -1 -0
vn -1 0 0
vn -0 0 1
vn 0.00156 -1 0.00134
vn 0.77827 0 -0.62793
vn 0 -0 -1
vn -0 0.00021 1
vn -0.02879 -0.01841 0.99942
vn -1E-05 -1 0.00029
vn -1E-05 -1 0.00036
vn -0 -0.7784 -0.62777
vn -1E-05 -0.77843 -0.62773
vn 0 0.92792 -0.37278
vn 0 0.99999 -0.00335
vn 0 -5E-05 1
vn -0.00283 1 0
vn -0.00283 1 0
vn 0 0.91111 -0.41215
vn -2E-05 -1 -0.00042
vn 0 -1 -0.00053
vn -0 -2E-05 -1
vn 0 3E-05 -1
vn 0.00235 -1 -3E-05
vn 0.00228 -1 -0
vn 0.00288 -1 0.00026
vn 0 0 -1
vn 0.00817 -0.99892 0.04564
vn -0.00818 -0.99997 -0.00093
vn 0 -0.77843 -0.62773
vn -1E-05 -0.77847 -0.62769
vn 0.45491 -0 0.89054
vn 0.45491 0 0.89054
vn 0 0.92792 -0.37278
vn 0 0.99999 -0.00335
vn 1 -0 0
vn 1 -0 0
vn 0 -0.00017 1
vn 0 -0.00018 1
vn -1E-05 1 0.00291
vn -0 1 0.0029
vn -3E-05 -1 -0.00064
vn 0 -1 -0.0008
vn -0 -5E-05 -1
vn 0 -2E-05 -1
vn -1 2E-05 0
vn -1 5E-05 -0
vn -3E-05 -1 0.00015
vn -2E-05 -1 0.00014
vn 0 0 -1
vn -3E-05 -1 0.00014
vn 0.00272 -1 0.00095
vn 1 0 -0
vn 0.00108 -1 0.0001
vn 0.00109 -1 0.0001
vn 0.00272 -1 0.00051
vn 0 0.03739 -0.9993
vn 0 0.9993 -0.0374
vn 0 0.9993 -0.0374
vn -0.04692 0 0.9989
vn -0.04677 0.00011 0.99891
vn -0.99992 0.01225 -0.00169
vn -0.99577 -0.01196 -0.09108
vn 0.02429 -0.78012 -0.62516
vn -0 -0.76157 -0.64809
vn 0 -0.45491 0.89054
vn -0 -0.45491 0.89054
vn 0 0.99999 -0.00335
vn 0.77827 3E-05 -0.62793
vn -1E-05 1 8E-05
vn -1E-05 1 0
vn 0 -0.00018 1
vn 0 -0.00019 1
vn -1E-05 1 0.00289
vn 0 1 0.00288
vn -3E-05 -1 -0.00086
vn 0 -1 -0.00106
vn -0 -8E-05 -1
vn 0 -5E-05 -1
vn 0.91656 -6E-05 0.39989
vn 0.91656 -6E-05 0.39989
vn -5E-05 -1 -3E-05
vn 0.00096 -1 0.00033
vn 0.00098 -1 0.00034
vn 0.00268 -1 0.00071
vn 0.00105 -1 0.00019
vn 0.00106 -1 0.0002
vn -0.99565 -0 -0.09313
vn 0 -0.03739 -0.9993
vn 0 0.11196 -0.99371
vn 0 0.11196 -0.99371
vn 0 0.99371 -0.11196
vn 0 0.99371 -0.11196
vn 0 -0.04552 0.99896
vn 0.00101 -0.04131 0.99915
vn -0.74916 -0.00938 -0.66232
vn -0.74341 0 -0.66884
vn 0 -0.45491 0.89054
vn -0 -0.45491 0.89054
vn 0 -0 -1
vn -1E-05 0.77834 -0.62785
vn 0 0.77831 -0.62788
vn -1E-05 1 0.00015
vn -1E-05 1 8E-05
vn 0 -0.00019 1
vn 0 -0.0002 1
vn -1E-05 1 0.00288
vn 0 1 0.00286
vn 3E-05 -1 -0.00086
vn 0.00102 -1 -7E-05
vn 0.00112 -1 -3E-05
vn -0 -0.00013 -1
vn 1E-05 -8E-05 -1
vn 0.88412 -6E-05 0.46727
vn 0.88411 -5E-05 0.46727
vn 0.00091 -1 0.00039
vn 0.00093 -1 0.00041
vn -4E-05 -1 -3E-05
vn -0 -1 -7E-05
vn 0.001 -1 0.00026
vn 0.00103 -1 0.00028
vn -0.94388 -0 -0.33028
vn 1 0 -0
vn -0.98257 -0 -0.18591
vn 0 -0.11196 -0.99371
vn 0 -0.11196 -0.99371
vn 0 0.18591 -0.98257
vn 0 0.18591 -0.98257
vn 0 0.03882 -0.99925
vn 0 0.98257 -0.18591
vn 0 0.98257 -0.18591
vn 0 0.9993 -0.0374
vn -0 0.9993 -0.0374
vn 0 -0 -1
vn 0.00538 -0.99927 0.03793
vn -0.00529 -0.99899 -0.04466
vn -1 -0 -0
vn 0 -0.45491 0.89054
vn 0 -0.45491 0.89054
vn 0 0 -1
vn -1E-05 0.77837 -0.6278
vn 0 0.77834 -0.62785
vn -1E-05 1 0.00022
vn -1E-05 1 0.00015
vn 0 -0.0002 1
vn 0 -0.0002 1
vn -1E-05 1 0.00286
vn -0 1 0.00283
vn 3E-05 -1 -0.00064
vn -1E-05 -8E-05 -1
vn 0 -0.00013 -1
vn -0.00112 -1 -3E-05
vn -0.00102 -1 -7E-05
vn 0.00013 -1 0.00111
vn -0.00032 -1 0.00022
vn 0.99952 -0.00034 -0.03089
vn 0.99953 -0.0002 -0.03077
vn 0.84673 -5E-05 0.53203
vn 0.84672 -3E-05 0.53203
vn 0.00084 -1 0.00043
vn 0.00087 -1 0.00046
vn -0.91656 -0 -0.39989
vn -3E-05 -1 -3E-05
vn -0 -1 -6E-05
vn 0.33028 -7E-05 0.94388
vn 0.33022 0.00012 0.9439
vn -0.96593 -0 -0.25882
vn -0.99428 -0 -0.10681
vn 0 -0.18591 -0.98257
vn -0 -0.18591 -0.98257
vn 0 -0.03882 -0.99925
vn 0 -0.9993 -0.0374
vn -0 -0.9993 -0.0374
vn 0 0.25882 -0.96592
vn 0 0.11196 -0.99371
vn 0 0.11196 -0.99371
vn 0 0.03882 -0.99925
vn 0 0.03882 -0.99925
vn 0 0.96593 -0.25882
vn -0 0.96593 -0.25882
vn -0 0.99371 -0.11197
vn 0 0.99371 -0.11196
vn 0 0.9993 -0.0374
vn 0 0 -1
vn -0.03929 0 0.99923
vn -0.03927 -3E-05 0.99923
vn -0.99581 0.04707 -0.07836
vn -0.99907 -0.04302 -0.00347
vn 0.00298 -0.76577 -0.64311
vn -0 -0.77087 -0.63699
vn -1 -0 -0
vn 0 -0.45491 0.89054
vn -0 -0.45491 0.89054
vn 0 1 0.0004
vn -0.00019 1 -0.00142
vn 0.00242 1 -0.00049
vn 0.00175 1 -0.00141
vn -1E-05 0.7784 -0.62777
vn 0 0.77837 -0.62781
vn -1E-05 1 0.00029
vn -1E-05 1 0.00022
vn 0 -0.0002 1
vn 0 -0.00021 1
vn -1E-05 1 0.00284
vn 0 1 0.00281
vn -0.91111 0 -0.41215
vn -0.91111 -0 -0.41215
vn 2E-05 -1 -0.00042
vn -0 -5E-05 -1
vn 0 -8E-05 -1
vn -0.99953 -0.0002 -0.03077
vn -0.99952 -0.00034 -0.03089
vn 0.00032 -1 0.00022
vn -0.00013 -1 0.00111
vn 0.11227 0.00063 0.99368
vn 0.11197 -6E-05 0.99371
vn -0.00035 -1 -3E-05
vn 0.00034 -1 0.00118
vn 0.8046 -4E-05 0.59382
vn 0.8046 -4E-05 0.59382
vn 0.00077 -1 0.00047
vn 0.0008 -1 0.0005
vn -0.88412 -0 -0.46727
vn -2E-05 -1 -3E-05
vn -1E-05 -1 -5E-05
vn 0.39989 -6E-05 0.91656
vn 0.3999 -7E-05 0.91656
vn 0.25847 0.00013 0.96602
vn 0.25882 0.00122 0.96592
vn 0.00013 -1 0.00029
vn 0.00013 -1 0.00038
vn -0.94388 -0 -0.33028
vn -0.98257 -0 -0.18591
vn 0 -0.25882 -0.96592
vn 0 -0.11196 -0.99371
vn 0 -0.11196 -0.99371
vn 0 -0.03882 -0.99925
vn 0 -0.03882 -0.99925
vn 0 -0.99371 -0.11196
vn 0 -0.99371 -0.11196
vn 0 0.33028 -0.94388
vn 0 0.18591 -0.98257
vn 0 0.18591 -0.98257
vn 0 0.11196 -0.99371
vn 0 0.11196 -0.99371
vn 0 0.03882 -0.99925
vn -0 0.94388 -0.33028
vn 0 0.94388 -0.33028
vn 0 0.98257 -0.18591
vn -0 0.98257 -0.18591
vn 0 0.99371 -0.11197
vn 0 0.9993 -0.0374
vn 0 0 -1
vn -1E-05 -0.03824 0.99927
vn 4E-05 -0.03833 0.99926
vn -0.73522 -0.03281 -0.67703
vn -0.75722 0 -0.65316
vn -1 -0 -0
vn -1 -0 -0
vn 0 -0.45491 0.89054
vn -0 -0.45491 0.89054
vn 0 0 -1
vn 0 1 -0.00027
vn -3E-05 1 -0.0002
vn -0.00019 0.99999 -0.00371
vn 0.00109 1 -0
vn 0.00109 1 -0
vn -1E-05 0.77843 -0.62773
vn 0 0.7784 -0.62777
vn -1E-05 1 0.00036
vn -1E-05 1 0.00029
vn -0.02879 0.01841 0.99942
vn -0 -0.00021 1
vn 0.00156 1 0.00134
vn -0.91111 -0 -0.41215
vn -0.993 0 -0.11812
vn -0.993 -0 -0.11812
vn 3E-05 -1 -0.0002
vn -0 -2E-05 -1
vn 0 -5E-05 -1
vn -0.00034 -1 0.00118
vn 0.00035 -1 -3E-05
vn -0.11227 0.00063 0.99368
vn -0.11197 -6E-05 0.99371
vn 0.9972 0 -0.07473
vn 5E-05 -1 0.00016
vn 5E-05 -1 0.00024
vn -0.11197 -0 -0.99371
vn 0.18591 0.00063 0.98257
vn 0.1861 0.00122 0.98253
vn 0.00016 -1 0.00074
vn 0.75797 -4E-05 0.65229
vn 0.75797 -4E-05 0.65229
vn 0.00069 -1 0.00049
vn 0.00072 -1 0.00054
vn -0.84672 -0 -0.53203
vn -0.91656 -0 -0.39989
vn -2E-05 -1 -4E-05
vn -1E-05 -1 -5E-05
vn 0.46727 -5E-05 0.88411
vn 0.46727 -5E-05 0.88411
vn 0.00018 -1 0.00036
vn 0.00019 -1 0.00043
vn 8E-05 -1 0.00023
vn 8E-05 -1 0.0003
vn -0.33028 -0 -0.94388
vn -0.96593 -0 -0.25882
vn -0.99371 -0 -0.11196
vn -0.99371 -0 -0.11196
vn 0 -0.33028 -0.94388
vn 0 -0.18591 -0.98257
vn 0 -0.18591 -0.98257
vn 0 -0.11196 -0.99371
vn -0 -0.11196 -0.99371
vn 0 -0.03882 -0.99925
vn 0 -0.98257 -0.18591
vn 0 -0.98257 -0.18591
vn -0 -0.9993 -0.0374
vn -0 -0.9993 -0.0374
vn 0 0.39989 -0.91656
vn 0 0.25882 -0.96592
vn 0 0.25883 -0.96592
vn 0 0.18591 -0.98257
vn 0 0.18591 -0.98257
vn 0 0.11196 -0.99371
vn 0 0.91656 -0.39989
vn 0 0.91656 -0.39989
vn -0 0.96593 -0.25882
vn 0 0.96593 -0.25882
vn 0 0.98257 -0.18591
vn 0 0.99371 -0.11197
vn 0 -0 -1
vn -0.03739 -0 0.9993
vn -0.03736 0 0.9993
vn 0.0192 -0.99913 0.0371
vn -0.01844 -0.99913 -0.03744
vn -1 -0 -0
vn 0 -0.45491 0.89054
vn 0 -0.45491 0.89054
vn 0 0 -1
vn 0 1 -0.00053
vn -2E-05 1 -0.00042
vn 0 -3E-05 -1
vn -0 2E-05 -1
vn 0.00235 1 -3E-05
vn 0.00228 1 -0
vn -1E-05 0.77847 -0.62769
vn 0 0.77843 -0.62773
vn 0.00817 0.99892 0.04564
vn -0.00818 0.99997 -0.00093
vn 0.00288 1 0.00026
vn -0.91111 -0 -0.41215
vn -0.993 -0 -0.11812
vn 0.00019 -1 -0.00142
vn -0 3E-05 -1
vn 0 -2E-05 -1
vn -0 0 -1
vn 2E-05 -1 0.00014
vn 3E-05 -1 0.00015
vn 3E-05 -1 0.00014
vn -0.00016 -1 0.00074
vn -0.25847 0.00013 0.96602
vn -0.25882 0.00122 0.96592
vn -0.1861 0.00122 0.98253
vn -0.18591 0.00063 0.98257
vn -5E-05 -1 0.00024
vn -5E-05 -1 0.00016
vn 0.11197 0 -0.99371
vn -0.9972 0 -0.07473
vn -0.0374 0 -0.9993
vn -0.0374 -0 -0.9993
vn 0.9972 0 -0.07473
vn -0.18591 -0 -0.98257
vn 0.70711 -4E-05 0.70711
vn 0.70711 -5E-05 0.7071
vn 0.00062 -1 0.00052
vn 0.00064 -1 0.00055
vn -0.8046 -0 -0.59382
vn -0.88412 -0 -0.46727
vn -2E-05 -1 -4E-05
vn -1E-05 -1 -4E-05
vn 0.53204 -5E-05 0.84672
vn 0.53204 -5E-05 0.84672
vn 0.00024 -1 0.00041
vn 0.00025 -1 0.00048
vn -0.39989 -0 -0.91656
vn -0.25882 -0 -0.96593
vn -0.94388 -0 -0.33028
vn -0.94388 -0 -0.33028
vn -0.98257 -0 -0.18591
vn -0.98257 -0 -0.18591
vn -0.99371 -0 -0.11196
vn -0.99371 -0 -0.11196
vn 0 -0.39989 -0.91656
vn 0 -0.25883 -0.96592
vn 0 -0.25882 -0.96592
vn 0 -0.18591 -0.98257
vn 0 -0.18591 -0.98257
vn 0 -0.11196 -0.99371
vn -0 -0.96593 -0.25882
vn 0 -0.96593 -0.25882
vn 0 -0.99371 -0.11196
vn -0 -0.99371 -0.11197
vn 0 -0.9993 -0.0374
vn 0 0.46727 -0.88411
vn 0 0.33028 -0.94388
vn 0 0.33028 -0.94388
vn 0 0.25882 -0.96592
vn 0 0.18591 -0.98257
vn 0 0.11196 -0.99371
vn -0 0.88412 -0.46727
vn 0 0.88412 -0.46727
vn 0 0.94388 -0.33028
vn 0 0.96593 -0.25882
vn 0 0.98257 -0.18591
vn 0 0.99371 -0.11197
vn -0 0 -1
vn -0.03739 -0 0.9993
vn -0.03739 -0 0.9993
vn -0.9993 -0.00052 -0.03739
vn -0.99733 0.00053 -0.073
vn 0.01333 -0.77073 -0.63702
vn -0 -0.77212 -0.63547
vn -0.45491 0 0.89054
vn -0.45491 0 0.89054
vn -1 -0 -0
vn -1 -0 -0
vn -1 -0 -0
vn 0 0 -1
vn 0 1 -0.0008
vn -3E-05 1 -0.00064
vn 0 2E-05 -1
vn -0 5E-05 -1
vn -1 -5E-05 -0
vn -1 -2E-05 0
vn 1E-05 -0.44721 0.89443
vn -2E-05 0.8 0.6
vn -3E-05 1 0.00014
vn -2E-05 0.89443 0.44721
vn 0.00272 1 0.00095
vn -0 0.45491 0.89054
vn 0 0.45491 0.89054
vn 0 0.76157 -0.64809
vn 0.02429 0.78012 -0.62516
vn 0.00109 1 0.0001
vn 0.00108 1 0.0001
vn -0.04677 -0.00011 0.99891
vn -0.99577 0.01196 -0.09108
vn -0.99992 -0.01225 -0.00169
vn 0.00272 1 0.00051
vn -0.993 0 -0.11812
vn 1 5E-05 -0
vn 1 2E-05 0
vn 0 -1 -7E-05
vn -8E-05 -1 0.0003
vn -8E-05 -1 0.00023
vn 0.18591 0 -0.98257
vn -0.9972 0 -0.07473
vn 0.0374 0 -0.9993
vn 0.0374 0 -0.9993
vn -0.0374 -0 -0.9993
vn -0.0374 -0 -0.9993
vn -0.11196 -0 -0.99371
vn 0.65229 -5E-05 0.75797
vn 0.65229 -5E-05 0.75797
vn 0.00054 -1 0.00051
vn 0.00057 -1 0.00057
vn -0.75797 -0 -0.65229
vn -0.84672 -0 -0.53203
vn -0.91656 -0 -0.39989
vn -1E-05 -1 -4E-05
vn 0.59382 -5E-05 0.8046
vn 0.59382 -5E-05 0.8046
vn 0.00031 -1 0.00045
vn 0.00033 -1 0.00052
vn -0.46727 -0 -0.88412
vn -0.33028 -0 -0.94388
vn -0.96593 -0 -0.25882
vn -0.96593 -0 -0.25882
vn -0.94388 -0 -0.33028
vn -0.94388 -0 -0.33028
vn -0.98257 -0 -0.18591
vn -0.98257 -0 -0.18591
vn -0.99371 0 -0.11196
vn -0.99371 0 -0.11196
vn 0 -0.46727 -0.88411
vn 0 -0.33028 -0.94388
vn -0 -0.33028 -0.94388
vn 0 -0.25882 -0.96592
vn 0 -0.18591 -0.98257
vn 0 -0.11196 -0.99371
vn 0 -0.94388 -0.33028
vn -0 -0.94388 -0.33028
vn -0 -0.98257 -0.18591
vn -0 -0.98257 -0.18591
vn 0 -0.99371 -0.11197
vn 0 -0.9993 -0.0374
vn 0 0 -1
vn 0 -0 -1
vn 0 0 -1
vn 0 0.53203 -0.84673
vn 0 0.39989 -0.91656
vn 0 0.33028 -0.94388
vn 0 0.33028 -0.94388
vn 0 0.25882 -0.96592
vn 0 0.18591 -0.98257
vn 0 0.18591 -0.98257
vn 0 0.03882 -0.99925
vn 0 0.84672 -0.53203
vn 0 0.91656 -0.39989
vn 0 0.94388 -0.33028
vn 0 0.96593 -0.25882
vn 0 0.98257 -0.18591
vn 1E-05 0.98257 -0.18591
vn 0 0.9993 -0.0374
vn -0 0 -1
vn -0.03739 0 0.9993
vn -0.03739 0 0.9993
vn -0.9993 -0 -0.03739
vn -0.75447 -0.0004 -0.65633
vn -0.75825 0 -0.65196
vn -1 0 -0
vn -1 -0 0
vn 0 -0.45491 0.89054
vn -1 -0 -0
vn -1 -0 -0
vn -1 -0.0003 -0
vn 0 -0 -1
vn 0 1 -0.00106
vn -3E-05 1 -0.00086
vn 0 5E-05 -1
vn -0 8E-05 -1
vn 0.91656 6E-05 0.39989
vn 0.91656 6E-05 0.39989
vn -5E-05 1 -3E-05
vn 0.00268 1 0.00071
vn 0.00098 1 0.00034
vn 0.00096 1 0.00033
vn 0 0 -1
vn -0 0.45491 0.89054
vn 0 0.45491 0.89054
vn -0.74916 0.00938 -0.66232
vn 0.00106 1 0.0002
vn 0.00105 1 0.00019
vn 0.00101 0.04131 0.99915
vn 0 0.04552 0.99896
vn -0.993 0 -0.11812
vn -0.00242 -1 -0.00049
vn -0.00175 -1 -0.00141
vn 0.00019 -0.99999 -0.00371
vn -0.00235 -1 -3E-05
vn -0.91656 -6E-05 0.39989
vn -0.91656 -6E-05 0.39989
vn 5E-05 -1 -3E-05
vn 0 -1 -6E-05
vn -0.33022 0.00012 0.9439
vn -0.33028 -7E-05 0.94388
vn -0.00013 -1 0.00038
vn -0.00013 -1 0.00029
vn 0.25882 0 -0.96593
vn 0.11196 0 -0.99371
vn 0.0374 -0 -0.9993
vn 0.0374 0 -0.9993
vn -0.0374 -0 -0.9993
vn -0.0374 -0 -0.9993
vn -0.11196 -0 -0.99371
vn -0.18591 -0 -0.98257
vn 0.00046 -1 0.00051
vn 0.00049 -1 0.00056
vn -0.70711 -0 -0.70711
vn -0.8046 -0 -0.59382
vn -0.88412 -0 -0.46727
vn -0.88412 -0 -0.46727
vn -0.91656 -0 -0.39989
vn 0.00038 -1 0.00049
vn 0.00041 -1 0.00055
vn -0.53203 -0 -0.84672
vn -0.39989 -0 -0.91656
vn -0.25882 -0 -0.96592
vn -0.96593 -0 -0.25882
vn -0.96593 -0 -0.25882
vn -0.94388 0 -0.33028
vn -0.94388 0 -0.33028
vn -0.98257 0 -0.18591
vn -0.98257 0 -0.18591
vn -0.99371 0 -0.11196
vn -0.99371 0 -0.11196
vn 0 -0.53203 -0.84673
vn 0 -0.39989 -0.91656
vn 0 -0.33028 -0.94388
vn -0 -0.33028 -0.94388
vn 0 -0.25882 -0.96592
vn 0 -0.18591 -0.98257
vn 0 -0.18591 -0.98257
vn -0 -0.03882 -0.99925
vn 0 -0.91656 -0.39989
vn 0 -0.91656 -0.39989
vn 0 -0.96593 -0.25882
vn -0 -0.96593 -0.25882
vn 0 -0.98257 -0.18591
vn 0 -0.99371 -0.11197
vn 0 0 -1
vn 0 0.59383 -0.80459
vn 0 0.46727 -0.88411
vn 0 0.39989 -0.91656
vn 0 0.33028 -0.94388
vn 0 0.25882 -0.96592
vn 0 0.18591 -0.98257
vn 0 0.11197 -0.99371
vn 0 0.11196 -0.99371
vn 0 0.8046 -0.59382
vn 0 0.88412 -0.46727
vn 0 0.91656 -0.39989
vn 0 0.94388 -0.33028
vn 0 0.94388 -0.33028
vn 1E-05 0.96593 -0.25882
vn 0 0.96593 -0.25882
vn 0 0.98257 -0.18591
vn 0 0.99371 -0.11196
vn 0 0.99371 -0.11197
vn -1 -0 -1E-05
vn -1 -0 -1E-05
vn 0 0 -1
vn -1 -0 -0
vn -1 0 -0
vn -0.03736 -0 0.9993
vn -0.03739 0 0.9993
vn -0.9993 0 -0.03739
vn -0.75447 -0 -0.65633
vn -0.75447 -0 -0.65633
vn 0 0 -1
vn -0.45491 0 0.89054
vn -0.45491 0 0.89054
vn -1 -0 -0
vn -1 0 -0
vn -1 -0 0
vn 3E-05 1 -0.00086
vn 1E-05 8E-05 -1
vn -0 0.00013 -1
vn 0.00112 1 -3E-05
vn 0.00102 1 -7E-05
vn 0.00093 1 0.00041
vn 0.00091 1 0.00039
vn 0.88411 5E-05 0.46727
vn 0.88412 6E-05 0.46727
vn -4E-05 1 -3E-05
vn -0 1 -7E-05
vn 0.00103 1 0.00028
vn 0.001 1 0.00026
vn 0 -0 -1
vn -0 0.45491 0.89054
vn 0 0.45491 0.89054
vn -0.00529 0.99899 -0.04466
vn 0.00538 0.99927 0.03793
vn 1 -0 0
vn -0.00109 -1 -0
vn -0.00109 -1 -0
vn -0.00228 -1 -0
vn -0.00093 -1 0.00041
vn -0.00091 -1 0.00039
vn -0.88411 -5E-05 0.46727
vn -0.88412 -6E-05 0.46727
vn 4E-05 -1 -3E-05
vn 1E-05 -1 -5E-05
vn -0.3999 -7E-05 0.91656
vn -0.39989 -6E-05 0.91656
vn -0.00019 -1 0.00043
vn -0.00018 -1 0.00036
vn 0.33028 0 -0.94388
vn 0.18591 0 -0.98257
vn 0.11196 -0 -0.99371
vn 0.0374 -0 -0.9993
vn 0.0374 0 -0.9993
vn -0.0374 0 -0.9993
vn -0.11196 -0 -0.99371
vn -0.11196 -0 -0.99371
vn -0.18591 -0 -0.98257
vn -0.65229 -0 -0.75797
vn -0.75797 -0 -0.65229
vn -0.84673 -0 -0.53203
vn -0.84672 -0 -0.53203
vn -0.88412 -0 -0.46727
vn -0.88412 -0 -0.46727
vn -0.91656 0 -0.39989
vn -0.59382 -0 -0.8046
vn -0.46727 -0 -0.88411
vn -0.33027 -0 -0.94388
vn -0.33027 -0 -0.94388
vn -0.96593 0 -0.25882
vn -0.96593 0 -0.25882
vn -0.94388 0 -0.33028
vn -0.94388 0 -0.33028
vn -0.98257 0 -0.18591
vn -0.98257 0 -0.18591
vn 0 -0.59383 -0.80459
vn 0 -0.46727 -0.88411
vn 0 -0.39989 -0.91656
vn 0 -0.33028 -0.94388
vn 0 -0.25882 -0.96592
vn -0 -0.18591 -0.98257
vn 0 -0.11196 -0.99371
vn 0 -0.11197 -0.99371
vn 0 -0.88412 -0.46727
vn -0 -0.88412 -0.46727
vn 0 -0.94388 -0.33028
vn 0 -0.96593 -0.25882
vn 0 -0.98257 -0.18591
vn 0 -0.99371 -0.11197
vn -0 0 -1
vn 0 0.65228 -0.75797
vn 0 0.65228 -0.75797
vn 0 0.53203 -0.84673
vn 0 0.53203 -0.84673
vn 0 0.46727 -0.88411
vn 0 0.39989 -0.91656
vn 0 0.33028 -0.94388
vn 0 0.33028 -0.94388
vn 0 0.25882 -0.96592
vn 0 0.18591 -0.98257
vn 0 0.18591 -0.98257
vn -1 -0 0
vn 0 0.75797 -0.65229
vn 0 0.75797 -0.65229
vn 0 0.84672 -0.53203
vn 0 0.88412 -0.46727
vn 0 0.88412 -0.46727
vn 0 0.91656 -0.39989
vn 0 0.91656 -0.39989
vn 0 0.94388 -0.33028
vn 1E-05 0.94388 -0.33028
vn 0 0.96593 -0.25882
vn 0 0.98257 -0.18591
vn 0 0.98257 -0.18591
vn 0 0 -1
vn -1 -0 -0
vn 4E-05 0.03833 0.99926
vn -1E-05 0.03824 0.99927
vn -0.99733 -0.00053 -0.073
vn -0.9993 0.00052 -0.03739
vn -0.75447 0 -0.65633
vn -0.75447 0 -0.65633
vn 0 0 -1
vn -1 1E-05 0
vn -1 -0 -0
vn 0 -0.45491 0.89054
vn 0 -0.45491 0.89054
vn -1 -0 0
vn 3E-05 1 -0.00064
vn -0.00102 1 -7E-05
vn -0.00112 1 -3E-05
vn 0 0.00013 -1
vn -1E-05 8E-05 -1
vn 0.99953 0.0002 -0.03077
vn 0.99952 0.00034 -0.03089
vn -0.00032 1 0.00022
vn 0.00013 1 0.00111
vn 0.00087 1 0.00046
vn 0.00084 1 0.00043
vn 0.84672 3E-05 0.53203
vn 0.84673 5E-05 0.53203
vn -3E-05 1 -3E-05
vn -0 1 -6E-05
vn 0.33022 -0.00012 0.9439
vn 0.33028 7E-05 0.94388
vn 0 -0 -1
vn -0 0.45491 0.89054
vn 0 0.45491 0.89054
vn 0 0.77087 -0.63699
vn 0.00298 0.76577 -0.64311
vn -0.03927 3E-05 0.99923
vn -0.99907 0.04302 -0.00347
vn -0.99581 -0.04707 -0.07836
vn -0.92792 -0 -0.37278
vn -0.92792 0 -0.37278
vn -0.00156 -1 0.00134
vn -0.00272 -1 0.00095
vn -0.00098 -1 0.00034
vn -0.00096 -1 0.00033
vn 0.91656 0 -0.39989
vn -0.00087 -1 0.00046
vn -0.00084 -1 0.00043
vn -0.84672 -3E-05 0.53203
vn -0.84673 -5E-05 0.53203
vn 3E-05 -1 -3E-05
vn 1E-05 -1 -5E-05
vn -0.46727 -5E-05 0.88411
vn -0.46727 -5E-05 0.88411
vn -0.00025 -1 0.00048
vn -0.00024 -1 0.00041
vn 0.39989 0 -0.91656
vn 0.25882 0 -0.96592
vn 0.18591 -0 -0.98257
vn 0.11196 -0 -0.99371
vn 0.11196 -0 -0.99371
vn 0.0374 0 -0.9993
vn -0.0374 0 -0.9993
vn -0.11196 0 -0.99371
vn -0.11196 0 -0.99371
vn -0.18591 -0 -0.98257
vn -0.18591 -0 -0.98257
vn -0.25883 -0 -0.96592
vn -0.70711 -0 -0.70711
vn -0.8046 -0 -0.59382
vn -0.8046 -0 -0.59382
vn -0.84673 -0 -0.53203
vn -0.84673 -0 -0.53203
vn -0.88412 0 -0.46727
vn -0.88412 0 -0.46727
vn -0.91656 0 -0.39989
vn -0.53204 -0 -0.84672
vn -0.3999 -0 -0.91656
vn -0.3999 -0 -0.91656
vn -0.33028 -0 -0.94388
vn -0.33027 -0 -0.94388
vn -0.96593 0 -0.25882
vn -0.96593 0 -0.25882
vn 0 -0.65228 -0.75797
vn 0 -0.65228 -0.75797
vn 0 -0.53203 -0.84673
vn 0 -0.53203 -0.84673
vn 0 -0.46727 -0.88411
vn 0 -0.39989 -0.91656
vn 0 -0.33028 -0.94388
vn -0 -0.33028 -0.94388
vn -0 -0.25882 -0.96592
vn 0 -0.18591 -0.98257
vn 0 -0.18591 -0.98257
vn -1 0 0
vn 0 -0.84672 -0.53203
vn 0 -0.91656 -0.39989
vn 0 -0.94388 -0.33028
vn 0 -0.96593 -0.25882
vn 1E-05 -0.98257 -0.18591
vn -0 -0.98257 -0.18591
vn 0 -0.9993 -0.0374
vn -0 -0 -1
vn 0 0.70711 -0.70711
vn 0 0.59382 -0.80459
vn 0 0.59382 -0.8046
vn 0 0.53203 -0.84673
vn 0 0.53203 -0.84673
vn 0 0.46727 -0.88411
vn 0 0.39989 -0.91656
vn 0 0.33028 -0.94388
vn 0 0.25882 -0.96592
vn 0 0.25882 -0.96592
vn -1 -0 0
vn 0 0.8046 -0.59382
vn 0 0.84672 -0.53203
vn 0 0.84672 -0.53203
vn 0 0.88412 -0.46727
vn 0 0.88412 -0.46727
vn 1E-05 0.91656 -0.39989
vn 0 0.91656 -0.39989
vn 0 0.94388 -0.33028
vn 0 0.96593 -0.25882
vn 0 0.96593 -0.25882
vn -0 -0 -1
vn -0.01844 0.99913 -0.03744
vn 0.0192 0.99913 0.0371
vn -0.75447 0.0004 -0.65633
vn -0.75825 -0 -0.65196
vn 0 0 -1
vn -0.45491 0 0.89054
vn -0.45491 0 0.89054
vn -1 -0 0
vn 2E-05 1 -0.00042
vn 0 8E-05 -1
vn -0 5E-05 -1
vn -0.00013 1 0.00111
vn 0.00032 1 0.00022
vn -0.99952 0.00034 -0.03089
vn -0.99953 0.0002 -0.03077
vn 2E-05 0.8 0.6
vn -1E-05 -0.44721 0.89443
vn 3E-05 1 0.00014
vn 2E-05 0.89443 0.44722
vn 0.00034 1 0.00118
vn -0.00035 1 -3E-05
vn 0.11227 -0.00063 0.99368
vn 0.11197 6E-05 0.99371
vn 0.0008 1 0.0005
vn 0.00077 1 0.00047
vn 0.8046 4E-05 0.59382
vn 0.8046 4E-05 0.59382
vn -2E-05 1 -3E-05
vn -1E-05 1 -5E-05
vn 0.3999 7E-05 0.91656
vn 0.39989 6E-05 0.91656
vn 0.00013 1 0.00038
vn 0.00013 1 0.00029
vn 0.25882 -0.00122 0.96592
vn 0.25847 -0.00013 0.96602
vn 0 -0 -1
vn -0 0.45491 0.89054
vn 0 0.45491 0.89054
vn -0.73522 0.03281 -0.67703
vn -0.92792 -0 -0.37278
vn -1 -0 -0
vn 1E-05 -1 0.00284
vn -0 0 -1
vn -0.00288 -1 0.00026
vn -0.00268 -1 0.00071
vn -0.00103 -1 0.00028
vn -0.001 -1 0.00026
vn 0.94388 0 -0.33028
vn 0.88412 0 -0.46727
vn -0.0008 -1 0.0005
vn -0.00077 -1 0.00047
vn -0.8046 -4E-05 0.59382
vn -0.8046 -4E-05 0.59382
vn 2E-05 -1 -3E-05
vn 1E-05 -1 -4E-05
vn -0.53204 -5E-05 0.84672
vn -0.53204 -5E-05 0.84672
vn -0.00033 -1 0.00052
vn -0.00031 -1 0.00045
vn 0.46727 0 -0.88412
vn 0.33028 0 -0.94388
vn 0.25883 -0 -0.96592
vn 0.18591 -0 -0.98257
vn 0.18591 -0 -0.98257
vn 0.11196 0 -0.99371
vn 0.11196 0 -0.99371
vn 0.0374 0 -0.9993
vn -0.11196 0 -0.99371
vn -0.18591 0 -0.98257
vn -0.18591 0 -0.98257
vn -0.25883 -0 -0.96592
vn -0.25883 -0 -0.96592
vn -0.65229 -0 -0.75797
vn -0.75797 -0 -0.65229
vn -0.8046 -0 -0.59382
vn -0.84673 0 -0.53203
vn -0.84673 0 -0.53203
vn -0.88412 0 -0.46727
vn -0.88412 0 -0.46727
vn -0.59382 -0 -0.8046
vn -0.46727 -0 -0.88412
vn -0.46727 -0 -0.88412
vn -0.3999 -0 -0.91656
vn -0.3999 -0 -0.91656
vn -0.33027 0 -0.94388
vn -0.33028 0 -0.94388
vn 0 -0.70711 -0.70711
vn 0 -0.59382 -0.8046
vn -0 -0.59382 -0.80459
vn 0 -0.53203 -0.84673
vn 0 -0.53203 -0.84673
vn 0 -0.46727 -0.88411
vn 0 -0.39989 -0.91656
vn -0 -0.33028 -0.94388
vn 0 -0.25882 -0.96592
vn 0 -0.25882 -0.96592
vn -1 0 0
vn 0 -0.8046 -0.59382
vn 0 -0.88412 -0.46727
vn 0 -0.91656 -0.39989
vn 0 -0.94388 -0.33028
vn 0 -0.94388 -0.33028
vn 0 -0.96593 -0.25882
vn 1E-05 -0.96593 -0.25882
vn -0 -0.98257 -0.18591
vn 0 -0.99371 -0.11197
vn 0 -0.99371 -0.11196
vn -1 0 -1E-05
vn -1 0 -1E-05
vn -1 0 -0
vn 0 -0 -1
vn 0 0.65229 -0.75797
vn 0 0.59382 -0.8046
vn 0 0.59382 -0.8046
vn 0 0.53203 -0.84673
vn 0 0.46727 -0.88411
vn 0 0.33028 -0.94388
vn -1 -0 0
vn 0 0.75797 -0.65229
vn 0 0.8046 -0.59382
vn 0 0.8046 -0.59382
vn 0 0.84672 -0.53203
vn 0 0.84672 -0.53203
vn 0 0.88412 -0.46727
vn 0 0.91656 -0.39989
vn 0 0.94388 -0.33028
vn 0 0.94388 -0.33028
vn -1 0 -0
vn -1 0 -0
vn -0 0 -1
vn -1 -0 -0
vn -1 -0 0
vn 3E-05 1 -0.0002
vn 0 5E-05 -1
vn -0 2E-05 -1
vn -0.11227 -0.00063 0.99368
vn -0.11197 6E-05 0.99371
vn 0.00035 1 -3E-05
vn -0.00034 1 0.00118
vn 0.00016 1 0.00074
vn 0.1861 -0.00122 0.98253
vn 0.18591 -0.00063 0.98257
vn 5E-05 1 0.00024
vn 5E-05 1 0.00016
vn 0.00072 1 0.00054
vn 0.00069 1 0.00049
vn 0.75797 4E-05 0.65229
vn 0.75797 4E-05 0.65229
vn -2E-05 1 -4E-05
vn -1E-05 1 -5E-05
vn 0.46727 5E-05 0.88411
vn 0.46727 5E-05 0.88411
vn 0.00019 1 0.00043
vn 0.00018 1 0.00036
vn 8E-05 1 0.0003
vn 8E-05 1 0.00023
vn 0 -0 -1
vn -0 0.45491 0.89054
vn 0 0.45491 0.89054
vn -0.92792 -0 -0.37278
vn 0.00283 -1 0
vn 0.00283 -1 0
vn 1E-05 -1 0.00286
vn 0 -1 0.00283
vn -0 0.0002 1
vn -0 0.00021 1
vn -0.00109 -1 0.0001
vn -0.00108 -1 0.0001
vn -0.00272 -1 0.00051
vn -0.00106 -1 0.0002
vn -0.00105 -1 0.00019
vn 0.96593 0 -0.25882
vn 0.91656 0 -0.39989
vn 0.84672 0 -0.53203
vn -0.00072 -1 0.00054
vn -0.00069 -1 0.00049
vn -0.75797 -4E-05 0.65229
vn -0.75797 -4E-05 0.65229
vn 2E-05 -1 -4E-05
vn -0.59382 -5E-05 0.8046
vn -0.59382 -5E-05 0.8046
vn 1E-05 -1 -4E-05
vn -0.00041 -1 0.00055
vn -0.00038 -1 0.00049
vn 0.53203 0 -0.84672
vn 0.39989 0 -0.91656
vn 0.33027 -0 -0.94388
vn 0.33027 -0 -0.94388
vn 0.25883 -0 -0.96592
vn 0.25883 -0 -0.96592
vn 0.18591 0 -0.98257
vn 0.18591 0 -0.98257
vn 0.11196 0 -0.99371
vn -0.18591 0 -0.98257
vn -0.25883 0 -0.96592
vn -0.25883 0 -0.96592
vn -0.70711 -0 -0.70711
vn -0.70711 -0 -0.70711
vn -0.75797 -0 -0.65229
vn -0.75797 -0 -0.65229
vn -0.8046 0 -0.59382
vn -0.84672 0 -0.53203
vn -0.84673 0 -0.53203
vn -0.53204 -0 -0.84672
vn -0.53204 -0 -0.84672
vn -0.46727 -0 -0.88412
vn -0.3999 0 -0.91656
vn -0.3999 0 -0.91656
vn -0.33027 0 -0.94388
vn -0.33027 0 -0.94388
vn 0 -0.75797 -0.65229
vn -0 -0.75797 -0.65229
vn 0 -0.65229 -0.75797
vn 0 -0.59382 -0.8046
vn -0 -0.59382 -0.8046
vn 0 -0.53203 -0.84673
vn 0 -0.46727 -0.88411
vn 0 -0.33028 -0.94388
vn -1 0 0
vn 0 -0.84672 -0.53203
vn 0 -0.88412 -0.46727
vn -0 -0.88412 -0.46727
vn 0 -0.91656 -0.39989
vn -0 -0.91656 -0.39989
vn 1E-05 -0.94388 -0.33028
vn -0 -0.94388 -0.33028
vn -0 -0.96593 -0.25882
vn 0 -0.98257 -0.18591
vn 0 -0.98257 -0.18591
vn -1 0.0003 -0
vn -1 0 -0
vn -1 0 -0
vn 0 -0 -1
vn 0 0.70711 -0.70711
vn 0 0.65229 -0.75797
vn 0 0.59382 -0.8046
vn 0 0.53203 -0.84673
vn -1 -0 0
vn 0 0.75797 -0.65229
vn 0 0.75797 -0.65229
vn 0 0.8046 -0.59382
vn 0 0.84672 -0.53203
vn 0 0.88412 -0.46727
vn 0 0.91656 -0.39989
vn 0 0.91656 -0.39989
vn 0 0.77212 -0.63547
vn 0.01333 0.77073 -0.63702
vn 0 0 -1
vn -1 -0 0
vn 0.00019 1 -0.00142
vn 0 2E-05 -1
vn -0 -3E-05 -1
vn -5E-05 1 0.00016
vn -5E-05 1 0.00024
vn -0.18591 -0.00063 0.98257
vn -0.1861 -0.00122 0.98253
vn -0.00016 1 0.00074
vn -0.25882 -0.00122 0.96592
vn -0.25847 -0.00013 0.96602
vn 0.00064 1 0.00055
vn 0.00062 1 0.00052
vn 0.70711 5E-05 0.7071
vn 0.70711 4E-05 0.70711
vn -2E-05 1 -4E-05
vn -1E-05 1 -4E-05
vn 0.53204 5E-05 0.84672
vn 0.53204 5E-05 0.84672
vn 0.00025 1 0.00048
vn 0.00024 1 0.00041
vn 0 -0 -1
vn -0.45491 -0 0.89054
vn -0.92792 -0 -0.37278
vn 0.00017 0 1
vn 1E-05 -1 0.00291
vn 0 -1 0.0029
vn -1 -0 -0
vn 1E-05 -1 0.00288
vn -0 0.0002 1
vn -0 0.0002 1
vn 1E-05 -1 0.00036
vn 1E-05 -1 0.00029
vn 0.02879 -0.01841 0.99942
vn 0 0.00021 1
vn 0.99565 0 -0.09313
vn 0.98257 0 -0.18591
vn 0.94388 0 -0.33028
vn 0.88412 0 -0.46727
vn 0.8046 0 -0.59382
vn -0.00064 -1 0.00055
vn -0.00062 -1 0.00052
vn -0.70711 -5E-05 0.7071
vn -0.70711 -4E-05 0.70711
vn 2E-05 -1 -4E-05
vn -0.65229 -5E-05 0.75797
vn -0.65229 -5E-05 0.75797
vn -0.00049 -1 0.00056
vn -0.00046 -1 0.00051
vn 0.59382 0 -0.8046
vn 0.46727 0 -0.88411
vn 0.3999 -0 -0.91656
vn 0.3999 -0 -0.91656
vn 0.33027 -0 -0.94388
vn 0.33028 -0 -0.94388
vn 0.25883 0 -0.96592
vn 0.25883 0 -0.96592
vn 0.18591 0 -0.98257
vn -0.25883 0 -0.96592
vn -0.65229 -0 -0.75797
vn -0.65229 -0 -0.75797
vn -0.70711 -0 -0.70711
vn -0.75797 0 -0.65229
vn -0.75797 0 -0.65229
vn -0.8046 0 -0.59382
vn -0.8046 0 -0.59382
vn -0.59382 -0 -0.8046
vn -0.59382 -0 -0.8046
vn -0.53204 -0 -0.84672
vn -0.46727 0 -0.88412
vn -0.3999 0 -0.91656
vn -0.3999 0 -0.91656
vn 0 -0.70711 -0.70711
vn 0 -0.65229 -0.75797
vn 0 -0.59382 -0.8046
vn 0 -0.53203 -0.84673
vn -1 0 0
vn 0 -0.8046 -0.59382
vn 0 -0.84672 -0.53203
vn 0 -0.84672 -0.53203
vn 0 -0.88412 -0.46727
vn 0 -0.88412 -0.46727
vn 0 -0.91656 -0.39989
vn 1E-05 -0.91656 -0.39989
vn -0 -0.94388 -0.33028
vn 0 -0.96593 -0.25882
vn 0 -0.96593 -0.25882
vn -1 0 0
vn -1 0 -0
vn -0 0 -1
vn 0 0.70711 -0.70711
vn 0 0.65229 -0.75797
vn 0 0.65229 -0.75797
vn 0 0.59382 -0.8046
vn 0 0.46727 -0.88411
vn -1 -0 0
vn 0 0.75797 -0.65229
vn 0 0.75797 -0.65229
vn 1E-05 0.8046 -0.59382
vn 0 0.84672 -0.53203
vn 0 0.88412 -0.46727
vn 0 0.88412 -0.46727
vn -0 -0 -1
vn 0 0 -1
vn -1 -0 0
vn 1 -2E-05 0
vn 1 -5E-05 -0
vn 0 1 -7E-05
vn -8E-05 1 0.00023
vn -8E-05 1 0.0003
vn 0.00057 1 0.00057
vn 0.00054 1 0.00051
vn 0.65229 5E-05 0.75797
vn 0.65229 5E-05 0.75797
vn -1E-05 1 -4E-05
vn 0.59382 5E-05 0.8046
vn 0.59382 5E-05 0.8046
vn 0.00033 1 0.00052
vn 0.00031 1 0.00045
vn 0 0 -1
vn -1 0 0
vn -1 -0 -0
vn -0 0.45491 0.89054
vn -1 0 0
vn -1 0 0
vn -0 0.00017 1
vn -0 0.00018 1
vn -0 0 -1
vn 1E-05 -1 0.00289
vn -0 0.00019 1
vn -0 0.0002 1
vn 1E-05 -1 0.00029
vn 1E-05 -1 0.00022
vn 1E-05 -0.77847 -0.62769
vn -0 -0.77843 -0.62773
vn -0.00817 -0.99892 0.04564
vn 0.00818 -0.99997 -0.00093
vn 0.04677 0.00011 0.99891
vn 0.04692 -0 0.9989
vn 0.96593 0 -0.25882
vn 0.84672 0 -0.53203
vn 0.91656 -0 -0.39989
vn 0.75797 0 -0.65229
vn -0.00057 -1 0.00057
vn -0.00054 -1 0.00051
vn 0.65229 0 -0.75797
vn 0.53204 0 -0.84672
vn 0.46727 -0 -0.88412
vn 0.46727 -0 -0.88412
vn 0.3999 -0 -0.91656
vn 0.3999 -0 -0.91656
vn 0.33028 0 -0.94388
vn 0.33027 0 -0.94388
vn 0.25883 0 -0.96592
vn -0.65229 -0 -0.75797
vn -0.65229 -0 -0.75797
vn -0.70711 0 -0.70711
vn -0.75797 0 -0.65229
vn -0.59382 -0 -0.8046
vn -0.59382 -0 -0.8046
vn -0.53204 0 -0.84672
vn -0.46727 0 -0.88412
vn -0.46727 0 -0.88412
vn 0 -0.75797 -0.65229
vn 0 -0.70711 -0.70711
vn 0 -0.65229 -0.75797
vn 0 -0.65229 -0.75797
vn 0 -0.59382 -0.8046
vn -0 -0.46727 -0.88411
vn -1 0 0
vn 0 -0.8046 -0.59382
vn -0 -0.8046 -0.59382
vn 0 -0.84672 -0.53203
vn -0 -0.84672 -0.53203
vn 0 -0.88412 -0.46727
vn -0 -0.91656 -0.39989
vn 0 -0.94388 -0.33028
vn 0 -0.94388 -0.33028
vn -1 0 0
vn 0 -0 -1
vn 0 0.70711 -0.70711
vn 0 0.70711 -0.70711
vn 0 0.65229 -0.75797
vn 0 0.65229 -0.75797
vn 0 0.53203 -0.84672
vn 0 0.53203 -0.84673
vn -1 -0 0
vn 0 0.75797 -0.65229
vn 0 0.75797 -0.65229
vn 0 0.8046 -0.59382
vn 0 0.84672 -0.53203
vn 0 0.84672 -0.53203
vn -1 -0 0
vn -0.00175 1 -0.00141
vn -0.00242 1 -0.00049
vn 0.00019 0.99999 -0.00371
vn -0.91656 6E-05 0.39989
vn -0.91656 6E-05 0.39989
vn -0.00235 1 -3E-05
vn 5E-05 1 -3E-05
vn 0 1 -6E-05
vn -0.33028 7E-05 0.94388
vn -0.33022 -0.00012 0.9439
vn -0.00013 1 0.00029
vn -0.00013 1 0.00038
vn 0.00049 1 0.00056
vn 0.00046 1 0.00051
vn 0.00041 1 0.00055
vn 0.00038 1 0.00049
vn 0 -0 -1
vn -0.45491 -0 0.89054
vn -0.77831 0 -0.62788
vn -0.77827 -3E-05 -0.62793
vn 1E-05 -1 8E-05
vn 1E-05 -1 0
vn -0 0.00018 1
vn -0 0.00019 1
vn 1E-05 -1 0.00022
vn 1E-05 -1 0.00015
vn 1E-05 -0.77843 -0.62773
vn -0.02429 -0.78012 -0.62516
vn 0.99577 -0.01196 -0.09108
vn 0.99992 0.01225 -0.00169
vn -0.00101 -0.04131 0.99915
vn 0.99428 0 -0.10681
vn 0.98257 0 -0.18591
vn 0.94388 -0 -0.33028
vn 0.94388 -0 -0.33028
vn 0.8046 0 -0.59382
vn 0.88412 -0 -0.46727
vn 0.88412 -0 -0.46727
vn 0.91656 -0 -0.39989
vn 0.70711 0 -0.70711
vn 0.59382 0 -0.8046
vn 0.53204 -0 -0.84672
vn 0.53204 -0 -0.84672
vn 0.46727 -0 -0.88412
vn 0.3999 0 -0.91656
vn 0.3999 0 -0.91656
vn 0.33027 0 -0.94388
vn 0.33027 0 -0.94388
vn -0.65229 0 -0.75797
vn -0.65229 0 -0.75797
vn -0.70711 0 -0.70711
vn -0.70711 0 -0.70711
vn -0.59382 0 -0.8046
vn -0.59382 0 -0.8046
vn -0.53204 0 -0.84672
vn -0.53204 0 -0.84672
vn 0 -0.75797 -0.65229
vn 0 -0.75797 -0.65229
vn 0 -0.70711 -0.70711
vn 0 -0.70711 -0.70711
vn 0 -0.65229 -0.75797
vn 0 -0.65229 -0.75797
vn 0 -0.53203 -0.84673
vn 0 -0.53203 -0.84672
vn -1 0 0
vn 0 -0.8046 -0.59382
vn 0 -0.84672 -0.53203
vn -0 -0.88412 -0.46727
vn 0 -0.91656 -0.39989
vn 0 -0.91656 -0.39989
vn -1 0 0
vn 0 -0 -1
vn 0 0.70711 -0.70711
vn 0 0.70711 -0.70711
vn 0 0.65229 -0.75797
vn 0 0.59382 -0.8046
vn -1 -0 0
vn 0 0.8046 -0.59382
vn 0 0.8046 -0.59382
vn -1 -0 0
vn -0.00109 1 -0
vn -0.00109 1 -0
vn -0.88412 6E-05 0.46727
vn -0.88411 5E-05 0.46727
vn -0.00091 1 0.00039
vn -0.00093 1 0.00041
vn -0.00228 1 -0
vn 4E-05 1 -3E-05
vn 1E-05 1 -5E-05
vn -0.39989 6E-05 0.91656
vn -0.3999 7E-05 0.91656
vn -0.00018 1 0.00036
vn -0.00019 1 0.00043
vn 0 -0 -1
vn -1 0 -0
vn -1 -1E-05 -0
vn 0 0.45491 0.89054
vn 0 0.45491 0.89054
vn -0.77827 0 -0.62793
vn 1E-05 -0.77834 -0.62785
vn 1E-05 -1 0.00015
vn 1E-05 -1 8E-05
vn 0 0 1
vn 1E-05 -0.7784 -0.62777
vn -0 -0.77837 -0.62781
vn 0.74341 0 -0.66884
vn 0.74916 -0.00938 -0.66232
vn 0.00529 -0.99899 -0.04466
vn -0.00538 -0.99927 0.03793
vn 0.03927 -3E-05 0.99923
vn 0.03929 -0 0.99923
vn 0.96593 -0 -0.25882
vn 0.96593 -0 -0.25882
vn 0.94388 -0 -0.33028
vn 0.94388 -0 -0.33028
vn 0.75797 0 -0.65229
vn 0.84672 -0 -0.53203
vn 0.84673 -0 -0.53203
vn 0.88412 -0 -0.46727
vn 0.88412 -0 -0.46727
vn 0.91656 0 -0.39989
vn 0.65229 0 -0.75797
vn 0.59382 -0 -0.8046
vn 0.59382 -0 -0.8046
vn 0.53204 -0 -0.84672
vn 0.46727 0 -0.88412
vn 0.3999 0 -0.91656
vn 0.3999 0 -0.91656
vn -0.65229 0 -0.75797
vn -0.65229 0 -0.75797
vn -0.59382 0 -0.8046
vn -0.59382 0 -0.8046
vn 0 -0.75797 -0.65229
vn -0 -0.75797 -0.65229
vn 0 -0.70711 -0.70711
vn -0 -0.70711 -0.70711
vn -0 -0.65229 -0.75797
vn 0 -0.59382 -0.8046
vn -1 0 0
vn 1E-05 -0.8046 -0.59382
vn -0 -0.84672 -0.53203
vn 0 -0.88412 -0.46727
vn 0 -0.88412 -0.46727
vn -1 0 0
vn -0 0 -1
vn 0 0.70711 -0.70711
vn 0 0.65229 -0.75797
vn 0 0.65229 -0.75797
vn -1 -0 0
vn 0 0.75797 -0.65229
vn 0 0.75797 -0.65229
vn -1 -0 0
vn -0.00156 1 0.00134
vn -0.84673 5E-05 0.53203
vn -0.84672 3E-05 0.53203
vn -0.00084 1 0.00043
vn -0.00087 1 0.00046
vn -0.00096 1 0.00033
vn -0.00098 1 0.00034
vn -0.00272 1 0.00095
vn 3E-05 1 -3E-05
vn 1E-05 1 -5E-05
vn -0.46727 5E-05 0.88411
vn -0.46727 5E-05 0.88411
vn -0.00024 1 0.00041
vn -0.00025 1 0.00048
vn 0 0 -1
vn -0.77827 0 -0.62793
vn 1E-05 -0.77837 -0.6278
vn 1 0 -0
vn 0.99907 -0.04302 -0.00347
vn 0.99581 0.04707 -0.07836
vn -4E-05 -0.03833 0.99926
vn 1E-05 -0.03824 0.99927
vn 0.99371 -0 -0.11196
vn 0.99371 -0 -0.11196
vn 0.98257 -0 -0.18591
vn 0.98257 -0 -0.18591
vn 0.96593 -0 -0.25882
vn 0.96593 -0 -0.25882
vn 0.94388 0 -0.33028
vn 0.94388 0 -0.33028
vn 0.70711 0 -0.70711
vn 0.8046 -0 -0.59382
vn 0.8046 -0 -0.59382
vn 0.84673 -0 -0.53203
vn 0.84673 -0 -0.53203
vn 0.88412 0 -0.46727
vn 0.88412 0 -0.46727
vn 0.91656 0 -0.39989
vn 0.65229 -0 -0.75797
vn 0.65229 -0 -0.75797
vn 0.59382 -0 -0.8046
vn 0.59382 -0 -0.8046
vn 0.53204 0 -0.84672
vn 0.46727 0 -0.88412
vn 0.46727 0 -0.88412
vn 0 -0.75797 -0.65229
vn 0 -0.75797 -0.65229
vn -0 -0.70711 -0.70711
vn 0 -0.65229 -0.75797
vn 0 -0.65229 -0.75797
vn -1 0 0
vn -0 -0.8046 -0.59382
vn 0 -0.84672 -0.53203
vn 0 -0.84672 -0.53203
vn -1 0 0
vn 0 -0 -1
vn 0 0.70711 -0.70711
vn -1 -0 0
vn -1 -0 0
vn -0.00288 1 0.00026
vn 1E-05 1 0.00284
vn -0.8046 4E-05 0.59382
vn -0.8046 4E-05 0.59382
vn -0.00077 1 0.00047
vn -0.0008 1 0.0005
vn -0.001 1 0.00026
vn -0.00103 1 0.00028
vn -0.00268 1 0.00071
vn 2E-05 1 -3E-05
vn 1E-05 1 -4E-05
vn -0.53204 5E-05 0.84672
vn -0.53204 5E-05 0.84672
vn -0.00031 1 0.00045
vn -0.00033 1 0.00052
vn -0 -0 -1
vn -0.77827 -0 -0.62793
vn -0.77827 -0 -0.62793
vn 0 0 1
vn 1 0 -0
vn -0.00298 -0.76577 -0.64311
vn 0.75722 0 -0.65316
vn 0.73522 -0.03281 -0.67703
vn -0.0192 -0.99913 0.0371
vn 0.01844 -0.99913 -0.03744
vn 0.03736 0 0.9993
vn 0.03739 -0 0.9993
vn 0.99371 -0 -0.11196
vn 0.99371 -0 -0.11196
vn 0.98257 -0 -0.18591
vn 0.98257 -0 -0.18591
vn 0.96593 0 -0.25882
vn 0.96593 0 -0.25882
vn 0.94388 0 -0.33028
vn 0.94388 0 -0.33028
vn 0.75797 -0 -0.65229
vn 0.8046 -0 -0.59382
vn 0.84673 0 -0.53203
vn 0.84673 0 -0.53203
vn 0.88412 0 -0.46727
vn 0.88412 0 -0.46727
vn 0.70711 -0 -0.70711
vn 0.70711 -0 -0.70711
vn 0.65229 -0 -0.75797
vn 0.65229 -0 -0.75797
vn 0.59382 0 -0.8046
vn 0.59382 0 -0.8046
vn 0.53204 0 -0.84672
vn 0.53204 0 -0.84672
vn 0 -0.70711 -0.70711
vn -1 0 0
vn 0 -0.8046 -0.59382
vn 0 -0.8046 -0.59382
vn -1 0 0
vn -1 -0 0
vn 0.00283 1 -0
vn 0.00283 1 0
vn -0.00108 1 0.0001
vn -0.00109 1 0.0001
vn -0.00272 1 0.00051
vn 0 1 0.00283
vn 1E-05 1 0.00286
vn -0 -0.00021 1
vn -0 -0.0002 1
vn -0.75797 4E-05 0.65229
vn -0.75797 4E-05 0.65229
vn -0.00069 1 0.00049
vn -0.00072 1 0.00054
vn -0.00105 1 0.00019
vn -0.00106 1 0.0002
vn 2E-05 1 -4E-05
vn -0.59382 5E-05 0.8046
vn -0.59382 5E-05 0.8046
vn 1E-05 1 -4E-05
vn -0.00038 1 0.00049
vn -0.00041 1 0.00055
vn -0.77827 0 -0.62793
vn 0 -0.45491 0.89054
vn 1 0 -0
vn 1 0 -0
vn -0.01333 -0.77073 -0.63702
vn 0.9993 -0.00052 -0.03739
vn 0.99733 0.00053 -0.073
vn 0.03739 -0 0.9993
vn 0.03739 -0 0.9993
vn 0.99371 0 -0.11196
vn 0.99371 0 -0.11196
vn 0.98257 0 -0.18591
vn 0.98257 0 -0.18591
vn 0.96593 0 -0.25882
vn 0.96593 0 -0.25882
vn 0.75797 -0 -0.65229
vn 0.75797 -0 -0.65229
vn 0.8046 0 -0.59382
vn 0.84673 0 -0.53203
vn 0.84672 0 -0.53203
vn 0.70711 -0 -0.70711
vn 0.65229 0 -0.75797
vn 0.65229 0 -0.75797
vn 0.59382 0 -0.8046
vn 0.59382 0 -0.8046
vn 0 -0.75797 -0.65229
vn 0 -0.75797 -0.65229
vn -1 0 0
vn -1 0 0
vn 0 1 0.0029
vn 1E-05 1 0.00291
vn 0.02879 0.01841 0.99942
vn 0 -0.00021 1
vn 1E-05 1 0.00288
vn -0 -0.0002 1
vn -0 -0.0002 1
vn 1E-05 1 0.00029
vn 1E-05 1 0.00036
vn -0.70711 4E-05 0.70711
vn -0.70711 5E-05 0.7071
vn -0.00062 1 0.00052
vn -0.00064 1 0.00055
vn 2E-05 1 -4E-05
vn -0.65229 5E-05 0.75797
vn -0.65229 5E-05 0.75797
vn -0.00046 1 0.00051
vn -0.00049 1 0.00056
vn -0.45491 0 0.89054
vn -0.45491 0 0.89054
vn 0 -0.45491 0.89054
vn 1 0 -0
vn 0.75825 0 -0.65196
vn 0.75447 -0.0004 -0.65633
vn 0.9993 -0 -0.03739
vn 0.03739 0 0.9993
vn 0.03739 0 0.9993
vn 0.99371 0 -0.11196
vn 0.99371 0 -0.11196
vn 0.98257 0 -0.18591
vn 0.98257 0 -0.18591
vn 0.75797 0 -0.65229
vn 0.75797 0 -0.65229
vn 0.8046 0 -0.59382
vn 0.8046 0 -0.59382
vn 0.70711 0 -0.70711
vn 0.65229 0 -0.75797
vn 0.65229 0 -0.75797
vn -1 0 0
vn -1 0 0
vn -0 -0.00018 1
vn -0 -0.00017 1
vn -1 -0 0
vn -1 -0 -0
vn 1E-05 1 0.00289
vn 0.04677 -0.00011 0.99891
vn -0 -0.0002 1
vn -0 -0.00019 1
vn 1E-05 1 0.00022
vn 1E-05 1 0.00029
vn -0.00817 0.99892 0.04564
vn 0.00818 0.99997 -0.00093
vn -0 0.77843 -0.62773
vn 1E-05 0.77847 -0.62769
vn -0.00054 1 0.00051
vn -0.00057 1 0.00057
vn -0 0.9993 -0.0374
vn 0 -0.45491 0.89054
vn -0 0 -1
vn 0.45491 0 0.89054
vn 0.45491 -0 0.89054
vn 1 0 -0
vn 1 -0 -0
vn 1 -0 -0
vn 0.75447 -0 -0.65633
vn 0.75447 -0 -0.65633
vn 0.9993 0 -0.03739
vn 0.03739 0 0.9993
vn 0.03736 -0 0.9993
vn 0.75797 0 -0.65229
vn 0.70711 0 -0.70711
vn 0.70711 0 -0.70711
vn -1 0 0
vn -0 -0.00019 1
vn -0 -0.00018 1
vn 1E-05 1 0
vn 1E-05 1 8E-05
vn -0.77827 3E-05 -0.62793
vn -0.00101 0.04131 0.99915
vn 0.99992 -0.01225 -0.00169
vn 0.99577 0.01196 -0.09108
vn 1E-05 1 0.00015
vn 1E-05 1 0.00022
vn 1E-05 0.77843 -0.62773
vn -0.02429 0.78012 -0.62516
vn -0 0.11196 -0.99371
vn -0 0.99371 -0.11196
vn -0 0.99371 -0.11196
vn -0 -0 -1
vn 0 -0.45491 0.89054
vn -0 0 -1
vn -0 -0 -1
vn 1 -0 0
vn 1 0 -0
vn 1 -0 -0
vn 1 -0 -0
vn 1 -0.0003 -0
vn 1 -0 0
vn 0.75447 0 -0.65633
vn 0.75447 0 -0.65633
vn 0.9993 0.00052 -0.03739
vn 0.99733 -0.00053 -0.073
vn 1E-05 0.03824 0.99927
vn -4E-05 0.03833 0.99926
vn 1E-05 1 8E-05
vn 1E-05 1 0.00015
vn 1E-05 0.77834 -0.62785
vn -0.00538 0.99927 0.03793
vn 0.00529 0.99899 -0.04466
vn 0.03927 3E-05 0.99923
vn -0 0.77837 -0.62781
vn 1E-05 0.7784 -0.62777
vn 0.74916 0.00938 -0.66232
vn -0 -0.11196 -0.99371
vn -0 0.18591 -0.98257
vn -0 0.98257 -0.18591
vn -0 0.98257 -0.18591
vn 0 0.9993 -0.0374
vn -0 -0 -1
vn -0 0 -1
vn -0 0 -1
vn -0 0 -1
vn 0.45491 0 0.89054
vn 0.45491 -0 0.89054
vn 1 0 -0
vn 1 -0 -0
vn 1 0 -0
vn 1 -0 -0
vn 1 -0 0
vn 1 -0 -1E-05
vn 1 -0 -1E-05
vn 1 -0 0
vn 1 0 0
vn 0.75825 -0 -0.65196
vn 0.75447 0.0004 -0.65633
vn -0.0192 0.99913 0.0371
vn 0.01844 0.99913 -0.03744
vn 1E-05 0.77837 -0.6278
vn 0.99581 -0.04707 -0.07836
vn 0.99907 0.04302 -0.00347
vn -0 -0.9993 -0.0374
vn -0 -0.18591 -0.98257
vn -0 0.11196 -0.99371
vn -0 0.03882 -0.99925
vn 0 0.96593 -0.25882
vn -0 0.96593 -0.25882
vn 0 0.99371 -0.11197
vn 0 0 -1
vn -0 0 -1
vn 0 0 -1
vn 1 -0 -0
vn 1 1E-05 0
vn -0 -0.45491 0.89054
vn 1 0 -0
vn 1 -0 0
vn -0 0.9993 -0.0374
vn 1 -0 0
vn 1 0 0
vn 1 0 -0
vn 1 0 -0
vn -0.00298 0.76577 -0.64311
vn 0.73522 0.03281 -0.67703
vn -0 -0.99371 -0.11196
vn -0 -0.99371 -0.11196
vn -0 -0.11196 -0.99371
vn -0 -0.03882 -0.99925
vn -0 0.18591 -0.98257
vn -0 0.18591 -0.98257
vn -0 0.11196 -0.99371
vn -0 0.94388 -0.33028
vn 0 0.94388 -0.33028
vn 0 0.98257 -0.18591
vn -0 0 -1
vn -0 0 -1
vn 0.45491 0 0.89054
vn 0.45491 -0 0.89054
vn 1 -0 0
vn -0 0.99371 -0.11197
vn -0 0.99371 -0.11196
vn 1 -0 0
vn -0 0.11196 -0.99371
vn 1 0 0
vn 1 0.0003 -0
vn 1 0 -0
vn 1 0 -0
vn -0.01333 0.77073 -0.63702
vn 0 0.45491 0.89054
vn -0 -0.98257 -0.18591
vn -0 -0.98257 -0.18591
vn 0 -0.9993 -0.0374
vn -0 -0.18591 -0.98257
vn -0 -0.18591 -0.98257
vn -0 -0.11196 -0.99371
vn -0 0.25883 -0.96592
vn -0 0.25882 -0.96592
vn -0 0.18591 -0.98257
vn -0 0.11196 -0.99371
vn -0 0.91656 -0.39989
vn -0 0.91656 -0.39989
vn 0 0.96593 -0.25882
vn -0 -0 -1
vn 0 0 -1
vn 1 0 -0
vn 1 -0 0
vn -0 0.98257 -0.18591
vn -0 0.98257 -0.18591
vn 1 -0 0
vn -0 0.18591 -0.98257
vn -0 0.18591 -0.98257
vn -0 -0.11196 -0.99371
vn 1 0 0
vn 1 0 0
vn 1 0 -1E-05
vn 1 0 -1E-05
vn 1 0 -0
vn 1 0 -0
vn 0 0.45491 0.89054
vn -0 -0.96593 -0.25882
vn 0 -0.96593 -0.25882
vn 0 -0.99371 -0.11197
vn -0 -0.25882 -0.96592
vn -0 -0.25883 -0.96592
vn -0 -0.18591 -0.98257
vn -0 -0.11196 -0.99371
vn -0 0.33028 -0.94388
vn -0 0.25882 -0.96592
vn -0 0.18591 -0.98257
vn 0 0.88412 -0.46727
vn -0 0.98257 -0.18591
vn 0 0 -1
vn -0 0 -1
vn 1 -0 0
vn -0 0.96593 -0.25882
vn -0 0.96593 -0.25882
vn 1 -0 0
vn -0 0.25882 -0.96592
vn -0 0.25882 -0.96592
vn -0 -0.18591 -0.98257
vn -0 -0.18591 -0.98257
vn 1 0 0
vn 1 0 0
vn -0 -0.9993 -0.0374
vn 0 0.45491 0.89054
vn 0.45491 -0 0.89054
vn -0 -0 -1
vn -0 0 -1
vn 0 -0 -1
vn 0 -0.94388 -0.33028
vn -0 -0.94388 -0.33028
vn 0 -0.98257 -0.18591
vn -0 -0 -1
vn -0 -0.33028 -0.94388
vn -0 -0.25882 -0.96592
vn -0 -0.18591 -0.98257
vn -0 0.33028 -0.94388
vn -0 0.18591 -0.98257
vn -0 0.96593 -0.25882
vn -1E-05 0.98257 -0.18591
vn 0 0 -1
vn -0 0 -1
vn 0 0 -1
vn 1 -0 0
vn -0 0.94388 -0.33028
vn -0 0.94388 -0.33028
vn 1 -0 0
vn -0 0.33028 -0.94388
vn -0 -0.25882 -0.96592
vn -0 -0.25882 -0.96592
vn 1 0 0
vn 1 0 0
vn -0 -0.99371 -0.11196
vn -0 -0.99371 -0.11197
vn 0 0.45491 0.89054
vn -0 0 -1
vn -0 -0 -1
vn 1 -0 -0
vn 1 0 -0
vn -0 0 -1
vn -0 -0.91656 -0.39989
vn -0 -0.91656 -0.39989
vn 0 -0.96593 -0.25882
vn -0 0 -1
vn -0 -0.33028 -0.94388
vn -0 -0.18591 -0.98257
vn -0 0.25882 -0.96592
vn -0 0.94388 -0.33028
vn -1E-05 0.96593 -0.25882
vn 0 0 -1
vn 1 -0 0
vn -0 0.91656 -0.39989
vn -0 0.91656 -0.39989
vn 1 -0 0
vn -0 -0.33028 -0.94388
vn 1 0 0
vn -0 0.45491 0.89054
vn 1 0 0
vn -0 -0.98257 -0.18591
vn -0 -0.98257 -0.18591
vn -0 -0 -1
vn -0 -0 -1
vn -0 -0 -1
vn 0.45491 -0 0.89054
vn 0 -0.88412 -0.46727
vn -0 -0.98257 -0.18591
vn 0 0 -1
vn -0 -0.25882 -0.96592
vn -0 0.65228 -0.75797
vn -0 0.53203 -0.84673
vn -0 0.33028 -0.94388
vn -0 0.75797 -0.65229
vn -0 0.88412 -0.46727
vn -0 0.91656 -0.39989
vn -1E-05 0.94388 -0.33028
vn -0 0 -1
vn 0 0 -1
vn 1 -0 0
vn -0 0.88412 -0.46727
vn -0 0.88412 -0.46727
vn 1 -0 0
vn 1 0 0
vn 1 0 0
vn -0 -0.96593 -0.25882
vn -0 -0.96593 -0.25882
vn -0 -0 -1
vn 1 -1E-05 0
vn 1 0 -0
vn -0 -0.96593 -0.25882
vn -1E-05 -0.98257 -0.18591
vn 0 -0 -1
vn -0 -0.65228 -0.75797
vn -0 -0.53203 -0.84673
vn -0 -0.33028 -0.94388
vn -0 0.70711 -0.70711
vn -0 0.59382 -0.8046
vn -0 0.53203 -0.84673
vn -0 0.84672 -0.53203
vn -0 0.88412 -0.46727
vn -1E-05 0.91656 -0.39989
vn 0 -0 -1
vn 1 -0 0
vn -0 0.84672 -0.53203
vn -0 0.84672 -0.53203
vn 1 -0 0
vn -0 0.53203 -0.84673
vn 1 0 0
vn 0 -0 -1
vn 1 0 0
vn -0 -0.94388 -0.33028
vn -0 -0.94388 -0.33028
vn 0 0 -1
vn -0 -0 -1
vn -0 -0 -1
vn -0 -0.94388 -0.33028
vn -1E-05 -0.96593 -0.25882
vn -0 -0.70711 -0.70711
vn -0 -0.59382 -0.8046
vn -0 -0.53203 -0.84673
vn -0 0.59382 -0.8046
vn -0 0.8046 -0.59382
vn -0 0.84672 -0.53203
vn 1 -0 0
vn -0 0.8046 -0.59382
vn -0 0.8046 -0.59382
vn -0 0.59382 -0.8046
vn -0 -0.53203 -0.84673
vn 1 0 0
vn 1 0 0
vn -0 -0.91656 -0.39989
vn -0 -0.91656 -0.39989
vn -0 -0.75797 -0.65229
vn -0 -0.88412 -0.46727
vn -0 -0.91656 -0.39989
vn -1E-05 -0.94388 -0.33028
vn -0 -0 -1
vn -0 -0.59382 -0.8046
vn -0 0.75797 -0.65229
vn -0 0.8046 -0.59382
vn -0 0.75797 -0.65229
vn -0 0.75797 -0.65229
vn -0 0.65229 -0.75797
vn -0 -0.59382 -0.8046
vn 1 0 0
vn 1 0 0
vn -0 -0.88412 -0.46727
vn -0 -0.88412 -0.46727
vn -0 -0.84672 -0.53203
vn -0 -0.88412 -0.46727
vn -1E-05 -0.91656 -0.39989
vn 0 0 -1
vn -0 0.65229 -0.75797
vn -0 0.75797 -0.65229
vn -1E-05 0.8046 -0.59382
vn -0 0.70711 -0.70711
vn -0 -0.65229 -0.75797
vn 1 0 0
vn -0 -0.84672 -0.53203
vn -0 -0.84672 -0.53203
vn -0 -0.8046 -0.59382
vn -0 -0.84672 -0.53203
vn -0 -0.65229 -0.75797
vn -0 0.70711 -0.70711
vn -0 0.70711 -0.70711
vn -0 0.65229 -0.75797
vn -0 0.75797 -0.65229
vn -0 -0.70711 -0.70711
vn -0 -0.8046 -0.59382
vn -0 -0.8046 -0.59382
vn -0 -0.75797 -0.65229
vn -0 -0.8046 -0.59382
vn -0 -0.70711 -0.70711
vn -0 -0.70711 -0.70711
vn -0 -0.65229 -0.75797
vn -0 0.70711 -0.70711
vn -0 -0.75797 -0.65229
vn -0 -0.75797 -0.65229
vn -0 -0.75797 -0.65229
vn -1E-05 -0.8046 -0.59382
vn -0 -0.70711 -0.70711
vn -0 -0.75797 -0.65229
vn 0 -1 -0
vn -0 -1 -0
vn 0.1305 0 -0.99145
vn 0 -1 -0
vn -0 -1 -0
vn -0.1305 0 -0.99145
vn 0.38269 0 -0.92388
vn 0 -1 -0
vn -0 -1 -0
vn -0.38269 0 -0.92388
vn 0.13052 0 -0.99145
vn 0.60877 0 -0.79335
vn 0 -1 -0
vn -0 -1 -0
vn -0.60876 0 -0.79335
vn -0.13051 -0 -0.99145
vn -0.13054 0 -0.99144
vn -0.13052 2E-05 -0.99145
vn 0.38268 0 -0.92388
vn 0.79334 0 -0.60877
vn 0 -1 -0
vn -0 -1 -0
vn -0.79335 0 -0.60877
vn -0.38268 -0 -0.92388
vn 0.60876 0 -0.79335
vn 0.92388 0 -0.38269
vn 0 -1 -0
vn -0 -1 -0
vn -0.92388 0 -0.38269
vn -0.60876 0 -0.79335
vn 0.79335 0 -0.60876
vn 0.99145 0 -0.13052
vn 0 -1 0
vn -0 -1 0
vn -0.99145 0 -0.13052
vn -0.79336 0 -0.60875
vn 0.92388 0 -0.38269
vn 0.99145 -0 0.13052
vn 0 -1 0
vn -0 -1 0
vn -0.99145 0 0.13052
vn -0.92388 0 -0.38269
vn 0.99145 0 -0.13052
vn 0.92388 -0 0.38268
vn 0 -1 0
vn -0 -1 0
vn -0.92388 0 0.38268
vn -0.99144 -0 -0.13053
vn -0.99145 0 -0.13052
vn -0.99144 1E-05 -0.13053
vn 0.99145 -0 0.13052
vn 0.79334 -0 0.60877
vn 0 -1 0
vn -0 -1 0
vn -0.79334 0 0.60877
vn -0.99144 0 0.13053
vn 0.92388 -0 0.38269
vn 0.60877 -0 0.79335
vn 0 -1 0
vn -0 -1 0
vn -0.60877 0 0.79335
vn -0.92388 0 0.38269
vn 0.79335 0 0.60877
vn 0.38269 -0 0.92388
vn 0 -1 0
vn -0 -1 0
vn -0.38269 0 0.92388
vn -0.79335 0 0.60877
vn 0.60878 -0 0.79334
vn 0.1305 -0 0.99145
vn -0.1305 0 0.99145
vn -0.60878 0 0.79334
vn 0.38268 -0 0.92388
vn -0.38268 0 0.92388
vn 0.1305 -0 0.99145
vn -0.1305 0 0.99145
vn 0 -1 -0
vn -0 -1 -0
vn 0.1305 0 -0.99145
vn 0 -1 -0
vn -0 -1 -0
vn -0.1305 0 -0.99145
vn 0 -1 -0
vn -0 -1 -0
vn -0.38269 0 -0.92387
vn 0.13052 0 -0.99145
vn 0 -1 -0
vn -0 -1 -0
vn -0.60877 0 -0.79335
vn -0.13052 0 -0.99145
vn 0.38269 0 -0.92388
vn 0.38268 0 -0.92388
vn 0.38269 0 -0.92388
vn 0 -1 -0
vn -0 -1 -0
vn -0.79334 0 -0.60877
vn -0.38269 -0 -0.92388
vn 0.60876 0 -0.79335
vn 0 -1 -0
vn -0 -1 -0
vn -0.92388 0 -0.38269
vn -0.60876 0 -0.79335
vn 0 -1 0
vn -0 -1 0
vn -0.99145 0 -0.13052
vn -0.79336 0 -0.60876
vn 0 -1 0
vn -0 -1 0
vn -0.99144 0 0.13053
vn -0.92387 0 -0.38269
vn 0.99144 0 -0.13053
vn 0 -1 0
vn -0 -1 0
vn -0.92388 0 0.38268
vn -0.99145 -0 -0.13052
vn -0.99145 0 -0.13051
vn -0.99145 1E-05 -0.13052
vn 0.99144 -0 0.13053
vn 0.79335 -0 0.60877
vn 0 -1 0
vn -0 -1 0
vn -0.99145 0 0.13052
vn 0.60876 -0 0.79335
vn 0 -1 0
vn -0 -1 0
vn -0.60877 0 0.79335
vn -0.92387 0 0.38269
vn 0.79335 0 0.60876
vn 0 -1 0
vn -0 -1 0
vn -0.79335 0 0.60877
vn 0.60877 -0 0.79335
vn 0.1305 -0 0.99145
vn -0.1305 0 0.99145
vn 0.38269 -0 0.92388
vn -0.38269 0 0.92388
vn 0.1305 -0 0.99145
vn -0.1305 0 0.99145
vn 0 -1 -0
vn 0.13052 0 -0.99145
vn 0.60876 0 -0.79335
vn 0 -1 -0
vn -0 -1 -0
vn -0.13052 0 -0.99145
vn 0.38269 0 -0.92388
vn 0.38268 0 -0.92388
vn 0.79335 0 -0.60877
vn -0 -1 -0
vn -0.79335 0 -0.60877
vn 0 -1 -0
vn -0 -1 -0
vn -0.60876 -0 -0.79335
vn 0.99145 0 -0.13052
vn 0 -1 0
vn -0 -1 0
vn 0 -1 0
vn -0 -1 0
vn -0.92388 0 -0.38269
vn 0.99145 0 -0.13052
vn 0.99145 0 -0.13052
vn 0.99145 0 -0.13052
vn 0 -1 0
vn -0 -1 0
vn -0.99144 -0 -0.13053
vn 0.99144 -0 0.13053
vn 0.79335 -0 0.60877
vn -0.79335 0 0.60877
vn 0.92388 -0 0.38269
vn 0 -1 0
vn -0 -1 0
vn -0.92388 0 0.38269
vn 0.79335 0 0.60877
vn 0.79334 -0 0.60877
vn 0.79335 -1E-05 0.60877
vn 0.38269 -0 0.92387
vn 0 -1 0
vn -0 -1 0
vn -0.38269 0 0.92387
vn 0.60878 -0 0.79334
vn 0.1305 -0 0.99145
vn -0.1305 0 0.99145
vn -0.60877 0 0.79334
vn -0.1305 0 0.99145
vn 0 -1 -0
vn -0 -1 -0
vn 0.1305 0 -0.99145
vn 0 -1 -0
vn -0 -1 -0
vn -0.1305 0 -0.99145
vn 0 -1 -0
vn -0 -1 -0
vn 0.60876 0 -0.79335
vn 0 -1 -0
vn -0 -1 -0
vn -0.60877 0 -0.79335
vn -0.13052 0 -0.99145
vn 0.79335 0 -0.60877
vn 0 -1 -0
vn -0 -1 -0
vn -0.79334 0 -0.60878
vn -0.38274 -0 -0.92386
vn -0.38268 -2E-05 -0.92388
vn 0.92388 0 -0.38269
vn 0 -1 -0
vn -0 -1 -0
vn -0.92388 0 -0.38268
vn -0.60876 0 -0.79335
vn 0.99145 0 -0.13052
vn 0 -1 0
vn -0 -1 0
vn -0.99144 0 -0.13053
vn -0.79335 0 -0.60876
vn 0.92388 0 -0.38269
vn 0.99145 -0 0.13052
vn 0 -1 0
vn -0 -1 0
vn -0.99144 0 0.13054
vn 0.92388 -0 0.38269
vn -0 -1 0
vn -0.92388 0 0.38267
vn -0.99145 -0 -0.13052
vn 0 -1 0
vn -0 -1 0
vn -0.79334 0 0.60878
vn -0.99144 0 0.13053
vn 0.60876 -0 0.79335
vn 0 -1 0
vn -0 -1 0
vn 0.3827 -0 0.92387
vn -0 -1 0
vn -0.79334 0 0.60878
vn -0.79335 0 0.60876
vn -0.79335 -1E-05 0.60877
vn 0.60878 -0 0.79334
vn -0.1305 0 0.99145
vn -0.60878 0 0.79334
vn 0.1305 -0 0.99145
vn 0 -1 -0
vn -0 -1 -0
vn 0.3827 0 -0.92387
vn 0 -1 -0
vn -0 -1 -0
vn 0 -1 -0
vn -0.60877 0 -0.79334
vn 0.79334 0 -0.60878
vn -0 -1 -0
vn -0.38268 -0 -0.92388
vn -0.38269 0 -0.92388
vn -0.38268 0 -0.92388
vn 0.60878 0 -0.79334
vn 0.60875 0 -0.79336
vn 0.60876 3E-05 -0.79335
vn -0 -1 -0
vn -0.92388 0 -0.38269
vn 0 -1 0
vn -0 -1 0
vn -0.99145 0 -0.13052
vn 0.99144 -0 0.13053
vn 0 -1 0
vn -0 -1 0
vn -0.99144 0 0.13053
vn -0.92388 0 -0.38269
vn 0.99144 0 -0.13053
vn 0.99144 0 -0.13053
vn 0.99144 -0 -0.13053
vn 0.92388 -0 0.38268
vn -0.92388 0 0.38268
vn -0.99145 0 -0.13052
vn -0 -1 0
vn 0.92388 -0 0.38269
vn -0 -1 0
vn -0.60877 0 0.79334
vn -0.92388 0 0.38269
vn 0.79336 0 0.60876
vn 0.79334 -0 0.60878
vn 0.79335 -2E-05 0.60876
vn -0.79334 0 0.60878
vn -0.79335 0 0.60876
vn -0.79335 -1E-05 0.60877
vn 0.60878 0 0.79334
vn 0.60876 -0 0.79335
vn 0.60878 -2E-05 0.79334
vn 0.38268 -0 0.92388
vn 0.1305 -0 0.99145
vn 0 -1 -0
vn 0.3827 0 -0.92387
vn 0.38268 0 -0.92388
vn 0.38269 0 -0.92388
vn -0.38268 1E-05 -0.92388
vn -0.92387 0 -0.3827
vn 0.99144 0 -0.13053
vn -0.99145 -0 -0.13052
vn -0.99145 0 -0.13052
vn -0.99145 -0 -0.13052
vn 0 -1 0
vn -0.92387 0 0.3827
vn 0.79335 0 0.60876
vn 0 -1 0
vn -0.79334 0 0.60878
vn -0.79335 0 0.60876
vn -0.79335 -1E-05 0.60877
vn 0.1305 -0 0.99145
vn 0 -1 -0
vn -0 -1 -0
vn 0 -1 -0
vn 0.79334 0 -0.60878
vn 0 -1 -0
vn -0 -1 -0
vn 0.60877 0 -0.79335
vn 0.92388 0 -0.38268
vn 0 -1 -0
vn -0 -1 -0
vn -0.92387 0 -0.3827
vn 0.99144 0 -0.13053
vn 0 -1 0
vn -0 -1 0
vn -0.99145 0 -0.13051
vn 0.99144 -0 0.13054
vn 0 -1 0
vn -0 -1 0
vn -0.99145 0 0.13052
vn 0.99144 0 -0.13054
vn 0.99144 0 -0.13053
vn 0.99144 -1E-05 -0.13054
vn 0.92388 -0 0.38267
vn -0.92388 0 0.38269
vn -0 -1 0
vn 0.92387 -0 0.3827
vn 0.79336 0 0.60875
vn 0.79335 -2E-05 0.60876
vn -0.79334 0 0.60878
vn -0.79335 0 0.60876
vn -0.79335 -2E-05 0.60877
vn 0.60877 0 0.79335
vn 0.60878 -0 0.79334
vn 0.60877 1E-05 0.79334
vn 0 -1 -0
vn 0.1305 0 -0.99145
vn 0 -1 -0
vn 0 -1 -0
vn -0 -1 -0
vn 0.13052 0 -0.99145
vn 0 -1 -0
vn -0 -1 -0
vn -0.60876 0 -0.79336
vn -0.13052 0 -0.99145
vn 0.38267 0 -0.92388
vn 0 -1 -0
vn -0 -1 -0
vn -0.38269 -0 -0.92388
vn 0.92387 0 -0.38271
vn 0 -1 -0
vn -0 -1 -0
vn 0.99145 0 -0.13051
vn 0 -1 0
vn -0 -1 0
vn -0.99145 0 -0.13047
vn 0 -1 0
vn -0 -1 0
vn -0.99145 0 0.13048
vn 0.92387 -0 0.3827
vn 0 -1 0
vn -0 -1 0
vn 0 -1 0
vn -0 -1 0
vn 0 -1 0
vn -0.60876 0 0.79336
vn 0.79334 -0 0.60878
vn 0.79335 -2E-05 0.60876
vn 0.38271 -0 0.92387
vn 0.60877 -0 0.79334
vn 0.38269 -0 0.92388
vn -0.38269 0 0.92388
vn -0.1305 0 0.99145
vn -0 -1 -0
vn -0 -1 -0
vn -0.1305 0 -0.99145
vn -0 -1 -0
vn 0.38267 0 -0.92388
vn 0.38268 0 -0.92388
vn 0.38267 -0 -0.92388
vn -0.38269 -0 -0.92388
vn -0.38269 0 -0.92388
vn -0.38269 0 -0.92388
vn -0 -1 -0
vn -0 -1 0
vn 0.92387 0 -0.3827
vn 0.99145 0 -0.13051
vn -0.99145 1E-05 -0.13052
vn 0.99145 -0 0.13051
vn -0 -1 0
vn -0 -1 0
vn -0 -1 0
vn -0.1305 0 0.99145
vn -0 -1 -0
vn -0 -1 -0
vn -0.1305 0 -0.99145
vn 0 -1 -0
vn -0 -1 -0
vn 0.13052 0 -0.99145
vn 0 -1 -0
vn -0 -1 -0
vn 0 -1 -0
vn -0 -1 -0
vn -0.38269 -0 -0.92388
vn -0 -1 -0
vn -0.92387 0 -0.3827
vn -0 -1 0
vn 0 -1 0
vn -0 -1 0
vn 0 -1 0
vn -0 -1 0
vn -0.92388 0 0.38269
vn -0.99145 -0 -0.13051
vn -0.99145 -1E-05 -0.13052
vn 0 -1 0
vn -0 -1 0
vn -0.79335 0 0.60877
vn 0 -1 0
vn -0 -1 0
vn 0.38271 -0 0.92387
vn 0 -1 0
vn -0 -1 0
vn 0.1305 -0 0.99145
vn -0.1305 0 0.99145
vn -0.38269 0 0.92388
vn 0.13052 0 0.99145
vn 0.1305 -0 0.99145
vn 0.1305 -1E-05 0.99145
vn -0.1305 0 0.99145
vn -0 -1 -0
vn -1 -0 -0
vn -1 0 -0
vn -0 -0.1305 -0.99145
vn -0 -0.1305 -0.99145
vn -1 -0 -0
vn -1 0 -0
vn 0 0.1305 -0.99145
vn 0 0.1305 -0.99145
vn -0 -0.38269 -0.92388
vn -1 -0 -0
vn -1 0 -0
vn 0 0.38269 -0.92388
vn 0 0.38269 -0.92387
vn 0 -0.13052 -0.99145
vn -1E-05 -0.60877 -0.79335
vn -1 -0 -0
vn -1 0 -0
vn 0 0.60876 -0.79335
vn -1E-05 0.60877 -0.79335
vn 0 0.13052 -0.99145
vn -0 -0.38269 -0.92388
vn -1E-05 -0.79335 -0.60877
vn -1E-05 -0.79335 -0.60877
vn -1 -0 -0
vn -1 0 -0
vn -1E-05 0.79335 -0.60877
vn 1E-05 0.79334 -0.60877
vn 0 0.38268 -0.92388
vn 0 0.38269 -0.92388
vn 0 -0.60876 -0.79335
vn -1 -1E-05 0
vn -1E-05 -0.92387 -0.3827
vn -1 -0 -0
vn -1 0 -0
vn 1E-05 0.92388 -0.38269
vn 0 0.92388 -0.38269
vn 1E-05 0.60876 -0.79335
vn 0 0.60876 -0.79335
vn 0 -0.79335 -0.60876
vn -1 -1E-05 -0
vn -1 -1E-05 -0
vn -1E-05 -0.99145 -0.13052
vn -1E-05 -0.99145 -0.13052
vn -1 -0 0
vn -1 0 0
vn 0 0.99145 -0.13052
vn 1E-05 0.99145 -0.13052
vn 0 0.79335 -0.60876
vn -0 -0.92388 -0.38269
vn -0 -0.92387 -0.38269
vn -1 -1E-05 -0
vn -1 -1E-05 -0
vn 0 -0.99144 0.13053
vn -1E-05 -0.99145 0.13052
vn -1 -0 0
vn -1 0 0
vn 1E-05 0.99145 0.13052
vn 0 0.99144 0.13053
vn 0 0.92388 -0.38269
vn -1E-05 -0.99145 -0.13052
vn 0 -0.99145 -0.13052
vn -1 -1E-05 0
vn -1 -1E-05 0
vn -1E-05 -0.92388 0.38268
vn 0 -0.92388 0.38269
vn -1 -0 0
vn -1 0 0
vn -0 0.92388 0.38268
vn 1E-05 0.92388 0.38268
vn 0 0.99145 -0.13052
vn -1E-05 -0.99145 0.13053
vn 0 -0.99145 0.13052
vn -1 -1E-05 0
vn -1 -1E-05 0
vn -1E-05 -0.79334 0.60877
vn -1 -0 0
vn -1 0 0
vn 1E-05 0.79335 0.60877
vn -1E-05 0.79334 0.60877
vn -0 0.99145 0.13053
vn 0 -0.92388 0.38269
vn -0 -0.92388 0.38269
vn -1 -1E-05 -1E-05
vn -1 -1E-05 1E-05
vn -1E-05 -0.60877 0.79335
vn -1 -0 0
vn -1 0 0
vn -1E-05 0.60876 0.79335
vn 0 0.60877 0.79335
vn -0 0.92388 0.38269
vn 0 -0.79335 0.60877
vn 0 -0.79335 0.60877
vn 0 -0.38269 0.92387
vn -0 -0.3827 0.92387
vn -1 -0 0
vn -1 0 0
vn -0 0.38269 0.92388
vn 0 0.38269 0.92387
vn 0 0.79334 0.60877
vn -0 0.79335 0.60877
vn -1E-05 0.79335 0.60877
vn 0 -0.60877 0.79334
vn 0 -0.1305 0.99145
vn 0 0.1305 0.99145
vn 0 0.1305 0.99145
vn -0 0.60878 0.79334
vn 1E-05 0.60877 0.79334
vn 0 -0.38269 0.92388
vn 0 0.38268 0.92388
vn 0 0.38268 0.92388
vn 0 -0.1305 0.99145
vn -0 0.1305 0.99145
vn 0 1 -0
vn 0 1 0
vn -0 -1 -0
vn -0 -1 0
vn -1 -0 -0
vn -0 -0.1305 -0.99145
vn 0 -0.1305 -0.99145
vn -1 -0 -0
vn -1 0 -0
vn -0 0.1305 -0.99145
vn 0 0.1305 -0.99145
vn 0 -0.3827 -0.92387
vn -0 -0.3827 -0.92387
vn -1 0 -0
vn 0 0.38269 -0.92388
vn 0 -0.13052 -0.99145
vn -0 -0.13052 -0.99145
vn 0 -0.60876 -0.79335
vn 1E-05 -0.60877 -0.79335
vn -1 -0 -0
vn 0 0.60877 -0.79335
vn -0 0.60877 -0.79335
vn 0 0.13052 -0.99145
vn 0 0.13052 -0.99145
vn -0 -0.38269 -0.92388
vn 0 -0.79334 -0.60877
vn -1 -0 -0
vn -0 0.79335 -0.60877
vn 0 0.38268 -0.92388
vn 0 -0.60876 -0.79335
vn 0 -0.92388 -0.38269
vn -1 -0 -0
vn 1E-05 0.92388 -0.38269
vn 0 0.60876 -0.79335
vn 0 0.60876 -0.79335
vn 0 -0.79336 -0.60876
vn 0 -0.99145 -0.13052
vn -1 -0 0
vn 0 0.79335 -0.60876
vn 0 -0.92388 -0.38269
vn 0 -0.99144 0.13053
vn -1 -0 0
vn 1E-05 0.99144 0.13053
vn 0 0.92387 -0.38269
vn -0 -0.99144 -0.13053
vn 0 -0.92388 0.38268
vn -1 -0 0
vn -1E-05 0.99145 -0.13051
vn 1E-05 0.99145 -0.13052
vn 0 -0.99145 0.13053
vn 0 -0.79335 0.60877
vn -1 -0 0
vn -1 0 0
vn 1E-05 0.79335 0.60877
vn -0 0.79334 0.60877
vn -1E-05 0.99145 0.13052
vn 1E-05 0.99145 0.13052
vn 0 -0.92387 0.38269
vn -0 -0.60877 0.79335
vn 0 -0.60876 0.79335
vn -1 -0 0
vn -1 0 0
vn -0 0.60877 0.79335
vn 0 0.60877 0.79335
vn 0 0.92387 0.38269
vn 0 -0.79335 0.60876
vn -0 -0.38269 0.92388
vn -0 -0.38269 0.92388
vn 0 0.38269 0.92388
vn 0 0.79334 0.60878
vn 0 0.79335 0.60876
vn -1E-05 0.79335 0.60877
vn 0 -0.60877 0.79334
vn 0 -0.1305 0.99145
vn -0 -0.1305 0.99145
vn 0 0.1305 0.99145
vn -0 0.1305 0.99145
vn 0 0.60877 0.79334
vn 0 0.60878 0.79334
vn 0 -0.38268 0.92388
vn -0 0.38268 0.92388
vn -0 -0.1305 0.99145
vn 0 -0.1305 0.99145
vn -0 0.1305 0.99145
vn 0 0.1305 0.99145
vn -1 1E-05 -0
vn -1 -1E-05 -0
vn 0 -0.1305 -0.99145
vn -0 -0.1305 -0.99145
vn -1 -1E-05 0
vn 0 0.1305 -0.99145
vn 0 0.1305 -0.99145
vn 0 -0.3827 -0.92387
vn -0 -0.3827 -0.92387
vn -1 -0 -0
vn -1 1E-05 1E-05
vn 0 0.38269 -0.92388
vn -0 -0.13055 -0.99144
vn 0 -0.13052 -0.99145
vn 1E-05 -0.13052 -0.99145
vn 0 -0.60876 -0.79335
vn -1 1E-05 -1E-05
vn -1 0 -0
vn 0 0.60877 -0.79335
vn 0 0.13052 -0.99145
vn -0 -0.38269 -0.92388
vn 0 -0.79334 -0.60877
vn -0 -0.79334 -0.60878
vn -1 0 -0
vn 0 0.79334 -0.60878
vn 0 0.38269 -0.92388
vn 0 -0.60876 -0.79335
vn 0 -0.92388 -0.38269
vn -1 0 -0
vn 0 0.92388 -0.38269
vn 0 0.60876 -0.79335
vn 0 -0.99145 -0.13052
vn -1 0 0
vn 0 0.99145 -0.13052
vn 0 -0.99144 0.13053
vn -1 0 0
vn -0 0.99144 0.13053
vn 0 0.92388 -0.38269
vn -0 -0.99144 -0.13053
vn 0 -0.92388 0.38268
vn -1 0 0
vn -0 0.92388 0.38268
vn 0 0.99145 -0.13052
vn 0 -0.99145 0.13053
vn 0 -0.79335 0.60877
vn -1 1E-05 -1E-05
vn -0 0.79334 0.60878
vn 0 -0.92388 0.38269
vn -0 0.60877 0.79335
vn -0 0.92388 0.38269
vn 0 -0.79335 0.60876
vn 0 -0.38269 0.92388
vn -1 1E-05 0
vn -1 -1E-05 0
vn -0 0.38269 0.92388
vn 0 0.79334 0.60878
vn -0 0.79335 0.60876
vn -1E-05 0.79335 0.60877
vn 0 -0.60877 0.79334
vn 0 -0.1305 0.99145
vn 0 -0.1305 0.99145
vn -0 0.1305 0.99145
vn 0 0.1305 0.99145
vn -0 0.60877 0.79334
vn 0 -0.38268 0.92388
vn -0 0.38269 0.92388
vn 0 -0.1305 0.99145
vn -0 0.1305 0.99145
vn 0 -0.1305 -0.99145
vn -0 -0.1305 -0.99145
vn 0 0.1305 -0.99145
vn 0 0.1305 -0.99145
vn -1 -1E-05 0
vn -1 -1E-05 0
vn 0 -0.3827 -0.92387
vn -0 -0.3827 -0.92387
vn 0 0.38269 -0.92388
vn -1 1E-05 0
vn -1 1E-05 0
vn 0 -0.13052 -0.99145
vn -1 1E-05 -0
vn -1 1E-05 -0
vn 0 -0.60877 -0.79335
vn 0 0.60877 -0.79335
vn 0 0.60877 -0.79335
vn -1 -1E-05 -0
vn -1 -0 1E-05
vn 0 0.13052 -0.99145
vn -0 -0.38269 -0.92388
vn 0 -0.38269 -0.92388
vn 0 -0.79334 -0.60878
vn -0 -0.79334 -0.60878
vn 0 0.79334 -0.60877
vn -1 -1E-05 1E-05
vn -1 -1E-05 -1E-05
vn 0 0.38268 -0.92388
vn 0 0.38268 -0.92388
vn 0 -0.60876 -0.79335
vn -1 1E-05 1E-05
vn -1 -1E-05 1E-05
vn 0 -0.92388 -0.38269
vn -1 -0 -1E-05
vn 0 0.92388 -0.38269
vn -1 -0 2E-05
vn 0 0.60876 -0.79335
vn -1 -0 1E-05
vn -1 1E-05 0
vn 0 -0.99145 -0.13052
vn -1 -0 1E-05
vn 0 0.99145 -0.13052
vn -1 -1E-05 0
vn -1 -1E-05 0
vn 0 -0.92388 -0.38269
vn 0 -0.99144 0.13053
vn -0 0.99144 0.13053
vn -1 -1E-05 0
vn -1 -0 -1E-05
vn 0 0.92387 -0.38269
vn -0 -0.99144 -0.13053
vn -1 1E-05 -1E-05
vn 0 -0.92388 0.38268
vn -0 0.92388 0.38268
vn -1 -1E-05 1E-05
vn -1 1E-05 -0
vn -1 1E-05 -0
vn 0 -0.79335 0.60877
vn -0 0.79334 0.60877
vn -1 -1E-05 -0
vn -1 -1E-05 -0
vn -1 1E-05 1E-05
vn -1 1E-05 -1E-05
vn 0 -0.60876 0.79335
vn -0 0.60877 0.79335
vn 0 0.60877 0.79335
vn -1 -1E-05 -1E-05
vn -1 1E-05 -1E-05
vn -0 0.92387 0.38269
vn 0 -0.79335 0.60876
vn 0 -0.79335 0.60876
vn 0 -0.38269 0.92388
vn -0 0.38269 0.92388
vn -1 -2E-05 -0
vn 0 0.79335 0.60877
vn 0 -0.1305 0.99145
vn 0 -0.1305 0.99145
vn -0 0.1305 0.99145
vn 0 0.1305 0.99145
vn -1 -1E-05 -0
vn -0 0.60877 0.79334
vn 0 -0.38268 0.92388
vn -1 -1E-05 0
vn -1 -1E-05 -0
vn -1 1E-05 -0
vn -1 1E-05 0
vn -0 0.38268 0.92388
vn 0 0.38268 0.92388
vn 0 -0.1305 0.99145
vn -0 0.1305 0.99145
vn -1 -0 -0
vn -1 0 -0
vn 0 -0.1305 -0.99145
vn -1 -0 -0
vn -1 0 -0
vn 0 0.1305 -0.99145
vn 0 -0.38269 -0.92388
vn -1 -0 -0
vn -1 0 -0
vn 0 -0.13052 -0.99145
vn 0 -0.60876 -0.79335
vn -1 -0 -0
vn -1 0 -0
vn 0 0.60877 -0.79335
vn -0 -0.38268 -0.92388
vn 0 -0.79335 -0.60877
vn -1 -0 -0
vn -1 0 -0
vn 0 0.79335 -0.60877
vn 0 0.38269 -0.92388
vn 0 -0.60876 -0.79335
vn 0 -0.92387 -0.38271
vn -1 0 -0
vn 0 0.92387 -0.38271
vn 0 0.60876 -0.79335
vn 0 -0.79335 -0.60876
vn -1 -0 0
vn -1 0 0
vn 0 0.99145 -0.13048
vn 0 0.79335 -0.60876
vn 0 -0.92388 -0.38269
vn -1 -0 0
vn -1 0 0
vn -0 0.99145 0.13049
vn 0 0.92387 -0.38269
vn -0 -0.99145 -0.13052
vn 0 -0.92387 0.3827
vn -1 -0 0
vn -1 0 0
vn -0 0.92387 0.3827
vn 0 0.99145 -0.13051
vn 0 -0.99145 0.13052
vn -1 -0 0
vn -1 0 0
vn -0 0.79335 0.60877
vn -0 0.99145 0.13052
vn 0 -0.92388 0.38269
vn 0 -0.60876 0.79335
vn -1 -0 0
vn -1 0 0
vn -0 0.60877 0.79335
vn -0 0.92387 0.38269
vn 0 -0.79335 0.60877
vn 0 -0.38271 0.92387
vn -1 -0 0
vn -1 0 0
vn 0 0.79335 0.60877
vn 0 -0.60878 0.79334
vn 0 -0.1305 0.99145
vn -0 0.1305 0.99145
vn 0 -0.38269 0.92388
vn -0 0.38269 0.92388
vn 0 -0.1305 0.99145
vn -0 0.1305 0.99145
vn -0 1 -0
vn 0 1 -0
vn -0 1 -0
vn 0 1 -0
vn 0.1305 0 -0.99145
vn -0 1 -0
vn 0 1 -0
vn -0 1 -0
vn 0 1 -0
vn 0.1305 0 -0.99145
vn 0.13054 0 -0.99144
vn 0.13052 -3E-05 -0.99145
vn -0.38268 -0 -0.92388
vn -0.79336 -0 -0.60876
vn -0 1 -0
vn 0 1 -0
vn -0.60877 -0 -0.79335
vn -0 1 -0
vn 0 1 -0
vn -0.99145 -0 -0.13051
vn -0 1 0
vn 0 1 0
vn -0.99145 0 0.13051
vn -0 1 0
vn 0 1 0
vn -0.99144 0 -0.13054
vn -0 1 0
vn 0 1 0
vn -0.99144 0 0.13054
vn -0.79336 0 0.60876
vn -0 1 0
vn 0 1 0
vn 0.79334 0 0.60878
vn -0.60876 0 0.79335
vn -0 1 0
vn 0 1 0
vn -0.79336 0 0.60875
vn -0.79336 0 0.60876
vn -0.79336 1E-05 0.60875
vn -0 1 0
vn 0 1 0
vn 0.1305 0 0.99145
vn -0.38268 0 0.92388
vn 0.13051 -0 0.99145
vn 0.1305 0 0.99145
vn 0.1305 -0 0.99145
vn -0 1 -0
vn 0 1 -0
vn -0 1 -0
vn 0 1 -0
vn 0.1305 0 -0.99145
vn -0 1 -0
vn 0 1 -0
vn -0 1 -0
vn 0 1 -0
vn 0.60876 0 -0.79336
vn -0 1 -0
vn 0 1 -0
vn 0.38268 -0 -0.92388
vn -0 1 -0
vn 0 1 -0
vn -0 1 0
vn 0 1 0
vn -0 1 0
vn 0 1 0
vn 0.92388 0 -0.38268
vn -0 1 0
vn 0 1 0
vn 0.99144 0 -0.13054
vn -0 1 0
vn 0 1 0
vn 0.99144 0 0.13054
vn -0 1 0
vn 0 1 0
vn 0.60876 0 0.79336
vn 0.92388 0 0.38268
vn -0.79336 0 0.60875
vn -0 1 0
vn 0 1 0
vn 0.79333 -0 0.60879
vn 0.79336 0 0.60876
vn 0.79335 3E-05 0.60877
vn 0.1305 0 0.99145
vn -0.38268 0 0.92388
vn 0 1 -0
vn 0 1 -0
vn -0 1 -0
vn 0 1 -0
vn -0 1 -0
vn -0.38269 -0 -0.92388
vn 0.60868 0 -0.79342
vn 0.60877 0 -0.79335
vn 0.60876 -3E-05 -0.79335
vn -0 1 0
vn 0.99144 1E-05 -0.13054
vn -0 1 0
vn 0 1 0
vn 0 1 0
vn 0 1 0
vn 0.79335 0 0.60876
vn 0.79335 2E-05 0.60877
vn -0.60878 0 0.79334
vn -0 1 -0
vn 0.38274 0 -0.92386
vn 0.38268 2E-05 -0.92388
vn -0 1 -0
vn -0 1 0
vn -0 1 0
vn -0.99145 -0 -0.13052
vn 0.99145 0 -0.13052
vn -0 1 -0
vn -0 1 -0
vn -0.3827 -0 -0.92387
vn -0 1 -0
vn 0 1 -0
vn -0.60876 -0 -0.79335
vn -0 1 -0
vn 0 1 -0
vn 0.60877 0 -0.79334
vn -0.38269 0 -0.92388
vn -0 1 -0
vn 0 1 -0
vn -0.60878 0 -0.79334
vn -0.60875 -0 -0.79336
vn -0.60876 -2E-05 -0.79335
vn -0 1 -0
vn 0 1 -0
vn 0.60876 0 -0.79335
vn -0 1 0
vn 0 1 0
vn -0 1 0
vn 0 1 0
vn -0.99144 0 -0.13053
vn -0.99144 -0 -0.13053
vn -0.99144 0 -0.13053
vn 0 1 0
vn -0 1 0
vn 0 1 0
vn 0.79334 0 0.60878
vn -0.60876 0 0.79335
vn -0 1 0
vn 0.60877 0 0.79334
vn -0.79336 0 0.60876
vn -0.79334 0 0.60878
vn -0.79335 2E-05 0.60876
vn -0 1 0
vn 0.79334 -0 0.60878
vn 0.79335 0 0.60876
vn 0.79335 1E-05 0.60877
vn -0.60878 0 0.79334
vn -0.60876 0 0.79335
vn -0.60878 2E-05 0.79334
vn -0.38268 0 0.92388
vn -0.38269 0 -0.92388
vn -0.38268 -0 -0.92388
vn -0.38269 -0 -0.92388
vn 0.38268 -1E-05 -0.92388
vn 0.92388 0 -0.38269
vn -0.99144 0 -0.13053
vn 0.99145 0 -0.13052
vn 0.99145 0 -0.13052
vn 0.99145 0 -0.13052
vn -0.79335 0 0.60876
vn 0 1 -0
vn -0 1 -0
vn 0 1 -0
vn -0 1 -0
vn 0 1 -0
vn 0.38269 0 -0.92388
vn -0.99144 0 -0.13054
vn -0.99144 1E-05 -0.13054
vn -0 1 0
vn 0.99145 0 -0.13052
vn 0.99144 0 -0.13053
vn 0.99145 1E-05 -0.13052
vn -0.79335 0 0.60876
vn -0 1 0
vn 0 1 0
vn 0 1 0
vn -0.79336 0 0.60875
vn -0.79334 0 0.60877
vn -0.79335 2E-05 0.60876
vn 0 1 0
vn -0.60877 0 0.79335
vn -0.60878 0 0.79334
vn -0.60877 -1E-05 0.79334
vn 0.38269 0 0.92388
vn -0 1 -0
vn 0 1 -0
vn -0.1305 -0 -0.99145
vn -0 1 -0
vn 0 1 -0
vn 0.1305 0 -0.99145
vn -0 1 -0
vn 0 1 -0
vn -0.13052 -0 -0.99145
vn -0 1 -0
vn 0 1 -0
vn 0.13052 0 -0.99145
vn -0.38268 0 -0.92388
vn -0 1 -0
vn 0 1 -0
vn 0.38269 0 -0.92388
vn -0.92387 -0 -0.38271
vn -0 1 -0
vn 0 1 -0
vn 0.92387 0 -0.38271
vn -0 1 0
vn 0 1 0
vn 0.99145 0 -0.13047
vn -0 1 0
vn 0 1 0
vn 0.99145 0 0.13048
vn 0.92387 0 -0.38269
vn -0.99145 0 -0.13052
vn -0.92387 0 0.3827
vn -0 1 0
vn 0 1 0
vn 0.92387 0 0.3827
vn 0.99145 0 -0.13051
vn -0 1 0
vn 0 1 0
vn 0.99145 0 0.13052
vn -0 1 0
vn 0 1 0
vn 0.92387 0 0.38269
vn -0.79335 0 0.60877
vn -0.79335 -1E-05 0.60877
vn -0.38271 0 0.92387
vn -0 1 0
vn 0 1 0
vn -0.1305 0 0.99145
vn 0.1305 0 0.99145
vn 0.1305 0 0.99145
vn 0 1 -0
vn 0 1 -0
vn 0.1305 0 -0.99145
vn -0 1 -0
vn 0 1 -0
vn -0 1 -0
vn 0 1 -0
vn 0.60877 0 -0.79335
vn 0.13052 0 -0.99145
vn 0 1 -0
vn 0.38269 0 -0.92388
vn 0.38269 0 -0.92388
vn 0.38269 -0 -0.92388
vn -0 1 -0
vn 0 1 -0
vn 0.92387 0 -0.3827
vn -0 1 0
vn 0 1 0
vn 0 1 0
vn 0.99144 0 0.13053
vn -0.99145 -0 -0.13051
vn -0 1 0
vn 0 1 0
vn 0.92388 0 0.38269
vn 0.99145 0 -0.13051
vn 0.99145 1E-05 -0.13052
vn -0.99145 0 0.13052
vn -0 1 0
vn 0 1 0
vn -0 1 0
vn 0 1 0
vn 0.60877 0 0.79335
vn -0.38271 0 0.92387
vn 0 1 0
vn -0 1 -0
vn 0 1 -0
vn -0.13052 0 -0.99145
vn -0.13056 -0 -0.99144
vn -0.13052 1E-05 -0.99145
vn -0 1 -0
vn 0 1 -0
vn -0.38268 0 -0.92388
vn -0.38267 -0 -0.92388
vn -0.38268 -1E-05 -0.92388
vn -0 1 -0
vn 0 1 -0
vn -0 1 -0
vn 0 1 -0
vn -0 1 0
vn 0 1 0
vn -0 1 0
vn 0 1 0
vn -0.99145 0 -0.13051
vn -0 1 0
vn 0 1 0
vn -0.99145 0 0.13051
vn -0 1 0
vn 0 1 0
vn -0 1 0
vn -0.38271 0 0.92387
vn 0 0.1305 -0.99145
vn 0 0.1305 -0.99145
vn -0 -0.1305 -0.99145
vn -0 -0.1305 -0.99145
vn 0 0.38269 -0.92388
vn -0 -0.38269 -0.92388
vn 0 -0.38269 -0.92387
vn 1E-05 0.60877 -0.79335
vn 1E-05 -0.60877 -0.79335
vn 0 0.38269 -0.92388
vn 1E-05 0.79335 -0.60877
vn 1E-05 0.79335 -0.60877
vn 1E-05 -0.79335 -0.60877
vn -1E-05 -0.79334 -0.60877
vn -0 -0.38268 -0.92388
vn -0 -0.38269 -0.92388
vn 0 0.60876 -0.79335
vn 1E-05 0.92387 -0.3827
vn -1E-05 -0.92388 -0.38269
vn -1E-05 -0.60876 -0.79335
vn 0 -0.60876 -0.79335
vn 1E-05 0.99145 -0.13052
vn 1E-05 0.99145 -0.13052
vn -0 -0.99145 -0.13052
vn -1E-05 -0.99145 -0.13052
vn 0 0.92388 -0.38269
vn 0 0.92387 -0.38269
vn -0 0.99144 0.13053
vn 1E-05 0.99145 0.13052
vn -1E-05 -0.99145 0.13052
vn 1E-05 0.99145 -0.13052
vn 0 0.99145 -0.13052
vn 1E-05 0.92388 0.38268
vn -0 0.92388 0.38269
vn 0 -0.92388 0.38268
vn -1E-05 -0.92388 0.38268
vn 0 -0.99145 -0.13052
vn 1E-05 0.99145 0.13053
vn -0 0.99145 0.13052
vn 1E-05 0.79334 0.60877
vn -1E-05 -0.79335 0.60877
vn 1E-05 -0.79334 0.60877
vn 0 0.92388 0.38269
vn 1E-05 0.60877 0.79335
vn 1E-05 -0.60876 0.79335
vn 0 -0.60877 0.79335
vn 0 -0.92388 0.38269
vn 0 0.38269 0.92387
vn 0 0.3827 0.92387
vn -0 -0.38269 0.92387
vn 0 -0.79334 0.60877
vn 0 -0.79335 0.60877
vn 1E-05 -0.79335 0.60877
vn 0 0.60877 0.79334
vn 0 0.1305 0.99145
vn -0 -0.1305 0.99145
vn 0 -0.60878 0.79334
vn -1E-05 -0.60877 0.79334
vn 0 0.38269 0.92388
vn -0 -0.38268 0.92388
vn 0 -0.38268 0.92388
vn 0 0.1305 0.99145
vn 0 -0.1305 0.99145
vn -0 -1 0
vn -0 -1 -0
vn 0 1 0
vn 0 1 -0
vn 1 0 -1E-05
vn 1 -0 -1E-05
vn 0 0.1305 -0.99145
vn -0 0.1305 -0.99145
vn 1 0 -1E-05
vn 1 -0 -1E-05
vn 0 -0.1305 -0.99145
vn -0 -0.1305 -0.99145
vn -0 0.3827 -0.92387
vn 0 0.3827 -0.92387
vn 1 0 -1E-05
vn 1 -0 -1E-05
vn -0 -0.38269 -0.92388
vn 0 0.13052 -0.99145
vn 0 0.13052 -0.99145
vn -1E-05 0.60877 -0.79335
vn 1 1E-05 -0
vn 1 -1E-05 -0
vn -0 -0.60877 -0.79335
vn 0 -0.60877 -0.79335
vn -0 -0.13052 -0.99145
vn 0 -0.13052 -0.99145
vn 0 0.38269 -0.92388
vn 0 0.79334 -0.60877
vn 1 1E-05 -0
vn 1 -1E-05 -0
vn 0 -0.79335 -0.60877
vn -1E-05 -0.79334 -0.60877
vn 0 -0.38268 -0.92388
vn -0 -0.38268 -0.92388
vn -0 -0.38268 -0.92388
vn 0 0.60876 -0.79335
vn 1 1E-05 -0
vn 1 -1E-05 -0
vn -1E-05 -0.92388 -0.38269
vn -0 -0.60876 -0.79335
vn -0 -0.60876 -0.79335
vn 0 0.79336 -0.60876
vn 1 1E-05 0
vn 1 -1E-05 0
vn -1E-05 -0.99145 -0.13052
vn -0 -0.79335 -0.60876
vn 1 1E-05 0
vn 1 -1E-05 0
vn -1E-05 -0.99144 0.13053
vn -0 -0.92387 -0.38269
vn 0 0.99144 -0.13053
vn 0 0.99144 -0.13053
vn 0 0.99144 -0.13053
vn 1 1E-05 0
vn 1 -1E-05 0
vn -1E-05 -0.92388 0.38268
vn 1E-05 -0.99145 -0.13051
vn -1E-05 -0.99145 -0.13052
vn 1 0 1E-05
vn 1 -0 1E-05
vn -1E-05 -0.79335 0.60877
vn 0 -0.79334 0.60877
vn 1E-05 -0.99145 0.13052
vn -1E-05 -0.99145 0.13052
vn 0 0.92387 0.38269
vn 0 0.60877 0.79335
vn -0 0.60876 0.79335
vn 1 0 1E-05
vn 1 -0 1E-05
vn 0 -0.60877 0.79335
vn -0 -0.60877 0.79335
vn -0 -0.92387 0.38269
vn -0 0.79336 0.60875
vn 1E-05 0.79335 0.60876
vn 0 0.38269 0.92388
vn 0 0.38269 0.92388
vn 1 0 1E-05
vn 1 -0 1E-05
vn -0 -0.38269 0.92388
vn -0 -0.79334 0.60878
vn -0 -0.79335 0.60876
vn 1E-05 -0.79335 0.60877
vn 0 0.60877 0.79334
vn -0 0.1305 0.99145
vn 0 0.1305 0.99145
vn -0 -0.1305 0.99145
vn 0 -0.1305 0.99145
vn -0 -0.60877 0.79334
vn 0 0.38268 0.92388
vn 0 0.1305 0.99145
vn 0 -0.1305 0.99145
vn -0 -0.1305 0.99145
vn 1 -2E-05 -1E-05
vn 1 2E-05 -1E-05
vn 0 0.1305 -0.99145
vn 1 2E-05 1E-05
vn -0 -0.1305 -0.99145
vn 0 -0.1305 -0.99145
vn 0 0.3827 -0.92387
vn 0 0.3827 -0.92387
vn 1 0 -1E-05
vn 1 -2E-05 1E-05
vn 0 0.60876 -0.79335
vn 1 -1E-05 -2E-05
vn 1 -1E-05 -0
vn -0 -0.60877 -0.79335
vn 0 -0.60877 -0.79335
vn 0 0.38269 -0.92388
vn 0 0.79334 -0.60877
vn 0 0.79334 -0.60878
vn 1 -1E-05 -0
vn -0 -0.79334 -0.60878
vn 0 -0.38268 -0.92388
vn -0 -0.38269 -0.92388
vn -0 -0.38269 -0.92388
vn 0 0.60876 -0.79335
vn 1 -1E-05 -0
vn -0 -0.92388 -0.38269
vn -0 -0.60876 -0.79335
vn 0 0.99145 -0.13052
vn 1 -1E-05 0
vn -0 -0.99145 -0.13052
vn 0 0.99144 0.13053
vn 1 -1E-05 0
vn -0 -0.92388 -0.38269
vn 0 0.99144 -0.13053
vn 0 0.92388 0.38268
vn 1 -1E-05 0
vn 0 -0.92388 0.38268
vn 0 -0.99145 -0.13052
vn -0 -0.99145 -0.13052
vn 0 -0.99145 -0.13052
vn 0 0.99145 0.13053
vn 0 0.79335 0.60877
vn 1 -2E-05 -1E-05
vn 0 -0.79334 0.60878
vn 0 0.92388 0.38269
vn 0 0.60876 0.79335
vn 0 -0.60877 0.79335
vn 0 -0.60877 0.79335
vn 0 -0.92388 0.38269
vn -0 0.79335 0.60876
vn 0 0.38269 0.92388
vn 1 -2E-05 1E-05
vn 1 2E-05 1E-05
vn 0 0.60877 0.79334
vn 0 0.1305 0.99145
vn 0 -0.1305 0.99145
vn 0 -0.1305 0.99145
vn 0 -0.60877 0.79334
vn 0 0.38268 0.92388
vn 0 -0.38269 0.92388
vn -0 0.1305 0.99145
vn 0 -0.1305 0.99145
vn 0 0.1305 -0.99145
vn 0 0.1305 -0.99145
vn -0 -0.1305 -0.99145
vn 0 -0.1305 -0.99145
vn 1 2E-05 0
vn 1 3E-05 -0
vn 0 0.3827 -0.92387
vn -0 -0.38269 -0.92388
vn 1 -2E-05 0
vn 1 -2E-05 1E-05
vn 1 -2E-05 -1E-05
vn 1 -2E-05 -1E-05
vn 0 0.60877 -0.79335
vn -0 -0.60877 -0.79335
vn 0 -0.60877 -0.79335
vn 1 2E-05 -0
vn 1 1E-05 2E-05
vn 0 0.38269 -0.92388
vn 0 0.79334 -0.60878
vn 0 0.79334 -0.60878
vn -0 -0.79334 -0.60877
vn 1 1E-05 1E-05
vn 1 2E-05 -2E-05
vn 0 -0.38268 -0.92388
vn 0 0.60876 -0.79335
vn 1 -1E-05 1E-05
vn 1 2E-05 2E-05
vn 1 1E-05 -2E-05
vn 1 0 3E-05
vn -0 -0.60876 -0.79335
vn 1 0 2E-05
vn 1 -2E-05 1E-05
vn 0 0.99145 -0.13052
vn 1 1E-05 2E-05
vn -0 -0.99145 -0.13052
vn 1 2E-05 1E-05
vn 1 2E-05 1E-05
vn 0 -0.99144 0.13053
vn 1 2E-05 0
vn 1 0 -3E-05
vn -0 -0.92387 -0.38269
vn 0 0.99144 -0.13053
vn 1 -1E-05 -2E-05
vn 0 0.92388 0.38268
vn 0 -0.92388 0.38268
vn 1 2E-05 2E-05
vn 1 -2E-05 -1E-05
vn 1 -2E-05 -1E-05
vn 0 0.79335 0.60877
vn 0 -0.79334 0.60877
vn 0 -0.79334 0.60877
vn 1 2E-05 -1E-05
vn 1 2E-05 -1E-05
vn 1 -1E-05 1E-05
vn 1 -1E-05 -1E-05
vn 0 0.60876 0.79335
vn 0 -0.60877 0.79335
vn 0 -0.60877 0.79335
vn 1 1E-05 -1E-05
vn 1 -2E-05 -2E-05
vn 0 -0.92387 0.38269
vn -0 0.79335 0.60876
vn 0 -0.38269 0.92388
vn 1 3E-05 -0
vn 0 -0.79334 0.60878
vn 0 -0.79335 0.60876
vn 1E-05 -0.79335 0.60877
vn 0 0.1305 0.99145
vn -0 0.1305 0.99145
vn 0 -0.1305 0.99145
vn 0 -0.1305 0.99145
vn 1 2E-05 -1E-05
vn 0 -0.60877 0.79334
vn 0 0.38268 0.92388
vn 1 2E-05 -0
vn 1 2E-05 -1E-05
vn 1 -2E-05 -0
vn 1 -3E-05 0
vn 0 -0.38268 0.92388
vn 1 0 -1E-05
vn 1 -0 -1E-05
vn 0 0.1305 -0.99145
vn 1 0 -1E-05
vn 1 -0 -1E-05
vn -0 -0.1305 -0.99145
vn 1 0 -1E-05
vn 1 -0 -1E-05
vn 0 0.13052 -0.99145
vn 0 0.60876 -0.79335
vn 1 1E-05 -0
vn 1 -1E-05 -0
vn -0 -0.60877 -0.79335
vn 0 0.38268 -0.92388
vn 1 1E-05 -0
vn 1 -1E-05 -0
vn 0 -0.38269 -0.92388
vn 1 1E-05 -0
vn 1 -1E-05 -0
vn 0 0.79335 -0.60876
vn 1 1E-05 0
vn 1 -1E-05 0
vn -0 -0.99145 -0.13048
vn -0 -0.79335 -0.60876
vn 0 0.92388 -0.38269
vn 1 1E-05 0
vn 1 -1E-05 0
vn 0 -0.99145 0.13049
vn -0 -0.92387 -0.38269
vn 0 0.99145 -0.13052
vn 1 1E-05 0
vn 1 -1E-05 0
vn 0 -0.99145 -0.13051
vn 0 0.99145 0.13052
vn 1 0 1E-05
vn 1 -0 1E-05
vn 0 -0.99145 0.13052
vn 0 0.92388 0.38269
vn 0 0.60876 0.79335
vn 1 0 1E-05
vn 1 -0 1E-05
vn 0 -0.92387 0.38269
vn -0 0.79335 0.60877
vn 0 0.38271 0.92387
vn 1 0 1E-05
vn 1 -0 1E-05
vn 0 0.1305 0.99145
vn 0 -0.1305 0.99145
vn 0 0.1305 0.99145
vn 0 -0.1305 0.99145
vn 0 1 0
vn 0 1 0
vn 0 1 -0
vn -0 1 0
vn 0 -1 0
vn -0 -1 -0
vn -0 -1 -0
vn -0 -1 0

usemtl mat0

f 1/1 2/1 3/1
f 3/2 4/2 1/2
f 5/3 6/3 7/3
f 8/4 9/4 6/4
f 4/5 10/5 11/5
f 12/4 8/4 6/4
f 1/6 4/6 11/6
f 11/7 12/7 6/7
f 5/8 1/8 6/8
f 1/8 11/8 6/8
f 2/9 1/9 13/9
f 13/9 14/9 2/9
f 2/10 15/10 3/10
f 16/11 17/11 18/11
f 2/12 19/12 15/12
f 20/13 16/13 18/13
f 2/14 18/14 19/14
f 2/15 20/15 18/15
f 4/16 3/16 21/16
f 21/16 22/16 4/16
f 23/17 24/17 5/17
f 5/17 7/17 23/17
f 1/9 5/9 25/9
f 25/9 13/9 1/9
f 10/16 4/16 22/16
f 22/16 26/16 10/16
f 9/16 8/16 27/16
f 27/16 28/16 9/16
f 14/16 13/16 29/16
f 29/16 30/16 14/16
f 14/18 31/18 20/18
f 20/9 2/9 14/9
f 20/19 32/19 16/19
f 33/15 34/15 35/15
f 20/20 35/20 32/20
f 20/21 33/21 35/21
f 17/22 16/22 36/22
f 36/22 37/22 17/22
f 3/22 15/22 38/22
f 38/22 21/22 3/22
f 22/16 21/16 39/16
f 39/16 40/16 22/16
f 41/23 42/23 43/23
f 44/24 45/24 46/24
f 41/25 47/25 42/25
f 48/26 44/26 46/26
f 41/3 46/3 47/3
f 41/17 24/17 23/17
f 23/7 48/7 46/7
f 41/8 23/8 46/8
f 49/9 25/9 5/9
f 5/9 24/9 49/9
f 13/16 25/16 50/16
f 50/16 29/16 13/16
f 26/16 22/16 40/16
f 40/16 51/16 26/16
f 28/16 52/16 53/16
f 54/16 55/16 56/16
f 28/16 57/16 52/16
f 54/16 56/16 58/16
f 28/16 59/16 57/16
f 54/16 58/16 60/16
f 28/16 61/16 59/16
f 27/27 54/27 60/27
f 28/16 62/16 61/16
f 27/16 60/16 62/16
f 28/27 27/27 62/27
f 31/22 14/22 30/22
f 30/22 63/22 31/22
f 30/9 29/9 64/9
f 64/9 63/9 30/9
f 31/18 65/18 33/18
f 33/9 20/9 31/9
f 33/28 66/28 34/28
f 67/29 68/29 66/29
f 33/30 69/30 67/30
f 33/31 67/31 66/31
f 70/22 36/22 16/22
f 16/22 32/22 70/22
f 37/22 71/22 72/22
f 36/22 73/22 74/22
f 37/22 75/22 71/22
f 36/22 74/22 76/22
f 37/22 76/22 75/22
f 37/32 36/32 76/32
f 21/22 38/22 77/22
f 77/22 39/22 21/22
f 40/16 39/16 78/16
f 78/16 79/16 40/16
f 41/33 80/33 81/33
f 82/26 83/26 84/26
f 41/3 84/3 80/3
f 41/34 43/34 85/34
f 86/26 82/26 84/26
f 41/35 85/35 87/35
f 87/7 86/7 84/7
f 41/36 87/36 84/36
f 88/9 49/9 24/9
f 24/9 41/9 88/9
f 45/16 44/16 89/16
f 89/16 90/16 45/16
f 43/16 42/16 91/16
f 91/16 92/16 43/16
f 25/16 49/16 93/16
f 93/16 50/16 25/16
f 29/18 50/18 94/18
f 94/18 64/18 29/18
f 51/16 40/16 79/16
f 79/16 95/16 51/16
f 96/16 97/16 98/16
f 55/16 54/16 99/16
f 96/16 98/16 100/16
f 54/16 100/16 99/16
f 54/27 96/27 100/27
f 53/27 101/27 102/27
f 53/16 52/16 103/16
f 53/16 104/16 101/16
f 53/16 103/16 105/16
f 53/16 105/16 104/16
f 65/22 31/22 63/22
f 63/22 106/22 65/22
f 63/9 64/9 107/9
f 107/9 106/9 63/9
f 65/18 108/18 69/18
f 69/9 33/9 65/9
f 69/37 109/37 67/37
f 110/38 111/38 112/38
f 69/39 113/39 109/39
f 114/40 110/40 112/40
f 69/41 112/41 113/41
f 69/21 114/21 112/21
f 68/22 67/22 115/22
f 115/22 116/22 68/22
f 36/22 117/22 73/22
f 118/32 119/32 120/32
f 36/22 121/22 117/22
f 118/22 120/22 122/22
f 36/22 122/22 121/22
f 36/22 70/22 118/22
f 36/22 118/22 122/22
f 72/32 123/32 124/32
f 72/22 71/22 125/22
f 72/22 126/22 123/22
f 72/22 125/22 127/22
f 72/22 127/22 126/22
f 39/22 77/22 128/22
f 128/22 78/22 39/22
f 79/16 78/16 129/16
f 129/16 130/16 79/16
f 88/9 41/9 81/9
f 81/9 131/9 88/9
f 43/16 92/16 132/16
f 132/16 85/16 43/16
f 133/16 134/16 83/16
f 83/16 82/16 133/16
f 81/42 135/42 136/42
f 137/24 138/24 135/24
f 81/36 80/36 137/36
f 81/43 137/43 135/43
f 49/16 88/16 139/16
f 139/16 93/16 49/16
f 90/16 140/16 141/16
f 142/16 143/16 144/16
f 90/16 145/16 140/16
f 142/16 144/16 146/16
f 90/16 147/16 145/16
f 142/16 146/16 148/16
f 90/27 149/27 147/27
f 89/16 142/16 148/16
f 90/27 150/27 149/27
f 89/16 148/16 150/16
f 90/16 89/16 150/16
f 92/16 151/16 152/16
f 153/16 154/16 155/16
f 92/16 156/16 151/16
f 153/16 155/16 157/16
f 92/27 157/27 156/27
f 92/16 91/16 153/16
f 92/16 153/16 157/16
f 50/9 93/9 158/9
f 158/9 94/9 50/9
f 64/18 94/18 159/18
f 159/18 107/18 64/18
f 95/16 79/16 130/16
f 130/16 160/16 95/16
f 161/16 162/16 163/16
f 97/16 96/16 164/16
f 161/16 163/16 165/16
f 96/16 166/16 164/16
f 161/16 165/16 166/16
f 96/16 161/16 166/16
f 167/16 168/16 169/16
f 102/27 101/27 169/27
f 170/16 167/16 169/16
f 101/16 171/16 169/16
f 172/27 170/27 169/27
f 171/16 172/16 169/16
f 108/22 65/22 106/22
f 106/22 173/22 108/22
f 106/9 107/9 174/9
f 174/9 173/9 106/9
f 108/9 175/9 114/9
f 114/9 69/9 108/9
f 114/37 176/37 110/37
f 177/14 178/14 179/14
f 114/44 179/44 176/44
f 114/21 177/21 179/21
f 111/32 110/32 180/32
f 180/32 181/32 111/32
f 67/22 109/22 182/22
f 182/22 115/22 67/22
f 116/22 183/22 184/22
f 185/22 186/22 187/22
f 116/22 188/22 183/22
f 185/22 187/22 189/22
f 116/22 190/22 188/22
f 185/22 189/22 191/22
f 116/22 192/22 190/22
f 115/22 185/22 191/22
f 116/22 193/22 192/22
f 115/22 191/22 193/22
f 116/22 115/22 193/22
f 194/22 195/22 196/22
f 119/22 118/22 197/22
f 194/22 196/22 198/22
f 118/22 198/22 197/22
f 118/32 194/32 198/32
f 199/22 200/22 201/22
f 124/32 123/32 201/32
f 202/22 199/22 201/22
f 123/22 203/22 201/22
f 204/32 202/32 201/32
f 203/22 204/22 201/22
f 78/22 128/22 205/22
f 205/22 129/22 78/22
f 130/16 129/16 206/16
f 206/16 207/16 130/16
f 131/16 208/16 139/16
f 139/16 88/16 131/16
f 131/9 81/9 136/9
f 136/9 209/9 131/9
f 92/16 210/16 132/16
f 211/16 212/16 210/16
f 92/16 152/16 213/16
f 214/16 211/16 210/16
f 92/16 213/16 214/16
f 92/16 214/16 210/16
f 215/16 134/16 133/16
f 216/16 217/16 134/16
f 215/16 218/16 219/16
f 220/16 216/16 134/16
f 215/16 219/16 221/16
f 222/16 220/16 134/16
f 215/16 221/16 223/16
f 224/16 222/16 134/16
f 215/27 223/27 134/27
f 225/16 224/16 134/16
f 223/16 225/16 134/16
f 226/16 227/16 135/16
f 135/16 138/16 226/16
f 228/1 229/1 230/1
f 136/42 135/42 230/42
f 135/45 231/45 232/45
f 233/46 228/46 230/46
f 135/47 232/47 230/47
f 232/48 233/48 230/48
f 93/9 139/9 234/9
f 234/9 158/9 93/9
f 235/16 236/16 237/16
f 143/16 142/16 238/16
f 235/16 237/16 239/16
f 142/16 239/16 238/16
f 142/27 235/27 239/27
f 141/27 240/27 241/27
f 141/16 140/16 242/16
f 141/16 243/16 240/16
f 141/16 242/16 244/16
f 141/27 244/27 243/27
f 245/16 246/16 247/16
f 154/16 153/16 248/16
f 245/16 247/16 249/16
f 153/16 249/16 248/16
f 153/16 245/16 249/16
f 94/9 158/9 250/9
f 250/9 159/9 94/9
f 107/18 159/18 251/18
f 251/18 174/18 107/18
f 160/16 252/16 253/16
f 207/16 254/16 252/16
f 160/16 130/16 207/16
f 160/16 207/16 252/16
f 169/16 255/16 256/16
f 257/16 258/16 255/16
f 161/16 259/16 260/16
f 260/16 257/16 255/16
f 169/16 168/16 255/16
f 261/16 162/16 161/16
f 168/16 262/16 255/16
f 263/16 261/16 161/16
f 262/16 263/16 255/16
f 161/16 260/16 255/16
f 263/16 161/16 255/16
f 175/22 108/22 173/22
f 173/22 264/22 175/22
f 173/18 174/18 265/18
f 265/18 264/18 173/18
f 175/9 266/9 177/9
f 177/9 114/9 175/9
f 177/15 267/15 178/15
f 268/29 269/29 267/29
f 177/14 270/14 267/14
f 270/49 268/49 267/49
f 271/22 180/22 110/22
f 110/22 176/22 271/22
f 181/32 180/32 272/32
f 272/32 273/32 181/32
f 115/22 182/22 274/22
f 274/22 185/22 115/22
f 275/22 276/22 277/22
f 186/22 185/22 278/22
f 275/22 277/22 279/22
f 185/22 279/22 278/22
f 185/22 275/22 279/22
f 184/32 280/32 281/32
f 184/22 183/22 282/22
f 184/22 283/22 280/22
f 184/22 282/22 284/22
f 184/22 284/22 283/22
f 285/22 286/22 287/22
f 195/22 194/22 288/22
f 285/22 287/22 289/22
f 194/22 290/22 288/22
f 285/22 289/22 290/22
f 194/22 285/22 290/22
f 201/22 291/22 292/22
f 293/22 294/22 291/22
f 295/22 296/22 293/22
f 201/22 200/22 295/22
f 201/32 293/32 291/32
f 201/32 295/32 293/32
f 129/22 297/22 206/22
f 205/22 298/22 299/22
f 129/22 299/22 297/22
f 129/22 205/22 299/22
f 207/16 206/16 300/16
f 300/16 301/16 207/16
f 209/16 302/16 208/16
f 208/16 131/16 209/16
f 208/9 303/9 234/9
f 234/9 139/9 208/9
f 209/9 136/9 230/9
f 230/9 304/9 209/9
f 210/16 212/16 305/16
f 306/16 307/16 308/16
f 210/16 305/16 309/16
f 307/16 309/16 308/16
f 307/16 210/16 309/16
f 310/16 218/16 215/16
f 310/16 311/16 312/16
f 310/16 313/16 218/16
f 310/16 312/16 314/16
f 310/16 314/16 313/16
f 217/16 216/16 315/16
f 316/16 317/16 318/16
f 217/16 315/16 319/16
f 317/16 319/16 318/16
f 317/16 217/16 319/16
f 320/16 321/16 227/16
f 227/16 226/16 320/16
f 135/16 227/16 322/16
f 322/16 231/16 135/16
f 323/16 324/16 229/16
f 229/16 228/16 323/16
f 230/2 229/2 325/2
f 325/1 326/1 230/1
f 158/9 234/9 327/9
f 327/9 250/9 158/9
f 328/16 329/16 330/16
f 236/16 235/16 331/16
f 328/16 330/16 332/16
f 235/16 333/16 331/16
f 328/16 332/16 333/16
f 235/16 328/16 333/16
f 334/16 335/16 336/16
f 241/27 240/27 336/27
f 337/16 334/16 336/16
f 240/16 338/16 336/16
f 339/16 337/16 336/16
f 338/16 339/16 336/16
f 340/16 341/16 342/16
f 246/16 245/16 343/16
f 340/16 342/16 344/16
f 245/16 345/16 343/16
f 340/16 344/16 345/16
f 245/16 340/16 345/16
f 159/9 250/9 346/9
f 346/9 251/9 159/9
f 174/9 251/9 347/9
f 347/9 265/9 174/9
f 254/16 207/16 301/16
f 301/16 348/16 254/16
f 258/16 257/16 349/16
f 349/16 350/16 258/16
f 266/22 175/22 264/22
f 264/22 351/22 266/22
f 264/18 265/18 352/18
f 352/18 351/18 264/18
f 266/9 353/9 270/9
f 270/18 177/18 266/18
f 270/50 354/50 355/50
f 355/51 268/51 270/51
f 269/22 268/22 356/22
f 356/22 357/22 269/22
f 180/22 358/22 272/22
f 359/22 360/22 361/22
f 180/22 362/22 358/22
f 359/22 361/22 363/22
f 180/32 364/32 362/32
f 359/22 363/22 365/22
f 180/32 366/32 364/32
f 271/32 359/32 365/32
f 180/22 367/22 366/22
f 271/22 365/22 367/22
f 180/22 271/22 367/22
f 273/22 368/22 369/22
f 272/22 370/22 371/22
f 273/22 372/22 368/22
f 273/22 272/22 371/22
f 273/22 373/22 372/22
f 273/32 371/32 373/32
f 185/22 274/22 374/22
f 374/22 275/22 185/22
f 375/22 376/22 377/22
f 276/22 275/22 378/22
f 375/32 377/32 379/32
f 275/32 380/32 378/32
f 375/22 379/22 380/22
f 275/22 375/22 380/22
f 381/22 382/22 383/22
f 281/32 280/32 383/32
f 384/22 381/22 383/22
f 280/22 385/22 383/22
f 386/32 384/32 383/32
f 385/22 386/22 383/22
f 293/22 296/22 387/22
f 286/22 285/22 388/22
f 293/22 387/22 388/22
f 389/22 390/22 293/22
f 285/22 391/22 389/22
f 285/22 293/22 388/22
f 285/32 389/32 293/32
f 294/22 293/22 392/22
f 392/22 393/22 294/22
f 206/22 297/22 394/22
f 394/22 300/22 206/22
f 301/16 300/16 395/16
f 395/16 396/16 301/16
f 304/16 397/16 302/16
f 302/16 209/16 304/16
f 302/9 398/9 303/9
f 303/9 208/9 302/9
f 303/9 399/9 327/9
f 327/9 234/9 303/9
f 304/9 230/9 326/9
f 326/9 400/9 304/9
f 307/16 306/16 401/16
f 402/16 403/16 404/16
f 307/16 401/16 405/16
f 403/16 406/16 404/16
f 307/16 405/16 406/16
f 403/27 307/27 406/27
f 407/16 311/16 310/16
f 407/16 408/16 409/16
f 407/16 410/16 311/16
f 407/16 409/16 411/16
f 407/16 412/16 410/16
f 407/16 411/16 412/16
f 317/16 316/16 413/16
f 414/16 415/16 416/16
f 317/16 413/16 417/16
f 415/16 418/16 416/16
f 317/16 417/16 418/16
f 415/27 317/27 418/27
f 419/16 420/16 321/16
f 321/16 320/16 419/16
f 421/16 422/16 322/16
f 227/16 321/16 322/16
f 321/27 423/27 424/27
f 425/16 421/16 322/16
f 321/16 424/16 426/16
f 427/16 425/16 322/16
f 321/16 426/16 428/16
f 429/16 427/16 322/16
f 321/16 428/16 322/16
f 430/16 429/16 322/16
f 428/16 430/16 322/16
f 431/16 432/16 324/16
f 324/16 323/16 431/16
f 229/16 324/16 433/16
f 433/16 325/16 229/16
f 434/52 435/52 436/52
f 326/53 325/53 437/53
f 438/54 434/54 436/54
f 326/55 437/55 439/55
f 326/56 438/56 436/56
f 326/57 439/57 438/57
f 250/9 327/9 440/9
f 440/9 346/9 250/9
f 336/16 441/16 442/16
f 443/16 444/16 441/16
f 328/16 445/16 446/16
f 446/16 443/16 441/16
f 336/16 335/16 441/16
f 447/16 329/16 328/16
f 335/16 448/16 441/16
f 449/16 447/16 328/16
f 448/27 449/27 441/27
f 328/27 446/27 441/27
f 449/27 328/27 441/27
f 450/16 451/16 452/16
f 341/16 340/16 453/16
f 450/16 452/16 453/16
f 454/16 455/16 450/16
f 340/16 456/16 454/16
f 340/27 450/27 453/27
f 340/16 454/16 450/16
f 251/9 346/9 457/9
f 457/9 347/9 251/9
f 265/9 347/9 458/9
f 458/9 352/9 265/9
f 348/16 301/16 396/16
f 396/16 459/16 348/16
f 350/16 349/16 460/16
f 460/16 461/16 350/16
f 353/22 266/22 351/22
f 351/22 462/22 353/22
f 351/9 352/9 463/9
f 463/9 462/9 351/9
f 353/9 464/9 354/9
f 354/18 270/18 353/18
f 354/51 465/51 355/51
f 466/21 467/21 468/21
f 354/58 468/58 465/58
f 354/21 466/21 468/21
f 268/22 355/22 469/22
f 469/22 356/22 268/22
f 357/22 470/22 471/22
f 356/22 472/22 473/22
f 357/32 473/32 470/32
f 357/32 356/32 473/32
f 474/22 475/22 476/22
f 360/32 359/32 477/32
f 474/32 476/32 478/32
f 359/22 478/22 477/22
f 359/22 474/22 478/22
f 272/22 358/22 370/22
f 369/32 479/32 480/32
f 481/32 482/32 479/32
f 369/22 368/22 483/22
f 483/32 481/32 479/32
f 369/22 483/22 479/22
f 275/22 374/22 484/22
f 484/22 375/22 275/22
f 383/22 485/22 486/22
f 487/22 488/22 485/22
f 376/22 375/22 487/22
f 383/32 382/32 489/32
f 490/22 376/22 487/22
f 383/22 489/22 491/22
f 491/22 490/22 487/22
f 383/22 487/22 485/22
f 383/22 491/22 487/22
f 492/22 392/22 293/22
f 293/22 390/22 492/22
f 393/22 392/22 493/22
f 493/22 494/22 393/22
f 300/22 394/22 495/22
f 495/22 395/22 300/22
f 496/9 497/9 396/9
f 396/9 395/9 496/9
f 400/16 498/16 397/16
f 397/16 304/16 400/16
f 397/18 499/18 398/18
f 398/18 302/18 397/18
f 398/9 500/9 399/9
f 399/9 303/9 398/9
f 399/9 501/9 440/9
f 440/9 327/9 399/9
f 400/9 326/9 436/9
f 436/18 502/18 400/18
f 403/16 402/16 503/16
f 451/16 450/16 503/16
f 450/16 504/16 505/16
f 505/16 506/16 403/16
f 450/16 403/16 503/16
f 450/16 505/16 403/16
f 407/16 507/16 508/16
f 509/16 510/16 508/16
f 511/16 512/16 415/16
f 510/16 511/16 508/16
f 408/16 407/16 508/16
f 415/16 414/16 513/16
f 514/16 408/16 508/16
f 415/16 513/16 515/16
f 515/16 514/16 508/16
f 511/16 415/16 508/16
f 415/16 515/16 508/16
f 516/16 517/16 420/16
f 420/16 419/16 516/16
f 321/16 518/16 423/16
f 420/16 519/16 520/16
f 321/27 521/27 518/27
f 420/16 520/16 521/16
f 321/16 420/16 521/16
f 422/27 421/27 522/27
f 523/16 524/16 525/16
f 422/16 522/16 526/16
f 524/16 526/16 525/16
f 524/16 422/16 526/16
f 527/16 528/16 432/16
f 432/16 431/16 527/16
f 324/16 432/16 529/16
f 529/16 433/16 324/16
f 325/59 433/59 530/59
f 530/59 437/59 325/59
f 531/59 532/59 435/59
f 435/59 434/59 531/59
f 436/60 533/60 534/60
f 435/61 535/61 536/61
f 436/56 536/56 533/56
f 436/62 435/62 536/62
f 346/9 440/9 537/9
f 537/9 457/9 346/9
f 444/16 443/16 538/16
f 538/16 539/16 444/16
f 450/16 455/16 540/16
f 540/16 541/16 450/16
f 347/9 457/9 542/9
f 542/9 458/9 347/9
f 352/9 458/9 543/9
f 543/9 463/9 352/9
f 497/9 459/9 396/9
f 461/9 460/9 544/9
f 497/18 545/18 459/18
f 546/9 461/9 544/9
f 497/9 544/9 545/9
f 497/9 547/9 548/9
f 548/7 546/7 544/7
f 497/9 548/9 544/9
f 464/22 353/22 462/22
f 462/22 549/22 464/22
f 462/9 463/9 550/9
f 550/9 549/9 462/9
f 464/9 551/9 466/9
f 466/9 354/9 464/9
f 466/15 552/15 467/15
f 553/38 554/38 552/38
f 466/37 555/37 553/37
f 466/63 553/63 552/63
f 556/32 469/32 355/32
f 355/32 465/32 556/32
f 356/22 557/22 472/22
f 558/22 559/22 560/22
f 356/22 561/22 557/22
f 558/22 560/22 562/22
f 356/22 563/22 561/22
f 558/32 562/32 564/32
f 356/22 564/22 563/22
f 356/22 469/22 558/22
f 356/22 558/22 564/22
f 471/32 565/32 566/32
f 471/22 470/22 567/22
f 471/22 568/22 565/22
f 471/22 567/22 569/22
f 471/22 569/22 568/22
f 570/22 571/22 572/22
f 475/22 474/22 573/22
f 570/22 572/22 574/22
f 474/22 575/22 573/22
f 570/22 574/22 575/22
f 474/22 570/22 575/22
f 479/22 482/22 576/22
f 577/22 479/22 578/22
f 479/22 576/22 578/22
f 480/22 579/22 580/22
f 581/22 582/22 579/22
f 480/22 479/22 581/22
f 480/22 581/22 579/22
f 375/22 583/22 487/22
f 484/22 584/22 585/22
f 375/22 585/22 583/22
f 375/22 484/22 585/22
f 488/22 487/22 586/22
f 586/22 587/22 488/22
f 588/32 493/32 392/32
f 392/32 492/32 588/32
f 589/9 494/9 493/9
f 496/9 395/9 495/9
f 590/9 589/9 493/9
f 496/9 495/9 591/9
f 590/9 496/9 589/9
f 496/9 591/9 589/9
f 497/9 496/9 592/9
f 592/9 593/9 497/9
f 502/59 594/59 498/59
f 498/59 400/59 502/59
f 498/9 594/9 499/9
f 499/9 397/9 498/9
f 499/18 595/18 500/18
f 500/18 398/18 499/18
f 500/9 596/9 501/9
f 501/9 399/9 500/9
f 501/9 597/9 537/9
f 537/9 440/9 501/9
f 502/9 436/9 534/9
f 534/18 598/18 502/18
f 450/16 541/16 599/16
f 599/16 504/16 450/16
f 600/16 601/16 510/16
f 510/16 509/16 600/16
f 516/27 602/27 603/27
f 604/16 605/16 603/16
f 605/16 517/16 516/16
f 605/16 516/16 603/16
f 420/16 606/16 519/16
f 517/27 607/27 608/27
f 420/27 609/27 606/27
f 517/16 608/16 610/16
f 420/16 610/16 609/16
f 420/16 517/16 610/16
f 524/16 523/16 611/16
f 612/16 613/16 614/16
f 524/16 611/16 615/16
f 613/27 616/27 614/27
f 524/16 615/16 616/16
f 613/16 524/16 616/16
f 617/16 618/16 528/16
f 528/16 527/16 617/16
f 432/16 528/16 619/16
f 619/16 529/16 432/16
f 433/59 529/59 620/59
f 620/59 530/59 433/59
f 621/59 532/59 531/59
f 622/59 623/59 532/59
f 621/59 624/59 625/59
f 626/59 622/59 532/59
f 621/59 625/59 626/59
f 621/64 626/64 532/64
f 535/59 435/59 532/59
f 532/59 627/59 535/59
f 534/65 628/65 629/65
f 630/66 631/66 628/66
f 534/67 533/67 630/67
f 534/68 630/68 628/68
f 457/9 537/9 632/9
f 632/9 542/9 457/9
f 539/16 538/16 633/16
f 633/16 634/16 539/16
f 541/16 540/16 635/16
f 635/16 636/16 541/16
f 458/9 542/9 637/9
f 637/9 543/9 458/9
f 463/9 543/9 638/9
f 638/9 550/9 463/9
f 547/9 497/9 593/9
f 593/18 639/18 547/18
f 548/9 547/9 640/9
f 640/9 641/9 548/9
f 551/22 464/22 549/22
f 549/22 642/22 551/22
f 549/9 550/9 643/9
f 643/9 642/9 549/9
f 551/9 644/9 555/9
f 555/9 466/9 551/9
f 555/69 645/69 553/69
f 646/70 647/70 648/70
f 555/71 648/71 645/71
f 555/41 646/41 648/41
f 554/22 553/22 649/22
f 649/22 650/22 554/22
f 651/32 558/32 469/32
f 469/32 556/32 651/32
f 652/22 653/22 654/22
f 559/22 558/22 655/22
f 652/22 654/22 656/22
f 558/32 656/32 655/32
f 558/22 652/22 656/22
f 566/22 657/22 658/22
f 659/22 660/22 657/22
f 566/22 565/22 661/22
f 662/32 659/32 657/32
f 566/22 661/22 662/22
f 566/22 662/22 657/22
f 479/22 663/22 581/22
f 570/22 664/22 665/22
f 479/22 665/22 663/22
f 479/22 577/22 666/22
f 667/22 571/22 570/22
f 479/22 666/22 668/22
f 668/22 667/22 570/22
f 479/22 668/22 665/22
f 668/22 570/22 665/22
f 582/22 581/22 669/22
f 669/22 670/22 582/22
f 487/22 583/22 671/22
f 671/22 586/22 487/22
f 587/22 586/22 672/22
f 672/22 673/22 587/22
f 674/9 675/9 676/9
f 493/9 588/9 675/9
f 674/18 590/18 493/18
f 674/9 493/9 675/9
f 496/9 590/9 677/9
f 677/9 592/9 496/9
f 593/9 592/9 678/9
f 678/9 679/9 593/9
f 598/59 680/59 594/59
f 594/59 502/59 598/59
f 594/9 680/9 595/9
f 595/9 499/9 594/9
f 595/18 681/18 596/18
f 596/18 500/18 595/18
f 596/9 682/9 597/9
f 597/9 501/9 596/9
f 597/9 683/9 632/9
f 632/9 537/9 597/9
f 598/9 534/9 629/9
f 629/18 684/18 598/18
f 541/27 636/27 685/27
f 685/27 599/27 541/27
f 686/16 687/16 601/16
f 601/16 600/16 686/16
f 688/16 689/16 605/16
f 605/16 604/16 688/16
f 517/16 690/16 607/16
f 613/16 612/16 691/16
f 517/16 692/16 690/16
f 613/16 691/16 692/16
f 693/16 694/16 613/16
f 605/16 695/16 693/16
f 517/16 605/16 692/16
f 693/16 613/16 692/16
f 605/16 693/16 692/16
f 617/16 696/16 697/16
f 698/16 699/16 697/16
f 699/16 618/16 617/16
f 699/27 617/27 697/27
f 528/16 618/16 700/16
f 700/16 619/16 528/16
f 529/59 619/59 701/59
f 701/59 620/59 529/59
f 702/59 624/59 621/59
f 702/59 703/59 704/59
f 702/59 705/59 624/59
f 702/59 704/59 706/59
f 702/59 706/59 705/59
f 532/59 707/59 627/59
f 708/59 709/59 707/59
f 532/59 623/59 710/59
f 711/59 708/59 707/59
f 532/59 710/59 712/59
f 712/64 711/64 707/64
f 532/59 712/59 707/59
f 713/59 714/59 628/59
f 628/59 631/59 713/59
f 715/72 716/72 717/72
f 629/73 628/73 718/73
f 719/74 715/74 717/74
f 629/75 718/75 720/75
f 629/56 719/56 717/56
f 629/76 720/76 719/76
f 542/9 632/9 721/9
f 721/9 637/9 542/9
f 640/9 722/9 641/9
f 634/9 633/9 722/9
f 636/9 635/9 723/9
f 724/9 634/9 722/9
f 725/9 636/9 723/9
f 723/7 724/7 722/7
f 640/9 725/9 722/9
f 725/9 723/9 722/9
f 543/9 637/9 726/9
f 726/9 638/9 543/9
f 550/9 638/9 727/9
f 727/9 643/9 550/9
f 640/9 547/9 639/9
f 639/9 728/9 640/9
f 639/18 593/18 679/18
f 679/9 729/9 639/9
f 644/22 551/22 642/22
f 642/22 730/22 644/22
f 642/9 643/9 731/9
f 731/9 730/9 642/9
f 644/9 732/9 646/9
f 646/9 555/9 644/9
f 733/41 647/41 646/41
f 734/77 735/77 736/77
f 733/41 736/41 647/41
f 733/78 734/78 736/78
f 737/22 649/22 553/22
f 553/22 645/22 737/22
f 650/22 738/22 739/22
f 649/22 740/22 741/22
f 650/22 742/22 738/22
f 649/22 741/22 743/22
f 650/22 744/22 742/22
f 649/22 743/22 745/22
f 650/22 745/22 744/22
f 650/22 649/22 745/22
f 746/32 652/32 558/32
f 558/32 651/32 746/32
f 747/22 748/22 749/22
f 653/32 652/32 750/32
f 747/22 749/22 751/22
f 652/22 752/22 750/22
f 747/22 751/22 752/22
f 652/32 747/32 752/32
f 753/22 657/22 660/22
f 660/59 754/59 753/59
f 658/22 755/22 756/22
f 757/22 758/22 755/22
f 658/32 657/32 757/32
f 658/22 757/22 755/22
f 759/22 669/22 581/22
f 581/22 663/22 759/22
f 670/22 669/22 760/22
f 760/22 761/22 670/22
f 586/22 671/22 762/22
f 762/22 672/22 586/22
f 763/9 673/9 672/9
f 674/9 676/9 764/9
f 763/9 764/9 673/9
f 763/18 674/18 764/18
f 590/9 674/9 765/9
f 765/9 677/9 590/9
f 592/9 677/9 766/9
f 766/9 678/9 592/9
f 679/9 678/9 767/9
f 767/9 768/9 679/9
f 684/59 769/59 680/59
f 680/59 598/59 684/59
f 680/9 769/9 681/9
f 681/9 595/9 680/9
f 681/9 770/9 682/9
f 682/9 596/9 681/9
f 682/9 771/9 683/9
f 683/9 597/9 682/9
f 683/9 772/9 721/9
f 721/9 632/9 683/9
f 684/9 629/9 717/9
f 717/9 773/9 684/9
f 685/9 636/9 725/9
f 774/9 775/9 725/9
f 776/9 687/9 686/9
f 775/9 776/9 725/9
f 777/9 685/9 725/9
f 776/9 686/9 778/9
f 778/18 777/18 725/18
f 776/18 778/18 725/18
f 779/16 780/16 689/16
f 689/16 688/16 779/16
f 605/16 689/16 781/16
f 781/16 695/16 605/16
f 782/16 783/16 699/16
f 699/16 698/16 782/16
f 618/16 699/16 784/16
f 784/16 700/16 618/16
f 619/59 700/59 785/59
f 785/59 701/59 619/59
f 786/64 703/64 702/64
f 786/59 787/59 788/59
f 786/59 789/59 703/59
f 786/59 788/59 790/59
f 786/59 791/59 789/59
f 786/64 790/64 791/64
f 707/59 709/59 792/59
f 793/59 794/59 795/59
f 707/59 792/59 796/59
f 794/59 796/59 795/59
f 794/59 707/59 796/59
f 797/59 714/59 713/59
f 798/64 799/64 714/64
f 797/64 800/64 801/64
f 802/64 798/64 714/64
f 797/59 801/59 803/59
f 804/59 802/59 714/59
f 797/59 803/59 805/59
f 806/59 804/59 714/59
f 797/59 805/59 714/59
f 807/59 806/59 714/59
f 805/59 807/59 714/59
f 628/59 714/59 808/59
f 808/59 718/59 628/59
f 809/59 810/59 716/59
f 716/59 715/59 809/59
f 717/60 811/60 812/60
f 716/66 813/66 814/66
f 717/57 814/57 811/57
f 717/79 716/79 814/79
f 637/9 721/9 815/9
f 815/9 726/9 637/9
f 725/9 640/9 728/9
f 728/9 816/9 725/9
f 638/9 726/9 817/9
f 817/9 727/9 638/9
f 643/9 727/9 818/9
f 818/9 731/9 643/9
f 728/9 639/9 729/9
f 729/9 819/9 728/9
f 729/9 679/9 768/9
f 768/9 820/9 729/9
f 732/22 644/22 730/22
f 730/22 821/22 732/22
f 730/9 731/9 822/9
f 822/9 821/9 730/9
f 823/9 733/9 646/9
f 646/9 732/9 823/9
f 824/69 825/69 734/69
f 734/37 733/37 824/37
f 735/22 734/22 826/22
f 826/22 827/22 735/22
f 649/22 828/22 740/22
f 829/22 830/22 831/22
f 649/22 831/22 828/22
f 649/22 737/22 829/22
f 649/22 829/22 831/22
f 739/22 832/22 833/22
f 739/22 738/22 834/22
f 739/22 835/22 832/22
f 739/22 834/22 836/22
f 739/22 836/22 835/22
f 837/32 747/32 652/32
f 652/32 746/32 837/32
f 657/22 838/22 757/22
f 748/22 747/22 838/22
f 657/22 753/22 839/22
f 840/22 748/22 838/22
f 657/22 839/22 838/22
f 841/22 840/22 838/22
f 839/22 841/22 838/22
f 758/22 757/22 842/22
f 842/22 843/22 758/22
f 844/32 760/32 669/32
f 669/32 759/32 844/32
f 845/9 761/9 760/9
f 846/9 763/9 672/9
f 846/9 845/9 760/9
f 672/9 762/9 847/9
f 846/18 847/18 845/18
f 846/9 672/9 847/9
f 674/9 763/9 848/9
f 848/9 765/9 674/9
f 677/18 765/18 849/18
f 849/9 766/9 677/9
f 678/9 766/9 850/9
f 850/18 767/18 678/18
f 768/16 767/16 851/16
f 851/16 852/16 768/16
f 773/59 853/59 769/59
f 769/59 684/59 773/59
f 769/18 853/18 770/18
f 770/18 681/18 769/18
f 770/9 854/9 771/9
f 771/9 682/9 770/9
f 771/9 855/9 772/9
f 772/9 683/9 771/9
f 772/9 856/9 815/9
f 815/9 721/9 772/9
f 773/9 717/9 812/9
f 812/9 857/9 773/9
f 725/9 816/9 858/9
f 858/9 774/9 725/9
f 859/9 775/9 774/9
f 780/9 779/9 860/9
f 859/9 860/9 775/9
f 859/9 780/9 860/9
f 689/16 780/16 861/16
f 861/16 781/16 689/16
f 862/16 863/16 783/16
f 783/16 782/16 862/16
f 699/16 783/16 864/16
f 864/16 784/16 699/16
f 700/59 865/59 785/59
f 784/59 866/59 867/59
f 700/59 867/59 865/59
f 700/64 784/64 867/64
f 786/59 868/59 869/59
f 870/59 871/59 869/59
f 871/59 872/59 873/59
f 873/59 787/59 786/59
f 871/59 786/59 869/59
f 871/59 873/59 786/59
f 794/59 793/59 874/59
f 875/59 876/59 877/59
f 794/59 874/59 878/59
f 876/59 879/59 877/59
f 794/59 878/59 879/59
f 876/64 794/64 879/64
f 880/59 800/59 797/59
f 880/59 881/59 882/59
f 880/64 883/64 800/64
f 880/64 882/64 884/64
f 880/59 884/59 883/59
f 799/59 798/59 885/59
f 886/59 887/59 888/59
f 799/59 885/59 889/59
f 887/59 889/59 888/59
f 887/64 799/64 889/64
f 714/59 799/59 890/59
f 890/59 808/59 714/59
f 891/59 810/59 809/59
f 892/59 893/59 810/59
f 891/64 894/64 892/64
f 891/59 892/59 810/59
f 813/59 716/59 810/59
f 810/59 895/59 813/59
f 812/52 896/52 897/52
f 898/80 899/80 896/80
f 812/76 811/76 898/76
f 812/81 898/81 896/81
f 726/9 815/9 900/9
f 900/9 817/9 726/9
f 816/9 728/9 819/9
f 819/9 901/9 816/9
f 727/9 817/9 902/9
f 902/9 818/9 727/9
f 731/9 818/9 903/9
f 903/9 822/9 731/9
f 819/9 729/9 820/9
f 820/9 904/9 819/9
f 820/16 768/16 852/16
f 852/16 905/16 820/16
f 732/22 821/22 906/22
f 906/22 823/22 732/22
f 906/9 821/9 822/9
f 822/9 907/9 906/9
f 908/9 824/9 733/9
f 733/9 823/9 908/9
f 909/69 825/69 824/69
f 910/21 911/21 824/21
f 912/82 909/82 824/82
f 911/21 912/21 824/21
f 825/22 913/22 826/22
f 826/22 734/22 825/22
f 826/22 914/22 827/22
f 915/22 916/22 914/22
f 826/22 917/22 915/22
f 826/32 915/32 914/32
f 918/32 919/32 920/32
f 830/22 829/22 921/22
f 918/32 920/32 922/32
f 829/22 922/22 921/22
f 829/32 918/32 922/32
f 923/22 924/22 925/22
f 833/22 832/22 925/22
f 926/22 923/22 925/22
f 832/22 927/22 925/22
f 928/32 926/32 925/32
f 927/22 928/22 925/22
f 747/32 929/32 838/32
f 837/22 930/22 931/22
f 747/22 931/22 929/22
f 747/22 837/22 931/22
f 757/22 838/22 932/22
f 932/22 842/22 757/22
f 843/22 842/22 933/22
f 933/22 934/22 843/22
f 935/9 936/9 937/9
f 760/9 844/9 936/9
f 935/9 846/9 760/9
f 935/9 760/9 936/9
f 763/9 846/9 938/9
f 938/9 848/9 763/9
f 765/9 848/9 939/9
f 939/18 849/18 765/18
f 766/9 849/9 940/9
f 940/18 850/18 766/18
f 767/32 850/32 941/32
f 941/32 851/32 767/32
f 852/83 851/83 942/83
f 942/84 943/84 852/84
f 857/59 944/59 853/59
f 853/59 773/59 857/59
f 853/18 944/18 854/18
f 854/18 770/18 853/18
f 854/9 945/9 855/9
f 855/9 771/9 854/9
f 855/9 946/9 856/9
f 856/9 772/9 855/9
f 856/9 947/9 900/9
f 900/9 815/9 856/9
f 857/18 812/18 897/18
f 897/9 948/9 857/9
f 816/9 901/9 949/9
f 949/9 858/9 816/9
f 774/9 858/9 950/9
f 950/9 859/9 774/9
f 951/18 780/18 859/18
f 952/9 861/9 780/9
f 863/9 862/9 953/9
f 951/9 952/9 780/9
f 951/9 863/9 953/9
f 951/9 953/9 952/9
f 783/16 863/16 954/16
f 954/16 864/16 783/16
f 784/59 864/59 955/59
f 955/59 866/59 784/59
f 956/59 957/59 871/59
f 871/59 870/59 956/59
f 876/59 875/59 958/59
f 872/59 871/59 959/59
f 876/59 958/59 959/59
f 960/59 961/59 876/59
f 871/59 962/59 960/59
f 871/59 876/59 959/59
f 871/59 960/59 876/59
f 963/64 881/64 880/64
f 963/64 964/64 965/64
f 963/59 966/59 881/59
f 963/59 965/59 967/59
f 963/59 968/59 966/59
f 963/59 967/59 968/59
f 887/59 886/59 969/59
f 970/59 971/59 972/59
f 887/59 969/59 973/59
f 971/59 974/59 972/59
f 887/64 973/64 974/64
f 971/59 887/59 974/59
f 799/59 887/59 975/59
f 975/59 890/59 799/59
f 976/59 894/59 891/59
f 976/59 977/59 978/59
f 976/59 979/59 894/59
f 976/64 978/64 980/64
f 976/59 980/59 979/59
f 810/59 981/59 895/59
f 982/59 983/59 981/59
f 810/59 893/59 984/59
f 985/59 982/59 981/59
f 810/59 984/59 986/59
f 987/59 985/59 981/59
f 810/59 986/59 988/59
f 810/59 987/59 981/59
f 810/59 988/59 987/59
f 989/59 990/59 896/59
f 896/59 899/59 989/59
f 897/85 991/85 992/85
f 896/80 993/80 994/80
f 897/76 994/76 991/76
f 897/86 896/86 994/86
f 817/18 900/18 995/18
f 995/18 902/18 817/18
f 901/9 819/9 904/9
f 904/9 996/9 901/9
f 818/9 902/9 997/9
f 997/9 903/9 818/9
f 907/9 822/9 903/9
f 903/9 998/9 907/9
f 904/16 820/16 905/16
f 905/16 999/16 904/16
f 905/87 852/87 943/87
f 943/83 1000/83 905/83
f 823/22 906/22 1001/22
f 1001/22 908/22 823/22
f 1001/9 906/9 907/9
f 907/9 1002/9 1001/9
f 1003/9 910/9 824/9
f 824/9 908/9 1003/9
f 1004/28 911/28 910/28
f 1005/11 1006/11 1007/11
f 1004/70 1007/70 911/70
f 1004/88 1005/88 1007/88
f 1008/22 913/22 825/22
f 825/22 909/22 1008/22
f 1009/22 917/22 826/22
f 913/22 1010/22 826/22
f 1010/22 1011/22 1012/22
f 1013/22 1009/22 826/22
f 1010/22 1012/22 1014/22
f 1015/22 1013/22 826/22
f 1010/22 1014/22 1016/22
f 1016/22 1015/22 826/22
f 1010/22 1016/22 826/22
f 914/22 916/22 1017/22
f 1018/22 1019/22 1020/22
f 914/22 1017/22 1021/22
f 1019/22 1021/22 1020/22
f 1019/22 914/22 1021/22
f 1022/22 1023/22 1024/22
f 919/22 918/22 1025/22
f 1022/22 1024/22 1026/22
f 918/32 1027/32 1025/32
f 1028/32 1022/32 1026/32
f 918/22 1026/22 1027/22
f 918/22 1028/22 1026/22
f 925/22 1029/22 1030/22
f 1031/22 1032/22 1029/22
f 1033/22 1022/22 1031/22
f 925/22 924/22 1034/22
f 1035/22 1033/22 1031/22
f 925/22 1034/22 1036/22
f 1036/32 1035/32 1031/32
f 925/22 1031/22 1029/22
f 925/22 1036/22 1031/22
f 1037/22 932/22 838/22
f 838/22 929/22 1037/22
f 842/32 932/32 1038/32
f 1038/32 933/32 842/32
f 1039/9 934/9 933/9
f 935/9 937/9 1040/9
f 1039/9 1040/9 934/9
f 1039/9 935/9 1040/9
f 846/9 935/9 1041/9
f 1041/9 938/9 846/9
f 848/9 938/9 1042/9
f 1042/18 939/18 848/18
f 849/9 939/9 1043/9
f 1043/9 940/9 849/9
f 850/32 940/32 1044/32
f 1044/32 941/32 850/32
f 851/89 941/89 1045/89
f 1045/90 942/90 851/90
f 943/91 942/91 1046/91
f 1046/92 1047/92 943/92
f 948/59 1048/59 944/59
f 944/59 857/59 948/59
f 944/9 1048/9 945/9
f 945/9 854/9 944/9
f 945/9 1049/9 946/9
f 946/9 855/9 945/9
f 946/9 1050/9 947/9
f 947/9 856/9 946/9
f 947/18 1051/18 995/18
f 995/18 900/18 947/18
f 948/18 897/18 992/18
f 992/9 1052/9 948/9
f 901/9 996/9 1053/9
f 1053/9 949/9 901/9
f 858/9 949/9 1054/9
f 1054/9 950/9 858/9
f 859/18 950/18 1055/18
f 1055/9 951/9 859/9
f 1056/9 954/9 863/9
f 863/9 951/9 1056/9
f 864/59 954/59 1057/59
f 1057/59 955/59 864/59
f 1058/59 1059/59 957/59
f 957/59 956/59 1058/59
f 962/59 871/59 957/59
f 957/59 1060/59 962/59
f 963/64 1061/64 1062/64
f 1063/59 1064/59 1062/59
f 1064/59 971/59 970/59
f 1065/59 964/59 963/59
f 1064/59 970/59 1066/59
f 1067/59 1065/59 963/59
f 1064/59 1066/59 1067/59
f 1064/64 963/64 1062/64
f 1064/59 1067/59 963/59
f 887/59 971/59 1068/59
f 1068/59 975/59 887/59
f 1069/59 977/59 976/59
f 1070/59 1071/59 1072/59
f 1069/64 1073/64 977/64
f 1070/59 1072/59 1074/59
f 1069/59 1074/59 1073/59
f 1069/64 1070/64 1074/64
f 981/59 983/59 1075/59
f 1076/64 1077/64 1078/64
f 981/64 1075/64 1079/64
f 1077/59 1079/59 1078/59
f 1077/59 981/59 1079/59
f 1080/59 990/59 989/59
f 1081/59 1082/59 990/59
f 1080/64 1083/64 1084/64
f 1084/59 1081/59 990/59
f 1080/59 1084/59 990/59
f 993/64 896/64 990/64
f 990/64 1085/64 993/64
f 1086/73 1087/73 1088/73
f 992/67 991/67 1088/67
f 1089/93 1086/93 1088/93
f 991/67 1089/67 1088/67
f 902/18 995/18 1090/18
f 1090/18 997/18 902/18
f 996/16 904/16 999/16
f 999/16 1091/16 996/16
f 998/9 903/9 997/9
f 997/9 1092/9 998/9
f 1002/9 907/9 998/9
f 998/9 1093/9 1002/9
f 999/94 905/94 1000/94
f 1000/87 1094/87 999/87
f 1000/95 943/95 1047/95
f 1047/92 1095/92 1000/92
f 908/22 1001/22 1096/22
f 1096/22 1003/22 908/22
f 1096/9 1001/9 1002/9
f 1002/9 1097/9 1096/9
f 1098/18 1004/18 910/18
f 910/9 1003/9 1098/9
f 1099/37 1005/37 1004/37
f 1100/96 1101/96 1005/96
f 1099/28 1102/28 1100/28
f 1099/97 1100/97 1005/97
f 1006/32 1005/32 1103/32
f 1103/32 1104/32 1006/32
f 1105/22 1010/22 913/22
f 913/22 1008/22 1105/22
f 1010/22 1106/22 1011/22
f 1107/22 1108/22 1109/22
f 1010/22 1110/22 1106/22
f 1107/22 1109/22 1110/22
f 1010/22 1107/22 1110/22
f 1019/22 1018/22 1111/22
f 1112/22 1113/22 1114/22
f 1019/22 1111/22 1115/22
f 1113/22 1115/22 1114/22
f 1113/22 1116/22 1019/22
f 1113/22 1019/22 1115/22
f 1022/22 1117/22 1031/22
f 1028/22 1118/22 1119/22
f 1022/32 1119/32 1117/32
f 1022/22 1028/22 1119/22
f 1023/32 1022/32 1033/32
f 1032/22 1031/22 1120/22
f 1120/22 1121/22 1032/22
f 1122/22 1038/22 932/22
f 932/22 1037/22 1122/22
f 1123/9 1039/9 933/9
f 933/9 1038/9 1123/9
f 935/9 1039/9 1124/9
f 1124/9 1041/9 935/9
f 938/9 1041/9 1125/9
f 1125/9 1042/9 938/9
f 939/9 1042/9 1126/9
f 1126/18 1043/18 939/18
f 940/22 1043/22 1127/22
f 1127/22 1044/22 940/22
f 941/89 1044/89 1128/89
f 1128/90 1045/90 941/90
f 942/98 1045/98 1129/98
f 1129/99 1046/99 942/99
f 1046/100 1130/100 1047/100
f 1131/100 1132/100 1133/100
f 1046/100 1133/100 1130/100
f 1046/100 1131/100 1133/100
f 1052/59 1134/59 1048/59
f 1048/59 948/59 1052/59
f 1048/9 1134/9 1049/9
f 1049/9 945/9 1048/9
f 1049/9 1135/9 1050/9
f 1050/9 946/9 1049/9
f 1050/9 1136/9 1051/9
f 1051/9 947/9 1050/9
f 1051/18 1137/18 1090/18
f 1090/18 995/18 1051/18
f 1052/9 992/9 1088/9
f 1088/9 1138/9 1052/9
f 996/16 1091/16 1139/16
f 1139/16 1053/16 996/16
f 949/9 1053/9 1140/9
f 1140/9 1054/9 949/9
f 950/9 1054/9 1141/9
f 1141/18 1055/18 950/18
f 951/9 1055/9 1142/9
f 1142/9 1056/9 951/9
f 1057/9 954/9 1056/9
f 1143/9 1059/9 1056/9
f 1059/9 1058/9 1144/9
f 1145/9 1057/9 1056/9
f 1059/9 1144/9 1056/9
f 1144/9 1145/9 1056/9
f 1060/59 957/59 1059/59
f 1059/59 1146/59 1060/59
f 1147/59 1148/59 1064/59
f 1064/59 1063/59 1147/59
f 971/59 1149/59 1068/59
f 1064/59 1150/59 1151/59
f 971/59 1151/59 1149/59
f 971/59 1064/59 1151/59
f 1069/59 1152/59 1153/59
f 1154/64 1155/64 1153/64
f 1155/59 1070/59 1069/59
f 1155/64 1069/64 1153/64
f 1071/59 1070/59 1156/59
f 1156/32 1157/32 1071/32
f 1077/59 1076/59 1158/59
f 1159/59 1160/59 1161/59
f 1077/59 1158/59 1162/59
f 1160/64 1163/64 1161/64
f 1077/59 1162/59 1163/59
f 1160/64 1077/64 1163/64
f 1164/59 1083/59 1080/59
f 1164/59 1165/59 1166/59
f 1164/59 1167/59 1083/59
f 1164/59 1166/59 1168/59
f 1164/59 1168/59 1167/59
f 990/64 1169/64 1085/64
f 1170/59 1171/59 1169/59
f 990/59 1082/59 1172/59
f 1173/59 1170/59 1169/59
f 990/64 1172/64 1174/64
f 1175/59 1173/59 1169/59
f 990/59 1174/59 1175/59
f 990/59 1175/59 1169/59
f 1176/59 1177/59 1087/59
f 1087/59 1086/59 1176/59
f 1088/73 1087/73 1178/73
f 1178/52 1179/52 1088/52
f 1092/18 997/18 1090/18
f 1090/18 1180/18 1092/18
f 1091/94 999/94 1094/94
f 1094/94 1181/94 1091/94
f 1093/9 998/9 1092/9
f 1092/9 1182/9 1093/9
f 1097/9 1002/9 1093/9
f 1093/9 1183/9 1097/9
f 1094/101 1000/101 1095/101
f 1095/101 1184/101 1094/101
f 1185/100 1186/100 1095/100
f 1047/100 1130/100 1095/100
f 1187/100 1188/100 1189/100
f 1130/100 1187/100 1095/100
f 1190/100 1185/100 1095/100
f 1191/100 1192/100 1193/100
f 1194/100 1190/100 1095/100
f 1195/100 1191/100 1193/100
f 1193/100 1194/100 1095/100
f 1187/100 1189/100 1196/100
f 1195/100 1193/100 1095/100
f 1187/100 1196/100 1197/100
f 1198/100 1195/100 1095/100
f 1187/100 1197/100 1095/100
f 1199/100 1200/100 1201/100
f 1197/100 1199/100 1095/100
f 1199/100 1201/100 1198/100
f 1199/100 1198/100 1095/100
f 1003/22 1096/22 1202/22
f 1202/22 1098/22 1003/22
f 1202/9 1096/9 1097/9
f 1097/9 1203/9 1202/9
f 1204/18 1099/18 1004/18
f 1004/9 1098/9 1204/9
f 1205/41 1102/41 1099/41
f 1206/102 1207/102 1208/102
f 1205/14 1208/14 1102/14
f 1205/103 1206/103 1208/103
f 1209/32 1103/32 1005/32
f 1005/32 1101/32 1209/32
f 1103/32 1210/32 1104/32
f 1211/22 1212/22 1210/22
f 1103/22 1213/22 1214/22
f 1215/22 1211/22 1210/22
f 1103/32 1214/32 1216/32
f 1217/22 1215/22 1210/22
f 1103/22 1216/22 1217/22
f 1103/32 1217/32 1210/32
f 1218/22 1107/22 1010/22
f 1010/22 1105/22 1218/22
f 1107/22 1219/22 1108/22
f 1220/22 1221/22 1222/22
f 1107/22 1223/22 1219/22
f 1220/32 1222/32 1224/32
f 1107/32 1224/32 1223/32
f 1107/22 1220/22 1224/22
f 1225/22 1113/22 1112/22
f 1112/59 1226/59 1225/59
f 1113/22 1227/22 1116/22
f 1228/22 1229/22 1230/22
f 1113/22 1230/22 1227/22
f 1113/22 1228/22 1230/22
f 1231/22 1120/22 1031/22
f 1031/22 1117/22 1231/22
f 1121/22 1120/22 1232/22
f 1232/22 1233/22 1121/22
f 1234/9 1235/9 1236/9
f 1038/9 1122/9 1235/9
f 1234/9 1123/9 1235/9
f 1123/9 1038/9 1235/9
f 1039/9 1123/9 1237/9
f 1237/9 1124/9 1039/9
f 1041/9 1124/9 1238/9
f 1238/9 1125/9 1041/9
f 1042/9 1125/9 1239/9
f 1239/18 1126/18 1042/18
f 1043/32 1126/32 1240/32
f 1240/32 1127/32 1043/32
f 1044/90 1127/90 1241/90
f 1241/104 1128/104 1044/104
f 1045/105 1128/105 1242/105
f 1242/99 1129/99 1045/99
f 1243/106 1131/106 1046/106
f 1129/100 1244/100 1046/100
f 1244/7 1245/7 1246/7
f 1246/100 1247/100 1248/100
f 1249/7 1250/7 1251/7
f 1246/100 1248/100 1249/100
f 1244/100 1246/100 1046/100
f 1252/100 1243/100 1046/100
f 1249/7 1251/7 1252/7
f 1246/100 1249/100 1046/100
f 1249/100 1252/100 1046/100
f 1132/16 1131/16 1253/16
f 1253/16 1254/16 1132/16
f 1138/59 1255/59 1134/59
f 1134/59 1052/59 1138/59
f 1134/9 1255/9 1135/9
f 1135/9 1049/9 1134/9
f 1135/9 1256/9 1136/9
f 1136/9 1050/9 1135/9
f 1136/9 1257/9 1137/9
f 1137/9 1051/9 1136/9
f 1258/18 1180/18 1090/18
f 1090/18 1137/18 1258/18
f 1138/9 1088/9 1179/9
f 1179/9 1259/9 1138/9
f 1091/94 1181/94 1260/94
f 1260/94 1139/94 1091/94
f 1053/16 1139/16 1261/16
f 1261/16 1140/16 1053/16
f 1054/9 1140/9 1262/9
f 1262/9 1141/9 1054/9
f 1055/9 1141/9 1263/9
f 1263/9 1142/9 1055/9
f 1056/9 1142/9 1264/9
f 1264/9 1143/9 1056/9
f 1265/18 1059/18 1143/18
f 1266/9 1146/9 1059/9
f 1265/9 1267/9 1266/9
f 1265/9 1266/9 1059/9
f 1268/59 1269/59 1148/59
f 1148/59 1147/59 1268/59
f 1064/59 1148/59 1270/59
f 1270/59 1150/59 1064/59
f 1271/59 1272/59 1155/59
f 1155/59 1154/59 1271/59
f 1070/59 1273/59 1156/59
f 1160/59 1159/59 1274/59
f 1070/59 1155/59 1273/59
f 1160/59 1274/59 1275/59
f 1155/59 1275/59 1273/59
f 1155/59 1276/59 1277/59
f 1277/59 1278/59 1160/59
f 1155/59 1160/59 1275/59
f 1155/59 1277/59 1160/59
f 1279/59 1165/59 1164/59
f 1280/59 1281/59 1282/59
f 1279/64 1283/64 1165/64
f 1280/59 1282/59 1284/59
f 1279/59 1285/59 1283/59
f 1279/59 1280/59 1284/59
f 1279/59 1284/59 1285/59
f 1169/59 1171/59 1286/59
f 1287/64 1288/64 1289/64
f 1169/64 1286/64 1290/64
f 1288/59 1290/59 1289/59
f 1288/59 1169/59 1290/59
f 1291/59 1292/59 1177/59
f 1177/59 1176/59 1291/59
f 1087/59 1177/59 1293/59
f 1293/59 1178/59 1087/59
f 1179/60 1294/60 1295/60
f 1178/107 1296/107 1297/107
f 1179/60 1297/60 1294/60
f 1179/108 1178/108 1297/108
f 1182/18 1092/18 1180/18
f 1180/18 1298/18 1182/18
f 1181/109 1094/109 1184/109
f 1184/109 1299/109 1181/109
f 1183/9 1093/9 1182/9
f 1182/9 1300/9 1183/9
f 1203/9 1097/9 1183/9
f 1183/9 1301/9 1203/9
f 1302/100 1303/100 1184/100
f 1095/100 1186/100 1304/100
f 1305/100 1302/100 1184/100
f 1095/100 1304/100 1184/100
f 1304/100 1305/100 1184/100
f 1306/100 1189/100 1188/100
f 1196/16 1189/16 1307/16
f 1307/16 1308/16 1196/16
f 1201/27 1200/27 1309/27
f 1309/27 1310/27 1201/27
f 1192/27 1191/27 1311/27
f 1311/27 1312/27 1192/27
f 1185/27 1190/27 1313/27
f 1313/27 1314/27 1185/27
f 1098/22 1202/22 1315/22
f 1315/22 1204/22 1098/22
f 1315/9 1202/9 1203/9
f 1203/9 1316/9 1315/9
f 1317/9 1205/9 1099/9
f 1099/9 1204/9 1317/9
f 1318/10 1206/10 1205/10
f 1319/69 1320/69 1321/69
f 1322/110 1318/110 1205/110
f 1319/111 1321/111 1323/111
f 1319/21 1322/21 1205/21
f 1319/14 1323/14 1322/14
f 1207/22 1206/22 1324/22
f 1324/22 1325/22 1207/22
f 1326/32 1103/32 1209/32
f 1327/22 1213/22 1103/22
f 1326/22 1328/22 1329/22
f 1329/22 1327/22 1103/22
f 1326/22 1329/22 1103/22
f 1210/22 1212/22 1330/22
f 1331/32 1332/32 1333/32
f 1210/32 1330/32 1334/32
f 1332/22 1334/22 1333/22
f 1332/22 1210/22 1334/22
f 1335/22 1220/22 1107/22
f 1107/22 1218/22 1335/22
f 1220/32 1336/32 1221/32
f 1113/22 1225/22 1337/22
f 1220/22 1338/22 1336/22
f 1228/22 1113/22 1337/22
f 1220/22 1339/22 1338/22
f 1228/32 1337/32 1338/32
f 1339/22 1228/22 1338/22
f 1229/22 1228/22 1340/22
f 1340/22 1341/22 1229/22
f 1342/22 1232/22 1120/22
f 1120/22 1231/22 1342/22
f 1343/9 1233/9 1232/9
f 1234/9 1236/9 1344/9
f 1343/9 1344/9 1233/9
f 1343/18 1234/18 1344/18
f 1123/18 1234/18 1345/18
f 1345/18 1237/18 1123/18
f 1124/18 1237/18 1346/18
f 1346/18 1238/18 1124/18
f 1125/18 1238/18 1347/18
f 1347/18 1239/18 1125/18
f 1126/32 1239/32 1348/32
f 1348/32 1240/32 1126/32
f 1127/89 1240/89 1349/89
f 1349/90 1241/90 1127/90
f 1128/112 1241/112 1350/112
f 1350/113 1242/113 1128/113
f 1242/100 1244/100 1129/100
f 1351/7 1352/7 1244/7
f 1353/100 1354/100 1351/100
f 1355/106 1356/106 1353/106
f 1357/7 1358/7 1355/7
f 1359/106 1360/106 1361/106
f 1361/7 1357/7 1355/7
f 1355/100 1353/100 1351/100
f 1242/100 1351/100 1244/100
f 1242/106 1362/106 1363/106
f 1364/106 1359/106 1361/106
f 1242/100 1363/100 1364/100
f 1242/100 1355/100 1351/100
f 1364/7 1361/7 1355/7
f 1242/100 1364/100 1355/100
f 1248/22 1247/22 1365/22
f 1365/22 1366/22 1248/22
f 1131/22 1243/22 1367/22
f 1367/22 1253/22 1131/22
f 1254/16 1253/16 1368/16
f 1307/16 1369/16 1370/16
f 1371/16 1254/16 1368/16
f 1369/16 1372/16 1370/16
f 1371/27 1368/27 1370/27
f 1372/16 1371/16 1370/16
f 1259/59 1373/59 1255/59
f 1255/59 1138/59 1259/59
f 1255/9 1373/9 1256/9
f 1256/9 1135/9 1255/9
f 1256/9 1374/9 1257/9
f 1257/9 1136/9 1256/9
f 1375/9 1258/9 1137/9
f 1137/9 1257/9 1375/9
f 1376/18 1298/18 1180/18
f 1180/18 1258/18 1376/18
f 1259/9 1179/9 1295/9
f 1295/9 1377/9 1259/9
f 1181/109 1299/109 1378/109
f 1378/109 1260/109 1181/109
f 1139/87 1260/87 1379/87
f 1379/94 1261/94 1139/94
f 1140/16 1261/16 1380/16
f 1380/16 1262/16 1140/16
f 1141/9 1262/9 1381/9
f 1381/9 1263/9 1141/9
f 1142/9 1263/9 1382/9
f 1382/9 1264/9 1142/9
f 1143/9 1264/9 1383/9
f 1383/9 1265/9 1143/9
f 1384/18 1267/18 1265/18
f 1269/9 1268/9 1385/9
f 1384/9 1385/9 1267/9
f 1384/18 1269/18 1385/18
f 1148/59 1269/59 1386/59
f 1386/59 1270/59 1148/59
f 1387/59 1388/59 1272/59
f 1272/59 1271/59 1387/59
f 1276/59 1155/59 1272/59
f 1272/59 1389/59 1276/59
f 1279/59 1390/59 1391/59
f 1392/59 1393/59 1391/59
f 1393/59 1280/59 1279/59
f 1393/59 1279/59 1391/59
f 1281/64 1280/64 1394/64
f 1288/59 1287/59 1395/59
f 1396/59 1397/59 1398/59
f 1288/59 1395/59 1399/59
f 1397/59 1400/59 1398/59
f 1288/59 1399/59 1400/59
f 1397/64 1288/64 1400/64
f 1401/59 1402/59 1292/59
f 1292/59 1291/59 1401/59
f 1403/59 1404/59 1293/59
f 1177/59 1292/59 1293/59
f 1292/59 1405/59 1406/59
f 1407/59 1403/59 1293/59
f 1292/59 1406/59 1408/59
f 1409/59 1407/59 1293/59
f 1292/59 1408/59 1410/59
f 1410/59 1409/59 1293/59
f 1292/59 1410/59 1293/59
f 1296/59 1178/59 1293/59
f 1293/59 1411/59 1296/59
f 1412/73 1413/73 1414/73
f 1295/76 1294/76 1415/76
f 1412/114 1415/114 1413/114
f 1412/60 1295/60 1415/60
f 1300/9 1182/9 1298/9
f 1298/9 1416/9 1300/9
f 1184/106 1417/106 1299/106
f 1418/100 1419/100 1420/100
f 1184/100 1420/100 1417/100
f 1184/100 1303/100 1421/100
f 1422/100 1423/100 1424/100
f 1184/100 1421/100 1425/100
f 1422/100 1424/100 1426/100
f 1184/100 1425/100 1422/100
f 1427/100 1418/100 1420/100
f 1184/100 1422/100 1426/100
f 1184/100 1427/100 1420/100
f 1428/106 1429/106 1430/106
f 1184/100 1430/100 1427/100
f 1184/100 1426/100 1431/100
f 1431/100 1432/100 1433/100
f 1434/106 1428/106 1430/106
f 1431/100 1433/100 1435/100
f 1435/7 1434/7 1430/7
f 1184/100 1431/100 1430/100
f 1431/7 1435/7 1430/7
f 1301/9 1183/9 1300/9
f 1300/9 1436/9 1301/9
f 1316/9 1203/9 1301/9
f 1301/9 1437/9 1316/9
f 1438/16 1439/16 1303/16
f 1303/16 1302/16 1438/16
f 1189/27 1306/27 1369/27
f 1369/27 1307/27 1189/27
f 1440/16 1441/16 1442/16
f 1314/16 1313/16 1442/16
f 1443/16 1312/16 1311/16
f 1313/16 1444/16 1442/16
f 1443/16 1311/16 1445/16
f 1444/7 1443/7 1442/7
f 1370/16 1440/16 1442/16
f 1308/27 1307/27 1370/27
f 1310/16 1309/16 1446/16
f 1447/27 1308/27 1370/27
f 1448/16 1310/16 1446/16
f 1446/16 1447/16 1370/16
f 1443/27 1370/27 1442/27
f 1443/7 1445/7 1448/7
f 1448/16 1446/16 1370/16
f 1443/16 1448/16 1370/16
f 1204/22 1315/22 1449/22
f 1449/22 1317/22 1204/22
f 1449/18 1315/18 1316/18
f 1316/18 1450/18 1449/18
f 1451/9 1319/9 1205/9
f 1205/9 1317/9 1451/9
f 1452/115 1320/115 1319/115
f 1453/29 1454/29 1320/29
f 1452/21 1455/21 1453/21
f 1452/116 1453/116 1320/116
f 1320/22 1456/22 1457/22
f 1457/22 1321/22 1320/22
f 1458/22 1324/22 1206/22
f 1206/22 1318/22 1458/22
f 1324/22 1459/22 1325/22
f 1460/22 1461/22 1459/22
f 1324/22 1462/22 1463/22
f 1464/22 1460/22 1459/22
f 1324/22 1463/22 1465/22
f 1466/22 1464/22 1459/22
f 1324/22 1465/22 1467/22
f 1324/22 1466/22 1459/22
f 1324/32 1467/32 1466/32
f 1468/22 1328/22 1326/22
f 1468/22 1469/22 1470/22
f 1468/22 1471/22 1328/22
f 1468/22 1470/22 1472/22
f 1468/22 1472/22 1471/22
f 1332/22 1331/22 1473/22
f 1474/22 1475/22 1476/22
f 1332/22 1473/22 1477/22
f 1475/22 1478/22 1476/22
f 1332/22 1477/22 1478/22
f 1475/32 1332/32 1478/32
f 1335/22 1479/22 1480/22
f 1481/22 1339/22 1480/22
f 1339/22 1220/22 1335/22
f 1339/22 1335/22 1480/22
f 1339/22 1482/22 1340/22
f 1340/22 1228/22 1339/22
f 1341/22 1340/22 1483/22
f 1483/22 1484/22 1341/22
f 1485/9 1486/9 1487/9
f 1232/9 1342/9 1486/9
f 1485/9 1343/9 1232/9
f 1485/9 1232/9 1486/9
f 1234/9 1343/9 1488/9
f 1488/9 1345/9 1234/9
f 1237/9 1345/9 1489/9
f 1489/9 1346/9 1237/9
f 1238/9 1346/9 1490/9
f 1490/9 1347/9 1238/9
f 1239/22 1347/22 1491/22
f 1491/22 1348/22 1239/22
f 1240/89 1348/89 1492/89
f 1492/90 1349/90 1240/90
f 1241/105 1349/105 1493/105
f 1493/117 1350/117 1241/117
f 1350/100 1362/100 1242/100
f 1494/7 1495/7 1362/7
f 1496/100 1497/100 1494/100
f 1498/100 1499/100 1496/100
f 1500/7 1501/7 1498/7
f 1502/106 1503/106 1504/106
f 1504/7 1500/7 1498/7
f 1498/106 1496/106 1494/106
f 1350/100 1494/100 1362/100
f 1350/100 1505/100 1506/100
f 1507/106 1502/106 1504/106
f 1350/100 1506/100 1507/100
f 1350/100 1498/100 1494/100
f 1507/7 1504/7 1498/7
f 1350/100 1507/100 1498/100
f 1360/22 1359/22 1508/22
f 1508/22 1509/22 1360/22
f 1353/32 1356/32 1510/32
f 1510/32 1511/32 1353/32
f 1354/100 1353/100 1512/100
f 1513/22 1511/22 1514/22
f 1253/22 1367/22 1368/22
f 1515/22 1513/22 1514/22
f 1367/22 1516/22 1368/22
f 1515/22 1514/22 1368/22
f 1517/7 1518/7 1515/7
f 1366/22 1365/22 1519/22
f 1519/7 1517/7 1515/7
f 1516/22 1520/22 1368/22
f 1519/32 1515/32 1368/32
f 1521/22 1366/22 1519/22
f 1520/7 1522/7 1521/7
f 1520/22 1519/22 1368/22
f 1520/7 1521/7 1519/7
f 1370/16 1368/16 1523/16
f 1523/16 1524/16 1370/16
f 1377/59 1525/59 1373/59
f 1373/59 1259/59 1377/59
f 1373/9 1525/9 1374/9
f 1374/9 1256/9 1373/9
f 1526/9 1375/9 1257/9
f 1257/9 1374/9 1526/9
f 1527/9 1376/9 1258/9
f 1258/9 1375/9 1527/9
f 1528/9 1416/9 1298/9
f 1298/9 1376/9 1528/9
f 1529/9 1377/9 1295/9
f 1295/9 1412/9 1529/9
f 1378/100 1530/100 1531/100
f 1532/100 1533/100 1534/100
f 1378/100 1535/100 1530/100
f 1536/100 1532/100 1534/100
f 1378/100 1534/100 1535/100
f 1378/106 1299/106 1417/106
f 1537/100 1538/100 1539/100
f 1378/100 1417/100 1537/100
f 1378/100 1536/100 1534/100
f 1540/100 1541/100 1542/100
f 1378/100 1542/100 1536/100
f 1537/100 1539/100 1543/100
f 1544/100 1540/100 1542/100
f 1378/100 1537/100 1543/100
f 1378/106 1544/106 1542/106
f 1545/106 1546/106 1547/106
f 1378/100 1547/100 1544/100
f 1378/100 1543/100 1548/100
f 1548/106 1545/106 1547/106
f 1378/100 1548/100 1547/100
f 1260/101 1378/101 1549/101
f 1549/101 1379/101 1260/101
f 1261/83 1379/83 1550/83
f 1550/87 1380/87 1261/87
f 1262/16 1380/16 1551/16
f 1551/16 1381/16 1262/16
f 1263/18 1381/18 1552/18
f 1552/9 1382/9 1263/9
f 1264/9 1382/9 1553/9
f 1553/18 1383/18 1264/18
f 1265/9 1383/9 1554/9
f 1554/9 1384/9 1265/9
f 1386/9 1269/9 1384/9
f 1555/9 1388/9 1384/9
f 1388/9 1387/9 1556/9
f 1557/18 1386/18 1384/18
f 1388/9 1556/9 1384/9
f 1556/9 1557/9 1384/9
f 1389/59 1272/59 1388/59
f 1388/59 1558/59 1389/59
f 1559/59 1560/59 1393/59
f 1393/59 1392/59 1559/59
f 1280/59 1561/59 1394/59
f 1397/59 1396/59 1562/59
f 1280/64 1393/64 1561/64
f 1397/59 1562/59 1563/59
f 1393/64 1563/64 1561/64
f 1393/59 1564/59 1565/59
f 1565/59 1566/59 1397/59
f 1393/59 1397/59 1563/59
f 1393/59 1565/59 1397/59
f 1567/59 1568/59 1402/59
f 1402/59 1401/59 1567/59
f 1292/59 1569/59 1405/59
f 1402/59 1570/59 1571/59
f 1292/59 1572/59 1569/59
f 1402/59 1571/59 1572/59
f 1292/59 1402/59 1572/59
f 1293/59 1573/59 1411/59
f 1574/59 1575/59 1573/59
f 1293/59 1404/59 1574/59
f 1293/64 1574/64 1573/64
f 1576/56 1577/56 1578/56
f 1414/61 1579/61 1577/61
f 1576/52 1412/52 1414/52
f 1576/118 1414/118 1577/118
f 1580/59 1581/59 1414/59
f 1414/59 1413/59 1580/59
f 1436/9 1300/9 1416/9
f 1416/9 1582/9 1436/9
f 1421/16 1303/16 1439/16
f 1439/16 1583/16 1421/16
f 1424/27 1423/27 1584/27
f 1584/27 1585/27 1424/27
f 1433/16 1432/16 1586/16
f 1586/16 1587/16 1433/16
f 1429/27 1428/27 1588/27
f 1588/27 1589/27 1429/27
f 1419/16 1418/16 1590/16
f 1590/16 1591/16 1419/16
f 1437/9 1301/9 1436/9
f 1436/9 1592/9 1437/9
f 1450/9 1316/9 1437/9
f 1437/9 1593/9 1450/9
f 1441/16 1440/16 1594/16
f 1439/16 1438/16 1594/16
f 1595/27 1441/27 1594/27
f 1438/16 1595/16 1594/16
f 1440/16 1370/16 1524/16
f 1524/16 1596/16 1440/16
f 1317/22 1449/22 1597/22
f 1597/22 1451/22 1317/22
f 1597/18 1449/18 1450/18
f 1450/18 1598/18 1597/18
f 1599/9 1452/9 1319/9
f 1319/18 1451/18 1599/18
f 1600/41 1455/41 1452/41
f 1601/119 1602/119 1603/119
f 1600/21 1603/21 1455/21
f 1600/120 1601/120 1603/120
f 1604/22 1456/22 1320/22
f 1320/22 1454/22 1604/22
f 1456/22 1605/22 1606/22
f 1606/22 1457/22 1456/22
f 1607/22 1324/22 1458/22
f 1608/22 1462/22 1324/22
f 1607/32 1609/32 1608/32
f 1607/22 1608/22 1324/22
f 1459/22 1461/22 1610/22
f 1611/22 1612/22 1613/22
f 1459/22 1610/22 1614/22
f 1612/22 1614/22 1613/22
f 1612/22 1459/22 1614/22
f 1615/22 1469/22 1468/22
f 1616/22 1617/22 1618/22
f 1615/32 1619/32 1469/32
f 1616/22 1618/22 1620/22
f 1615/22 1621/22 1619/22
f 1615/32 1616/32 1620/32
f 1615/22 1620/22 1621/22
f 1616/22 1622/22 1623/22
f 1475/22 1474/22 1624/22
f 1616/32 1625/32 1622/32
f 1475/22 1624/22 1626/22
f 1625/32 1626/32 1622/32
f 1625/22 1627/22 1628/22
f 1628/22 1629/22 1475/22
f 1625/22 1475/22 1626/22
f 1625/22 1628/22 1475/22
f 1630/32 1482/32 1339/32
f 1339/32 1481/32 1630/32
f 1482/32 1631/32 1483/32
f 1483/32 1340/32 1482/32
f 1485/9 1483/9 1632/9
f 1633/18 1484/18 1483/18
f 1485/9 1487/9 1633/9
f 1485/9 1633/9 1483/9
f 1343/9 1485/9 1634/9
f 1634/9 1488/9 1343/9
f 1345/9 1488/9 1635/9
f 1635/9 1489/9 1345/9
f 1346/18 1489/18 1636/18
f 1636/18 1490/18 1346/18
f 1347/22 1490/22 1637/22
f 1637/22 1491/22 1347/22
f 1348/104 1491/104 1638/104
f 1638/104 1492/104 1348/104
f 1349/105 1492/105 1639/105
f 1639/99 1493/99 1349/99
f 1493/100 1505/100 1350/100
f 1640/7 1641/7 1505/7
f 1642/100 1643/100 1640/100
f 1644/7 1645/7 1646/7
f 1646/100 1642/100 1640/100
f 1493/106 1640/106 1505/106
f 1493/100 1647/100 1648/100
f 1649/100 1650/100 1651/100
f 1493/100 1648/100 1649/100
f 1493/100 1646/100 1640/100
f 1652/7 1644/7 1646/7
f 1649/100 1651/100 1652/100
f 1493/100 1649/100 1646/100
f 1649/7 1652/7 1646/7
f 1503/22 1502/22 1653/22
f 1653/22 1654/22 1503/22
f 1496/22 1499/22 1655/22
f 1655/22 1656/22 1496/22
f 1497/100 1496/100 1657/100
f 1658/22 1656/22 1659/22
f 1511/32 1510/32 1514/32
f 1660/22 1658/22 1659/22
f 1510/22 1661/22 1514/22
f 1660/22 1659/22 1514/22
f 1662/7 1663/7 1660/7
f 1509/22 1508/22 1664/22
f 1664/7 1662/7 1660/7
f 1661/22 1665/22 1514/22
f 1664/32 1660/32 1514/32
f 1666/22 1509/22 1664/22
f 1665/7 1667/7 1666/7
f 1665/22 1664/22 1514/22
f 1665/7 1666/7 1664/7
f 1512/22 1353/22 1511/22
f 1511/22 1513/22 1512/22
f 1368/22 1514/22 1668/22
f 1668/22 1523/22 1368/22
f 1669/121 1670/121 1524/121
f 1524/122 1523/122 1669/122
f 1377/59 1529/59 1671/59
f 1671/59 1525/59 1377/59
f 1671/9 1526/9 1374/9
f 1374/9 1525/9 1671/9
f 1672/9 1527/9 1375/9
f 1375/9 1526/9 1672/9
f 1673/9 1528/9 1376/9
f 1376/9 1527/9 1673/9
f 1674/9 1582/9 1416/9
f 1416/9 1528/9 1674/9
f 1675/9 1529/9 1412/9
f 1412/9 1576/9 1675/9
f 1549/100 1676/100 1677/100
f 1531/100 1678/100 1679/100
f 1549/100 1679/100 1676/100
f 1378/100 1531/100 1679/100
f 1549/106 1378/106 1679/106
f 1680/16 1681/16 1539/16
f 1539/16 1538/16 1680/16
f 1682/27 1683/27 1546/27
f 1546/27 1545/27 1682/27
f 1684/16 1685/16 1541/16
f 1541/16 1540/16 1684/16
f 1686/27 1687/27 1533/27
f 1533/27 1532/27 1686/27
f 1688/16 1689/16 1531/16
f 1531/16 1530/16 1688/16
f 1379/92 1549/92 1690/92
f 1690/95 1550/95 1379/95
f 1380/84 1550/84 1691/84
f 1691/83 1551/83 1380/83
f 1381/64 1551/64 1692/64
f 1692/64 1552/64 1381/64
f 1382/18 1552/18 1693/18
f 1693/9 1553/9 1382/9
f 1383/18 1553/18 1694/18
f 1694/9 1554/9 1383/9
f 1384/9 1554/9 1695/9
f 1695/9 1555/9 1384/9
f 1696/9 1388/9 1555/9
f 1697/9 1558/9 1388/9
f 1696/18 1698/18 1697/18
f 1696/9 1697/9 1388/9
f 1699/59 1700/59 1560/59
f 1560/59 1559/59 1699/59
f 1564/64 1393/64 1560/64
f 1560/64 1701/64 1564/64
f 1567/59 1702/59 1703/59
f 1704/59 1705/59 1703/59
f 1705/59 1568/59 1567/59
f 1705/59 1567/59 1703/59
f 1402/59 1706/59 1570/59
f 1568/59 1707/59 1708/59
f 1402/59 1709/59 1706/59
f 1568/64 1708/64 1710/64
f 1402/64 1710/64 1709/64
f 1402/59 1568/59 1710/59
f 1573/59 1575/59 1711/59
f 1712/59 1713/59 1714/59
f 1573/59 1711/59 1715/59
f 1713/59 1715/59 1714/59
f 1713/59 1573/59 1715/59
f 1716/123 1717/123 1718/123
f 1576/67 1578/67 1719/67
f 1716/124 1719/124 1717/124
f 1716/67 1576/67 1719/67
f 1579/59 1414/59 1581/59
f 1581/59 1720/59 1579/59
f 1581/59 1721/59 1722/59
f 1723/59 1724/59 1725/59
f 1581/59 1725/59 1721/59
f 1581/59 1580/59 1723/59
f 1581/59 1723/59 1725/59
f 1592/9 1436/9 1582/9
f 1582/9 1726/9 1592/9
f 1727/16 1728/16 1729/16
f 1591/16 1590/16 1729/16
f 1730/16 1589/16 1588/16
f 1590/16 1731/16 1729/16
f 1730/16 1588/16 1732/16
f 1731/7 1730/7 1729/7
f 1594/16 1727/16 1729/16
f 1583/16 1439/16 1594/16
f 1585/16 1584/16 1733/16
f 1734/16 1583/16 1594/16
f 1735/16 1585/16 1733/16
f 1733/27 1734/27 1594/27
f 1730/27 1594/27 1729/27
f 1730/7 1732/7 1736/7
f 1736/16 1587/16 1586/16
f 1737/7 1735/7 1733/7
f 1736/16 1586/16 1737/16
f 1730/16 1736/16 1594/16
f 1737/16 1733/16 1594/16
f 1736/16 1737/16 1594/16
f 1593/9 1437/9 1592/9
f 1592/9 1738/9 1593/9
f 1598/9 1450/9 1593/9
f 1593/9 1739/9 1598/9
f 1594/16 1440/16 1596/16
f 1596/16 1740/16 1594/16
f 1670/125 1741/125 1596/125
f 1596/125 1524/125 1670/125
f 1451/22 1597/22 1742/22
f 1742/22 1599/22 1451/22
f 1742/9 1597/9 1598/9
f 1598/9 1743/9 1742/9
f 1744/9 1600/9 1452/9
f 1452/18 1599/18 1744/18
f 1745/30 1601/30 1600/30
f 1746/30 1747/30 1748/30
f 1749/126 1745/126 1600/126
f 1746/127 1748/127 1750/127
f 1746/70 1749/70 1600/70
f 1746/14 1750/14 1749/14
f 1602/22 1601/22 1751/22
f 1751/22 1752/22 1602/22
f 1753/22 1456/22 1604/22
f 1754/32 1605/32 1456/32
f 1753/22 1755/22 1756/22
f 1757/32 1754/32 1456/32
f 1753/22 1756/22 1758/22
f 1759/22 1757/22 1456/22
f 1753/22 1758/22 1760/22
f 1761/22 1759/22 1456/22
f 1753/22 1760/22 1456/22
f 1762/22 1761/22 1456/22
f 1760/22 1762/22 1456/22
f 1605/22 1763/22 1764/22
f 1764/22 1606/22 1605/22
f 1765/22 1609/22 1607/22
f 1765/22 1766/22 1767/22
f 1765/22 1768/22 1609/22
f 1765/32 1767/32 1769/32
f 1765/22 1769/22 1768/22
f 1612/22 1611/22 1770/22
f 1771/22 1772/22 1773/22
f 1612/22 1770/22 1774/22
f 1772/22 1775/22 1773/22
f 1612/22 1774/22 1775/22
f 1772/32 1612/32 1775/32
f 1615/22 1776/22 1777/22
f 1778/22 1625/22 1777/22
f 1625/22 1616/22 1615/22
f 1625/22 1615/22 1777/22
f 1617/32 1616/32 1623/32
f 1627/32 1625/32 1779/32
f 1779/32 1780/32 1627/32
f 1781/22 1631/22 1482/22
f 1482/22 1630/22 1781/22
f 1632/9 1483/9 1631/9
f 1631/9 1782/9 1632/9
f 1632/9 1783/9 1634/9
f 1634/9 1485/9 1632/9
f 1488/9 1634/9 1784/9
f 1784/9 1635/9 1488/9
f 1489/18 1635/18 1785/18
f 1785/18 1636/18 1489/18
f 1490/22 1636/22 1786/22
f 1786/22 1637/22 1490/22
f 1491/104 1637/104 1787/104
f 1787/104 1638/104 1491/104
f 1492/117 1638/117 1788/117
f 1788/117 1639/117 1492/117
f 1639/100 1647/100 1493/100
f 1789/7 1790/7 1647/7
f 1791/100 1792/100 1789/100
f 1793/7 1794/7 1795/7
f 1795/100 1791/100 1789/100
f 1639/100 1789/100 1647/100
f 1639/100 1796/100 1797/100
f 1798/100 1799/100 1800/100
f 1639/100 1797/100 1798/100
f 1639/100 1795/100 1789/100
f 1801/7 1793/7 1795/7
f 1798/100 1800/100 1801/100
f 1639/100 1798/100 1795/100
f 1798/7 1801/7 1795/7
f 1651/22 1650/22 1802/22
f 1802/22 1803/22 1651/22
f 1643/22 1642/22 1804/22
f 1804/22 1805/22 1643/22
f 1806/22 1807/22 1659/22
f 1656/22 1655/22 1659/22
f 1808/7 1809/7 1810/7
f 1655/22 1808/22 1659/22
f 1811/22 1806/22 1659/22
f 1654/22 1653/22 1812/22
f 1812/22 1811/22 1659/22
f 1808/22 1810/22 1659/22
f 1813/22 1654/22 1812/22
f 1810/22 1813/22 1659/22
f 1813/22 1812/22 1659/22
f 1657/22 1496/22 1656/22
f 1656/22 1658/22 1657/22
f 1514/22 1659/22 1814/22
f 1814/22 1668/22 1514/22
f 1815/128 1669/128 1523/128
f 1523/129 1668/129 1815/129
f 1670/27 1669/27 1816/27
f 1816/27 1817/27 1670/27
f 1529/59 1675/59 1818/59
f 1818/59 1671/59 1529/59
f 1818/9 1672/9 1526/9
f 1526/9 1671/9 1818/9
f 1819/9 1673/9 1527/9
f 1527/9 1672/9 1819/9
f 1820/9 1674/9 1528/9
f 1528/9 1673/9 1820/9
f 1821/9 1726/9 1582/9
f 1582/9 1674/9 1821/9
f 1822/9 1675/9 1576/9
f 1576/9 1716/9 1822/9
f 1690/100 1823/100 1824/100
f 1825/100 1826/100 1823/100
f 1827/100 1828/100 1825/100
f 1829/100 1830/100 1831/100
f 1827/100 1825/100 1823/100
f 1832/100 1829/100 1831/100
f 1831/7 1827/7 1823/7
f 1690/100 1549/100 1823/100
f 1549/100 1677/100 1833/100
f 1833/100 1834/100 1835/100
f 1836/100 1837/100 1838/100
f 1549/106 1833/106 1835/106
f 1836/100 1838/100 1839/100
f 1549/100 1835/100 1836/100
f 1549/100 1831/100 1823/100
f 1839/7 1832/7 1831/7
f 1549/100 1836/100 1839/100
f 1549/100 1839/100 1831/100
f 1678/16 1531/16 1689/16
f 1689/16 1840/16 1678/16
f 1681/16 1680/16 1841/16
f 1728/16 1727/16 1841/16
f 1842/16 1689/16 1688/16
f 1727/16 1842/16 1841/16
f 1843/16 1681/16 1841/16
f 1683/16 1682/16 1844/16
f 1844/7 1843/7 1841/7
f 1842/16 1688/16 1845/16
f 1842/16 1844/16 1841/16
f 1846/16 1683/16 1844/16
f 1685/16 1684/16 1847/16
f 1847/7 1846/7 1844/7
f 1842/27 1845/27 1848/27
f 1842/16 1847/16 1844/16
f 1849/16 1685/16 1847/16
f 1687/16 1686/16 1850/16
f 1850/7 1849/7 1847/7
f 1842/16 1848/16 1847/16
f 1848/16 1687/16 1850/16
f 1848/7 1850/7 1847/7
f 1550/92 1690/92 1851/92
f 1851/91 1691/91 1550/91
f 1551/130 1691/130 1852/130
f 1852/131 1692/131 1551/131
f 1552/64 1692/64 1853/64
f 1853/64 1693/64 1552/64
f 1553/9 1693/9 1854/9
f 1854/9 1694/9 1553/9
f 1554/18 1694/18 1855/18
f 1855/9 1695/9 1554/9
f 1555/9 1695/9 1856/9
f 1856/9 1696/9 1555/9
f 1857/9 1698/9 1696/9
f 1700/18 1699/18 1858/18
f 1857/18 1858/18 1698/18
f 1857/9 1700/9 1858/9
f 1701/59 1560/59 1700/59
f 1700/59 1859/59 1701/59
f 1860/64 1861/64 1705/64
f 1705/64 1704/64 1860/64
f 1568/64 1862/64 1707/64
f 1863/59 1864/59 1865/59
f 1568/59 1866/59 1862/59
f 1867/59 1863/59 1865/59
f 1568/59 1705/59 1866/59
f 1867/64 1865/64 1866/64
f 1705/59 1867/59 1866/59
f 1713/59 1712/59 1868/59
f 1869/59 1863/59 1870/59
f 1713/59 1868/59 1871/59
f 1863/59 1871/59 1870/59
f 1863/59 1872/59 1713/59
f 1863/59 1713/59 1871/59
f 1873/132 1716/132 1718/132
f 1718/123 1874/123 1873/123
f 1875/64 1876/64 1718/64
f 1718/64 1717/64 1875/64
f 1720/59 1877/59 1878/59
f 1581/59 1722/59 1879/59
f 1720/59 1880/59 1877/59
f 1581/59 1879/59 1881/59
f 1720/64 1882/64 1880/64
f 1581/59 1881/59 1883/59
f 1720/59 1883/59 1882/59
f 1720/59 1581/59 1883/59
f 1884/64 1885/64 1886/64
f 1724/59 1723/59 1887/59
f 1884/64 1886/64 1888/64
f 1723/59 1888/59 1887/59
f 1723/64 1884/64 1888/64
f 1738/9 1592/9 1726/9
f 1726/9 1889/9 1738/9
f 1727/16 1594/16 1740/16
f 1740/16 1890/16 1727/16
f 1739/9 1593/9 1738/9
f 1738/9 1891/9 1739/9
f 1743/18 1598/18 1739/18
f 1739/18 1892/18 1743/18
f 1741/133 1893/133 1740/133
f 1740/133 1596/133 1741/133
f 1741/16 1670/16 1817/16
f 1817/16 1894/16 1741/16
f 1599/22 1742/22 1895/22
f 1895/22 1744/22 1599/22
f 1895/9 1742/9 1743/9
f 1743/9 1896/9 1895/9
f 1897/9 1746/9 1600/9
f 1600/18 1744/18 1897/18
f 1898/134 1899/134 1747/134
f 1747/135 1746/135 1898/135
f 1747/22 1900/22 1901/22
f 1901/22 1748/22 1747/22
f 1902/22 1751/22 1601/22
f 1601/22 1745/22 1902/22
f 1751/22 1903/22 1752/22
f 1904/22 1905/22 1903/22
f 1751/22 1906/22 1907/22
f 1908/22 1904/22 1903/22
f 1751/22 1907/22 1909/22
f 1909/22 1908/22 1903/22
f 1751/22 1909/22 1903/22
f 1910/22 1755/22 1753/22
f 1910/22 1911/22 1912/22
f 1910/22 1913/22 1755/22
f 1910/22 1912/22 1914/22
f 1910/22 1914/22 1913/22
f 1605/22 1754/22 1915/22
f 1916/22 1763/22 1917/22
f 1605/22 1915/22 1918/22
f 1763/22 1918/22 1917/22
f 1763/22 1605/22 1918/22
f 1763/22 1919/22 1920/22
f 1920/22 1764/22 1763/22
f 1921/22 1766/22 1765/22
f 1922/32 1923/32 1924/32
f 1921/22 1925/22 1766/22
f 1922/22 1924/22 1926/22
f 1921/22 1926/22 1925/22
f 1921/22 1922/22 1926/22
f 1922/22 1927/22 1928/22
f 1772/22 1771/22 1929/22
f 1922/22 1930/22 1927/22
f 1772/22 1929/22 1931/22
f 1930/22 1931/22 1927/22
f 1930/22 1932/22 1933/22
f 1933/22 1934/22 1772/22
f 1930/22 1772/22 1931/22
f 1930/22 1933/22 1772/22
f 1935/22 1779/22 1625/22
f 1625/22 1778/22 1935/22
f 1780/22 1779/22 1936/22
f 1936/22 1937/22 1780/22
f 1782/9 1938/9 1939/9
f 1631/9 1781/9 1940/9
f 1782/9 1940/9 1938/9
f 1782/9 1631/9 1940/9
f 1782/9 1941/9 1783/9
f 1783/9 1632/9 1782/9
f 1783/9 1942/9 1784/9
f 1784/9 1634/9 1783/9
f 1635/18 1784/18 1943/18
f 1943/18 1785/18 1635/18
f 1636/22 1785/22 1944/22
f 1944/22 1786/22 1636/22
f 1637/136 1786/136 1945/136
f 1945/136 1787/136 1637/136
f 1638/137 1787/137 1946/137
f 1946/137 1788/137 1638/137
f 1788/100 1796/100 1639/100
f 1947/7 1948/7 1796/7
f 1949/100 1950/100 1947/100
f 1951/7 1952/7 1953/7
f 1953/100 1949/100 1947/100
f 1788/100 1947/100 1796/100
f 1788/106 1954/106 1951/106
f 1951/7 1953/7 1947/7
f 1788/100 1951/100 1947/100
f 1800/22 1799/22 1955/22
f 1955/22 1956/22 1800/22
f 1792/22 1791/22 1957/22
f 1957/22 1958/22 1792/22
f 1806/7 1959/7 1960/7
f 1805/22 1804/22 1960/22
f 1961/7 1962/7 1963/7
f 1804/22 1961/22 1960/22
f 1807/22 1806/22 1960/22
f 1964/22 1965/22 1807/22
f 1966/7 1967/7 1964/7
f 1803/32 1802/32 1966/32
f 1961/7 1963/7 1968/7
f 1968/32 1803/32 1966/32
f 1966/22 1964/22 1807/22
f 1961/22 1807/22 1960/22
f 1961/7 1968/7 1966/7
f 1961/22 1966/22 1807/22
f 1659/22 1807/22 1969/22
f 1969/22 1814/22 1659/22
f 1970/138 1815/138 1668/138
f 1668/139 1814/139 1970/139
f 1669/22 1815/22 1971/22
f 1971/22 1816/22 1669/22
f 1817/16 1816/16 1972/16
f 1972/16 1973/16 1817/16
f 1675/59 1822/59 1974/59
f 1974/59 1818/59 1675/59
f 1974/9 1819/9 1672/9
f 1672/9 1818/9 1974/9
f 1975/9 1820/9 1673/9
f 1673/9 1819/9 1975/9
f 1976/9 1821/9 1674/9
f 1674/9 1820/9 1976/9
f 1977/9 1889/9 1726/9
f 1726/9 1821/9 1977/9
f 1978/9 1822/9 1716/9
f 1716/18 1873/18 1978/18
f 1851/100 1979/100 1980/100
f 1690/100 1824/100 1981/100
f 1851/100 1981/100 1979/100
f 1851/100 1690/100 1981/100
f 1982/27 1983/27 1834/27
f 1834/27 1833/27 1982/27
f 1984/27 1985/27 1838/27
f 1838/27 1837/27 1984/27
f 1986/27 1987/27 1830/27
f 1830/27 1829/27 1986/27
f 1988/16 1989/16 1825/16
f 1825/16 1828/16 1988/16
f 1826/100 1825/100 1990/100
f 1689/16 1991/16 1840/16
f 1992/27 1993/27 1991/27
f 1689/16 1842/16 1991/16
f 1842/16 1992/16 1991/16
f 1727/16 1890/16 1994/16
f 1994/16 1842/16 1727/16
f 1691/140 1851/140 1995/140
f 1995/141 1852/141 1691/141
f 1692/130 1852/130 1996/130
f 1996/131 1853/131 1692/131
f 1693/59 1853/59 1997/59
f 1997/59 1854/59 1693/59
f 1694/18 1854/18 1998/18
f 1998/9 1855/9 1694/9
f 1695/9 1855/9 1999/9
f 1999/9 1856/9 1695/9
f 1696/9 1856/9 2000/9
f 2000/9 1857/9 1696/9
f 2001/9 1700/9 1857/9
f 2002/9 1859/9 1700/9
f 2001/9 2003/9 2002/9
f 2001/9 2002/9 1700/9
f 2004/59 2005/59 1861/59
f 1861/59 1860/59 2004/59
f 1705/59 1861/59 2006/59
f 2006/59 1867/59 1705/59
f 1863/59 2007/59 1872/59
f 1867/59 2008/59 2009/59
f 1863/59 2009/59 2007/59
f 1863/59 1867/59 2009/59
f 1864/59 1863/59 1869/59
f 1869/22 2010/22 1864/22
f 2011/67 2012/67 2013/67
f 1874/66 2014/66 2012/66
f 2011/57 1873/57 2012/57
f 1873/142 1874/142 2012/142
f 1874/59 1718/59 1876/59
f 1876/59 2015/59 1874/59
f 2016/64 2017/64 1876/64
f 1876/64 1875/64 2016/64
f 1878/59 2018/59 2019/59
f 1878/59 1877/59 2020/59
f 1878/59 2021/59 2018/59
f 1878/59 2020/59 2022/59
f 1878/59 2022/59 2021/59
f 2023/59 2024/59 2025/59
f 1885/59 1884/59 2026/59
f 2023/59 2025/59 2027/59
f 1884/59 2028/59 2026/59
f 2029/64 2023/64 2027/64
f 1884/59 2027/59 2028/59
f 1884/59 2029/59 2027/59
f 1891/9 1738/9 1889/9
f 1889/9 2030/9 1891/9
f 1893/143 2031/143 1890/143
f 1890/143 1740/143 1893/143
f 1892/9 1739/9 1891/9
f 1891/9 2032/9 1892/9
f 1896/18 1743/18 1892/18
f 1892/18 2033/18 1896/18
f 1893/16 1741/16 1894/16
f 1894/16 2034/16 1893/16
f 2035/16 2036/16 1894/16
f 1894/16 1817/16 2035/16
f 1744/22 1895/22 2037/22
f 2037/22 1897/22 1744/22
f 2037/9 1895/9 1896/9
f 1896/9 2038/9 2037/9
f 2039/9 1898/9 1746/9
f 1746/9 1897/9 2039/9
f 2040/135 1899/135 1898/135
f 2041/144 2042/144 1898/144
f 2042/145 2043/145 2044/145
f 2045/146 2040/146 1898/146
f 2042/147 2044/147 1898/147
f 2044/148 2045/148 1898/148
f 1899/149 2046/149 1900/149
f 1900/149 1747/149 1899/149
f 1900/22 2047/22 2048/22
f 2048/22 1901/22 1900/22
f 2049/22 1751/22 1902/22
f 2050/22 1906/22 1751/22
f 2049/22 2051/22 2052/22
f 2053/22 2050/22 1751/22
f 2049/22 2052/22 2053/22
f 2049/22 2053/22 1751/22
f 1903/22 1905/22 2054/22
f 2055/32 2056/32 2057/32
f 1903/22 2054/22 2058/22
f 2056/22 2058/22 2057/22
f 2056/22 1903/22 2058/22
f 2059/22 1911/22 1910/22
f 2059/22 2060/22 2061/22
f 2059/22 2062/22 1911/22
f 2059/22 2061/22 2063/22
f 2059/22 2064/22 2062/22
f 2059/22 2063/22 2064/22
f 1763/22 1916/22 2065/22
f 2066/22 1919/22 2067/22
f 1763/22 2065/22 2068/22
f 1919/22 2069/22 2067/22
f 1763/22 2068/22 2069/22
f 1919/22 1763/22 2069/22
f 1919/22 2070/22 1920/22
f 2071/22 2072/22 2073/22
f 1919/22 2073/22 2070/22
f 1919/22 2071/22 2073/22
f 1921/22 2074/22 2075/22
f 2076/32 1930/32 2075/32
f 1930/22 1922/22 1921/22
f 1930/22 1921/22 2075/22
f 1923/22 1922/22 1928/22
f 1928/59 2077/59 1923/59
f 1932/22 1930/22 2078/22
f 2078/22 2079/22 1932/22
f 2080/22 1936/22 1779/22
f 1779/22 1935/22 2080/22
f 1939/9 1936/9 2081/9
f 2082/9 1937/9 1936/9
f 1939/9 1938/9 2082/9
f 1939/9 2082/9 1936/9
f 1939/18 2083/18 1941/18
f 1941/18 1782/18 1939/18
f 1941/9 2084/9 1942/9
f 1942/9 1783/9 1941/9
f 1942/18 2085/18 1943/18
f 1943/18 1784/18 1942/18
f 1785/22 1943/22 2086/22
f 2086/22 1944/22 1785/22
f 1786/150 1944/150 2087/150
f 2087/150 1945/150 1786/150
f 1787/105 1945/105 2088/105
f 2088/105 1946/105 1787/105
f 1946/100 1954/100 1788/100
f 2089/100 2090/100 2091/100
f 1946/106 2091/106 1954/106
f 1946/100 2092/100 2093/100
f 2094/7 2095/7 2096/7
f 1946/106 2093/106 2094/106
f 2097/100 2089/100 2091/100
f 1946/100 2094/100 2096/100
f 1946/100 2097/100 2091/100
f 1946/100 2096/100 2097/100
f 1950/22 1949/22 2098/22
f 2098/22 2099/22 1950/22
f 1964/7 2100/7 2101/7
f 1958/22 1957/22 2101/22
f 2102/7 2103/7 2104/7
f 1957/22 2102/22 2101/22
f 1965/32 1964/32 2101/32
f 2105/22 2106/22 1965/22
f 2107/7 2108/7 2105/7
f 1956/22 1955/22 2107/22
f 2102/7 2104/7 2109/7
f 2109/22 1956/22 2107/22
f 2107/22 2105/22 1965/22
f 2102/22 1965/22 2101/22
f 2102/7 2109/7 2107/7
f 2102/22 2107/22 1965/22
f 1807/22 1965/22 2110/22
f 2110/22 1969/22 1807/22
f 2111/151 1970/151 1814/151
f 1814/138 1969/138 2111/138
f 1815/22 1970/22 2112/22
f 2112/22 1971/22 1815/22
f 2113/152 2114/152 1816/152
f 1816/152 1971/152 2113/152
f 2115/27 2035/27 1817/27
f 1817/27 1973/27 2115/27
f 2114/153 2116/153 1972/153
f 1972/154 1816/154 2114/154
f 1973/155 1972/155 2117/155
f 2117/156 2118/156 1973/156
f 1822/59 1978/59 2119/59
f 2119/59 1974/59 1822/59
f 2119/9 1975/9 1819/9
f 1819/9 1974/9 2119/9
f 2120/9 1976/9 1820/9
f 1820/9 1975/9 2120/9
f 2121/9 1977/9 1821/9
f 1821/9 1976/9 2121/9
f 2122/9 2030/9 1889/9
f 1889/9 1977/9 2122/9
f 2123/9 1978/9 1873/9
f 1873/18 2011/18 2123/18
f 1995/100 2124/100 2125/100
f 2126/100 2127/100 2128/100
f 1995/100 2128/100 2124/100
f 1851/106 1980/106 2129/106
f 1995/100 1851/100 2128/100
f 2130/100 2126/100 2128/100
f 2131/7 2132/7 2130/7
f 1851/100 2129/100 2133/100
f 2133/7 2131/7 2130/7
f 1851/100 2130/100 2128/100
f 1851/100 2133/100 2130/100
f 2134/16 2135/16 1980/16
f 1980/16 1979/16 2134/16
f 1983/16 1982/16 2136/16
f 1993/16 1992/16 2136/16
f 2137/27 1989/27 1988/27
f 1992/16 2137/16 2136/16
f 2138/16 1983/16 2136/16
f 1985/16 1984/16 2139/16
f 2139/7 2138/7 2136/7
f 2137/27 1988/27 2140/27
f 2137/16 2139/16 2136/16
f 2141/16 1985/16 2139/16
f 1987/16 1986/16 2142/16
f 2142/7 2141/7 2139/7
f 2137/16 2140/16 2143/16
f 2137/16 2142/16 2139/16
f 2143/16 1987/16 2142/16
f 2137/16 2143/16 2142/16
f 1825/27 1989/27 2144/27
f 2144/27 1990/27 1825/27
f 1842/16 1994/16 2145/16
f 2145/16 1992/16 1842/16
f 2146/143 1994/143 1890/143
f 1890/143 2031/143 2146/143
f 1852/140 1995/140 2147/140
f 2147/157 1996/157 1852/157
f 1853/158 1996/158 2148/158
f 2148/130 1997/130 1853/130
f 1854/64 1997/64 2149/64
f 2149/64 1998/64 1854/64
f 1855/18 1998/18 2150/18
f 2150/9 1999/9 1855/9
f 1856/9 1999/9 2151/9
f 2151/9 2000/9 1856/9
f 1857/9 2000/9 2152/9
f 2152/9 2001/9 1857/9
f 2153/9 2003/9 2001/9
f 2005/9 2004/9 2154/9
f 2153/9 2154/9 2003/9
f 2153/9 2005/9 2154/9
f 1861/64 2005/64 2155/64
f 2155/64 2006/64 1861/64
f 2008/59 1867/59 2006/59
f 2006/59 2156/59 2008/59
f 2157/52 2158/52 2159/52
f 2011/76 2013/76 2160/76
f 2157/159 2160/159 2158/159
f 2157/67 2011/67 2160/67
f 2014/59 1874/59 2015/59
f 2015/59 2161/59 2014/59
f 2015/59 2162/59 2163/59
f 2017/59 2164/59 2165/59
f 2015/59 2166/59 2162/59
f 2017/59 2165/59 2167/59
f 2015/59 2168/59 2166/59
f 2017/59 2167/59 2169/59
f 2015/59 2169/59 2168/59
f 2015/59 1876/59 2017/59
f 2015/59 2017/59 2169/59
f 2170/64 2171/64 2017/64
f 2017/64 2016/64 2170/64
f 2172/59 2173/59 2174/59
f 2019/59 2018/59 2174/59
f 2175/59 2172/59 2174/59
f 2018/59 2176/59 2174/59
f 2177/64 2175/64 2174/64
f 2176/59 2177/59 2174/59
f 2023/59 2178/59 2179/59
f 2029/59 2180/59 2181/59
f 2023/64 2181/64 2178/64
f 2023/59 2029/59 2181/59
f 2024/64 2023/64 2182/64
f 2032/9 1891/9 2030/9
f 2030/9 2183/9 2032/9
f 2031/16 1893/16 2034/16
f 2034/16 2184/16 2031/16
f 2033/9 1892/9 2032/9
f 2032/9 2185/9 2033/9
f 2038/18 1896/18 2033/18
f 2033/18 2186/18 2038/18
f 2036/16 2187/16 2034/16
f 2034/16 1894/16 2036/16
f 2036/9 2035/9 2188/9
f 2188/9 2189/9 2036/9
f 1897/149 2037/149 2038/149
f 2038/149 2039/149 1897/149
f 2190/9 2041/9 1898/9
f 1898/9 2039/9 2190/9
f 2191/144 2042/144 2041/144
f 2192/160 2193/160 2042/160
f 2191/161 2194/161 2192/161
f 2191/162 2192/162 2042/162
f 2042/149 2195/149 2196/149
f 2196/149 2043/149 2042/149
f 2197/149 2046/149 1899/149
f 1899/149 2040/149 2197/149
f 2046/149 2198/149 2047/149
f 2047/149 1900/149 2046/149
f 2047/22 2199/22 2200/22
f 2200/22 2048/22 2047/22
f 2201/22 2051/22 2049/22
f 2201/22 2202/22 2203/22
f 2201/22 2204/22 2051/22
f 2201/22 2203/22 2205/22
f 2201/22 2205/22 2204/22
f 2056/22 2055/22 2206/22
f 2207/22 2208/22 2209/22
f 2056/22 2206/22 2210/22
f 2208/22 2211/22 2209/22
f 2056/22 2210/22 2211/22
f 2208/32 2056/32 2211/32
f 2059/22 2212/22 2213/22
f 2214/22 2071/22 2213/22
f 2071/22 1919/22 2066/22
f 2215/22 2060/22 2059/22
f 2071/22 2066/22 2216/22
f 2217/22 2215/22 2059/22
f 2071/22 2216/22 2217/22
f 2071/22 2059/22 2213/22
f 2071/22 2217/22 2059/22
f 2071/22 2218/22 2219/22
f 2219/22 2072/22 2071/22
f 2220/22 2078/22 1930/22
f 1930/22 2076/22 2220/22
f 2079/22 2078/22 2221/22
f 2221/22 2222/22 2079/22
f 2081/9 2223/9 2224/9
f 1936/18 2080/18 2225/18
f 2081/18 2225/18 2223/18
f 2081/9 1936/9 2225/9
f 2081/9 2226/9 2083/9
f 2083/9 1939/9 2081/9
f 2083/9 2227/9 2084/9
f 2084/9 1941/9 2083/9
f 2084/18 2228/18 2085/18
f 2085/18 1942/18 2084/18
f 2085/22 2229/22 2086/22
f 2086/22 1943/22 2085/22
f 1944/150 2086/150 2230/150
f 2230/150 2087/150 1944/150
f 1945/137 2087/137 2231/137
f 2231/137 2088/137 1945/137
f 2232/100 2092/100 1946/100
f 2088/100 2233/100 2234/100
f 2235/100 2232/100 1946/100
f 2088/100 2234/100 2236/100
f 2088/100 2235/100 1946/100
f 2237/7 2238/7 2235/7
f 2088/100 2236/100 2237/100
f 2088/100 2237/100 2235/100
f 2093/22 2092/22 2239/22
f 2239/22 2240/22 2093/22
f 2090/22 2089/22 2241/22
f 2241/22 2242/22 2090/22
f 2105/7 2243/7 2244/7
f 2099/22 2098/22 2244/22
f 2245/7 2246/7 2247/7
f 2098/22 2245/22 2244/22
f 2106/22 2105/22 2244/22
f 2248/22 2249/22 2106/22
f 2245/7 2247/7 2248/7
f 2245/22 2106/22 2244/22
f 2245/22 2248/22 2106/22
f 1965/22 2106/22 2250/22
f 2250/22 2110/22 1965/22
f 2251/163 2111/163 1969/163
f 1969/128 2110/128 2251/128
f 1970/32 2111/32 2252/32
f 2252/32 2112/32 1970/32
f 2253/152 2113/152 1971/152
f 1971/164 2112/164 2253/164
f 2114/9 2113/9 2254/9
f 2254/9 2255/9 2114/9
f 2256/16 2115/16 1973/16
f 1973/16 2257/16 2256/16
f 2035/22 2115/22 2258/22
f 2258/22 2188/22 2035/22
f 2116/16 2114/16 2255/16
f 2255/16 2259/16 2116/16
f 2116/165 2260/165 2261/165
f 2261/166 1972/166 2116/166
f 2257/9 1973/9 2118/9
f 2118/9 2262/9 2257/9
f 1972/167 2261/167 2263/167
f 2263/168 2117/168 1972/168
f 2118/169 2117/169 2264/169
f 2264/170 2265/170 2118/170
f 1978/59 2123/59 2266/59
f 2266/59 2119/59 1978/59
f 2266/9 2120/9 1975/9
f 1975/9 2119/9 2266/9
f 2267/9 2121/9 1976/9
f 1976/9 2120/9 2267/9
f 2268/9 2122/9 1977/9
f 1977/9 2121/9 2268/9
f 2269/9 2183/9 2030/9
f 2030/9 2122/9 2269/9
f 2270/9 2123/9 2011/9
f 2011/9 2157/9 2270/9
f 2147/106 2271/106 2272/106
f 2273/106 2274/106 2275/106
f 2147/100 2275/100 2271/100
f 2147/100 1995/100 2125/100
f 2125/7 2276/7 2277/7
f 2277/100 2278/100 2279/100
f 2279/106 2280/106 2281/106
f 2281/7 2282/7 2283/7
f 2284/106 2273/106 2275/106
f 2281/7 2283/7 2284/7
f 2277/100 2279/100 2281/100
f 2147/100 2125/100 2277/100
f 2147/100 2284/100 2275/100
f 2277/7 2281/7 2284/7
f 2147/100 2277/100 2284/100
f 1980/59 2135/59 2285/59
f 2285/59 2129/59 1980/59
f 2286/59 2287/59 2127/59
f 2127/59 2126/59 2286/59
f 1989/16 2288/16 2144/16
f 2135/16 2134/16 2289/16
f 1989/16 2137/16 2288/16
f 2290/16 2135/16 2289/16
f 2137/16 2289/16 2288/16
f 2137/27 2290/27 2289/27
f 1992/16 2145/16 2291/16
f 2291/16 2137/16 1992/16
f 2292/133 2145/133 1994/133
f 1994/133 2146/133 2292/133
f 2031/16 2184/16 2293/16
f 2293/16 2146/16 2031/16
f 1996/171 2147/171 2294/171
f 2294/172 2148/172 1996/172
f 1997/130 2148/130 2295/130
f 2295/131 2149/131 1997/131
f 1998/64 2149/64 2296/64
f 2296/64 2150/64 1998/64
f 1999/18 2150/18 2297/18
f 2297/18 2151/18 1999/18
f 2000/18 2151/18 2298/18
f 2298/18 2152/18 2000/18
f 2001/18 2152/18 2299/18
f 2299/18 2153/18 2001/18
f 2300/9 2155/9 2005/9
f 2005/9 2153/9 2300/9
f 2156/59 2006/59 2155/59
f 2155/59 2301/59 2156/59
f 2302/52 2303/52 2304/52
f 2159/80 2305/80 2306/80
f 2302/173 2307/173 2303/173
f 2157/174 2159/174 2306/174
f 2302/67 2306/67 2307/67
f 2302/67 2157/67 2306/67
f 2308/64 2309/64 2159/64
f 2159/64 2158/64 2308/64
f 2161/59 2310/59 2311/59
f 2015/59 2163/59 2312/59
f 2161/59 2312/59 2310/59
f 2161/59 2015/59 2312/59
f 2171/59 2313/59 2314/59
f 2164/59 2017/59 2315/59
f 2171/59 2314/59 2316/59
f 2017/59 2316/59 2315/59
f 2017/59 2171/59 2316/59
f 2317/64 2318/64 2171/64
f 2171/64 2170/64 2317/64
f 2174/59 2319/59 2320/59
f 2179/59 2321/59 2319/59
f 2182/59 2023/59 2179/59
f 2174/59 2173/59 2322/59
f 2323/59 2182/59 2179/59
f 2174/59 2322/59 2324/59
f 2324/64 2323/64 2179/64
f 2174/59 2179/59 2319/59
f 2174/59 2324/59 2179/59
f 2325/59 2326/59 2179/59
f 2179/59 2178/59 2325/59
f 2185/9 2032/9 2183/9
f 2183/9 2327/9 2185/9
f 2187/16 2328/16 2184/16
f 2184/16 2034/16 2187/16
f 2186/9 2033/9 2185/9
f 2185/9 2329/9 2186/9
f 2039/149 2038/149 2186/149
f 2186/149 2190/149 2039/149
f 2187/18 2036/18 2189/18
f 2189/18 2330/18 2187/18
f 2331/16 2332/16 2189/16
f 2189/16 2188/16 2331/16
f 2333/9 2191/9 2041/9
f 2041/9 2190/9 2333/9
f 2334/175 2194/175 2191/175
f 2335/176 2336/176 2337/176
f 2334/177 2337/177 2194/177
f 2334/178 2338/178 2339/178
f 2340/176 2335/176 2337/176
f 2334/179 2339/179 2341/179
f 2341/7 2340/7 2337/7
f 2334/161 2341/161 2337/161
f 2342/149 2195/149 2042/149
f 2042/149 2193/149 2342/149
f 2343/149 2344/149 2196/149
f 2195/149 2345/149 2196/149
f 2345/180 2346/180 2347/180
f 2348/149 2343/149 2196/149
f 2345/149 2347/149 2349/149
f 2350/149 2348/149 2196/149
f 2345/149 2349/149 2351/149
f 2352/149 2350/149 2196/149
f 2345/149 2351/149 2196/149
f 2353/149 2352/149 2196/149
f 2351/149 2353/149 2196/149
f 2354/149 2198/149 2046/149
f 2046/149 2197/149 2354/149
f 2198/149 2355/149 2199/149
f 2199/149 2047/149 2198/149
f 2199/22 2356/22 2357/22
f 2357/22 2200/22 2199/22
f 2358/32 2202/32 2201/32
f 2358/22 2359/22 2360/22
f 2358/22 2361/22 2202/22
f 2358/22 2360/22 2362/22
f 2358/22 2363/22 2361/22
f 2358/22 2362/22 2363/22
f 2208/22 2207/22 2364/22
f 2365/32 2366/32 2367/32
f 2208/22 2364/22 2367/22
f 2368/22 2369/22 2208/22
f 2366/22 2370/22 2368/22
f 2366/22 2208/22 2367/22
f 2366/22 2368/22 2208/22
f 2371/22 2218/22 2071/22
f 2071/22 2214/22 2371/22
f 2218/22 2372/22 2373/22
f 2373/22 2219/22 2218/22
f 2374/22 2221/22 2078/22
f 2078/22 2220/22 2374/22
f 2224/9 2221/9 2375/9
f 2376/9 2222/9 2221/9
f 2224/18 2223/18 2376/18
f 2224/9 2376/9 2221/9
f 2224/9 2377/9 2226/9
f 2226/9 2081/9 2224/9
f 2226/18 2378/18 2227/18
f 2227/18 2083/18 2226/18
f 2227/18 2379/18 2228/18
f 2228/18 2084/18 2227/18
f 2228/22 2380/22 2229/22
f 2229/22 2085/22 2228/22
f 2229/150 2381/150 2230/150
f 2230/150 2086/150 2229/150
f 2087/137 2230/137 2382/137
f 2382/137 2231/137 2087/137
f 2383/100 2233/100 2088/100
f 2231/100 2384/100 2088/100
f 2384/7 2385/7 2386/7
f 2386/100 2387/100 2388/100
f 2389/7 2390/7 2391/7
f 2386/100 2388/100 2389/100
f 2384/106 2386/106 2088/106
f 2392/100 2383/100 2088/100
f 2389/7 2391/7 2392/7
f 2386/100 2389/100 2088/100
f 2389/100 2392/100 2088/100
f 2234/22 2233/22 2393/22
f 2393/22 2394/22 2234/22
f 2092/22 2232/22 2395/22
f 2395/22 2239/22 2092/22
f 2249/22 2248/22 2396/22
f 2242/22 2241/22 2396/22
f 2397/7 2398/7 2399/7
f 2241/22 2397/22 2396/22
f 2400/22 2249/22 2396/22
f 2240/32 2239/32 2400/32
f 2397/7 2399/7 2401/7
f 2401/22 2240/22 2400/22
f 2397/22 2400/22 2396/22
f 2397/22 2401/22 2400/22
f 2106/22 2249/22 2402/22
f 2402/22 2250/22 2106/22
f 2403/163 2251/163 2110/163
f 2110/139 2250/139 2403/139
f 2111/32 2251/32 2404/32
f 2404/32 2252/32 2111/32
f 2405/181 2253/181 2112/181
f 2112/152 2252/152 2405/152
f 2113/9 2253/9 2406/9
f 2406/9 2254/9 2113/9
f 2407/22 2408/22 2255/22
f 2255/22 2254/22 2407/22
f 2409/16 2256/16 2257/16
f 2257/16 2410/16 2409/16
f 2115/100 2256/100 2411/100
f 2411/100 2258/100 2115/100
f 2412/16 2331/16 2188/16
f 2188/16 2258/16 2412/16
f 2260/182 2116/182 2259/182
f 2259/182 2413/182 2260/182
f 2408/22 2414/22 2259/22
f 2259/22 2255/22 2408/22
f 2260/183 2415/183 2416/183
f 2416/184 2261/184 2260/184
f 2410/9 2257/9 2262/9
f 2262/9 2417/9 2410/9
f 2262/16 2118/16 2265/16
f 2265/16 2418/16 2262/16
f 2261/185 2416/185 2419/185
f 2419/186 2263/186 2261/186
f 2264/187 2117/187 2263/187
f 2263/188 2420/188 2264/188
f 2421/189 2265/189 2264/189
f 2264/190 2422/190 2421/190
f 2123/59 2270/59 2423/59
f 2423/59 2266/59 2123/59
f 2423/18 2267/18 2120/18
f 2120/18 2266/18 2423/18
f 2424/9 2268/9 2121/9
f 2121/9 2267/9 2424/9
f 2425/9 2269/9 2122/9
f 2122/9 2268/9 2425/9
f 2426/9 2327/9 2183/9
f 2183/9 2269/9 2426/9
f 2427/9 2270/9 2157/9
f 2157/9 2302/9 2427/9
f 2294/100 2428/100 2429/100
f 2430/106 2431/106 2432/106
f 2294/100 2432/100 2428/100
f 2294/100 2147/100 2272/100
f 2272/7 2433/7 2434/7
f 2434/100 2435/100 2436/100
f 2436/100 2437/100 2438/100
f 2438/7 2439/7 2440/7
f 2441/106 2430/106 2432/106
f 2438/7 2440/7 2441/7
f 2434/106 2436/106 2438/106
f 2294/100 2272/100 2434/100
f 2294/100 2441/100 2432/100
f 2434/7 2438/7 2441/7
f 2294/100 2434/100 2441/100
f 2442/100 2279/100 2278/100
f 2279/64 2443/64 2444/64
f 2444/64 2280/64 2279/64
f 2445/59 2446/59 2274/59
f 2274/59 2273/59 2445/59
f 2135/59 2447/59 2285/59
f 2448/7 2449/7 2447/7
f 2287/59 2286/59 2450/59
f 2450/7 2448/7 2447/7
f 2135/59 2290/59 2447/59
f 2451/59 2443/59 2452/59
f 2290/59 2451/59 2447/59
f 2453/59 2287/59 2450/59
f 2451/64 2450/64 2447/64
f 2451/59 2452/59 2454/59
f 2454/7 2455/7 2456/7
f 2456/7 2453/7 2450/7
f 2451/59 2454/59 2450/59
f 2454/7 2456/7 2450/7
f 2137/16 2291/16 2457/16
f 2457/16 2290/16 2137/16
f 2458/125 2291/125 2145/125
f 2145/125 2292/125 2458/125
f 2146/16 2293/16 2459/16
f 2459/16 2292/16 2146/16
f 2460/16 2293/16 2184/16
f 2184/16 2328/16 2460/16
f 2148/191 2294/191 2461/191
f 2461/157 2295/157 2148/157
f 2149/130 2295/130 2462/130
f 2462/131 2296/131 2149/131
f 2150/59 2296/59 2463/59
f 2463/59 2297/59 2150/59
f 2151/9 2297/9 2464/9
f 2464/9 2298/9 2151/9
f 2152/9 2298/9 2465/9
f 2465/9 2299/9 2152/9
f 2153/9 2299/9 2466/9
f 2466/9 2300/9 2153/9
f 2467/9 2155/9 2300/9
f 2468/18 2301/18 2155/18
f 2467/9 2469/9 2468/9
f 2467/9 2468/9 2155/9
f 2470/57 2471/57 2472/57
f 2304/192 2473/192 2471/192
f 2470/53 2302/53 2304/53
f 2470/193 2304/193 2471/193
f 2305/59 2159/59 2309/59
f 2309/59 2474/59 2305/59
f 2304/59 2303/59 2475/59
f 2475/59 2476/59 2304/59
f 2309/64 2477/64 2478/64
f 2479/59 2480/59 2481/59
f 2309/59 2482/59 2477/59
f 2479/59 2481/59 2483/59
f 2309/59 2484/59 2482/59
f 2479/59 2483/59 2485/59
f 2309/59 2486/59 2484/59
f 2308/59 2479/59 2485/59
f 2309/64 2487/64 2486/64
f 2308/59 2485/59 2487/59
f 2309/59 2308/59 2487/59
f 2311/64 2488/64 2489/64
f 2311/59 2310/59 2490/59
f 2311/59 2491/59 2488/59
f 2311/59 2490/59 2492/59
f 2311/64 2492/64 2491/64
f 2318/59 2493/59 2494/59
f 2313/59 2171/59 2495/59
f 2318/59 2494/59 2496/59
f 2171/59 2497/59 2495/59
f 2318/59 2496/59 2497/59
f 2171/64 2318/64 2497/64
f 2318/64 2498/64 2499/64
f 2317/59 2500/59 2501/59
f 2318/59 2501/59 2498/59
f 2318/59 2317/59 2501/59
f 2321/59 2179/59 2326/59
f 2326/59 2502/59 2321/59
f 2503/59 2504/59 2326/59
f 2326/59 2325/59 2503/59
f 2329/9 2185/9 2327/9
f 2327/9 2505/9 2329/9
f 2328/9 2187/9 2330/9
f 2330/9 2506/9 2328/9
f 2190/149 2186/149 2329/149
f 2329/149 2333/149 2190/149
f 2332/16 2507/16 2330/16
f 2330/16 2189/16 2332/16
f 2332/100 2331/100 2508/100
f 2508/100 2509/100 2332/100
f 2510/9 2334/9 2191/9
f 2191/9 2333/9 2510/9
f 2334/194 2511/194 2338/194
f 2512/160 2513/160 2514/160
f 2334/195 2515/195 2511/195
f 2516/176 2512/176 2514/176
f 2334/177 2514/177 2515/177
f 2334/196 2517/196 2518/196
f 2518/7 2516/7 2514/7
f 2334/197 2518/197 2514/197
f 2338/149 2519/149 2520/149
f 2520/149 2339/149 2338/149
f 2521/149 2522/149 2336/149
f 2336/149 2335/149 2521/149
f 2523/149 2345/149 2195/149
f 2195/149 2342/149 2523/149
f 2345/149 2524/149 2346/149
f 2525/149 2526/149 2527/149
f 2345/180 2528/180 2524/180
f 2525/149 2527/149 2528/149
f 2345/149 2525/149 2528/149
f 2344/180 2343/180 2529/180
f 2530/149 2531/149 2532/149
f 2344/149 2529/149 2533/149
f 2531/149 2533/149 2532/149
f 2531/149 2344/149 2533/149
f 2534/149 2355/149 2198/149
f 2198/149 2354/149 2534/149
f 2355/149 2535/149 2356/149
f 2356/149 2199/149 2355/149
f 2356/22 2536/22 2357/22
f 2537/22 2538/22 2539/22
f 2356/22 2539/22 2536/22
f 2356/22 2537/22 2539/22
f 2358/22 2540/22 2541/22
f 2542/22 2366/22 2541/22
f 2366/22 2365/22 2543/22
f 2543/22 2359/22 2358/22
f 2366/22 2358/22 2541/22
f 2366/22 2543/22 2358/22
f 2370/22 2366/22 2544/22
f 2544/22 2545/22 2370/22
f 2546/22 2372/22 2218/22
f 2218/22 2371/22 2546/22
f 2373/9 2372/9 2547/9
f 2375/9 2221/9 2547/9
f 2221/9 2374/9 2548/9
f 2549/18 2373/18 2547/18
f 2221/9 2548/9 2547/9
f 2548/9 2549/9 2547/9
f 2375/9 2550/9 2377/9
f 2377/9 2224/9 2375/9
f 2377/9 2551/9 2378/9
f 2378/9 2226/9 2377/9
f 2378/9 2552/9 2379/9
f 2379/9 2227/9 2378/9
f 2379/22 2553/22 2380/22
f 2380/22 2228/22 2379/22
f 2380/150 2554/150 2381/150
f 2381/150 2229/150 2380/150
f 2381/137 2555/137 2382/137
f 2382/137 2230/137 2381/137
f 2382/100 2384/100 2231/100
f 2556/7 2557/7 2384/7
f 2558/100 2559/100 2556/100
f 2560/7 2561/7 2562/7
f 2562/100 2558/100 2556/100
f 2382/100 2556/100 2384/100
f 2382/100 2560/100 2562/100
f 2382/100 2562/100 2556/100
f 2388/22 2387/22 2563/22
f 2563/22 2564/22 2388/22
f 2233/22 2383/22 2565/22
f 2565/22 2393/22 2233/22
f 2394/32 2393/32 2566/32
f 2239/22 2395/22 2400/22
f 2567/22 2394/22 2566/22
f 2395/22 2568/22 2400/22
f 2567/22 2566/22 2400/22
f 2569/7 2570/7 2567/7
f 2568/22 2569/22 2400/22
f 2569/22 2567/22 2400/22
f 2249/22 2400/22 2571/22
f 2571/22 2402/22 2249/22
f 2572/128 2403/128 2250/128
f 2250/128 2402/128 2572/128
f 2251/32 2403/32 2573/32
f 2573/32 2404/32 2251/32
f 2574/152 2405/152 2252/152
f 2252/181 2404/181 2574/181
f 2253/9 2405/9 2575/9
f 2575/9 2406/9 2253/9
f 2576/22 2407/22 2254/22
f 2254/22 2406/22 2576/22
f 2408/100 2407/100 2577/100
f 2577/100 2578/100 2408/100
f 2579/16 2409/16 2410/16
f 2410/16 2580/16 2579/16
f 2256/106 2409/106 2581/106
f 2581/106 2411/106 2256/106
f 2582/16 2412/16 2258/16
f 2258/16 2411/16 2582/16
f 2331/59 2412/59 2583/59
f 2583/59 2508/59 2331/59
f 2415/100 2260/100 2413/100
f 2413/100 2584/100 2415/100
f 2414/22 2585/22 2413/22
f 2413/22 2259/22 2414/22
f 2414/149 2408/149 2578/149
f 2578/149 2586/149 2414/149
f 2415/198 2587/198 2588/198
f 2588/199 2416/199 2415/199
f 2580/9 2410/9 2417/9
f 2417/9 2589/9 2580/9
f 2417/16 2262/16 2418/16
f 2418/16 2590/16 2417/16
f 2591/200 2418/200 2265/200
f 2265/200 2421/200 2591/200
f 2416/201 2588/201 2592/201
f 2592/202 2419/202 2416/202
f 2420/203 2263/203 2419/203
f 2419/204 2593/204 2420/204
f 2594/205 2422/205 2264/205
f 2264/206 2420/206 2594/206
f 2421/16 2422/16 2595/16
f 2595/16 2596/16 2421/16
f 2270/59 2427/59 2597/59
f 2597/59 2423/59 2270/59
f 2597/18 2424/18 2267/18
f 2267/18 2423/18 2597/18
f 2598/18 2425/18 2268/18
f 2268/18 2424/18 2598/18
f 2599/9 2426/9 2269/9
f 2269/9 2425/9 2599/9
f 2600/9 2505/9 2327/9
f 2327/9 2426/9 2600/9
f 2601/18 2427/18 2302/18
f 2302/9 2470/9 2601/9
f 2461/100 2602/100 2603/100
f 2604/100 2605/100 2606/100
f 2461/100 2606/100 2602/100
f 2461/100 2294/100 2429/100
f 2429/7 2607/7 2608/7
f 2608/100 2609/100 2610/100
f 2611/7 2612/7 2613/7
f 2608/100 2610/100 2611/100
f 2461/106 2429/106 2608/106
f 2614/100 2604/100 2606/100
f 2461/100 2608/100 2611/100
f 2461/100 2614/100 2606/100
f 2611/7 2613/7 2614/7
f 2461/100 2611/100 2614/100
f 2615/100 2436/100 2435/100
f 2436/59 2616/59 2617/59
f 2617/59 2437/59 2436/59
f 2618/59 2619/59 2431/59
f 2431/59 2430/59 2618/59
f 2452/59 2443/59 2279/59
f 2279/59 2442/59 2452/59
f 2443/59 2620/59 2444/59
f 2621/7 2622/7 2620/7
f 2446/59 2445/59 2623/59
f 2623/7 2621/7 2620/7
f 2443/64 2451/64 2620/64
f 2624/59 2616/59 2625/59
f 2451/59 2624/59 2620/59
f 2626/59 2446/59 2623/59
f 2624/64 2623/64 2620/64
f 2624/59 2625/59 2627/59
f 2627/7 2628/7 2629/7
f 2629/7 2626/7 2623/7
f 2624/59 2627/59 2623/59
f 2627/7 2629/7 2623/7
f 2290/59 2457/59 2630/59
f 2630/59 2451/59 2290/59
f 2631/122 2457/122 2291/122
f 2291/121 2458/121 2631/121
f 2292/16 2459/16 2632/16
f 2632/16 2458/16 2292/16
f 2633/16 2459/16 2293/16
f 2293/16 2460/16 2633/16
f 2328/9 2506/9 2634/9
f 2634/9 2460/9 2328/9
f 2295/140 2461/140 2635/140
f 2635/157 2462/157 2295/157
f 2296/158 2462/158 2636/158
f 2636/158 2463/158 2296/158
f 2297/59 2463/59 2637/59
f 2637/59 2464/59 2297/59
f 2298/18 2464/18 2638/18
f 2638/18 2465/18 2298/18
f 2299/9 2465/9 2639/9
f 2639/9 2466/9 2299/9
f 2300/9 2466/9 2640/9
f 2640/9 2467/9 2300/9
f 2467/9 2641/9 2469/9
f 2504/9 2503/9 2641/9
f 2467/9 2642/9 2504/9
f 2467/9 2504/9 2641/9
f 2643/207 2644/207 2645/207
f 2470/56 2472/56 2646/56
f 2643/208 2646/208 2644/208
f 2643/67 2470/67 2646/67
f 2473/59 2304/59 2476/59
f 2476/59 2647/59 2473/59
f 2474/59 2309/59 2478/59
f 2478/59 2648/59 2474/59
f 2476/59 2475/59 2649/59
f 2649/59 2650/59 2476/59
f 2651/59 2652/59 2653/59
f 2480/59 2479/59 2654/59
f 2651/59 2653/59 2655/59
f 2479/59 2655/59 2654/59
f 2479/59 2651/59 2655/59
f 2478/64 2477/64 2656/64
f 2489/59 2657/59 2658/59
f 2659/59 2660/59 2657/59
f 2489/59 2488/59 2661/59
f 2662/64 2659/64 2657/64
f 2489/59 2661/59 2662/59
f 2489/59 2662/59 2657/59
f 2657/59 2499/59 2663/59
f 2493/59 2318/59 2499/59
f 2657/59 2664/59 2665/59
f 2666/59 2493/59 2499/59
f 2657/59 2665/59 2499/59
f 2667/59 2666/59 2499/59
f 2665/59 2667/59 2499/59
f 2668/59 2669/59 2499/59
f 2499/59 2498/59 2668/59
f 2502/59 2326/59 2504/59
f 2504/59 2670/59 2502/59
f 2333/149 2329/149 2505/149
f 2505/149 2510/149 2333/149
f 2507/27 2671/27 2506/27
f 2506/27 2330/27 2507/27
f 2507/106 2332/106 2509/106
f 2509/106 2672/106 2507/106
f 2673/16 2674/16 2509/16
f 2509/16 2508/16 2673/16
f 2510/9 2675/9 2517/9
f 2517/9 2334/9 2510/9
f 2518/196 2517/196 2676/196
f 2676/196 2677/196 2518/196
f 2513/149 2512/149 2678/149
f 2678/149 2679/149 2513/149
f 2338/149 2511/149 2680/149
f 2680/149 2519/149 2338/149
f 2519/149 2681/149 2520/149
f 2682/149 2683/149 2681/149
f 2519/149 2684/149 2685/149
f 2686/149 2682/149 2681/149
f 2519/149 2685/149 2686/149
f 2519/149 2686/149 2681/149
f 2687/149 2522/149 2521/149
f 2688/149 2689/149 2522/149
f 2687/149 2690/149 2691/149
f 2692/149 2688/149 2522/149
f 2687/149 2691/149 2693/149
f 2694/149 2692/149 2522/149
f 2687/149 2693/149 2695/149
f 2696/149 2694/149 2522/149
f 2687/180 2695/180 2522/180
f 2697/149 2696/149 2522/149
f 2695/149 2697/149 2522/149
f 2698/149 2525/149 2345/149
f 2345/149 2523/149 2698/149
f 2525/149 2699/149 2526/149
f 2700/180 2701/180 2702/180
f 2525/180 2703/180 2699/180
f 2700/149 2702/149 2704/149
f 2525/149 2704/149 2703/149
f 2525/149 2700/149 2704/149
f 2531/149 2530/149 2705/149
f 2706/149 2707/149 2708/149
f 2531/149 2705/149 2709/149
f 2707/180 2710/180 2708/180
f 2531/149 2709/149 2710/149
f 2707/149 2531/149 2710/149
f 2711/149 2535/149 2355/149
f 2355/149 2534/149 2711/149
f 2535/149 2712/149 2537/149
f 2537/149 2356/149 2535/149
f 2537/32 2713/32 2714/32
f 2714/32 2538/32 2537/32
f 2715/22 2544/22 2366/22
f 2366/22 2542/22 2715/22
f 2545/22 2544/22 2716/22
f 2716/22 2717/22 2545/22
f 2547/18 2718/18 2719/18
f 2372/9 2546/9 2720/9
f 2547/9 2720/9 2718/9
f 2547/9 2372/9 2720/9
f 2547/9 2721/9 2550/9
f 2550/9 2375/9 2547/9
f 2550/9 2722/9 2551/9
f 2551/9 2377/9 2550/9
f 2551/18 2723/18 2552/18
f 2552/18 2378/18 2551/18
f 2552/22 2724/22 2553/22
f 2553/22 2379/22 2552/22
f 2553/136 2725/136 2554/136
f 2554/136 2380/136 2553/136
f 2554/137 2726/137 2555/137
f 2555/137 2381/137 2554/137
f 2382/100 2727/100 2560/100
f 2728/100 2729/100 2730/100
f 2382/100 2730/100 2727/100
f 2382/100 2555/100 2731/100
f 2731/7 2732/7 2733/7
f 2733/100 2728/100 2730/100
f 2382/100 2731/100 2733/100
f 2382/100 2733/100 2730/100
f 2559/22 2558/22 2734/22
f 2734/22 2735/22 2559/22
f 2736/32 2737/32 2566/32
f 2393/22 2565/22 2566/22
f 2738/7 2739/7 2740/7
f 2565/22 2738/22 2566/22
f 2741/32 2736/32 2566/32
f 2564/22 2563/22 2742/22
f 2742/22 2741/22 2566/22
f 2738/22 2740/22 2566/22
f 2743/22 2564/22 2742/22
f 2740/22 2743/22 2566/22
f 2743/22 2742/22 2566/22
f 2400/22 2566/22 2744/22
f 2744/22 2571/22 2400/22
f 2745/128 2572/128 2402/128
f 2402/128 2571/128 2745/128
f 2403/22 2572/22 2746/22
f 2746/22 2573/22 2403/22
f 2747/181 2574/181 2404/181
f 2404/181 2573/181 2747/181
f 2405/9 2574/9 2748/9
f 2748/9 2575/9 2405/9
f 2749/22 2576/22 2406/22
f 2406/22 2575/22 2749/22
f 2407/100 2576/100 2750/100
f 2750/100 2577/100 2407/100
f 2751/22 2752/22 2578/22
f 2578/22 2577/22 2751/22
f 2579/16 2580/16 2753/16
f 2753/16 2754/16 2579/16
f 2409/100 2579/100 2755/100
f 2755/100 2581/100 2409/100
f 2756/16 2582/16 2411/16
f 2411/16 2581/16 2756/16
f 2412/9 2582/9 2757/9
f 2757/9 2583/9 2412/9
f 2758/16 2673/16 2508/16
f 2508/16 2583/16 2758/16
f 2587/100 2415/100 2584/100
f 2584/100 2759/100 2587/100
f 2585/22 2760/22 2584/22
f 2584/22 2413/22 2585/22
f 2585/209 2414/209 2586/209
f 2586/209 2761/209 2585/209
f 2752/22 2762/22 2586/22
f 2586/22 2578/22 2752/22
f 2587/210 2763/210 2764/210
f 2764/211 2588/211 2587/211
f 2580/9 2589/9 2765/9
f 2765/9 2753/9 2580/9
f 2589/16 2417/16 2590/16
f 2590/16 2766/16 2589/16
f 2767/212 2590/212 2418/212
f 2418/212 2591/212 2767/212
f 2591/16 2421/16 2596/16
f 2596/16 2768/16 2591/16
f 2588/213 2764/213 2769/213
f 2769/214 2592/214 2588/214
f 2593/215 2419/215 2592/215
f 2592/216 2770/216 2593/216
f 2771/217 2594/217 2420/217
f 2420/218 2593/218 2771/218
f 2422/22 2594/22 2772/22
f 2772/22 2595/22 2422/22
f 2596/16 2595/16 2773/16
f 2773/16 2774/16 2596/16
f 2427/59 2601/59 2775/59
f 2775/59 2597/59 2427/59
f 2775/9 2598/9 2424/9
f 2424/9 2597/9 2775/9
f 2776/18 2599/18 2425/18
f 2425/18 2598/18 2776/18
f 2777/9 2600/9 2426/9
f 2426/9 2599/9 2777/9
f 2675/149 2510/149 2505/149
f 2505/149 2600/149 2675/149
f 2778/18 2601/18 2470/18
f 2470/9 2643/9 2778/9
f 2635/100 2779/100 2780/100
f 2781/100 2782/100 2783/100
f 2635/100 2783/100 2779/100
f 2635/100 2461/100 2603/100
f 2603/7 2784/7 2785/7
f 2785/100 2786/100 2787/100
f 2788/7 2789/7 2790/7
f 2785/100 2787/100 2788/100
f 2635/100 2603/100 2785/100
f 2791/100 2781/100 2783/100
f 2635/100 2785/100 2788/100
f 2635/100 2791/100 2783/100
f 2788/7 2790/7 2791/7
f 2635/100 2788/100 2791/100
f 2792/59 2793/59 2610/59
f 2610/59 2609/59 2792/59
f 2794/59 2795/59 2605/59
f 2605/59 2604/59 2794/59
f 2625/59 2616/59 2436/59
f 2436/59 2615/59 2625/59
f 2616/59 2796/59 2617/59
f 2797/7 2798/7 2796/7
f 2619/59 2618/59 2799/59
f 2799/7 2797/7 2796/7
f 2616/59 2624/59 2796/59
f 2624/59 2800/59 2801/59
f 2801/7 2802/7 2803/7
f 2803/59 2619/59 2799/59
f 2624/64 2799/64 2796/64
f 2624/59 2801/59 2803/59
f 2624/59 2803/59 2799/59
f 2451/59 2630/59 2804/59
f 2804/59 2624/59 2451/59
f 2805/219 2630/219 2457/219
f 2457/220 2631/220 2805/220
f 2458/27 2632/27 2806/27
f 2806/27 2631/27 2458/27
f 2807/16 2632/16 2459/16
f 2459/16 2633/16 2807/16
f 2460/18 2634/18 2808/18
f 2808/18 2633/18 2460/18
f 2809/27 2634/27 2506/27
f 2506/27 2671/27 2809/27
f 2462/191 2635/191 2810/191
f 2810/191 2636/191 2462/191
f 2463/158 2636/158 2811/158
f 2811/158 2637/158 2463/158
f 2464/59 2637/59 2812/59
f 2812/59 2638/59 2464/59
f 2465/18 2638/18 2813/18
f 2813/18 2639/18 2465/18
f 2466/9 2639/9 2814/9
f 2814/9 2640/9 2466/9
f 2642/9 2467/9 2640/9
f 2640/9 2815/9 2642/9
f 2642/9 2670/9 2504/9
f 2816/9 2817/9 2818/9
f 2642/9 2818/9 2670/9
f 2642/18 2816/18 2818/18
f 2819/72 2820/72 2821/72
f 2645/80 2822/80 2823/80
f 2819/221 2824/221 2820/221
f 2643/222 2645/222 2823/222
f 2819/57 2823/57 2824/57
f 2819/56 2643/56 2823/56
f 2825/59 2826/59 2645/59
f 2645/59 2644/59 2825/59
f 2647/59 2827/59 2828/59
f 2650/59 2829/59 2830/59
f 2647/59 2831/59 2827/59
f 2650/59 2830/59 2832/59
f 2647/64 2833/64 2831/64
f 2650/59 2832/59 2834/59
f 2647/64 2835/64 2833/64
f 2476/59 2650/59 2834/59
f 2647/59 2836/59 2835/59
f 2476/59 2834/59 2836/59
f 2647/64 2476/64 2836/64
f 2648/64 2837/64 2838/64
f 2478/64 2656/64 2839/64
f 2648/59 2840/59 2837/59
f 2648/64 2478/64 2839/64
f 2648/59 2841/59 2840/59
f 2648/59 2839/59 2841/59
f 2650/59 2649/59 2842/59
f 2842/59 2843/59 2650/59
f 2844/59 2845/59 2846/59
f 2652/64 2651/64 2847/64
f 2844/59 2846/59 2848/59
f 2651/64 2849/64 2847/64
f 2844/59 2848/59 2849/59
f 2651/59 2844/59 2849/59
f 2664/59 2657/59 2660/59
f 2660/22 2850/22 2664/22
f 2658/59 2851/59 2852/59
f 2663/59 2853/59 2851/59
f 2658/64 2657/64 2663/64
f 2658/59 2663/59 2851/59
f 2663/59 2499/59 2669/59
f 2669/59 2854/59 2663/59
f 2855/59 2856/59 2669/59
f 2669/59 2668/59 2855/59
f 2671/100 2507/100 2672/100
f 2672/100 2857/100 2671/100
f 2674/16 2858/16 2672/16
f 2672/16 2509/16 2674/16
f 2674/100 2673/100 2859/100
f 2859/100 2860/100 2674/100
f 2675/9 2861/9 2676/9
f 2676/9 2517/9 2675/9
f 2676/177 2862/177 2677/177
f 2863/223 2864/223 2862/223
f 2865/224 2866/224 2867/224
f 2868/225 2863/225 2862/225
f 2869/226 2865/226 2867/226
f 2867/227 2868/227 2862/227
f 2676/197 2869/197 2862/197
f 2869/228 2867/228 2862/228
f 2679/149 2870/149 2871/149
f 2872/149 2873/149 2874/149
f 2679/149 2875/149 2870/149
f 2872/149 2874/149 2876/149
f 2679/149 2877/149 2875/149
f 2872/149 2876/149 2878/149
f 2679/180 2879/180 2877/180
f 2678/149 2872/149 2878/149
f 2679/180 2880/180 2879/180
f 2678/149 2878/149 2880/149
f 2679/149 2678/149 2880/149
f 2519/149 2881/149 2684/149
f 2882/149 2883/149 2884/149
f 2519/149 2885/149 2881/149
f 2882/149 2884/149 2886/149
f 2519/180 2886/180 2885/180
f 2519/149 2680/149 2882/149
f 2519/149 2882/149 2886/149
f 2681/149 2683/149 2887/149
f 2888/149 2889/149 2890/149
f 2681/149 2887/149 2891/149
f 2889/149 2891/149 2890/149
f 2889/149 2681/149 2891/149
f 2892/149 2690/149 2687/149
f 2892/149 2893/149 2894/149
f 2892/149 2895/149 2690/149
f 2892/149 2894/149 2896/149
f 2892/149 2896/149 2895/149
f 2689/149 2688/149 2897/149
f 2898/149 2899/149 2900/149
f 2689/149 2897/149 2901/149
f 2899/149 2901/149 2900/149
f 2899/149 2689/149 2901/149
f 2902/149 2700/149 2525/149
f 2525/149 2698/149 2902/149
f 2700/149 2903/149 2701/149
f 2707/149 2706/149 2904/149
f 2700/149 2905/149 2903/149
f 2707/149 2904/149 2905/149
f 2906/149 2907/149 2707/149
f 2908/149 2909/149 2906/149
f 2700/149 2908/149 2905/149
f 2906/149 2707/149 2905/149
f 2908/149 2906/149 2905/149
f 2711/149 2910/149 2911/149
f 2912/149 2712/149 2911/149
f 2712/149 2535/149 2711/149
f 2712/180 2711/180 2911/180
f 2712/149 2913/149 2713/149
f 2713/149 2537/149 2712/149
f 2713/22 2914/22 2915/22
f 2915/22 2714/22 2713/22
f 2916/22 2716/22 2544/22
f 2544/22 2715/22 2916/22
f 2719/18 2716/18 2917/18
f 2918/9 2717/9 2716/9
f 2719/18 2718/18 2918/18
f 2719/9 2918/9 2716/9
f 2719/9 2919/9 2721/9
f 2721/9 2547/9 2719/9
f 2721/18 2920/18 2722/18
f 2722/9 2550/9 2721/9
f 2722/18 2921/18 2723/18
f 2723/9 2551/9 2722/9
f 2723/22 2922/22 2724/22
f 2724/22 2552/22 2723/22
f 2724/104 2923/104 2725/104
f 2725/104 2553/104 2724/104
f 2725/105 2924/105 2726/105
f 2726/105 2554/105 2725/105
f 2555/106 2925/106 2731/106
f 2926/100 2927/100 2928/100
f 2555/100 2928/100 2925/100
f 2726/100 2929/100 2930/100
f 2555/100 2726/100 2928/100
f 2931/100 2926/100 2928/100
f 2932/7 2933/7 2931/7
f 2726/100 2930/100 2934/100
f 2934/7 2932/7 2931/7
f 2726/100 2931/100 2928/100
f 2726/100 2934/100 2931/100
f 2935/22 2936/22 2729/22
f 2729/22 2728/22 2935/22
f 2736/7 2937/7 2938/7
f 2735/22 2734/22 2938/22
f 2939/7 2940/7 2941/7
f 2734/22 2939/22 2938/22
f 2737/32 2736/32 2938/32
f 2941/32 2942/32 2737/32
f 2939/7 2941/7 2938/7
f 2941/22 2737/22 2938/22
f 2566/22 2737/22 2943/22
f 2943/22 2744/22 2566/22
f 2944/151 2745/151 2571/151
f 2571/151 2744/151 2944/151
f 2572/22 2745/22 2945/22
f 2945/22 2746/22 2572/22
f 2746/229 2946/229 2947/229
f 2947/230 2573/230 2746/230
f 2947/231 2948/231 2747/231
f 2747/232 2573/232 2947/232
f 2574/9 2747/9 2949/9
f 2949/9 2748/9 2574/9
f 2950/22 2749/22 2575/22
f 2575/22 2748/22 2950/22
f 2576/100 2749/100 2951/100
f 2951/100 2750/100 2576/100
f 2952/22 2751/22 2577/22
f 2577/22 2750/22 2952/22
f 2752/100 2751/100 2953/100
f 2953/100 2954/100 2752/100
f 2754/100 2955/100 2755/100
f 2755/100 2579/100 2754/100
f 2754/16 2753/16 2956/16
f 2956/16 2957/16 2754/16
f 2958/27 2756/27 2581/27
f 2581/27 2755/27 2958/27
f 2582/18 2756/18 2959/18
f 2959/18 2757/18 2582/18
f 2960/16 2758/16 2583/16
f 2583/27 2757/27 2960/27
f 2673/59 2758/59 2961/59
f 2961/59 2859/59 2673/59
f 2763/233 2587/233 2759/233
f 2759/233 2962/233 2763/233
f 2760/22 2963/22 2759/22
f 2759/22 2584/22 2760/22
f 2760/9 2585/9 2761/9
f 2761/9 2964/9 2760/9
f 2762/22 2965/22 2761/22
f 2761/32 2586/32 2762/32
f 2762/149 2752/149 2954/149
f 2954/149 2966/149 2762/149
f 2763/234 2967/234 2968/234
f 2968/235 2764/235 2763/235
f 2589/16 2766/16 2969/16
f 2969/16 2765/16 2589/16
f 2753/9 2765/9 2970/9
f 2970/9 2956/9 2753/9
f 2971/236 2766/236 2590/236
f 2590/237 2767/237 2971/237
f 2767/100 2591/100 2972/100
f 2972/100 2973/100 2767/100
f 2591/59 2768/59 2974/59
f 2974/59 2972/59 2591/59
f 2768/16 2596/16 2774/16
f 2774/16 2975/16 2768/16
f 2764/238 2968/238 2976/238
f 2976/239 2769/239 2764/239
f 2770/240 2592/240 2769/240
f 2769/241 2977/241 2770/241
f 2978/242 2771/242 2593/242
f 2593/243 2770/243 2978/243
f 2594/22 2771/22 2979/22
f 2979/22 2772/22 2594/22
f 2595/22 2772/22 2980/22
f 2980/22 2773/22 2595/22
f 2774/27 2773/27 2981/27
f 2981/27 2982/27 2774/27
f 2601/59 2778/59 2983/59
f 2983/59 2775/59 2601/59
f 2983/9 2776/9 2598/9
f 2598/9 2775/9 2983/9
f 2984/18 2777/18 2599/18
f 2599/18 2776/18 2984/18
f 2861/149 2675/149 2600/149
f 2600/149 2777/149 2861/149
f 2985/18 2778/18 2643/18
f 2643/9 2819/9 2985/9
f 2810/106 2986/106 2987/106
f 2988/7 2989/7 2986/7
f 2990/100 2991/100 2988/100
f 2780/7 2992/7 2993/7
f 2993/100 2990/100 2988/100
f 2810/100 2988/100 2986/100
f 2810/100 2635/100 2780/100
f 2780/7 2993/7 2988/7
f 2810/100 2780/100 2988/100
f 2994/59 2995/59 2787/59
f 2787/59 2786/59 2994/59
f 2996/59 2997/59 2782/59
f 2782/59 2781/59 2996/59
f 2801/7 2998/7 2999/7
f 2793/59 2792/59 2998/59
f 3000/7 3001/7 3002/7
f 3002/59 2793/59 2998/59
f 2801/59 2800/59 2998/59
f 2800/59 3003/59 3004/59
f 3004/7 3005/7 3006/7
f 3006/64 2795/64 2794/64
f 3007/7 3000/7 3002/7
f 3006/64 2794/64 3007/64
f 2800/59 3004/59 3006/59
f 2800/59 3002/59 2998/59
f 3006/7 3007/7 3002/7
f 2800/59 3006/59 3002/59
f 2624/59 2804/59 3008/59
f 3008/59 2800/59 2624/59
f 3009/244 2804/244 2630/244
f 2630/245 2805/245 3009/245
f 2631/59 2806/59 3010/59
f 3010/59 2805/59 2631/59
f 2632/16 3011/16 3012/16
f 3012/16 2806/16 2632/16
f 2633/9 2808/9 3013/9
f 3013/9 2807/9 2633/9
f 3014/27 3011/27 2632/27
f 2632/27 2807/27 3014/27
f 3015/16 2808/16 2634/16
f 2634/16 2809/16 3015/16
f 2671/100 2857/100 3016/100
f 3016/100 2809/100 2671/100
f 2636/246 2810/246 3017/246
f 3017/246 2811/246 2636/246
f 2637/247 2811/247 3018/247
f 3018/247 2812/247 2637/247
f 2638/59 2812/59 3019/59
f 3019/59 2813/59 2638/59
f 2639/18 2813/18 3020/18
f 3020/18 2814/18 2639/18
f 2815/9 2640/9 2814/9
f 2814/9 3021/9 2815/9
f 2816/9 2642/9 2815/9
f 2815/9 3022/9 2816/9
f 2816/9 3023/9 2817/9
f 2856/9 2855/9 3023/9
f 2816/9 3024/9 3023/9
f 3024/9 2856/9 3023/9
f 2869/135 2819/135 2821/135
f 2821/134 2865/134 2869/134
f 2822/59 2645/59 2826/59
f 2826/59 3025/59 2822/59
f 2821/59 2820/59 3026/59
f 3026/59 3027/59 2821/59
f 2826/59 3028/59 3029/59
f 3030/64 3031/64 3032/64
f 2826/59 3033/59 3028/59
f 3030/59 3032/59 3034/59
f 2826/59 3034/59 3033/59
f 2826/59 2825/59 3030/59
f 2826/59 3030/59 3034/59
f 2843/59 3035/59 3036/59
f 2829/59 2650/59 3037/59
f 2843/64 3036/64 3038/64
f 2650/59 3038/59 3037/59
f 2650/64 2843/64 3038/64
f 2828/64 3039/64 3040/64
f 2828/59 2827/59 3041/59
f 2828/59 3042/59 3039/59
f 2828/59 3041/59 3043/59
f 2828/59 3043/59 3042/59
f 2838/59 3044/59 3045/59
f 3046/59 3047/59 3044/59
f 2838/59 2837/59 3048/59
f 3048/59 3046/59 3044/59
f 2838/59 3048/59 3044/59
f 2843/59 2842/59 3049/59
f 3049/59 3050/59 2843/59
f 3044/59 3051/59 3052/59
f 2844/59 3053/59 3054/59
f 3044/59 3054/59 3051/59
f 3044/59 3055/59 3056/59
f 3057/59 2845/59 2844/59
f 3044/59 3056/59 3058/59
f 3058/59 3057/59 2844/59
f 3044/59 3058/59 3054/59
f 3058/59 2844/59 3054/59
f 2853/59 2663/59 2854/59
f 2854/59 3059/59 2853/59
f 2854/64 2669/64 2856/64
f 2856/64 3060/64 2854/64
f 2858/27 3061/27 2857/27
f 2857/27 2672/27 2858/27
f 2858/100 2674/100 2860/100
f 2860/100 3062/100 2858/100
f 2860/16 2859/16 2961/16
f 2961/16 3063/16 2860/16
f 2861/9 3064/9 2869/9
f 2869/9 2676/9 2861/9
f 2866/149 2865/149 3065/149
f 3065/149 3066/149 2866/149
f 2864/149 2863/149 3067/149
f 3067/149 3068/149 2864/149
f 3069/149 3070/149 3071/149
f 2873/149 2872/149 3072/149
f 3069/149 3071/149 3073/149
f 2872/149 3073/149 3072/149
f 2872/180 3069/180 3073/180
f 2871/180 3074/180 3075/180
f 2871/149 2870/149 3076/149
f 2871/149 3077/149 3074/149
f 2871/149 3076/149 3078/149
f 2871/180 3078/180 3077/180
f 3079/149 3080/149 3081/149
f 2883/149 2882/149 3082/149
f 3079/149 3081/149 3083/149
f 2882/149 3083/149 3082/149
f 2882/149 3079/149 3083/149
f 2889/149 2888/149 3084/149
f 3085/149 3086/149 3087/149
f 2889/149 3084/149 3088/149
f 3086/149 3089/149 3087/149
f 2889/149 3088/149 3089/149
f 3086/180 2889/180 3089/180
f 3090/149 2893/149 2892/149
f 3090/149 3091/149 3092/149
f 3090/149 3093/149 2893/149
f 3090/149 3092/149 3094/149
f 3090/149 3095/149 3093/149
f 3090/149 3094/149 3095/149
f 2899/149 2898/149 3096/149
f 3097/149 3098/149 3099/149
f 2899/149 3096/149 3100/149
f 3098/149 3101/149 3099/149
f 2899/149 3100/149 3101/149
f 3098/180 2899/180 3101/180
f 2902/180 3102/180 3103/180
f 3104/149 2908/149 3103/149
f 2908/149 2700/149 2902/149
f 2908/149 2902/149 3103/149
f 2908/149 3105/149 3106/149
f 3106/149 2909/149 2908/149
f 3107/149 2913/149 2712/149
f 2712/149 2912/149 3107/149
f 2913/149 3108/149 2914/149
f 2914/149 2713/149 2913/149
f 2915/18 2914/18 3109/18
f 2917/9 2716/9 3109/9
f 2716/9 2916/9 3110/9
f 3111/9 2915/9 3109/9
f 2716/9 3110/9 3109/9
f 3110/9 3111/9 3109/9
f 2917/9 3112/9 2919/9
f 2919/9 2719/9 2917/9
f 2919/18 3113/18 2920/18
f 2920/9 2721/9 2919/9
f 2920/18 3114/18 2921/18
f 2921/9 2722/9 2920/9
f 2921/32 3115/32 2922/32
f 2922/32 2723/32 2921/32
f 2922/104 3116/104 2923/104
f 2923/104 2724/104 2922/104
f 2923/137 3117/137 2924/137
f 2924/137 2725/137 2923/137
f 2726/100 3118/100 2929/100
f 3119/7 3120/7 3121/7
f 2726/100 3121/100 3118/100
f 2924/100 3122/100 3123/100
f 2726/100 2924/100 3121/100
f 3124/7 3119/7 3121/7
f 2924/100 3123/100 3124/100
f 2924/100 3124/100 3121/100
f 2929/22 3125/22 3126/22
f 3126/22 2930/22 2929/22
f 3127/22 3128/22 2927/22
f 2927/22 2926/22 3127/22
f 3129/7 3130/7 3131/7
f 2936/22 2935/22 3130/22
f 2941/7 3132/7 3133/7
f 3133/22 2936/22 3130/22
f 3129/22 3134/22 3130/22
f 3134/32 2942/32 2941/32
f 2941/7 3133/7 3130/7
f 3134/22 2941/22 3130/22
f 2737/22 2942/22 3135/22
f 3135/22 2943/22 2737/22
f 3136/128 2944/128 2744/128
f 2744/128 2943/128 3136/128
f 2745/22 2944/22 3137/22
f 3137/22 2945/22 2745/22
f 3138/248 2946/248 2746/248
f 2746/249 2945/249 3138/249
f 2948/250 2947/250 2946/250
f 2948/251 3139/251 2967/251
f 2967/252 2747/252 2948/252
f 2747/253 2967/253 3140/253
f 3140/253 2949/253 2747/253
f 3141/22 2950/22 2748/22
f 2748/22 2949/22 3141/22
f 2749/106 2950/106 3142/106
f 3142/106 2951/106 2749/106
f 3143/22 2952/22 2750/22
f 2750/32 2951/32 3143/32
f 2751/100 2952/100 3144/100
f 3144/100 2953/100 2751/100
f 2966/22 2954/22 2953/22
f 2953/22 3145/22 2966/22
f 2957/106 3146/106 2955/106
f 2955/106 2754/106 2957/106
f 2958/27 2755/27 2955/27
f 2955/27 3147/27 2958/27
f 2957/16 2956/16 3011/16
f 3011/16 3014/16 2957/16
f 2756/9 2958/9 3148/9
f 3148/9 2959/9 2756/9
f 3149/16 2960/16 2757/16
f 2757/16 2959/16 3149/16
f 2758/9 2960/9 3063/9
f 3063/9 2961/9 2758/9
f 2967/100 2763/100 2962/100
f 2962/100 3140/100 2967/100
f 2963/22 3150/22 2962/22
f 2962/22 2759/22 2963/22
f 2963/9 2760/9 2964/9
f 2964/9 3151/9 2963/9
f 2965/32 3152/32 2964/32
f 2964/22 2761/22 2965/22
f 2965/254 2762/254 2966/254
f 2966/254 3145/254 2965/254
f 3139/255 2968/255 2967/255
f 2971/256 3153/256 2969/256
f 2969/236 2766/236 2971/236
f 2765/16 2969/16 3154/16
f 3154/16 2970/16 2765/16
f 2956/9 2970/9 3155/9
f 3155/9 3011/9 2956/9
f 2971/257 2767/257 2973/257
f 2973/257 3156/257 2971/257
f 2973/16 2972/16 2974/16
f 2974/16 3157/16 2973/16
f 2768/59 2975/59 3158/59
f 3158/59 2974/59 2768/59
f 2975/16 2774/16 2982/16
f 2982/27 3159/27 2975/27
f 2976/258 2968/258 3160/258
f 3160/259 3161/259 2976/259
f 2977/260 2769/260 2976/260
f 2976/261 3162/261 2977/261
f 3163/262 2978/262 2770/262
f 2770/263 2977/263 3163/263
f 2771/22 2978/22 3164/22
f 3164/22 2979/22 2771/22
f 2772/22 2979/22 3165/22
f 3165/22 2980/22 2772/22
f 2773/22 2980/22 3166/22
f 3166/22 2981/22 2773/22
f 2982/27 2981/27 3167/27
f 3167/27 3168/27 2982/27
f 2778/59 2985/59 3169/59
f 3169/59 2983/59 2778/59
f 3169/9 2984/9 2776/9
f 2776/9 2983/9 3169/9
f 3064/149 2861/149 2777/149
f 2777/149 2984/149 3064/149
f 3064/9 2985/9 2819/9
f 2819/9 2869/9 3064/9
f 3017/100 3170/100 3171/100
f 3172/7 3173/7 3174/7
f 3017/106 3174/106 3170/106
f 3017/100 2810/100 2987/100
f 3175/100 3176/100 3177/100
f 3017/106 2987/106 3175/106
f 3017/100 3172/100 3174/100
f 3175/100 3177/100 3178/100
f 3017/100 3178/100 3172/100
f 3017/100 3175/100 3178/100
f 3179/59 3180/59 2991/59
f 2991/59 2990/59 3179/59
f 3004/7 3181/7 3182/7
f 2995/59 2994/59 3181/59
f 3183/7 3184/7 3185/7
f 3185/59 2995/59 3181/59
f 3004/64 3003/64 3181/64
f 3003/59 3186/59 3187/59
f 3187/7 3188/7 3189/7
f 3189/59 2997/59 2996/59
f 3190/7 3183/7 3185/7
f 3189/59 2996/59 3190/59
f 3003/59 3187/59 3189/59
f 3003/59 3185/59 3181/59
f 3189/7 3190/7 3185/7
f 3003/59 3189/59 3185/59
f 2800/59 3008/59 3191/59
f 3191/59 3003/59 2800/59
f 3192/245 3008/245 2804/245
f 2804/264 3009/264 3192/264
f 2805/59 3010/59 3193/59
f 3193/59 3009/59 2805/59
f 3194/265 3010/265 2806/265
f 2806/265 3195/265 3194/265
f 3011/266 3155/266 3196/266
f 3196/155 3012/155 3011/155
f 3195/267 2806/267 3012/267
f 3012/268 3197/268 3195/268
f 3198/16 3013/16 2808/16
f 2808/16 3015/16 3198/16
f 2807/59 3013/59 3199/59
f 3199/59 3014/59 2807/59
f 2809/106 3016/106 3200/106
f 3200/106 3015/106 2809/106
f 3201/27 3016/27 2857/27
f 2857/27 3061/27 3201/27
f 2811/157 3017/157 3202/157
f 3202/157 3018/157 2811/157
f 2812/269 3018/269 3203/269
f 3203/269 3019/269 2812/269
f 2813/59 3019/59 3204/59
f 3204/59 3020/59 2813/59
f 3021/18 2814/18 3020/18
f 3020/18 3205/18 3021/18
f 3022/9 2815/9 3021/9
f 3021/9 3206/9 3022/9
f 3024/18 2816/18 3022/18
f 3022/18 3207/18 3024/18
f 3024/9 3208/9 3060/9
f 3060/9 2856/9 3024/9
f 2865/149 2821/149 3027/149
f 3027/149 3065/149 2865/149
f 3025/59 3209/59 3210/59
f 2826/59 3029/59 3211/59
f 3025/59 3212/59 3209/59
f 2826/59 3211/59 3213/59
f 3025/64 3213/64 3212/64
f 3025/64 2826/64 3213/64
f 3027/59 3026/59 3214/59
f 3214/59 3215/59 3027/59
f 3216/59 3217/59 3218/59
f 3031/59 3030/59 3219/59
f 3216/59 3218/59 3220/59
f 3030/59 3220/59 3219/59
f 3030/59 3216/59 3220/59
f 3050/59 3221/59 3222/59
f 3035/59 2843/59 3223/59
f 3050/64 3222/64 3224/64
f 2843/64 3225/64 3223/64
f 3050/59 3224/59 3225/59
f 2843/59 3050/59 3225/59
f 3226/59 3227/59 3228/59
f 3040/64 3039/64 3228/64
f 3229/59 3226/59 3228/59
f 3039/59 3230/59 3228/59
f 3231/64 3229/64 3228/64
f 3230/64 3231/64 3228/64
f 3044/59 3047/59 3232/59
f 3055/59 3044/59 3233/59
f 3044/59 3232/59 3233/59
f 3045/59 3234/59 3235/59
f 3052/59 3236/59 3234/59
f 3045/59 3044/59 3052/59
f 3045/59 3052/59 3234/59
f 3050/59 3237/59 3238/59
f 3049/59 3239/59 3240/59
f 3050/59 3240/59 3237/59
f 3050/59 3049/59 3240/59
f 3241/59 3242/59 3052/59
f 3052/59 3051/59 3241/59
f 3059/59 2854/59 3060/59
f 3060/59 3243/59 3059/59
f 3061/100 2858/100 3062/100
f 3062/100 3244/100 3061/100
f 3062/16 2860/16 3063/16
f 3063/16 3245/16 3062/16
f 3066/149 3065/149 3246/149
f 3246/149 3247/149 3066/149
f 3068/149 3248/149 3249/149
f 3250/149 3251/149 3252/149
f 3068/149 3253/149 3248/149
f 3250/149 3252/149 3254/149
f 3068/149 3255/149 3253/149
f 3250/149 3254/149 3256/149
f 3068/149 3257/149 3255/149
f 3067/180 3250/180 3256/180
f 3068/149 3258/149 3257/149
f 3067/149 3256/149 3258/149
f 3068/180 3067/180 3258/180
f 3259/149 3260/149 3261/149
f 3070/149 3069/149 3262/149
f 3259/149 3261/149 3263/149
f 3069/149 3264/149 3262/149
f 3259/149 3263/149 3264/149
f 3069/149 3259/149 3264/149
f 3265/149 3266/149 3267/149
f 3075/180 3074/180 3267/180
f 3268/149 3265/149 3267/149
f 3074/149 3269/149 3267/149
f 3270/149 3268/149 3267/149
f 3269/149 3270/149 3267/149
f 3271/149 3272/149 3273/149
f 3080/149 3079/149 3274/149
f 3271/149 3273/149 3275/149
f 3079/149 3276/149 3274/149
f 3271/149 3275/149 3276/149
f 3079/149 3271/149 3276/149
f 3086/149 3085/149 3277/149
f 3278/149 3279/149 3277/149
f 3279/149 3280/149 3281/149
f 3281/149 3282/149 3086/149
f 3279/149 3086/149 3277/149
f 3279/149 3281/149 3086/149
f 3090/149 3283/149 3284/149
f 3285/149 3286/149 3284/149
f 3287/149 3288/149 3098/149
f 3286/149 3287/149 3284/149
f 3091/149 3090/149 3284/149
f 3098/149 3097/149 3289/149
f 3290/149 3091/149 3284/149
f 3098/149 3289/149 3291/149
f 3291/149 3290/149 3284/149
f 3287/149 3098/149 3284/149
f 3098/149 3291/149 3284/149
f 3292/149 3105/149 2908/149
f 2908/149 3104/149 3292/149
f 3105/149 3293/149 3294/149
f 3294/149 3106/149 3105/149
f 3295/149 3108/149 2913/149
f 2913/149 3107/149 3295/149
f 3109/9 2914/9 3108/9
f 3108/9 3296/9 3109/9
f 3109/9 3297/9 3112/9
f 3112/9 2917/9 3109/9
f 3112/9 3298/9 3113/9
f 3113/18 2919/18 3112/18
f 3113/9 3299/9 3114/9
f 3114/9 2920/9 3113/9
f 3114/32 3300/32 3115/32
f 3115/32 2921/32 3114/32
f 3115/90 3301/90 3116/90
f 3116/89 2922/89 3115/89
f 3116/117 3302/117 3117/117
f 3117/117 2923/117 3116/117
f 2924/100 3303/100 3122/100
f 3304/7 3305/7 3306/7
f 2924/106 3306/106 3303/106
f 2924/100 3117/100 3307/100
f 3308/100 3309/100 3310/100
f 2924/100 3307/100 3308/100
f 2924/100 3304/100 3306/100
f 3308/100 3310/100 3311/100
f 2924/100 3311/100 3304/100
f 2924/100 3308/100 3311/100
f 3122/22 3312/22 3313/22
f 3313/22 3123/22 3122/22
f 3314/22 3125/22 2929/22
f 2929/22 3118/22 3314/22
f 3125/22 3315/22 3126/22
f 3316/7 3317/7 3315/7
f 3128/22 3127/22 3318/22
f 3318/7 3316/7 3315/7
f 3125/22 3319/22 3315/22
f 3319/32 3134/32 3129/32
f 3129/7 3320/7 3321/7
f 3321/22 3128/22 3318/22
f 3319/22 3318/22 3315/22
f 3319/22 3129/22 3321/22
f 3319/22 3321/22 3318/22
f 3134/22 3322/22 3135/22
f 3135/22 2942/22 3134/22
f 3323/128 3136/128 2943/128
f 2943/128 3135/128 3323/128
f 2944/22 3136/22 3324/22
f 3324/22 3137/22 2944/22
f 3325/270 3138/270 2945/270
f 2945/271 3137/271 3325/271
f 2946/272 3138/272 3326/272
f 3326/273 3327/273 2946/273
f 2948/274 2946/274 3328/274
f 3139/275 2948/275 3328/275
f 3329/22 3141/22 2949/22
f 2949/22 3140/22 3329/22
f 2950/106 3141/106 3330/106
f 3330/106 3142/106 2950/106
f 3331/22 3143/22 2951/22
f 2951/22 3142/22 3331/22
f 2952/100 3143/100 3332/100
f 3332/100 3144/100 2952/100
f 3145/22 2953/22 3144/22
f 3144/22 3333/22 3145/22
f 3014/100 3199/100 3146/100
f 3146/100 2957/100 3014/100
f 3147/16 2955/16 3146/16
f 3146/16 3334/16 3147/16
f 3147/9 3335/9 3148/9
f 3148/9 2958/9 3147/9
f 3336/16 3149/16 2959/16
f 2959/16 3148/16 3336/16
f 2960/9 3149/9 3245/9
f 3245/9 3063/9 2960/9
f 3150/22 3329/22 3140/22
f 3140/32 2962/32 3150/32
f 3150/9 2963/9 3151/9
f 3151/9 3337/9 3150/9
f 3152/32 3338/32 3151/32
f 3151/32 2964/32 3152/32
f 3152/9 2965/9 3145/9
f 3145/9 3333/9 3152/9
f 2968/276 3139/276 3339/276
f 2971/277 3156/277 3340/277
f 3340/277 3153/277 2971/277
f 3153/212 3341/212 3154/212
f 3154/212 2969/212 3153/212
f 2970/16 3154/16 3342/16
f 3342/16 3155/16 2970/16
f 2973/16 3343/16 3156/16
f 2973/16 3157/16 3344/16
f 3157/16 2974/16 3158/16
f 3158/16 3345/16 3157/16
f 2975/64 3159/64 3346/64
f 3346/64 3158/64 2975/64
f 3159/16 2982/16 3168/16
f 3168/16 3347/16 3159/16
f 3161/278 3348/278 3162/278
f 3162/279 2976/279 3161/279
f 3349/280 3163/280 2977/280
f 2977/281 3162/281 3349/281
f 2978/22 3163/22 3350/22
f 3350/22 3164/22 2978/22
f 2979/32 3164/32 3351/32
f 3351/22 3165/22 2979/22
f 2980/22 3165/22 3352/22
f 3352/22 3166/22 2980/22
f 2981/22 3166/22 3353/22
f 3353/22 3167/22 2981/22
f 3354/282 3168/282 3167/282
f 3167/283 3355/283 3354/283
f 2985/149 3064/149 2984/149
f 2984/149 3169/149 2985/149
f 3202/100 3356/100 3357/100
f 3358/7 3359/7 3360/7
f 3202/100 3360/100 3356/100
f 3017/100 3171/100 3361/100
f 3202/100 3017/100 3360/100
f 3362/7 3358/7 3360/7
f 3017/100 3361/100 3362/100
f 3017/100 3362/100 3360/100
f 3363/59 3364/59 3177/59
f 3177/59 3176/59 3363/59
f 3365/59 3366/59 3171/59
f 3171/59 3170/59 3365/59
f 3187/7 3367/7 3368/7
f 3180/59 3179/59 3367/59
f 3369/7 3370/7 3371/7
f 3371/59 3180/59 3367/59
f 3187/59 3186/59 3367/59
f 3186/59 3372/59 3373/59
f 3373/7 3369/7 3371/7
f 3186/59 3371/59 3367/59
f 3186/59 3373/59 3371/59
f 3003/59 3191/59 3374/59
f 3374/59 3186/59 3003/59
f 3375/220 3191/220 3008/220
f 3008/284 3192/284 3375/284
f 3009/64 3193/64 3376/64
f 3376/64 3192/64 3009/64
f 3377/285 3193/285 3010/285
f 3010/265 3194/265 3377/265
f 3195/9 3378/9 3379/9
f 3379/9 3194/9 3195/9
f 3155/286 3342/286 3380/286
f 3380/287 3196/287 3155/287
f 3012/288 3196/288 3381/288
f 3381/289 3382/289 3012/289
f 3197/16 3383/16 3378/16
f 3378/16 3195/16 3197/16
f 3197/290 3012/290 3382/290
f 3382/291 3384/291 3197/291
f 3015/100 3200/100 3385/100
f 3385/100 3198/100 3015/100
f 3386/16 3199/16 3013/16
f 3013/16 3198/16 3386/16
f 3387/16 3200/16 3016/16
f 3016/16 3201/16 3387/16
f 3061/100 3244/100 3388/100
f 3388/100 3201/100 3061/100
f 3018/246 3202/246 3389/246
f 3389/246 3203/246 3018/246
f 3019/269 3203/269 3390/269
f 3390/269 3204/269 3019/269
f 3205/59 3020/59 3204/59
f 3204/59 3391/59 3205/59
f 3206/18 3021/18 3205/18
f 3205/18 3392/18 3206/18
f 3207/9 3022/9 3206/9
f 3206/9 3393/9 3207/9
f 3208/9 3024/9 3207/9
f 3207/9 3394/9 3208/9
f 3208/9 3243/9 3060/9
f 3395/9 3396/9 3397/9
f 3208/18 3397/18 3243/18
f 3208/9 3395/9 3397/9
f 3065/149 3027/149 3215/149
f 3215/149 3246/149 3065/149
f 3210/64 3398/64 3399/64
f 3210/59 3209/59 3400/59
f 3210/59 3401/59 3398/59
f 3210/59 3400/59 3402/59
f 3210/59 3402/59 3401/59
f 3215/59 3214/59 3403/59
f 3403/59 3404/59 3215/59
f 3405/59 3406/59 3407/59
f 3217/64 3216/64 3408/64
f 3405/59 3407/59 3409/59
f 3216/64 3410/64 3408/64
f 3405/59 3409/59 3410/59
f 3216/59 3405/59 3410/59
f 3228/59 3411/59 3412/59
f 3238/59 3413/59 3411/59
f 3221/59 3050/59 3238/59
f 3228/64 3227/64 3414/64
f 3415/59 3221/59 3238/59
f 3228/59 3414/59 3416/59
f 3416/59 3415/59 3238/59
f 3228/59 3238/59 3411/59
f 3228/59 3416/59 3238/59
f 3236/59 3052/59 3242/59
f 3242/59 3417/59 3236/59
f 3238/59 3237/59 3418/59
f 3418/59 3419/59 3238/59
f 3420/64 3421/64 3242/64
f 3242/64 3241/64 3420/64
f 3244/16 3062/16 3245/16
f 3245/16 3422/16 3244/16
f 3247/149 3246/149 3423/149
f 3423/149 3424/149 3247/149
f 3425/149 3426/149 3427/149
f 3251/149 3250/149 3428/149
f 3425/149 3427/149 3429/149
f 3250/149 3429/149 3428/149
f 3250/180 3425/180 3429/180
f 3249/180 3430/180 3431/180
f 3249/149 3248/149 3432/149
f 3249/149 3433/149 3430/149
f 3249/149 3432/149 3434/149
f 3249/149 3434/149 3433/149
f 3267/149 3435/149 3436/149
f 3437/149 3438/149 3435/149
f 3259/149 3439/149 3440/149
f 3440/149 3437/149 3435/149
f 3267/149 3266/149 3435/149
f 3441/149 3260/149 3259/149
f 3266/149 3442/149 3435/149
f 3443/149 3441/149 3259/149
f 3442/180 3443/180 3435/180
f 3259/180 3440/180 3435/180
f 3443/180 3259/180 3435/180
f 3279/149 3278/149 3444/149
f 3272/149 3271/149 3445/149
f 3279/149 3444/149 3445/149
f 3446/149 3447/149 3279/149
f 3271/149 3448/149 3446/149
f 3271/180 3279/180 3445/180
f 3271/149 3446/149 3279/149
f 3279/149 3449/149 3450/149
f 3450/149 3280/149 3279/149
f 3451/149 3452/149 3286/149
f 3286/149 3285/149 3451/149
f 3453/149 3293/149 3105/149
f 3105/149 3292/149 3453/149
f 3296/18 3293/18 3454/18
f 3455/9 3294/9 3293/9
f 3108/9 3295/9 3456/9
f 3296/9 3455/9 3293/9
f 3296/9 3108/9 3456/9
f 3296/9 3456/9 3455/9
f 3296/9 3457/9 3297/9
f 3297/9 3109/9 3296/9
f 3297/9 3458/9 3298/9
f 3298/9 3112/9 3297/9
f 3298/18 3459/18 3299/18
f 3299/9 3113/9 3298/9
f 3299/22 3460/22 3300/22
f 3300/22 3114/22 3299/22
f 3300/90 3461/90 3301/90
f 3301/89 3115/89 3300/89
f 3301/99 3462/99 3302/99
f 3302/105 3116/105 3301/105
f 3117/100 3463/100 3307/100
f 3464/7 3465/7 3463/7
f 3466/100 3467/100 3464/100
f 3468/7 3469/7 3470/7
f 3470/100 3466/100 3464/100
f 3117/100 3464/100 3463/100
f 3117/100 3302/100 3468/100
f 3468/7 3470/7 3464/7
f 3117/100 3468/100 3464/100
f 3471/22 3472/22 3310/22
f 3310/22 3309/22 3471/22
f 3473/22 3312/22 3122/22
f 3122/22 3303/22 3473/22
f 3312/22 3474/22 3313/22
f 3475/7 3476/7 3474/7
f 3125/22 3314/22 3477/22
f 3477/7 3475/7 3474/7
f 3312/22 3478/22 3474/22
f 3319/32 3125/32 3477/32
f 3478/22 3319/22 3474/22
f 3319/22 3477/22 3474/22
f 3319/22 3479/22 3322/22
f 3322/22 3134/22 3319/22
f 3323/128 3135/128 3322/128
f 3322/128 3480/128 3323/128
f 3136/22 3323/22 3481/22
f 3481/22 3324/22 3136/22
f 3482/292 3325/292 3137/292
f 3137/293 3324/293 3482/293
f 3138/294 3325/294 3483/294
f 3483/295 3326/295 3138/295
f 3328/296 2946/296 3327/296
f 3327/297 3484/297 3328/297
f 3326/298 3485/298 3327/298
f 3486/299 3487/299 3485/299
f 3326/300 3483/300 3486/300
f 3326/301 3486/301 3485/301
f 3488/302 3139/302 3328/302
f 3141/303 3329/303 3489/303
f 3489/303 3330/303 3141/303
f 3490/22 3331/22 3142/22
f 3142/22 3330/22 3490/22
f 3143/100 3331/100 3491/100
f 3491/100 3332/100 3143/100
f 3333/22 3144/22 3332/22
f 3332/22 3492/22 3333/22
f 3334/16 3146/16 3199/16
f 3199/16 3386/16 3334/16
f 3334/18 3493/18 3335/18
f 3335/18 3147/18 3334/18
f 3336/16 3148/16 3335/16
f 3335/16 3494/16 3336/16
f 3149/9 3336/9 3422/9
f 3422/9 3245/9 3149/9
f 3329/9 3150/9 3337/9
f 3337/9 3489/9 3329/9
f 3338/22 3495/22 3337/22
f 3337/32 3151/32 3338/32
f 3338/9 3152/9 3333/9
f 3333/9 3492/9 3338/9
f 2968/304 3339/304 3496/304
f 3496/305 3160/305 2968/305
f 3339/306 3139/306 3497/306
f 3340/16 3156/16 3498/16
f 3153/100 3340/100 3499/100
f 3499/100 3341/100 3153/100
f 3341/200 3500/200 3342/200
f 3342/200 3154/200 3341/200
f 2973/16 3501/16 3343/16
f 3156/307 3343/307 3502/307
f 3502/307 3503/307 3156/307
f 2973/27 3344/27 3504/27
f 3344/308 3157/308 3505/308
f 3505/309 3506/309 3344/309
f 3157/59 3345/59 3507/59
f 3507/59 3505/59 3157/59
f 3345/16 3158/16 3346/16
f 3346/16 3508/16 3345/16
f 3159/59 3347/59 3509/59
f 3509/59 3346/59 3159/59
f 3510/282 3347/282 3168/282
f 3168/282 3354/282 3510/282
f 3160/310 3511/310 3512/310
f 3512/311 3161/311 3160/311
f 3161/312 3512/312 3513/312
f 3513/313 3348/313 3161/313
f 3349/314 3162/314 3348/314
f 3348/315 3514/315 3349/315
f 3163/22 3349/22 3515/22
f 3515/22 3350/22 3163/22
f 3164/32 3350/32 3516/32
f 3516/22 3351/22 3164/22
f 3165/22 3351/22 3517/22
f 3517/22 3352/22 3165/22
f 3166/22 3352/22 3518/22
f 3518/22 3353/22 3166/22
f 3355/316 3167/316 3353/316
f 3353/317 3519/317 3355/317
f 3354/16 3355/16 3520/16
f 3520/16 3521/16 3354/16
f 3389/106 3522/106 3523/106
f 3524/100 3525/100 3526/100
f 3389/100 3526/100 3522/100
f 3202/100 3357/100 3527/100
f 3389/100 3202/100 3526/100
f 3528/100 3524/100 3526/100
f 3529/7 3530/7 3528/7
f 3202/100 3527/100 3531/100
f 3531/7 3529/7 3528/7
f 3202/100 3528/100 3526/100
f 3202/100 3531/100 3528/100
f 3171/59 3366/59 3532/59
f 3532/59 3361/59 3171/59
f 3533/59 3534/59 3357/59
f 3357/59 3356/59 3533/59
f 3364/59 3363/59 3535/59
f 3373/59 3372/59 3535/59
f 3536/64 3366/64 3365/64
f 3372/59 3536/59 3535/59
f 3537/59 3364/59 3535/59
f 3538/7 3539/7 3537/7
f 3536/59 3365/59 3540/59
f 3540/7 3538/7 3537/7
f 3536/59 3537/59 3535/59
f 3536/59 3540/59 3537/59
f 3186/59 3374/59 3541/59
f 3541/59 3372/59 3186/59
f 3542/244 3374/244 3191/244
f 3191/284 3375/284 3542/284
f 3192/64 3376/64 3543/64
f 3543/64 3375/64 3192/64
f 3544/265 3376/265 3193/265
f 3193/318 3377/318 3544/318
f 3194/9 3379/9 3545/9
f 3545/9 3377/9 3194/9
f 3546/59 3379/59 3378/59
f 3378/59 3547/59 3546/59
f 3500/190 3548/190 3380/190
f 3380/319 3342/319 3500/319
f 3380/320 3549/320 3381/320
f 3381/321 3196/321 3380/321
f 3382/322 3381/322 3550/322
f 3550/323 3551/323 3382/323
f 3384/182 3552/182 3383/182
f 3383/182 3197/182 3384/182
f 3547/59 3378/59 3383/59
f 3383/59 3553/59 3547/59
f 3384/324 3382/324 3551/324
f 3551/325 3554/325 3384/325
f 3555/16 3385/16 3200/16
f 3200/16 3387/16 3555/16
f 3198/22 3385/22 3556/22
f 3556/22 3386/22 3198/22
f 3201/100 3388/100 3557/100
f 3557/100 3387/100 3201/100
f 3244/16 3422/16 3558/16
f 3558/16 3388/16 3244/16
f 3203/246 3389/246 3559/246
f 3559/246 3390/246 3203/246
f 3391/269 3204/269 3390/269
f 3390/269 3560/269 3391/269
f 3392/59 3205/59 3391/59
f 3391/59 3561/59 3392/59
f 3393/18 3206/18 3392/18
f 3392/18 3562/18 3393/18
f 3394/18 3207/18 3393/18
f 3393/18 3563/18 3394/18
f 3395/9 3208/9 3394/9
f 3394/9 3564/9 3395/9
f 3395/9 3565/9 3396/9
f 3421/9 3420/9 3565/9
f 3395/9 3566/9 3421/9
f 3395/9 3421/9 3565/9
f 3246/149 3215/149 3404/149
f 3404/149 3423/149 3246/149
f 3567/59 3568/59 3569/59
f 3399/64 3398/64 3569/64
f 3570/59 3567/59 3569/59
f 3398/59 3571/59 3569/59
f 3572/64 3570/64 3569/64
f 3571/59 3572/59 3569/59
f 3404/59 3403/59 3573/59
f 3573/59 3574/59 3404/59
f 3575/59 3576/59 3577/59
f 3406/59 3405/59 3578/59
f 3575/59 3577/59 3578/59
f 3579/59 3580/59 3575/59
f 3405/59 3581/59 3579/59
f 3405/59 3575/59 3578/59
f 3405/64 3579/64 3575/64
f 3413/59 3238/59 3419/59
f 3419/59 3582/59 3413/59
f 3417/59 3242/59 3421/59
f 3421/59 3583/59 3417/59
f 3419/59 3418/59 3584/59
f 3584/59 3585/59 3419/59
f 3424/149 3423/149 3586/149
f 3586/149 3587/149 3424/149
f 3588/149 3589/149 3590/149
f 3426/149 3425/149 3591/149
f 3588/149 3590/149 3592/149
f 3425/149 3593/149 3591/149
f 3588/149 3592/149 3593/149
f 3425/149 3588/149 3593/149
f 3594/149 3595/149 3596/149
f 3431/180 3430/180 3596/180
f 3597/149 3594/149 3596/149
f 3430/149 3598/149 3596/149
f 3599/180 3597/180 3596/180
f 3598/149 3599/149 3596/149
f 3438/149 3437/149 3600/149
f 3600/149 3601/149 3438/149
f 3279/149 3447/149 3602/149
f 3602/149 3449/149 3279/149
f 3449/180 3603/180 3604/180
f 3604/180 3450/180 3449/180
f 3605/149 3606/149 3452/149
f 3452/149 3451/149 3605/149
f 3454/9 3607/9 3608/9
f 3293/9 3453/9 3609/9
f 3454/9 3609/9 3607/9
f 3454/9 3293/9 3609/9
f 3454/18 3610/18 3457/18
f 3457/9 3296/9 3454/9
f 3457/9 3611/9 3458/9
f 3458/9 3297/9 3457/9
f 3458/18 3612/18 3459/18
f 3459/9 3298/9 3458/9
f 3459/32 3613/32 3460/32
f 3460/32 3299/32 3459/32
f 3460/104 3614/104 3461/104
f 3461/90 3300/90 3460/90
f 3461/117 3615/117 3462/117
f 3462/105 3301/105 3461/105
f 3302/100 3616/100 3468/100
f 3617/100 3618/100 3619/100
f 3302/100 3619/100 3616/100
f 3302/100 3462/100 3620/100
f 3620/7 3621/7 3622/7
f 3622/100 3623/100 3624/100
f 3625/7 3626/7 3627/7
f 3622/100 3624/100 3625/100
f 3302/100 3620/100 3622/100
f 3628/100 3617/100 3619/100
f 3302/100 3622/100 3625/100
f 3302/100 3628/100 3619/100
f 3625/7 3627/7 3628/7
f 3302/100 3625/100 3628/100
f 3629/22 3630/22 3467/22
f 3467/22 3466/22 3629/22
f 3472/22 3471/22 3631/22
f 3632/22 3633/22 3631/22
f 3478/32 3312/32 3473/32
f 3633/22 3478/22 3631/22
f 3634/22 3472/22 3631/22
f 3635/7 3636/7 3634/7
f 3478/22 3473/22 3637/22
f 3637/7 3635/7 3634/7
f 3478/22 3634/22 3631/22
f 3478/22 3637/22 3634/22
f 3478/22 3638/22 3479/22
f 3479/22 3319/22 3478/22
f 3480/128 3322/128 3479/128
f 3479/128 3639/128 3480/128
f 3480/22 3640/22 3641/22
f 3641/22 3323/22 3480/22
f 3323/22 3642/22 3481/22
f 3643/326 3482/326 3324/326
f 3324/327 3481/327 3643/327
f 3325/328 3482/328 3486/328
f 3486/329 3483/329 3325/329
f 3644/330 3328/330 3484/330
f 3484/331 3645/331 3644/331
f 3645/332 3484/332 3327/332
f 3488/333 3328/333 3646/333
f 3646/334 3647/334 3488/334
f 3497/335 3139/335 3488/335
f 3648/22 3490/22 3330/22
f 3330/22 3489/22 3648/22
f 3331/100 3490/100 3649/100
f 3649/100 3491/100 3331/100
f 3492/22 3332/22 3491/22
f 3491/22 3650/22 3492/22
f 3386/9 3556/9 3493/9
f 3493/9 3334/9 3386/9
f 3494/16 3335/16 3493/16
f 3493/16 3651/16 3494/16
f 3494/9 3558/9 3422/9
f 3422/9 3336/9 3494/9
f 3495/22 3648/22 3489/22
f 3489/22 3337/22 3495/22
f 3495/9 3338/9 3492/9
f 3492/9 3650/9 3495/9
f 3339/336 3497/336 3652/336
f 3652/337 3496/337 3339/337
f 3160/338 3496/338 3653/338
f 3653/338 3511/338 3160/338
f 3340/16 3498/16 3654/16
f 3156/339 3503/339 3655/339
f 3655/339 3498/339 3156/339
f 3340/16 3656/16 3657/16
f 3657/16 3499/16 3340/16
f 3341/22 3499/22 3657/22
f 3657/22 3658/22 3341/22
f 3341/16 3658/16 3659/16
f 3659/16 3500/16 3341/16
f 2973/16 3660/16 3501/16
f 3501/340 3661/340 3502/340
f 3502/341 3343/341 3501/341
f 3503/16 3502/16 3662/16
f 3662/16 3663/16 3503/16
f 2973/16 3504/16 3664/16
f 3344/342 3506/342 3665/342
f 3665/343 3504/343 3344/343
f 3506/16 3505/16 3666/16
f 3666/16 3667/16 3506/16
f 3345/59 3508/59 3668/59
f 3668/59 3507/59 3345/59
f 3505/16 3507/16 3669/16
f 3669/16 3666/16 3505/16
f 3508/16 3346/16 3509/16
f 3509/16 3670/16 3508/16
f 3509/59 3347/59 3510/59
f 3510/59 3671/59 3509/59
f 3510/16 3354/16 3521/16
f 3521/16 3672/16 3510/16
f 3512/344 3511/344 3673/344
f 3673/345 3674/345 3512/345
f 3349/22 3514/22 3675/22
f 3675/22 3515/22 3349/22
f 3350/32 3515/32 3676/32
f 3676/22 3516/22 3350/22
f 3514/346 3348/346 3513/346
f 3513/347 3677/347 3514/347
f 3351/22 3516/22 3678/22
f 3678/22 3517/22 3351/22
f 3352/22 3517/22 3679/22
f 3679/22 3518/22 3352/22
f 3519/348 3353/348 3518/348
f 3518/349 3680/349 3519/349
f 3355/22 3519/22 3681/22
f 3681/22 3520/22 3355/22
f 3521/350 3520/350 3682/350
f 3559/100 3683/100 3684/100
f 3685/100 3686/100 3687/100
f 3559/100 3687/100 3683/100
f 3559/100 3389/100 3523/100
f 3523/7 3688/7 3689/7
f 3689/100 3685/100 3687/100
f 3559/100 3523/100 3687/100
f 3523/7 3689/7 3687/7
f 3357/59 3534/59 3690/59
f 3690/59 3527/59 3357/59
f 3691/59 3692/59 3525/59
f 3525/59 3524/59 3691/59
f 3366/59 3693/59 3532/59
f 3694/7 3695/7 3693/7
f 3534/59 3533/59 3696/59
f 3696/7 3694/7 3693/7
f 3366/59 3536/59 3693/59
f 3697/64 3534/64 3696/64
f 3536/59 3697/59 3693/59
f 3697/59 3696/59 3693/59
f 3372/59 3541/59 3698/59
f 3698/59 3536/59 3372/59
f 3699/220 3541/220 3374/220
f 3374/220 3542/220 3699/220
f 3375/64 3543/64 3700/64
f 3700/64 3542/64 3375/64
f 3701/318 3543/318 3376/318
f 3376/265 3544/265 3701/265
f 3377/9 3545/9 3702/9
f 3702/9 3544/9 3377/9
f 3703/59 3545/59 3379/59
f 3379/59 3546/59 3703/59
f 3547/100 3704/100 3705/100
f 3705/100 3546/100 3547/100
f 3500/16 3659/16 3706/16
f 3706/16 3548/16 3500/16
f 3707/351 3549/351 3380/351
f 3380/352 3548/352 3707/352
f 3549/353 3708/353 3550/353
f 3550/354 3381/354 3549/354
f 3551/355 3550/355 3709/355
f 3709/356 3710/356 3551/356
f 3554/100 3711/100 3552/100
f 3552/100 3384/100 3554/100
f 3553/59 3383/59 3552/59
f 3552/59 3712/59 3553/59
f 3553/149 3713/149 3704/149
f 3704/149 3547/149 3553/149
f 3554/357 3551/357 3710/357
f 3710/358 3714/358 3554/358
f 3387/100 3557/100 3715/100
f 3715/100 3555/100 3387/100
f 3716/16 3556/16 3385/16
f 3385/16 3555/16 3716/16
f 3388/16 3558/16 3717/16
f 3717/16 3557/16 3388/16
f 3560/246 3390/246 3559/246
f 3559/246 3718/246 3560/246
f 3561/269 3391/269 3560/269
f 3560/269 3719/269 3561/269
f 3562/59 3392/59 3561/59
f 3561/59 3720/59 3562/59
f 3563/9 3393/9 3562/9
f 3562/9 3721/9 3563/9
f 3564/9 3394/9 3563/9
f 3563/9 3722/9 3564/9
f 3566/9 3395/9 3564/9
f 3564/9 3723/9 3566/9
f 3724/9 3583/9 3421/9
f 3566/9 3725/9 3585/9
f 3566/9 3724/9 3421/9
f 3585/9 3584/9 3726/9
f 3566/18 3726/18 3724/18
f 3566/9 3585/9 3726/9
f 3423/149 3404/149 3574/149
f 3574/149 3586/149 3423/149
f 3569/59 3727/59 3728/59
f 3575/59 3729/59 3727/59
f 3730/59 3576/59 3575/59
f 3569/64 3568/64 3730/64
f 3569/64 3575/64 3727/64
f 3569/64 3730/64 3575/64
f 3574/59 3731/59 3732/59
f 3573/59 3733/59 3734/59
f 3574/59 3734/59 3731/59
f 3574/59 3573/59 3734/59
f 3735/59 3736/59 3575/59
f 3575/59 3580/59 3735/59
f 3582/59 3419/59 3585/59
f 3585/59 3737/59 3582/59
f 3587/149 3738/149 3739/149
f 3740/149 3741/149 3738/149
f 3587/149 3586/149 3740/149
f 3587/149 3740/149 3738/149
f 3596/149 3742/149 3743/149
f 3744/149 3745/149 3742/149
f 3588/149 3746/149 3747/149
f 3747/149 3744/149 3742/149
f 3596/149 3595/149 3742/149
f 3748/149 3589/149 3588/149
f 3595/149 3749/149 3742/149
f 3750/149 3748/149 3588/149
f 3749/149 3750/149 3742/149
f 3588/149 3747/149 3742/149
f 3750/149 3588/149 3742/149
f 3601/149 3600/149 3751/149
f 3751/149 3752/149 3601/149
f 3449/149 3602/149 3753/149
f 3753/149 3603/149 3449/149
f 3604/9 3603/9 3754/9
f 3608/9 3607/9 3754/9
f 3755/9 3606/9 3605/9
f 3607/9 3755/9 3754/9
f 3756/9 3604/9 3754/9
f 3755/9 3605/9 3757/9
f 3757/18 3756/18 3754/18
f 3755/18 3757/18 3754/18
f 3608/9 3758/9 3610/9
f 3610/9 3454/9 3608/9
f 3610/9 3759/9 3611/9
f 3611/18 3457/18 3610/18
f 3611/9 3760/9 3612/9
f 3612/9 3458/9 3611/9
f 3612/32 3761/32 3613/32
f 3613/32 3459/32 3612/32
f 3613/90 3762/90 3614/90
f 3614/89 3460/89 3613/89
f 3614/113 3763/113 3615/113
f 3615/112 3461/112 3614/112
f 3462/100 3764/100 3620/100
f 3765/100 3766/100 3767/100
f 3462/100 3767/100 3764/100
f 3462/100 3615/100 3768/100
f 3768/7 3769/7 3770/7
f 3770/100 3771/100 3772/100
f 3773/7 3774/7 3775/7
f 3770/100 3772/100 3773/100
f 3462/100 3768/100 3770/100
f 3776/100 3765/100 3767/100
f 3462/100 3770/100 3773/100
f 3462/100 3776/100 3767/100
f 3773/7 3775/7 3776/7
f 3462/100 3773/100 3776/100
f 3777/22 3778/22 3624/22
f 3624/22 3623/22 3777/22
f 3779/22 3780/22 3618/22
f 3618/22 3617/22 3779/22
f 3781/7 3782/7 3783/7
f 3630/22 3629/22 3782/22
f 3784/7 3785/7 3786/7
f 3786/22 3630/22 3782/22
f 3781/22 3787/22 3782/22
f 3787/22 3633/22 3632/22
f 3632/7 3784/7 3786/7
f 3787/22 3786/22 3782/22
f 3787/32 3632/32 3786/32
f 3633/22 3788/22 3638/22
f 3638/22 3478/22 3633/22
f 3639/151 3479/151 3638/151
f 3638/151 3789/151 3639/151
f 3639/22 3790/22 3640/22
f 3640/22 3480/22 3639/22
f 3791/327 3641/327 3640/327
f 3640/359 3792/359 3791/359
f 3323/22 3641/22 3642/22
f 3642/22 3793/22 3481/22
f 3794/360 3643/360 3481/360
f 3481/361 3793/361 3794/361
f 3482/362 3643/362 3487/362
f 3487/363 3486/363 3482/363
f 3795/364 3644/364 3645/364
f 3645/365 3796/365 3795/365
f 3328/366 3644/366 3797/366
f 3797/367 3646/367 3328/367
f 3796/368 3645/368 3327/368
f 3327/369 3485/369 3798/369
f 3497/370 3488/370 3647/370
f 3647/371 3652/371 3497/371
f 3647/372 3646/372 3799/372
f 3799/372 3800/372 3647/372
f 3490/373 3648/373 3801/373
f 3801/373 3649/373 3490/373
f 3650/22 3491/22 3649/22
f 3649/22 3801/22 3650/22
f 3651/27 3493/27 3556/27
f 3556/16 3716/16 3651/16
f 3651/9 3717/9 3558/9
f 3558/9 3494/9 3651/9
f 3648/18 3495/18 3650/18
f 3650/18 3801/18 3648/18
f 3496/374 3652/374 3802/374
f 3802/374 3653/374 3496/374
f 3653/22 3803/22 3673/22
f 3673/22 3511/22 3653/22
f 3340/16 3654/16 3804/16
f 3654/375 3498/375 3655/375
f 3655/376 3805/376 3654/376
f 3503/16 3663/16 3806/16
f 3806/16 3655/16 3503/16
f 3340/16 3807/16 3656/16
f 3656/16 3808/16 3809/16
f 3809/16 3657/16 3656/16
f 3658/22 3657/22 3809/22
f 3809/22 3810/22 3658/22
f 3658/16 3810/16 3811/16
f 3811/16 3659/16 3658/16
f 2973/16 3812/16 3660/16
f 3501/377 3660/377 3813/377
f 3813/378 3661/378 3501/378
f 3502/16 3661/16 3814/16
f 3814/16 3662/16 3502/16
f 3663/379 3662/379 3815/379
f 3815/379 3816/379 3663/379
f 2973/16 3664/16 3817/16
f 3664/380 3504/380 3665/380
f 3665/381 3818/381 3664/381
f 3665/16 3506/16 3667/16
f 3667/16 3819/16 3665/16
f 3667/382 3666/382 3820/382
f 3820/383 3821/383 3667/383
f 3668/59 3508/59 3670/59
f 3670/59 3822/59 3668/59
f 3507/16 3668/16 3823/16
f 3823/16 3669/16 3507/16
f 3666/59 3669/59 3824/59
f 3824/59 3820/59 3666/59
f 3670/16 3509/16 3671/16
f 3671/16 3825/16 3670/16
f 3671/59 3510/59 3672/59
f 3672/59 3826/59 3671/59
f 3672/384 3521/384 3682/384
f 3674/385 3827/385 3513/385
f 3513/386 3512/386 3674/386
f 3675/387 3514/387 3677/387
f 3677/387 3828/387 3675/387
f 3515/22 3675/22 3829/22
f 3829/22 3676/22 3515/22
f 3516/22 3676/22 3830/22
f 3830/22 3678/22 3516/22
f 3517/22 3678/22 3831/22
f 3831/22 3679/22 3517/22
f 3680/388 3518/388 3679/388
f 3679/389 3832/389 3680/389
f 3519/22 3680/22 3833/22
f 3833/22 3681/22 3519/22
f 3520/390 3681/390 3682/390
f 3559/100 3834/100 3718/100
f 3835/7 3836/7 3834/7
f 3837/100 3838/100 3835/100
f 3684/7 3839/7 3840/7
f 3840/100 3837/100 3835/100
f 3559/100 3835/100 3834/100
f 3559/100 3684/100 3840/100
f 3559/100 3840/100 3835/100
f 3841/59 3842/59 3686/59
f 3686/59 3685/59 3841/59
f 3534/59 3843/59 3690/59
f 3844/7 3845/7 3843/7
f 3692/59 3691/59 3846/59
f 3846/7 3844/7 3843/7
f 3534/59 3697/59 3843/59
f 3697/64 3847/64 3848/64
f 3848/7 3849/7 3850/7
f 3850/59 3692/59 3846/59
f 3697/59 3846/59 3843/59
f 3697/59 3848/59 3850/59
f 3697/59 3850/59 3846/59
f 3536/59 3698/59 3851/59
f 3851/59 3697/59 3536/59
f 3852/220 3698/220 3541/220
f 3541/220 3699/220 3852/220
f 3542/59 3700/59 3853/59
f 3853/59 3699/59 3542/59
f 3854/318 3700/318 3543/318
f 3543/318 3701/318 3854/318
f 3544/9 3702/9 3855/9
f 3855/9 3701/9 3544/9
f 3856/59 3702/59 3545/59
f 3545/59 3703/59 3856/59
f 3546/100 3705/100 3857/100
f 3857/100 3703/100 3546/100
f 3858/59 3705/59 3704/59
f 3704/59 3859/59 3858/59
f 3659/16 3811/16 3860/16
f 3860/16 3706/16 3659/16
f 3548/59 3706/59 3861/59
f 3861/59 3707/59 3548/59
f 3862/391 3708/391 3549/391
f 3549/392 3707/392 3862/392
f 3708/393 3863/393 3709/393
f 3709/394 3550/394 3708/394
f 3710/395 3709/395 3864/395
f 3864/396 3865/396 3710/396
f 3714/100 3866/100 3711/100
f 3711/100 3554/100 3714/100
f 3712/59 3552/59 3711/59
f 3711/59 3867/59 3712/59
f 3712/209 3868/209 3713/209
f 3713/209 3553/209 3712/209
f 3859/59 3704/59 3713/59
f 3713/59 3869/59 3859/59
f 3714/397 3710/397 3865/397
f 3865/398 3870/398 3714/398
f 3557/16 3717/16 3871/16
f 3871/16 3715/16 3557/16
f 3555/22 3715/22 3871/22
f 3871/22 3716/22 3555/22
f 3719/246 3560/246 3718/246
f 3718/246 3872/246 3719/246
f 3720/247 3561/247 3719/247
f 3719/247 3873/247 3720/247
f 3721/59 3562/59 3720/59
f 3720/59 3874/59 3721/59
f 3722/18 3563/18 3721/18
f 3721/18 3875/18 3722/18
f 3723/9 3564/9 3722/9
f 3722/9 3876/9 3723/9
f 3725/9 3566/9 3723/9
f 3723/9 3877/9 3725/9
f 3725/9 3737/9 3585/9
f 3878/9 3879/9 3880/9
f 3725/9 3880/9 3737/9
f 3725/18 3878/18 3880/18
f 3586/149 3574/149 3732/149
f 3732/149 3740/149 3586/149
f 3729/59 3575/59 3736/59
f 3736/59 3881/59 3729/59
f 3732/59 3731/59 3882/59
f 3882/59 3883/59 3732/59
f 3884/64 3885/64 3736/64
f 3736/64 3735/64 3884/64
f 3741/149 3740/149 3886/149
f 3886/149 3887/149 3741/149
f 3745/149 3744/149 3888/149
f 3888/149 3889/149 3745/149
f 3890/9 3891/9 3892/9
f 3752/9 3751/9 3891/9
f 3603/9 3753/9 3893/9
f 3894/9 3752/9 3891/9
f 3754/9 3603/9 3893/9
f 3893/7 3894/7 3891/7
f 3890/9 3754/9 3891/9
f 3754/9 3893/9 3891/9
f 3754/9 3895/9 3758/9
f 3758/9 3608/9 3754/9
f 3758/9 3896/9 3759/9
f 3759/9 3610/9 3758/9
f 3759/9 3897/9 3760/9
f 3760/9 3611/9 3759/9
f 3760/149 3898/149 3761/149
f 3761/149 3612/149 3760/149
f 3761/90 3899/90 3762/90
f 3762/89 3613/89 3761/89
f 3762/99 3900/99 3763/99
f 3763/105 3614/105 3762/105
f 3615/106 3901/106 3768/106
f 3902/100 3903/100 3904/100
f 3615/100 3904/100 3901/100
f 3615/100 3763/100 3905/100
f 3905/7 3906/7 3907/7
f 3907/100 3908/100 3909/100
f 3909/100 3910/100 3911/100
f 3911/7 3912/7 3913/7
f 3914/100 3902/100 3904/100
f 3911/7 3913/7 3914/7
f 3907/100 3909/100 3911/100
f 3615/100 3905/100 3907/100
f 3615/100 3914/100 3904/100
f 3907/7 3911/7 3914/7
f 3615/100 3907/100 3914/100
f 3915/22 3916/22 3772/22
f 3772/22 3771/22 3915/22
f 3917/22 3918/22 3766/22
f 3766/22 3765/22 3917/22
f 3919/7 3920/7 3921/7
f 3778/22 3777/22 3920/22
f 3922/7 3923/7 3924/7
f 3924/22 3778/22 3920/22
f 3919/22 3925/22 3920/22
f 3925/22 3787/22 3781/22
f 3781/7 3926/7 3927/7
f 3927/22 3780/22 3779/22
f 3928/7 3922/7 3924/7
f 3927/22 3779/22 3928/22
f 3925/22 3781/22 3927/22
f 3925/22 3924/22 3920/22
f 3927/7 3928/7 3924/7
f 3925/22 3927/22 3924/22
f 3787/22 3929/22 3788/22
f 3788/22 3633/22 3787/22
f 3789/128 3638/128 3788/128
f 3788/128 3930/128 3789/128
f 3789/22 3931/22 3790/22
f 3790/22 3639/22 3789/22
f 3792/293 3640/293 3790/293
f 3790/399 3932/399 3792/399
f 3792/400 3933/400 3934/400
f 3934/401 3791/401 3792/401
f 3935/402 3936/402 3641/402
f 3641/403 3791/403 3935/403
f 3642/22 3641/22 3936/22
f 3642/22 3937/22 3793/22
f 3794/404 3793/404 3938/404
f 3938/405 3939/405 3794/405
f 3643/406 3794/406 3940/406
f 3940/407 3487/407 3643/407
f 3941/408 3795/408 3796/408
f 3796/409 3942/409 3941/409
f 3644/410 3795/410 3943/410
f 3943/411 3797/411 3644/411
f 3646/412 3797/412 3944/412
f 3944/412 3799/412 3646/412
f 3942/413 3796/413 3327/413
f 3327/414 3798/414 3945/414
f 3946/415 3947/415 3798/415
f 3798/416 3485/416 3946/416
f 3652/417 3647/417 3800/417
f 3800/417 3802/417 3652/417
f 3799/22 3948/22 3949/22
f 3949/32 3800/32 3799/32
f 3716/9 3871/9 3717/9
f 3717/9 3651/9 3716/9
f 3802/32 3950/32 3803/32
f 3803/22 3653/22 3802/22
f 3803/418 3951/418 3952/418
f 3952/418 3673/418 3803/418
f 3340/16 3804/16 3953/16
f 3654/419 3805/419 3954/419
f 3954/420 3804/420 3654/420
f 3655/16 3806/16 3955/16
f 3955/16 3805/16 3655/16
f 3663/421 3816/421 3956/421
f 3956/421 3806/421 3663/421
f 3340/27 3957/27 3807/27
f 3807/422 3958/422 3959/422
f 3959/423 3656/423 3807/423
f 3656/22 3959/22 3960/22
f 3960/22 3808/22 3656/22
f 3808/16 3961/16 3962/16
f 3962/16 3809/16 3808/16
f 3810/32 3809/32 3962/32
f 3962/32 3963/32 3810/32
f 3810/27 3963/27 3964/27
f 3964/16 3811/16 3810/16
f 2973/27 3965/27 3812/27
f 3812/424 3966/424 3813/424
f 3813/424 3660/424 3812/424
f 3661/16 3813/16 3967/16
f 3967/16 3814/16 3661/16
f 3814/425 3968/425 3815/425
f 3815/426 3662/426 3814/426
f 3816/427 3815/427 3969/427
f 3969/428 3970/428 3816/428
f 2973/16 3817/16 3971/16
f 3664/429 3818/429 3972/429
f 3972/430 3817/430 3664/430
f 3818/16 3665/16 3819/16
f 3819/16 3973/16 3818/16
f 3667/431 3821/431 3974/431
f 3974/432 3819/432 3667/432
f 3821/433 3820/433 3975/433
f 3975/433 3976/433 3821/433
f 3668/16 3822/16 3977/16
f 3977/16 3823/16 3668/16
f 3822/59 3670/59 3825/59
f 3825/59 3978/59 3822/59
f 3669/59 3823/59 3979/59
f 3979/59 3824/59 3669/59
f 3820/59 3824/59 3980/59
f 3980/59 3975/59 3820/59
f 3825/16 3671/16 3826/16
f 3826/16 3981/16 3825/16
f 3826/434 3672/434 3682/434
f 3673/435 3952/435 3982/435
f 3982/436 3674/436 3673/436
f 3827/437 3674/437 3982/437
f 3982/438 3983/438 3827/438
f 3513/439 3827/439 3984/439
f 3984/440 3677/440 3513/440
f 3829/441 3675/441 3828/441
f 3828/441 3985/441 3829/441
f 3677/22 3984/22 3986/22
f 3986/22 3828/22 3677/22
f 3676/22 3829/22 3987/22
f 3987/22 3830/22 3676/22
f 3678/22 3830/22 3988/22
f 3988/22 3831/22 3678/22
f 3832/442 3679/442 3831/442
f 3831/443 3989/443 3832/443
f 3680/22 3832/22 3990/22
f 3990/22 3833/22 3680/22
f 3681/390 3833/390 3682/390
f 3838/59 3837/59 3991/59
f 3991/59 3992/59 3838/59
f 3993/100 3994/100 3872/100
f 3718/100 3834/100 3872/100
f 3834/7 3995/7 3996/7
f 3996/100 3997/100 3998/100
f 3999/7 4000/7 4001/7
f 3996/100 3998/100 3999/100
f 3834/106 3996/106 3872/106
f 4002/100 3993/100 3872/100
f 3999/7 4001/7 4002/7
f 3996/100 3999/100 3872/100
f 3999/100 4002/100 3872/100
f 3848/7 4003/7 4004/7
f 3842/59 3841/59 4003/59
f 4005/7 4006/7 4007/7
f 4007/59 3842/59 4003/59
f 3848/64 3847/64 4003/64
f 3847/64 4008/64 4005/64
f 4005/7 4007/7 4003/7
f 3847/59 4005/59 4003/59
f 3697/59 3851/59 4009/59
f 4009/59 3847/59 3697/59
f 4010/264 3851/264 3698/264
f 3698/264 3852/264 4010/264
f 3699/59 3853/59 4011/59
f 4011/59 3852/59 3699/59
f 3853/444 3700/444 4012/444
f 4012/445 4013/445 3853/445
f 3701/9 3855/9 4014/9
f 4014/9 3854/9 3701/9
f 4012/446 3700/446 3854/446
f 3854/447 4015/447 4012/447
f 4016/59 3855/59 3702/59
f 3702/59 3856/59 4016/59
f 3703/100 3857/100 4017/100
f 4017/100 3856/100 3703/100
f 4018/59 3857/59 3705/59
f 3705/59 3858/59 4018/59
f 3859/100 4019/100 4020/100
f 4020/100 3858/100 3859/100
f 3811/27 3964/27 4021/27
f 4021/27 3860/27 3811/27
f 3706/59 3860/59 4022/59
f 4022/59 3861/59 3706/59
f 3707/59 3861/59 4023/59
f 4023/59 3862/59 3707/59
f 4024/448 3863/448 3708/448
f 3708/449 3862/449 4024/449
f 3863/450 4025/450 3864/450
f 3864/451 3709/451 3863/451
f 3865/452 3864/452 4026/452
f 4026/453 4027/453 3865/453
f 3870/233 4028/233 3866/233
f 3866/233 3714/233 3870/233
f 3867/59 3711/59 3866/59
f 3866/59 4029/59 3867/59
f 3867/9 4030/9 3868/9
f 3868/9 3712/9 3867/9
f 3869/64 3713/64 3868/64
f 3868/59 4031/59 3869/59
f 3869/149 4032/149 4019/149
f 4019/149 3859/149 3869/149
f 3870/454 3865/454 4027/454
f 4027/455 4033/455 3870/455
f 3873/157 3719/157 3872/157
f 3872/157 4034/157 3873/157
f 3874/158 3720/158 3873/158
f 3873/158 4035/158 3874/158
f 3875/59 3721/59 3874/59
f 3874/59 4036/59 3875/59
f 3876/9 3722/9 3875/9
f 3875/18 4037/18 3876/18
f 3877/9 3723/9 3876/9
f 3876/18 4038/18 3877/18
f 3878/9 3725/9 3877/9
f 3877/9 4039/9 3878/9
f 3878/9 4040/9 3879/9
f 3885/9 3884/9 4040/9
f 3878/18 4041/18 3885/18
f 3878/9 3885/9 4040/9
f 3740/149 3732/149 3883/149
f 3883/149 3886/149 3740/149
f 3881/59 3736/59 3885/59
f 3885/59 4042/59 3881/59
f 3883/59 3882/59 4043/59
f 4043/59 4044/59 3883/59
f 3887/149 3886/149 4045/149
f 4045/149 4046/149 3887/149
f 3889/149 3888/149 4047/149
f 4047/149 4048/149 3889/149
f 4049/9 4050/9 3890/9
f 3890/9 3892/9 4049/9
f 3754/9 3890/9 4051/9
f 4051/9 3895/9 3754/9
f 3895/9 4052/9 3896/9
f 3896/9 3758/9 3895/9
f 3896/9 4053/9 3897/9
f 3897/9 3759/9 3896/9
f 3897/149 4054/149 3898/149
f 3898/149 3760/149 3897/149
f 3898/456 4055/456 3899/456
f 3899/457 3761/457 3898/457
f 3899/99 4056/99 3900/99
f 3900/98 3762/98 3899/98
f 3763/106 4057/106 3905/106
f 4058/100 4059/100 4060/100
f 3763/100 4060/100 4057/100
f 3763/100 3900/100 4061/100
f 4061/7 4062/7 4063/7
f 4063/100 4064/100 4065/100
f 4065/106 4066/106 4067/106
f 4067/7 4068/7 4069/7
f 4070/100 4058/100 4060/100
f 4067/7 4069/7 4070/7
f 4063/100 4065/100 4067/100
f 3763/100 4061/100 4063/100
f 3763/100 4070/100 4060/100
f 4063/7 4067/7 4070/7
f 3763/100 4063/100 4070/100
f 4071/100 3909/100 3908/100
f 3909/22 4072/22 4073/22
f 4073/22 3910/22 3909/22
f 4074/22 4075/22 3903/22
f 3903/22 3902/22 4074/22
f 4076/7 4077/7 4078/7
f 3916/22 3915/22 4077/22
f 4079/7 4080/7 4081/7
f 4081/22 3916/22 4077/22
f 4076/22 4082/22 4077/22
f 4082/22 3925/22 3919/22
f 3919/7 4083/7 4084/7
f 4084/22 3918/22 3917/22
f 4085/7 4079/7 4081/7
f 4084/22 3917/22 4085/22
f 4082/22 3919/22 4084/22
f 4082/22 4081/22 4077/22
f 4084/7 4085/7 4081/7
f 4082/22 4084/22 4081/22
f 3925/22 4086/22 3929/22
f 3929/22 3787/22 3925/22
f 3930/128 3788/128 3929/128
f 3929/128 4087/128 3930/128
f 3930/22 4088/22 3931/22
f 3931/22 3789/22 3930/22
f 3932/271 3790/271 3931/271
f 3931/458 4089/458 3932/458
f 3932/459 4090/459 3933/459
f 3933/460 3792/460 3932/460
f 3791/461 3934/461 4091/461
f 4091/462 3935/462 3791/462
f 3935/463 4092/463 4093/463
f 4093/464 3936/464 3935/464
f 3642/22 3936/22 3937/22
f 3937/22 4094/22 4095/22
f 4095/22 3793/22 3937/22
f 3939/465 4096/465 3940/465
f 3940/466 3794/466 3939/466
f 3487/467 3940/467 4096/467
f 3487/468 4097/468 3485/468
f 4098/469 3941/469 3942/469
f 3942/470 4099/470 4098/470
f 3795/471 3941/471 4100/471
f 4100/472 3943/472 3795/472
f 3797/473 3943/473 4101/473
f 4101/473 3944/473 3797/473
f 3944/22 4102/22 3948/22
f 3948/32 3799/32 3944/32
f 4099/474 3942/474 3327/474
f 3327/475 3945/475 4103/475
f 3947/476 4104/476 3945/476
f 3945/477 3798/477 3947/477
f 3946/478 3485/478 4097/478
f 4097/479 4105/479 3946/479
f 3947/480 3946/480 4106/480
f 4106/481 4107/481 3947/481
f 3800/32 3949/32 3950/32
f 3950/22 3802/22 3800/22
f 3948/482 4108/482 4109/482
f 4109/482 3949/482 3948/482
f 3950/483 4110/483 3951/483
f 3951/483 3803/483 3950/483
f 3951/22 4111/22 4112/22
f 4112/22 3952/22 3951/22
f 3340/27 3953/27 4113/27
f 3953/484 3804/484 3954/484
f 3954/484 4114/484 3953/484
f 3805/16 3955/16 4115/16
f 4115/16 3954/16 3805/16
f 3955/485 3806/485 3956/485
f 3956/486 4116/486 3955/486
f 3816/487 3970/487 4117/487
f 4117/488 3956/488 3816/488
f 3340/16 4118/16 3957/16
f 3807/489 3957/489 4119/489
f 4119/490 3958/490 3807/490
f 3958/16 4120/16 4121/16
f 4121/16 3959/16 3958/16
f 3959/16 4121/16 4122/16
f 4122/16 3960/16 3959/16
f 3808/22 3960/22 4123/22
f 4123/22 3961/22 3808/22
f 3961/16 4124/16 4125/16
f 4125/16 3962/16 3961/16
f 3963/22 3962/22 4125/22
f 4125/22 4126/22 3963/22
f 3963/16 4126/16 4127/16
f 4127/16 3964/16 3963/16
f 2973/16 4128/16 3965/16
f 3812/491 3965/491 4129/491
f 4129/491 3966/491 3812/491
f 3813/16 3966/16 4130/16
f 4130/16 3967/16 3813/16
f 3814/492 3967/492 4131/492
f 4131/493 3968/493 3814/493
f 3968/494 4132/494 3969/494
f 3969/495 3815/495 3968/495
f 3970/496 3969/496 4133/496
f 4133/496 4134/496 3970/496
f 2973/16 3971/16 4135/16
f 3971/497 3817/497 3972/497
f 3972/498 4136/498 3971/498
f 3972/16 3818/16 3973/16
f 3973/16 4137/16 3972/16
f 3973/499 3819/499 3974/499
f 3974/500 4138/500 3973/500
f 3821/501 3976/501 4139/501
f 4139/501 3974/501 3821/501
f 3976/502 3975/502 4140/502
f 4140/502 4141/502 3976/502
f 3977/16 3822/16 3978/16
f 3978/16 4142/16 3977/16
f 3979/59 3823/59 3977/59
f 3977/59 4143/59 3979/59
f 3978/59 3825/59 3981/59
f 3981/59 4144/59 3978/59
f 3824/59 3979/59 4145/59
f 4145/59 3980/59 3824/59
f 3975/59 3980/59 4146/59
f 4146/59 4140/59 3975/59
f 3981/503 3826/503 3682/503
f 3952/504 4112/504 4147/504
f 4147/505 3982/505 3952/505
f 3827/506 3983/506 4148/506
f 4148/507 3984/507 3827/507
f 3987/508 3829/508 3985/508
f 3985/508 4149/508 3987/508
f 3828/22 3986/22 4150/22
f 4150/22 3985/22 3828/22
f 3984/509 4148/509 4151/509
f 4151/509 3986/509 3984/509
f 3830/22 3987/22 4152/22
f 4152/22 3988/22 3830/22
f 3989/510 3831/510 3988/510
f 3988/511 4153/511 3989/511
f 3832/22 3989/22 4154/22
f 4154/22 3990/22 3832/22
f 3833/512 3990/512 3682/512
f 4155/7 4156/7 4157/7
f 3992/59 3991/59 4157/59
f 4158/7 4159/7 4005/7
f 3991/59 4158/59 4157/59
f 4160/59 4155/59 4157/59
f 4005/64 4008/64 4160/64
f 4158/7 4005/7 4157/7
f 4005/59 4160/59 4157/59
f 3998/59 3997/59 4161/59
f 4161/59 4162/59 3998/59
f 3994/59 3993/59 4163/59
f 4163/59 4164/59 3994/59
f 4165/100 4166/100 4034/100
f 3872/100 3994/100 4167/100
f 4168/100 4165/100 4034/100
f 3872/100 4167/100 4169/100
f 3872/100 4168/100 4034/100
f 4170/7 4171/7 4168/7
f 3872/100 4169/100 4170/100
f 3872/100 4170/100 4168/100
f 3847/59 4009/59 4172/59
f 4172/59 4008/59 3847/59
f 4173/220 4009/220 3851/220
f 3851/220 4010/220 4173/220
f 3852/59 4011/59 4174/59
f 4174/59 4010/59 3852/59
f 4175/513 4011/513 3853/513
f 3853/514 4013/514 4175/514
f 4176/59 4014/59 3855/59
f 3855/59 4016/59 4176/59
f 3854/253 4014/253 4177/253
f 4177/253 4033/253 3854/253
f 4015/515 4013/515 4012/515
f 4015/516 3854/516 4033/516
f 4033/517 4178/517 4015/517
f 3856/106 4017/106 4179/106
f 4179/106 4016/106 3856/106
f 4180/64 4017/64 3857/64
f 3857/59 4018/59 4180/59
f 3858/100 4020/100 4181/100
f 4181/100 4018/100 3858/100
f 4032/59 4182/59 4020/59
f 4020/59 4019/59 4032/59
f 3964/27 4127/27 4183/27
f 4183/27 4021/27 3964/27
f 3860/59 4021/59 4184/59
f 4184/59 4022/59 3860/59
f 3861/59 4022/59 4185/59
f 4185/59 4023/59 3861/59
f 3862/59 4023/59 4186/59
f 4186/59 4024/59 3862/59
f 4187/518 4025/518 3863/518
f 3863/519 4024/519 4187/519
f 4025/520 4188/520 4026/520
f 4026/521 3864/521 4025/521
f 4026/522 4189/522 4190/522
f 4190/523 4027/523 4026/523
f 4033/100 4177/100 4028/100
f 4028/100 3870/100 4033/100
f 4029/59 3866/59 4028/59
f 4028/59 4191/59 4029/59
f 4029/9 4192/9 4030/9
f 4030/9 3867/9 4029/9
f 4031/59 3868/59 4030/59
f 4030/64 4193/64 4031/64
f 4031/254 4182/254 4032/254
f 4032/254 3869/254 4031/254
f 4178/524 4033/524 4027/524
f 4035/246 3873/246 4034/246
f 4034/246 4194/246 4035/246
f 4036/158 3874/158 4035/158
f 4035/158 4195/158 4036/158
f 4037/64 3875/64 4036/64
f 4036/64 4196/64 4037/64
f 4038/9 3876/9 4037/9
f 4037/18 4197/18 4038/18
f 4039/9 3877/9 4038/9
f 4038/18 4198/18 4039/18
f 4041/9 3878/9 4039/9
f 4039/9 4199/9 4041/9
f 4200/9 4042/9 3885/9
f 4201/9 4044/9 4043/9
f 4041/9 4200/9 3885/9
f 4201/9 4043/9 4202/9
f 4041/9 4201/9 4200/9
f 4201/9 4202/9 4200/9
f 3886/149 3883/149 4044/149
f 4044/149 4045/149 3886/149
f 4203/9 4046/9 4045/9
f 4048/9 4047/9 4204/9
f 4203/18 4205/18 4046/18
f 4206/9 4048/9 4204/9
f 4203/9 4204/9 4205/9
f 4203/9 4050/9 4049/9
f 4049/7 4206/7 4204/7
f 4203/9 4049/9 4204/9
f 3890/9 4050/9 4207/9
f 4207/9 4051/9 3890/9
f 3895/9 4051/9 4208/9
f 4208/9 4052/9 3895/9
f 4052/9 4209/9 4053/9
f 4053/9 3896/9 4052/9
f 4053/149 4210/149 4054/149
f 4054/149 3897/149 4053/149
f 4054/457 4211/457 4055/457
f 4055/525 3898/525 4054/525
f 4055/526 4212/526 4056/526
f 4056/527 3899/527 4055/527
f 3900/100 4213/100 4061/100
f 4214/100 4215/100 4216/100
f 3900/100 4216/100 4213/100
f 4056/106 4217/106 4218/106
f 3900/100 4056/100 4216/100
f 4219/100 4214/100 4216/100
f 4220/7 4221/7 4219/7
f 4056/100 4218/100 4222/100
f 4222/7 4220/7 4219/7
f 4056/100 4219/100 4216/100
f 4056/100 4222/100 4219/100
f 4223/100 4065/100 4064/100
f 4065/32 4224/32 4225/32
f 4225/32 4066/32 4065/32
f 4226/22 4227/22 4059/22
f 4059/22 4058/22 4226/22
f 4228/32 4072/32 3909/32
f 3909/32 4071/32 4228/32
f 4072/22 4229/22 4073/22
f 4230/7 4231/7 4229/7
f 4075/22 4074/22 4232/22
f 4232/7 4230/7 4229/7
f 4072/22 4233/22 4229/22
f 4233/22 4082/22 4076/22
f 4076/7 4234/7 4235/7
f 4235/22 4075/22 4232/22
f 4233/32 4232/32 4229/32
f 4233/22 4076/22 4235/22
f 4233/22 4235/22 4232/22
f 4082/22 4236/22 4086/22
f 4086/22 3925/22 4082/22
f 4087/139 3929/139 4086/139
f 4086/163 4237/163 4087/163
f 4087/22 4238/22 4088/22
f 4088/22 3930/22 4087/22
f 4089/249 3931/249 4088/249
f 4088/528 4239/528 4089/528
f 4089/529 4240/529 4090/529
f 4090/530 3932/530 4089/530
f 3934/531 4241/531 4242/531
f 3934/532 4243/532 4091/532
f 4091/533 4243/533 4092/533
f 4092/534 3935/534 4091/534
f 3937/22 3936/22 4244/22
f 4244/22 4094/22 3937/22
f 4094/22 4245/22 4246/22
f 4246/22 4095/22 4094/22
f 4247/535 4248/535 3793/535
f 3793/535 4095/535 4247/535
f 4105/536 3939/536 3938/536
f 3938/537 4249/537 4105/537
f 3938/538 3793/538 4248/538
f 4248/538 4250/538 3938/538
f 4096/539 3939/539 4105/539
f 4105/540 4097/540 4096/540
f 3487/541 4096/541 4097/541
f 4251/542 4098/542 4099/542
f 4099/543 4252/543 4251/543
f 3941/544 4098/544 4253/544
f 4253/545 4100/545 3941/545
f 3943/546 4100/546 4254/546
f 4254/546 4101/546 3943/546
f 4101/32 4255/32 4102/32
f 4102/32 3944/32 4101/32
f 4102/547 4256/547 4108/547
f 4108/547 3948/547 4102/547
f 4252/548 4099/548 3327/548
f 3327/549 4103/549 4257/549
f 4104/550 4258/550 4103/550
f 4103/551 3945/551 4104/551
f 4104/552 3947/552 4107/552
f 4107/553 4259/553 4104/553
f 3946/554 4105/554 4249/554
f 4249/555 4106/555 3946/555
f 4107/556 4106/556 4260/556
f 4260/556 4261/556 4107/556
f 3949/557 4109/557 4110/557
f 4110/557 3950/557 3949/557
f 4108/32 4262/32 4263/32
f 4263/32 4109/32 4108/32
f 4110/22 4264/22 4111/22
f 4111/22 3951/22 4110/22
f 4111/558 4265/558 4266/558
f 4266/559 4112/559 4111/559
f 3340/16 4113/16 4267/16
f 3953/560 4114/560 4268/560
f 4268/560 4113/560 3953/560
f 3954/16 4115/16 4269/16
f 4269/16 4114/16 3954/16
f 3955/561 4116/561 4270/561
f 4270/562 4115/562 3955/562
f 4116/563 3956/563 4117/563
f 4117/564 4271/564 4116/564
f 3970/565 4134/565 4272/565
f 4272/565 4117/565 3970/565
f 3340/16 4273/16 4118/16
f 4118/566 4274/566 4119/566
f 4119/567 3957/567 4118/567
f 4119/16 4275/16 4120/16
f 4120/16 3958/16 4119/16
f 4120/568 4276/568 4277/568
f 4277/569 4121/569 4120/569
f 4121/22 4277/22 4278/22
f 4278/22 4122/22 4121/22
f 3960/16 4122/16 4279/16
f 4279/16 4123/16 3960/16
f 4123/22 4280/22 4124/22
f 4124/22 3961/22 4123/22
f 4124/16 4281/16 4282/16
f 4282/16 4125/16 4124/16
f 4125/22 4282/22 4283/22
f 4283/22 4126/22 4125/22
f 4283/282 4284/282 4127/282
f 4127/282 4126/282 4283/282
f 2973/27 4285/27 4128/27
f 4128/570 4286/570 4129/570
f 4129/570 3965/570 4128/570
f 3966/16 4129/16 4287/16
f 4287/16 4130/16 3966/16
f 4130/571 4288/571 4131/571
f 4131/572 3967/572 4130/572
f 3968/573 4131/573 4289/573
f 4289/574 4132/574 3968/574
f 4132/575 4290/575 4133/575
f 4133/494 3969/494 4132/494
f 4134/428 4133/428 4291/428
f 4291/428 4292/428 4134/428
f 2973/16 4135/16 4293/16
f 4135/576 3971/576 4136/576
f 4136/577 4294/577 4135/577
f 4136/16 3972/16 4137/16
f 4137/16 4295/16 4136/16
f 3973/578 4138/578 4296/578
f 4296/579 4137/579 3973/579
f 4138/580 3974/580 4139/580
f 4139/580 4297/580 4138/580
f 3976/581 4141/581 4298/581
f 4298/581 4139/581 3976/581
f 4141/502 4140/502 4299/502
f 4299/502 4300/502 4141/502
f 4143/59 3977/59 4142/59
f 4142/59 4301/59 4143/59
f 4142/27 3978/27 4144/27
f 4144/27 4302/27 4142/27
f 4145/59 3979/59 4143/59
f 4143/59 4303/59 4145/59
f 4144/582 3981/582 3682/582
f 3980/59 4145/59 4304/59
f 4304/59 4146/59 3980/59
f 4140/59 4146/59 4305/59
f 4305/59 4299/59 4140/59
f 4112/583 4266/583 4306/583
f 4306/584 4147/584 4112/584
f 4147/585 4307/585 3983/585
f 3983/586 3982/586 4147/586
f 4152/180 3987/180 4149/180
f 4149/180 4308/180 4152/180
f 3985/22 4150/22 4309/22
f 4309/22 4149/22 3985/22
f 3986/587 4151/587 4310/587
f 4310/587 4150/587 3986/587
f 4148/22 4311/22 4312/22
f 4312/22 4151/22 4148/22
f 4153/588 3988/588 4152/588
f 4152/589 4313/589 4153/589
f 3989/22 4153/22 4314/22
f 4314/22 4154/22 3989/22
f 3990/590 4154/590 3682/590
f 4160/59 4008/59 4172/59
f 4172/59 4315/59 4160/59
f 4155/64 4160/64 4316/64
f 4164/59 4163/59 4316/59
f 4317/7 4318/7 4319/7
f 4163/59 4317/59 4316/59
f 4320/64 4155/64 4316/64
f 4162/59 4161/59 4321/59
f 4321/59 4320/59 4316/59
f 4317/59 4319/59 4316/59
f 4322/59 4162/59 4321/59
f 4319/59 4322/59 4316/59
f 4322/59 4321/59 4316/59
f 4167/59 3994/59 4164/59
f 4164/59 4323/59 4167/59
f 4166/59 4165/59 4324/59
f 4324/59 4325/59 4166/59
f 4034/100 4326/100 4194/100
f 4327/100 4328/100 4329/100
f 4034/100 4329/100 4326/100
f 4034/100 4166/100 4330/100
f 4331/7 4332/7 4333/7
f 4034/106 4330/106 4331/106
f 4334/100 4327/100 4329/100
f 4034/100 4331/100 4333/100
f 4034/100 4334/100 4329/100
f 4034/100 4333/100 4334/100
f 4335/220 4172/220 4009/220
f 4009/220 4173/220 4335/220
f 4010/59 4174/59 4336/59
f 4336/59 4173/59 4010/59
f 4337/591 4174/591 4011/591
f 4011/592 4175/592 4337/592
f 4013/593 4338/593 4339/593
f 4339/594 4175/594 4013/594
f 4016/106 4179/106 4340/106
f 4340/106 4176/106 4016/106
f 4341/59 4177/59 4014/59
f 4014/59 4176/59 4341/59
f 4015/595 4342/595 4013/595
f 4178/596 4342/596 4015/596
f 4343/59 4179/59 4017/59
f 4017/59 4180/59 4343/59
f 4018/100 4181/100 4344/100
f 4344/100 4180/100 4018/100
f 4182/59 4345/59 4181/59
f 4181/59 4020/59 4182/59
f 4284/283 4346/283 4183/283
f 4183/282 4127/282 4284/282
f 4021/59 4183/59 4347/59
f 4347/59 4184/59 4021/59
f 4022/59 4184/59 4348/59
f 4348/59 4185/59 4022/59
f 4023/59 4185/59 4349/59
f 4349/64 4186/64 4023/64
f 4024/59 4186/59 4350/59
f 4350/59 4187/59 4024/59
f 4351/597 4188/597 4025/597
f 4025/598 4187/598 4351/598
f 4188/599 4352/599 4189/599
f 4189/600 4026/600 4188/600
f 4191/64 4028/64 4177/64
f 4177/59 4341/59 4191/59
f 4191/9 4353/9 4192/9
f 4192/9 4029/9 4191/9
f 4193/64 4030/64 4192/64
f 4192/64 4354/64 4193/64
f 4193/9 4345/9 4182/9
f 4182/9 4031/9 4193/9
f 4027/601 4355/601 4178/601
f 4195/191 4035/191 4194/191
f 4194/191 4356/191 4195/191
f 4196/131 4036/131 4195/131
f 4195/130 4357/130 4196/130
f 4197/64 4037/64 4196/64
f 4196/64 4358/64 4197/64
f 4198/9 4038/9 4197/9
f 4197/9 4359/9 4198/9
f 4199/18 4039/18 4198/18
f 4198/9 4360/9 4199/9
f 4201/9 4041/9 4199/9
f 4199/9 4361/9 4201/9
f 4201/9 4203/9 4045/9
f 4045/9 4044/9 4201/9
f 4050/9 4203/9 4362/9
f 4362/18 4207/18 4050/18
f 4051/9 4207/9 4363/9
f 4363/9 4208/9 4051/9
f 4052/9 4208/9 4364/9
f 4364/9 4209/9 4052/9
f 4209/149 4365/149 4210/149
f 4210/149 4053/149 4209/149
f 4210/525 4366/525 4211/525
f 4211/602 4054/602 4210/602
f 4211/526 4367/526 4212/526
f 4212/603 4055/603 4211/603
f 4056/100 4368/100 4217/100
f 4212/100 4369/100 4370/100
f 4056/100 4370/100 4368/100
f 4056/100 4212/100 4370/100
f 4217/22 4371/22 4372/22
f 4372/22 4218/22 4217/22
f 4373/22 4374/22 4215/22
f 4215/22 4214/22 4373/22
f 4375/22 4224/22 4065/22
f 4065/22 4223/22 4375/22
f 4224/22 4376/22 4225/22
f 4377/7 4378/7 4376/7
f 4227/22 4226/22 4379/22
f 4379/7 4377/7 4376/7
f 4224/32 4380/32 4376/32
f 4233/22 4072/22 4228/22
f 4380/22 4233/22 4376/22
f 4381/22 4227/22 4379/22
f 4233/32 4379/32 4376/32
f 4233/22 4228/22 4382/22
f 4382/7 4383/7 4384/7
f 4384/7 4381/7 4379/7
f 4233/22 4382/22 4379/22
f 4382/7 4384/7 4379/7
f 4233/22 4385/22 4236/22
f 4236/22 4082/22 4233/22
f 4237/128 4086/128 4236/128
f 4236/163 4386/163 4237/163
f 4237/32 4387/32 4238/32
f 4238/32 4087/32 4237/32
f 4088/230 4238/230 4388/230
f 4388/604 4239/604 4088/604
f 4239/605 4389/605 4240/605
f 4240/606 4089/606 4239/606
f 4240/607 3933/607 4090/607
f 4241/608 3934/608 3933/608
f 4240/609 4389/609 4241/609
f 4240/610 4241/610 3933/610
f 3934/611 4242/611 4243/611
f 4242/612 4241/612 4390/612
f 4390/613 4391/613 4242/613
f 4243/614 4242/614 4391/614
f 4391/615 4092/615 4243/615
f 4391/616 4392/616 4093/616
f 4093/617 4092/617 4391/617
f 4093/618 4393/618 4394/618
f 4394/618 3936/618 4093/618
f 4395/619 4244/619 3936/619
f 3936/619 4394/619 4395/619
f 4094/22 4244/22 4396/22
f 4396/22 4245/22 4094/22
f 4397/620 4398/620 4246/620
f 4246/621 4245/621 4397/621
f 4398/622 4399/622 4095/622
f 4095/622 4246/622 4398/622
f 4399/7 4247/7 4095/7
f 4248/22 4247/22 4400/22
f 4400/22 4250/22 4248/22
f 4249/623 3938/623 4250/623
f 4250/623 4401/623 4249/623
f 4402/624 4251/624 4252/624
f 4252/625 4403/625 4402/625
f 4098/626 4251/626 4404/626
f 4404/627 4253/627 4098/627
f 4100/628 4253/628 4405/628
f 4405/628 4254/628 4100/628
f 4254/22 4406/22 4255/22
f 4255/32 4101/32 4254/32
f 4255/629 4407/629 4256/629
f 4256/629 4102/629 4255/629
f 4256/22 4408/22 4262/22
f 4262/22 4108/22 4256/22
f 4403/630 4252/630 3327/630
f 4257/631 4409/631 3327/631
f 4258/632 4410/632 4257/632
f 4257/633 4103/633 4258/633
f 4258/634 4104/634 4259/634
f 4259/635 4411/635 4258/635
f 4259/636 4107/636 4261/636
f 4261/636 4412/636 4259/636
f 4106/637 4249/637 4401/637
f 4401/637 4260/637 4106/637
f 4260/22 4413/22 4414/22
f 4414/32 4261/32 4260/32
f 4109/22 4263/22 4264/22
f 4264/22 4110/22 4109/22
f 4262/638 4415/638 4416/638
f 4416/639 4263/639 4262/639
f 4264/640 4417/640 4265/640
f 4265/641 4111/641 4264/641
f 4265/642 4418/642 4419/642
f 4419/643 4266/643 4265/643
f 3340/27 4267/27 4420/27
f 4267/644 4113/644 4268/644
f 4268/644 4421/644 4267/644
f 4114/16 4269/16 4422/16
f 4422/16 4268/16 4114/16
f 4269/645 4115/645 4270/645
f 4270/646 4423/646 4269/646
f 4116/647 4271/647 4424/647
f 4424/648 4270/648 4116/648
f 4271/564 4117/564 4272/564
f 4272/649 4425/649 4271/649
f 4134/487 4292/487 4426/487
f 4426/487 4272/487 4134/487
f 3340/16 4427/16 4273/16
f 4118/650 4273/650 4428/650
f 4428/651 4274/651 4118/651
f 4274/16 4429/16 4275/16
f 4275/16 4119/16 4274/16
f 4120/652 4275/652 4430/652
f 4430/653 4276/653 4120/653
f 4276/654 4431/654 4432/654
f 4432/654 4277/654 4276/654
f 4277/22 4432/22 4433/22
f 4433/22 4278/22 4277/22
f 4122/22 4278/22 4434/22
f 4434/22 4279/22 4122/22
f 4123/16 4279/16 4435/16
f 4435/16 4280/16 4123/16
f 4280/22 4436/22 4281/22
f 4281/22 4124/22 4280/22
f 4281/16 4437/16 4438/16
f 4438/16 4282/16 4281/16
f 4282/22 4438/22 4439/22
f 4439/22 4283/22 4282/22
f 4283/16 4439/16 4440/16
f 4440/16 4284/16 4283/16
f 2973/16 4441/16 4285/16
f 4128/655 4285/655 4442/655
f 4442/655 4286/655 4128/655
f 4129/16 4286/16 4443/16
f 4443/16 4287/16 4129/16
f 4130/656 4287/656 4444/656
f 4444/657 4288/657 4130/657
f 4288/658 4445/658 4289/658
f 4289/658 4131/658 4288/658
f 4132/574 4289/574 4446/574
f 4446/659 4290/659 4132/659
f 4290/660 4447/660 4291/660
f 4291/660 4133/660 4290/660
f 4448/428 4449/428 4292/428
f 4292/428 4291/428 4448/428
f 2973/16 4293/16 4450/16
f 4135/661 4294/661 4451/661
f 4451/662 4293/662 4135/662
f 4294/16 4136/16 4295/16
f 4295/16 4452/16 4294/16
f 4295/663 4137/663 4296/663
f 4296/663 4453/663 4295/663
f 4138/664 4297/664 4454/664
f 4454/664 4296/664 4138/664
f 4297/580 4139/580 4298/580
f 4298/665 4455/665 4297/665
f 4141/666 4300/666 4456/666
f 4456/666 4298/666 4141/666
f 4457/502 4458/502 4300/502
f 4300/502 4299/502 4457/502
f 4303/59 4143/59 4301/59
f 4301/59 4459/59 4303/59
f 4301/59 4142/59 4302/59
f 4302/59 4460/59 4301/59
f 4302/667 4144/667 3682/667
f 4304/59 4145/59 4303/59
f 4303/59 4461/59 4304/59
f 4146/59 4304/59 4462/59
f 4462/59 4305/59 4146/59
f 4463/59 4457/59 4299/59
f 4299/59 4305/59 4463/59
f 4266/668 4419/668 4464/668
f 4464/669 4306/669 4266/669
f 4306/670 4465/670 4307/670
f 4307/671 4147/671 4306/671
f 3983/672 4307/672 4311/672
f 4311/673 4148/673 3983/673
f 4313/674 4152/674 4308/674
f 4308/675 4466/675 4313/675
f 4149/22 4309/22 4467/22
f 4467/22 4308/22 4149/22
f 4150/676 4310/676 4468/676
f 4468/676 4309/676 4150/676
f 4151/22 4312/22 4469/22
f 4469/22 4310/22 4151/22
f 4311/677 4470/677 4471/677
f 4471/678 4312/678 4311/678
f 4153/22 4313/22 4472/22
f 4472/22 4314/22 4153/22
f 4154/679 4314/679 3682/679
f 4316/59 4160/59 4315/59
f 4315/59 4473/59 4316/59
f 4335/220 4474/220 4315/220
f 4315/220 4172/220 4335/220
f 4323/64 4164/64 4316/64
f 4325/59 4324/59 4475/59
f 4476/59 4323/59 4316/59
f 4324/59 4477/59 4475/59
f 4476/59 4316/59 4475/59
f 4478/7 4479/7 4476/7
f 4477/59 4478/59 4475/59
f 4478/59 4476/59 4475/59
f 4330/59 4166/59 4325/59
f 4325/59 4480/59 4330/59
f 4328/59 4327/59 4481/59
f 4481/59 4482/59 4328/59
f 4194/100 4483/100 4356/100
f 4484/7 4485/7 4483/7
f 4486/100 4487/100 4484/100
f 4488/7 4489/7 4490/7
f 4490/100 4486/100 4484/100
f 4194/100 4484/100 4483/100
f 4194/100 4326/100 4488/100
f 4488/7 4490/7 4484/7
f 4194/100 4488/100 4484/100
f 4173/59 4336/59 4491/59
f 4491/59 4335/59 4173/59
f 4492/680 4336/680 4174/680
f 4174/681 4337/681 4492/681
f 4175/682 4339/682 4493/682
f 4493/683 4337/683 4175/683
f 4342/684 4494/684 4338/684
f 4338/685 4013/685 4342/685
f 4338/686 4493/686 4339/686
f 4495/687 4496/687 4493/687
f 4338/688 4497/688 4495/688
f 4338/689 4495/689 4493/689
f 4498/59 4340/59 4179/59
f 4179/59 4343/59 4498/59
f 4176/303 4340/303 4499/303
f 4499/303 4341/303 4176/303
f 4500/690 4342/690 4178/690
f 4180/100 4344/100 4501/100
f 4501/100 4343/100 4180/100
f 4345/59 4502/59 4344/59
f 4344/59 4181/59 4345/59
f 4284/16 4440/16 4503/16
f 4503/16 4346/16 4284/16
f 4346/691 4504/691 4347/691
f 4347/692 4183/692 4346/692
f 4184/59 4347/59 4505/59
f 4505/59 4348/59 4184/59
f 4185/59 4348/59 4506/59
f 4506/59 4349/59 4185/59
f 4186/59 4349/59 4507/59
f 4507/64 4350/64 4186/64
f 4187/59 4350/59 4508/59
f 4508/59 4351/59 4187/59
f 4351/693 4509/693 4352/693
f 4352/694 4188/694 4351/694
f 4027/695 4190/695 4510/695
f 4510/696 4355/696 4027/696
f 4190/697 4189/697 4511/697
f 4511/310 4512/310 4190/310
f 4189/698 4352/698 4513/698
f 4513/699 4511/699 4189/699
f 4341/9 4499/9 4353/9
f 4353/9 4191/9 4341/9
f 4354/64 4192/64 4353/64
f 4353/59 4514/59 4354/59
f 4354/9 4502/9 4345/9
f 4345/9 4193/9 4354/9
f 4355/700 4515/700 4178/700
f 4357/157 4195/157 4356/157
f 4356/140 4516/140 4357/140
f 4358/131 4196/131 4357/131
f 4357/130 4517/130 4358/130
f 4359/59 4197/59 4358/59
f 4358/59 4518/59 4359/59
f 4360/9 4198/9 4359/9
f 4359/18 4519/18 4360/18
f 4361/9 4199/9 4360/9
f 4360/9 4520/9 4361/9
f 4203/9 4201/9 4361/9
f 4361/9 4362/9 4203/9
f 4207/18 4362/18 4521/18
f 4521/9 4363/9 4207/9
f 4208/9 4363/9 4522/9
f 4522/9 4364/9 4208/9
f 4209/149 4364/149 4523/149
f 4523/149 4365/149 4209/149
f 4365/602 4524/602 4366/602
f 4366/602 4210/602 4365/602
f 4366/701 4525/701 4367/701
f 4367/701 4211/701 4366/701
f 4212/106 4526/106 4369/106
f 4527/100 4528/100 4526/100
f 4529/100 4530/100 4527/100
f 4531/100 4532/100 4533/100
f 4529/106 4527/106 4526/106
f 4534/100 4531/100 4533/100
f 4533/7 4529/7 4526/7
f 4212/100 4367/100 4526/100
f 4367/100 4535/100 4536/100
f 4536/100 4537/100 4538/100
f 4539/100 4540/100 4541/100
f 4367/100 4536/100 4538/100
f 4539/100 4541/100 4542/100
f 4367/106 4538/106 4539/106
f 4367/100 4533/100 4526/100
f 4542/7 4534/7 4533/7
f 4367/106 4539/106 4542/106
f 4367/106 4542/106 4533/106
f 4543/149 4371/149 4217/149
f 4217/149 4368/149 4543/149
f 4371/22 4544/22 4372/22
f 4545/7 4546/7 4544/7
f 4374/22 4373/22 4547/22
f 4547/7 4545/7 4544/7
f 4371/22 4548/22 4544/22
f 4380/22 4224/22 4375/22
f 4548/22 4380/22 4544/22
f 4549/22 4374/22 4547/22
f 4380/32 4547/32 4544/32
f 4380/22 4375/22 4550/22
f 4550/7 4551/7 4552/7
f 4552/7 4549/7 4547/7
f 4380/22 4550/22 4547/22
f 4550/7 4552/7 4547/7
f 4380/22 4553/22 4385/22
f 4385/22 4233/22 4380/22
f 4386/138 4236/138 4385/138
f 4385/151 4554/151 4386/151
f 4386/32 4555/32 4387/32
f 4387/32 4237/32 4386/32
f 4556/181 4238/181 4387/181
f 4387/181 4557/181 4556/181
f 4558/702 4559/702 4389/702
f 4389/703 4239/703 4558/703
f 4389/704 4560/704 4241/704
f 4390/705 4561/705 4392/705
f 4392/706 4391/706 4390/706
f 4392/707 4562/707 4393/707
f 4393/707 4093/707 4392/707
f 4394/22 4393/22 4563/22
f 4563/22 4395/22 4394/22
f 4564/7 4244/7 4395/7
f 4565/708 4396/708 4244/708
f 4244/708 4564/708 4565/708
f 4397/709 4245/709 4396/709
f 4396/710 4565/710 4397/710
f 4397/711 4566/711 4567/711
f 4567/712 4398/712 4397/712
f 4399/22 4398/22 4568/22
f 4568/32 4569/32 4399/32
f 4247/713 4399/713 4569/713
f 4569/713 4400/713 4247/713
f 4250/22 4400/22 4570/22
f 4570/22 4401/22 4250/22
f 4571/714 4402/714 4403/714
f 4403/715 4409/715 4571/715
f 4251/716 4402/716 4572/716
f 4572/717 4404/717 4251/717
f 4253/718 4404/718 4573/718
f 4573/718 4405/718 4253/718
f 4405/22 4574/22 4406/22
f 4406/22 4254/22 4405/22
f 4406/719 4575/719 4407/719
f 4407/719 4255/719 4406/719
f 4407/22 4576/22 4408/22
f 4408/32 4256/32 4407/32
f 4408/720 4577/720 4415/720
f 4415/720 4262/720 4408/720
f 4409/721 4403/721 3327/721
f 4410/722 4571/722 4409/722
f 4409/723 4257/723 4410/723
f 4410/724 4258/724 4411/724
f 4411/725 4578/725 4410/725
f 4411/726 4259/726 4412/726
f 4412/726 4579/726 4411/726
f 4261/22 4414/22 4580/22
f 4580/22 4412/22 4261/22
f 4401/22 4570/22 4413/22
f 4413/32 4260/32 4401/32
f 4413/727 4581/727 4582/727
f 4582/727 4414/727 4413/727
f 4263/728 4416/728 4417/728
f 4417/729 4264/729 4263/729
f 4415/730 4583/730 4584/730
f 4584/731 4416/731 4415/731
f 4417/732 4585/732 4418/732
f 4418/733 4265/733 4417/733
f 4586/734 4587/734 4419/734
f 4419/735 4418/735 4586/735
f 3340/16 4420/16 4588/16
f 4267/736 4421/736 4589/736
f 4589/736 4420/736 4267/736
f 4268/16 4422/16 4590/16
f 4590/16 4421/16 4268/16
f 4269/737 4423/737 4591/737
f 4591/738 4422/738 4269/738
f 4423/739 4270/739 4424/739
f 4424/739 4592/739 4423/739
f 4271/740 4425/740 4593/740
f 4593/647 4424/647 4271/647
f 4425/741 4272/741 4426/741
f 4426/741 4594/741 4425/741
f 4595/487 4426/487 4292/487
f 4292/487 4449/487 4595/487
f 3340/16 4596/16 4427/16
f 4427/742 4597/742 4428/742
f 4428/743 4273/743 4427/743
f 4428/16 4598/16 4429/16
f 4429/16 4274/16 4428/16
f 4429/744 4599/744 4430/744
f 4430/745 4275/745 4429/745
f 4276/746 4430/746 4600/746
f 4600/746 4431/746 4276/746
f 4431/747 4601/747 4602/747
f 4602/747 4432/747 4431/747
f 4432/22 4602/22 4603/22
f 4603/22 4433/22 4432/22
f 4278/22 4433/22 4604/22
f 4604/22 4434/22 4278/22
f 4434/22 4605/22 4435/22
f 4435/22 4279/22 4434/22
f 4435/16 4606/16 4436/16
f 4436/16 4280/16 4435/16
f 4436/22 4607/22 4437/22
f 4437/22 4281/22 4436/22
f 4437/748 4608/748 4438/748
f 4438/749 4608/749 4439/749
f 4439/750 4608/750 4440/750
f 2973/27 4609/27 4441/27
f 4441/751 4610/751 4442/751
f 4442/751 4285/751 4441/751
f 4286/16 4442/16 4611/16
f 4611/16 4443/16 4286/16
f 4443/752 4612/752 4444/752
f 4444/752 4287/752 4443/752
f 4288/753 4444/753 4613/753
f 4613/754 4445/754 4288/754
f 4445/755 4614/755 4446/755
f 4446/755 4289/755 4445/755
f 4290/756 4446/756 4615/756
f 4615/757 4447/757 4290/757
f 4616/660 4448/660 4291/660
f 4291/660 4447/660 4616/660
f 4617/758 4618/758 4449/758
f 4449/758 4448/758 4617/758
f 2973/27 4450/27 4619/27
f 4450/759 4293/759 4451/759
f 4451/759 4620/759 4450/759
f 4451/16 4294/16 4452/16
f 4452/16 4621/16 4451/16
f 4452/760 4295/760 4453/760
f 4453/760 4622/760 4452/760
f 4453/761 4296/761 4454/761
f 4454/761 4623/761 4453/761
f 4297/762 4455/762 4624/762
f 4624/762 4454/762 4297/762
f 4455/763 4298/763 4456/763
f 4456/764 4625/764 4455/764
f 4458/501 4626/501 4456/501
f 4456/501 4300/501 4458/501
f 4627/765 4628/765 4458/765
f 4458/502 4457/502 4627/502
f 4461/59 4303/59 4459/59
f 4459/64 4629/64 4461/64
f 4459/59 4301/59 4460/59
f 4460/59 4630/59 4459/59
f 4460/766 4302/766 3682/766
f 4462/59 4304/59 4461/59
f 4461/59 4631/59 4462/59
f 4632/59 4463/59 4305/59
f 4305/59 4462/59 4632/59
f 4633/64 4627/64 4457/64
f 4457/64 4463/64 4633/64
f 4587/767 4634/767 4464/767
f 4464/768 4419/768 4587/768
f 4306/769 4464/769 4635/769
f 4635/769 4465/769 4306/769
f 4307/770 4465/770 4470/770
f 4470/771 4311/771 4307/771
f 4472/772 4313/772 4466/772
f 4466/773 4636/773 4472/773
f 4466/774 4308/774 4467/774
f 4467/774 4637/774 4466/774
f 4309/149 4468/149 4638/149
f 4638/149 4467/149 4309/149
f 4310/22 4469/22 4639/22
f 4639/22 4468/22 4310/22
f 4312/775 4471/775 4640/775
f 4640/776 4469/776 4312/776
f 4470/777 4641/777 4471/777
f 4314/778 4472/778 3682/778
f 4475/59 4316/59 4473/59
f 4473/59 4642/59 4475/59
f 4474/220 4643/220 4473/220
f 4473/220 4315/220 4474/220
f 4474/59 4335/59 4644/59
f 4644/59 4645/59 4474/59
f 4646/59 4647/59 4648/59
f 4482/59 4481/59 4648/59
f 4649/7 4650/7 4651/7
f 4481/59 4649/59 4648/59
f 4475/59 4646/59 4648/59
f 4480/64 4325/64 4475/64
f 4649/7 4651/7 4652/7
f 4652/59 4480/59 4475/59
f 4649/59 4475/59 4648/59
f 4649/59 4652/59 4475/59
f 4487/59 4486/59 4653/59
f 4653/59 4654/59 4487/59
f 4356/100 4655/100 4516/100
f 4656/7 4657/7 4655/7
f 4658/100 4659/100 4656/100
f 4660/7 4661/7 4662/7
f 4662/100 4658/100 4656/100
f 4356/100 4656/100 4655/100
f 4356/100 4483/100 4663/100
f 4664/100 4665/100 4666/100
f 4356/100 4663/100 4664/100
f 4356/100 4662/100 4656/100
f 4667/7 4660/7 4662/7
f 4664/100 4666/100 4667/100
f 4356/100 4664/100 4662/100
f 4664/7 4667/7 4662/7
f 4668/779 4491/779 4336/779
f 4336/780 4492/780 4668/780
f 4335/59 4491/59 4669/59
f 4337/781 4493/781 4496/781
f 4496/782 4492/782 4337/782
f 4670/783 4671/783 4494/783
f 4494/784 4342/784 4670/784
f 4671/785 4338/785 4494/785
f 4343/100 4501/100 4672/100
f 4672/100 4498/100 4343/100
f 4673/59 4499/59 4340/59
f 4340/59 4498/59 4673/59
f 4515/786 4500/786 4178/786
f 4500/787 4674/787 4675/787
f 4675/788 4342/788 4500/788
f 4502/59 4676/59 4501/59
f 4501/59 4344/59 4502/59
f 4440/789 4608/789 4503/789
f 4346/59 4503/59 4677/59
f 4677/59 4504/59 4346/59
f 4504/790 4678/790 4505/790
f 4505/791 4347/791 4504/791
f 4348/59 4505/59 4679/59
f 4679/59 4506/59 4348/59
f 4349/59 4506/59 4680/59
f 4680/59 4507/59 4349/59
f 4350/59 4507/59 4681/59
f 4681/64 4508/64 4350/64
f 4351/59 4508/59 4682/59
f 4682/59 4509/59 4351/59
f 4509/347 4683/347 4513/347
f 4513/792 4352/792 4509/792
f 4190/338 4512/338 4684/338
f 4684/338 4510/338 4190/338
f 4355/793 4510/793 4685/793
f 4685/794 4515/794 4355/794
f 4511/795 4686/795 4687/795
f 4687/796 4512/796 4511/796
f 4514/59 4353/59 4499/59
f 4499/59 4673/59 4514/59
f 4514/9 4676/9 4502/9
f 4502/9 4354/9 4514/9
f 4517/157 4357/157 4516/157
f 4516/191 4688/191 4517/191
f 4518/130 4358/130 4517/130
f 4517/158 4689/158 4518/158
f 4519/64 4359/64 4518/64
f 4518/64 4690/64 4519/64
f 4520/9 4360/9 4519/9
f 4519/18 4691/18 4520/18
f 4362/9 4361/9 4520/9
f 4520/9 4521/9 4362/9
f 4363/9 4521/9 4692/9
f 4692/9 4522/9 4363/9
f 4364/149 4522/149 4693/149
f 4693/149 4523/149 4364/149
f 4365/602 4523/602 4694/602
f 4694/602 4524/602 4365/602
f 4524/797 4695/797 4525/797
f 4525/797 4366/797 4524/797
f 4367/100 4696/100 4535/100
f 4697/100 4698/100 4699/100
f 4367/100 4699/100 4696/100
f 4525/100 4697/100 4699/100
f 4367/100 4525/100 4699/100
f 4700/180 4701/180 4537/180
f 4537/180 4536/180 4700/180
f 4702/180 4703/180 4541/180
f 4541/180 4540/180 4702/180
f 4704/180 4705/180 4532/180
f 4532/180 4531/180 4704/180
f 4706/149 4707/149 4527/149
f 4527/149 4530/149 4706/149
f 4528/100 4527/100 4708/100
f 4707/149 4709/149 4710/149
f 4371/149 4543/149 4711/149
f 4707/149 4712/149 4709/149
f 4548/149 4371/149 4711/149
f 4712/149 4711/149 4709/149
f 4712/180 4548/180 4711/180
f 4548/22 4713/22 4553/22
f 4553/22 4380/22 4548/22
f 4554/139 4385/139 4553/139
f 4553/138 4714/138 4554/138
f 4554/32 4715/32 4555/32
f 4555/32 4386/32 4554/32
f 4557/181 4387/181 4555/181
f 4555/152 4716/152 4557/152
f 4557/9 4717/9 4718/9
f 4718/9 4556/9 4557/9
f 4388/798 4238/798 4556/798
f 4556/799 4719/799 4388/799
f 4719/800 4239/800 4388/800
f 4719/801 4558/801 4239/801
f 4720/802 4721/802 4559/802
f 4559/803 4558/803 4720/803
f 4721/804 4389/804 4559/804
f 4389/805 4722/805 4560/805
f 4390/806 4241/806 4560/806
f 4560/807 4723/807 4390/807
f 4723/808 4724/808 4561/808
f 4561/809 4390/809 4723/809
f 4561/810 4725/810 4562/810
f 4562/810 4392/810 4561/810
f 4393/22 4562/22 4726/22
f 4726/22 4563/22 4393/22
f 4395/811 4563/811 4727/811
f 4727/811 4564/811 4395/811
f 4564/32 4727/32 4728/32
f 4728/22 4565/22 4564/22
f 4397/812 4565/812 4729/812
f 4729/813 4566/813 4397/813
f 4566/814 4730/814 4731/814
f 4731/815 4567/815 4566/815
f 4398/816 4567/816 4732/816
f 4732/816 4568/816 4398/816
f 4569/22 4568/22 4733/22
f 4733/22 4734/22 4569/22
f 4400/817 4569/817 4734/817
f 4734/817 4570/817 4400/817
f 4402/818 4571/818 4735/818
f 4735/819 4572/819 4402/819
f 4404/820 4572/820 4736/820
f 4736/820 4573/820 4404/820
f 4573/22 4737/22 4574/22
f 4574/32 4405/32 4573/32
f 4574/821 4738/821 4575/821
f 4575/821 4406/821 4574/821
f 4575/22 4739/22 4576/22
f 4576/22 4407/22 4575/22
f 4576/822 4740/822 4577/822
f 4577/823 4408/823 4576/823
f 4577/824 4741/824 4583/824
f 4583/824 4415/824 4577/824
f 4571/825 4410/825 4578/825
f 4578/826 4735/826 4571/826
f 4578/827 4411/827 4579/827
f 4579/827 4742/827 4578/827
f 4412/22 4580/22 4743/22
f 4743/22 4579/22 4412/22
f 4414/828 4582/828 4744/828
f 4744/828 4580/828 4414/828
f 4570/829 4734/829 4581/829
f 4581/829 4413/829 4570/829
f 4581/22 4745/22 4746/22
f 4746/32 4582/32 4581/32
f 4416/830 4584/830 4585/830
f 4585/831 4417/831 4416/831
f 4747/832 4748/832 4584/832
f 4584/833 4583/833 4747/833
f 4749/834 4586/834 4418/834
f 4418/835 4585/835 4749/835
f 4750/836 4751/836 4587/836
f 4587/837 4586/837 4750/837
f 3340/27 4588/27 4752/27
f 4588/838 4420/838 4589/838
f 4589/838 4753/838 4588/838
f 4421/16 4590/16 4754/16
f 4754/16 4589/16 4421/16
f 4590/839 4422/839 4591/839
f 4591/839 4755/839 4590/839
f 4423/840 4592/840 4756/840
f 4756/841 4591/841 4423/841
f 4592/842 4424/842 4593/842
f 4593/842 4757/842 4592/842
f 4425/843 4594/843 4758/843
f 4758/844 4593/844 4425/844
f 4759/741 4594/741 4426/741
f 4426/741 4595/741 4759/741
f 4760/845 4595/845 4449/845
f 4449/845 4618/845 4760/845
f 3340/16 4761/16 4596/16
f 4596/846 4762/846 4597/846
f 4597/847 4427/847 4596/847
f 4597/16 4763/16 4598/16
f 4598/16 4428/16 4597/16
f 4429/848 4598/848 4764/848
f 4764/849 4599/849 4429/849
f 4599/850 4765/850 4600/850
f 4600/850 4430/850 4599/850
f 4431/851 4600/851 4766/851
f 4766/851 4601/851 4431/851
f 4601/747 4767/747 4768/747
f 4768/747 4602/747 4601/747
f 4602/22 4768/22 4769/22
f 4769/22 4603/22 4602/22
f 4433/22 4603/22 4770/22
f 4770/22 4604/22 4433/22
f 4604/22 4771/22 4605/22
f 4605/22 4434/22 4604/22
f 4605/22 4772/22 4606/22
f 4606/22 4435/22 4605/22
f 4606/27 4773/27 4607/27
f 4607/27 4436/27 4606/27
f 4607/852 4608/852 4437/852
f 2973/16 4774/16 4609/16
f 4441/853 4609/853 4775/853
f 4775/853 4610/853 4441/853
f 4442/16 4610/16 4776/16
f 4776/27 4611/27 4442/27
f 4443/854 4611/854 4777/854
f 4777/854 4612/854 4443/854
f 4612/855 4778/855 4613/855
f 4613/855 4444/855 4612/855
f 4445/856 4613/856 4779/856
f 4779/856 4614/856 4445/856
f 4614/857 4780/857 4615/857
f 4615/857 4446/857 4614/857
f 4781/858 4616/858 4447/858
f 4447/858 4615/858 4781/858
f 4782/859 4617/859 4448/859
f 4448/860 4616/860 4782/860
f 4783/149 4784/149 4618/149
f 4618/149 4617/149 4783/149
f 2973/16 4619/16 4785/16
f 4619/861 4450/861 4620/861
f 4620/861 4786/861 4619/861
f 4620/16 4451/16 4621/16
f 4621/16 4787/16 4620/16
f 4452/862 4622/862 4788/862
f 4788/862 4621/862 4452/862
f 4622/863 4453/863 4623/863
f 4623/863 4789/863 4622/863
f 4623/864 4454/864 4624/864
f 4624/865 4790/865 4623/865
f 4455/866 4625/866 4791/866
f 4791/867 4624/867 4455/867
f 4626/868 4792/868 4625/868
f 4625/868 4456/868 4626/868
f 4628/869 4793/869 4626/869
f 4626/870 4458/870 4628/870
f 4471/871 4641/871 4628/871
f 4628/872 4627/872 4471/872
f 4631/59 4461/59 4629/59
f 4629/59 4794/59 4631/59
f 4629/59 4459/59 4630/59
f 4630/59 4795/59 4629/59
f 4630/873 4460/873 3682/873
f 4796/59 4632/59 4462/59
f 4462/59 4631/59 4796/59
f 4797/59 4633/59 4463/59
f 4463/59 4632/59 4797/59
f 4640/874 4471/874 4627/874
f 4627/875 4633/875 4640/875
f 4751/876 4798/876 4634/876
f 4634/877 4587/877 4751/877
f 4634/878 4799/878 4635/878
f 4635/878 4464/878 4634/878
f 4470/879 4465/879 4635/879
f 4635/880 4784/880 4470/880
f 4472/881 4636/881 3682/881
f 4466/22 4637/22 4800/22
f 4800/22 4636/22 4466/22
f 4637/882 4467/882 4638/882
f 4638/883 4801/883 4637/883
f 4468/22 4639/22 4802/22
f 4802/22 4638/22 4468/22
f 4469/884 4640/884 4803/884
f 4803/885 4639/885 4469/885
f 4470/886 4804/886 4641/886
f 4646/59 4475/59 4642/59
f 4642/59 4805/59 4646/59
f 4643/264 4806/264 4642/264
f 4642/264 4473/264 4643/264
f 4643/59 4474/59 4645/59
f 4645/59 4807/59 4643/59
f 4335/59 4669/59 4644/59
f 4808/887 4809/887 4645/887
f 4645/779 4644/779 4808/779
f 4810/7 4811/7 4812/7
f 4654/59 4653/59 4812/59
f 4813/7 4814/7 4815/7
f 4653/59 4813/59 4812/59
f 4816/59 4810/59 4812/59
f 4647/59 4646/59 4816/59
f 4813/7 4815/7 4647/7
f 4813/59 4816/59 4812/59
f 4813/64 4647/64 4816/64
f 4666/59 4665/59 4817/59
f 4817/59 4818/59 4666/59
f 4659/59 4658/59 4819/59
f 4819/59 4820/59 4659/59
f 4516/100 4821/100 4688/100
f 4822/7 4823/7 4821/7
f 4824/100 4825/100 4822/100
f 4826/7 4827/7 4828/7
f 4828/100 4824/100 4822/100
f 4516/100 4822/100 4821/100
f 4516/100 4655/100 4829/100
f 4830/100 4831/100 4832/100
f 4516/100 4829/100 4830/100
f 4516/100 4828/100 4822/100
f 4833/7 4826/7 4828/7
f 4830/100 4832/100 4833/100
f 4516/100 4830/100 4828/100
f 4830/7 4833/7 4828/7
f 4492/888 4496/888 4495/888
f 4495/889 4668/889 4492/889
f 4834/890 4835/890 4491/890
f 4491/891 4668/891 4834/891
f 4669/59 4491/59 4835/59
f 4342/892 4675/892 4836/892
f 4836/893 4670/893 4342/893
f 4837/894 4838/894 4671/894
f 4671/895 4670/895 4837/895
f 4838/896 4338/896 4671/896
f 4338/897 4839/897 4497/897
f 4676/59 4840/59 4672/59
f 4672/59 4501/59 4676/59
f 4498/373 4672/373 4840/373
f 4840/373 4673/373 4498/373
f 4515/898 4685/898 4674/898
f 4674/899 4500/899 4515/899
f 4674/372 4841/372 4842/372
f 4842/372 4675/372 4674/372
f 4503/900 4608/900 4677/900
f 4504/59 4677/59 4843/59
f 4843/59 4678/59 4504/59
f 4678/901 4844/901 4679/901
f 4679/902 4505/902 4678/902
f 4506/59 4679/59 4845/59
f 4845/59 4680/59 4506/59
f 4507/59 4680/59 4846/59
f 4846/59 4681/59 4507/59
f 4508/59 4681/59 4847/59
f 4847/59 4682/59 4508/59
f 4682/387 4848/387 4683/387
f 4683/387 4509/387 4682/387
f 4684/59 4512/59 4687/59
f 4687/59 4849/59 4684/59
f 4510/374 4684/374 4850/374
f 4850/374 4685/374 4510/374
f 4686/903 4511/903 4513/903
f 4513/904 4851/904 4686/904
f 4673/18 4840/18 4676/18
f 4676/18 4514/18 4673/18
f 4689/172 4517/172 4688/172
f 4688/171 4852/171 4689/171
f 4690/131 4518/131 4689/131
f 4689/130 4853/130 4690/130
f 4691/64 4519/64 4690/64
f 4690/64 4854/64 4691/64
f 4521/9 4520/9 4691/9
f 4691/9 4692/9 4521/9
f 4522/149 4692/149 4855/149
f 4855/149 4693/149 4522/149
f 4523/602 4693/602 4856/602
f 4856/525 4694/525 4523/525
f 4524/797 4694/797 4857/797
f 4857/797 4695/797 4524/797
f 4525/100 4858/100 4697/100
f 4859/100 4860/100 4861/100
f 4525/100 4862/100 4858/100
f 4863/100 4859/100 4861/100
f 4525/100 4861/100 4862/100
f 4525/100 4695/100 4864/100
f 4865/100 4866/100 4867/100
f 4525/100 4864/100 4865/100
f 4525/106 4863/106 4861/106
f 4868/100 4869/100 4870/100
f 4525/100 4870/100 4863/100
f 4865/100 4867/100 4871/100
f 4525/100 4865/100 4870/100
f 4872/100 4868/100 4870/100
f 4873/100 4874/100 4875/100
f 4875/7 4872/7 4870/7
f 4865/7 4871/7 4870/7
f 4876/100 4873/100 4875/100
f 4871/7 4876/7 4870/7
f 4876/7 4875/7 4870/7
f 4698/149 4697/149 4877/149
f 4877/149 4878/149 4698/149
f 4701/149 4700/149 4879/149
f 4880/149 4881/149 4879/149
f 4712/180 4707/180 4706/180
f 4881/149 4712/149 4879/149
f 4882/149 4701/149 4879/149
f 4703/149 4702/149 4883/149
f 4883/7 4882/7 4879/7
f 4712/180 4706/180 4884/180
f 4712/149 4883/149 4879/149
f 4885/149 4703/149 4883/149
f 4705/149 4704/149 4886/149
f 4886/7 4885/7 4883/7
f 4712/149 4884/149 4887/149
f 4712/149 4886/149 4883/149
f 4887/149 4705/149 4886/149
f 4712/149 4887/149 4886/149
f 4527/180 4707/180 4710/180
f 4710/180 4708/180 4527/180
f 4712/149 4888/149 4713/149
f 4713/149 4548/149 4712/149
f 4714/129 4553/129 4713/129
f 4713/128 4889/128 4714/128
f 4714/22 4890/22 4715/22
f 4715/22 4554/22 4714/22
f 4716/152 4555/152 4715/152
f 4715/181 4891/181 4716/181
f 4716/9 4892/9 4717/9
f 4717/9 4557/9 4716/9
f 4893/22 4718/22 4717/22
f 4717/22 4894/22 4893/22
f 4556/905 4718/905 4895/905
f 4895/905 4896/905 4556/905
f 4719/906 4556/906 4896/906
f 4896/907 4897/907 4719/907
f 4897/908 4558/908 4719/908
f 4558/909 4898/909 4899/909
f 4899/910 4720/910 4558/910
f 4900/911 4901/911 4721/911
f 4721/912 4720/912 4900/912
f 4901/913 4389/913 4721/913
f 4389/914 4902/914 4722/914
f 4723/915 4560/915 4722/915
f 4722/916 4903/916 4723/916
f 4903/917 4904/917 4724/917
f 4724/918 4723/918 4903/918
f 4724/919 4905/919 4725/919
f 4725/919 4561/919 4724/919
f 4562/32 4725/32 4906/32
f 4906/22 4726/22 4562/22
f 4563/920 4726/920 4907/920
f 4907/920 4727/920 4563/920
f 4727/22 4907/22 4908/22
f 4908/22 4728/22 4727/22
f 4565/921 4728/921 4909/921
f 4909/921 4729/921 4565/921
f 4566/922 4729/922 4910/922
f 4910/923 4730/923 4566/923
f 4911/924 4912/924 4731/924
f 4731/814 4730/814 4911/814
f 4567/925 4731/925 4913/925
f 4913/926 4732/926 4567/926
f 4568/927 4732/927 4914/927
f 4914/927 4733/927 4568/927
f 4734/22 4733/22 4745/22
f 4745/22 4581/22 4734/22
f 4572/928 4735/928 4915/928
f 4915/928 4736/928 4572/928
f 4736/22 4916/22 4737/22
f 4737/32 4573/32 4736/32
f 4737/929 4917/929 4738/929
f 4738/929 4574/929 4737/929
f 4738/22 4918/22 4739/22
f 4739/22 4575/22 4738/22
f 4739/930 4919/930 4740/930
f 4740/931 4576/931 4739/931
f 4740/932 4920/932 4741/932
f 4741/933 4577/933 4740/933
f 4921/934 4747/934 4583/934
f 4583/934 4741/934 4921/934
f 4735/935 4578/935 4742/935
f 4742/935 4915/935 4735/935
f 4579/22 4743/22 4922/22
f 4922/22 4742/22 4579/22
f 4580/936 4744/936 4923/936
f 4923/936 4743/936 4580/936
f 4582/32 4746/32 4924/32
f 4924/32 4744/32 4582/32
f 4745/937 4925/937 4926/937
f 4926/938 4746/938 4745/938
f 4748/939 4749/939 4585/939
f 4585/940 4584/940 4748/940
f 4927/941 4928/941 4748/941
f 4748/942 4747/942 4927/942
f 4929/943 4750/943 4586/943
f 4586/944 4749/944 4929/944
f 4930/59 4931/59 4751/59
f 4751/59 4750/59 4930/59
f 3340/16 4752/16 4932/16
f 4588/945 4753/945 4933/945
f 4933/945 4752/945 4588/945
f 4589/27 4754/27 4934/27
f 4934/16 4753/16 4589/16
f 4590/946 4755/946 4935/946
f 4935/946 4754/946 4590/946
f 4755/947 4591/947 4756/947
f 4756/947 4936/947 4755/947
f 4592/948 4757/948 4937/948
f 4937/948 4756/948 4592/948
f 4757/949 4593/949 4758/949
f 4758/949 4938/949 4757/949
f 4939/950 4758/950 4594/950
f 4594/950 4759/950 4939/950
f 4940/951 4759/951 4595/951
f 4595/952 4760/952 4940/952
f 4941/149 4760/149 4618/149
f 4618/149 4784/149 4941/149
f 3340/16 4942/16 4761/16
f 4596/953 4761/953 4943/953
f 4943/954 4762/954 4596/954
f 4762/16 4944/16 4763/16
f 4763/16 4597/16 4762/16
f 4763/955 4945/955 4764/955
f 4764/955 4598/955 4763/955
f 4599/956 4764/956 4946/956
f 4946/956 4765/956 4599/956
f 4765/957 4947/957 4766/957
f 4766/850 4600/850 4765/850
f 4601/958 4766/958 4948/958
f 4948/958 4767/958 4601/958
f 4949/747 4768/747 4767/747
f 4767/747 4950/747 4949/747
f 4951/22 4769/22 4768/22
f 4768/22 4949/22 4951/22
f 4603/22 4769/22 4952/22
f 4952/22 4770/22 4603/22
f 4770/22 4953/22 4771/22
f 4771/22 4604/22 4770/22
f 4771/22 4954/22 4772/22
f 4772/22 4605/22 4771/22
f 4772/22 4955/22 4773/22
f 4773/22 4606/22 4772/22
f 4773/959 4608/959 4607/959
f 2973/16 4785/16 4774/16
f 4774/960 4956/960 4775/960
f 4775/961 4609/961 4774/961
f 4610/16 4775/16 4957/16
f 4957/16 4776/16 4610/16
f 4776/962 4958/962 4777/962
f 4777/963 4611/963 4776/963
f 4612/964 4777/964 4959/964
f 4959/964 4778/964 4612/964
f 4778/965 4960/965 4779/965
f 4779/965 4613/965 4778/965
f 4614/966 4779/966 4961/966
f 4961/967 4780/967 4614/967
f 4962/968 4781/968 4615/968
f 4615/968 4780/968 4962/968
f 4963/969 4782/969 4616/969
f 4616/970 4781/970 4963/970
f 4964/149 4783/149 4617/149
f 4617/149 4782/149 4964/149
f 4470/971 4784/971 4783/971
f 4785/972 4619/972 4786/972
f 4786/973 4965/973 4785/973
f 4786/16 4620/16 4787/16
f 4787/16 4966/16 4786/16
f 4787/974 4621/974 4788/974
f 4788/974 4967/974 4787/974
f 4622/975 4789/975 4968/975
f 4968/976 4788/976 4622/976
f 4789/977 4623/977 4790/977
f 4790/978 4969/978 4789/978
f 4790/979 4624/979 4791/979
f 4791/980 4970/980 4790/980
f 4792/981 4971/981 4791/981
f 4791/981 4625/981 4792/981
f 4793/982 4972/982 4792/982
f 4792/983 4626/983 4793/983
f 4641/149 4804/149 4793/149
f 4793/149 4628/149 4641/149
f 4796/64 4631/64 4794/64
f 4794/64 4973/64 4796/64
f 4794/64 4629/64 4795/64
f 4795/64 4974/64 4794/64
f 4795/984 4630/984 3682/984
f 4975/59 4797/59 4632/59
f 4632/59 4796/59 4975/59
f 4803/985 4640/985 4633/985
f 4633/985 4797/985 4803/985
f 4931/986 4976/986 4798/986
f 4798/987 4751/987 4931/987
f 4634/988 4798/988 4977/988
f 4977/989 4799/989 4634/989
f 4978/990 4784/990 4635/990
f 4635/991 4799/991 4978/991
f 4636/992 4800/992 3682/992
f 4637/993 4801/993 4979/993
f 4979/994 4800/994 4637/994
f 4801/995 4638/995 4802/995
f 4802/996 4980/996 4801/996
f 4639/149 4803/149 4981/149
f 4981/149 4802/149 4639/149
f 4470/997 4982/997 4804/997
f 4816/59 4646/59 4805/59
f 4805/59 4983/59 4816/59
f 4806/220 4984/220 4805/220
f 4805/220 4642/220 4806/220
f 4806/59 4643/59 4807/59
f 4807/59 4985/59 4806/59
f 4809/998 4986/998 4807/998
f 4807/680 4645/680 4809/680
f 4669/59 4987/59 4644/59
f 4988/999 4808/999 4644/999
f 4644/1000 4987/1000 4988/1000
f 4809/1001 4808/1001 4989/1001
f 4989/1002 4990/1002 4809/1002
f 4991/7 4992/7 4993/7
f 4820/59 4819/59 4993/59
f 4994/7 4995/7 4996/7
f 4819/59 4994/59 4993/59
f 4997/59 4991/59 4993/59
f 4810/59 4816/59 4997/59
f 4998/7 4999/7 4810/7
f 4818/59 4817/59 4998/59
f 4994/7 4996/7 5000/7
f 5000/59 4818/59 4998/59
f 4998/59 4810/59 4997/59
f 4994/59 4997/59 4993/59
f 4994/7 5000/7 4998/7
f 4994/59 4998/59 4997/59
f 4832/59 4831/59 5001/59
f 5001/59 5002/59 4832/59
f 4825/59 4824/59 5003/59
f 5003/59 5004/59 4825/59
f 4688/100 5005/100 4852/100
f 5006/7 5007/7 5005/7
f 5008/100 5009/100 5006/100
f 5010/100 5011/100 5008/100
f 5012/7 5013/7 5010/7
f 5014/100 5015/100 5016/100
f 5016/7 5012/7 5010/7
f 5010/100 5008/100 5006/100
f 4688/100 5006/100 5005/100
f 4688/106 4821/106 5017/106
f 5018/100 5014/100 5016/100
f 4688/100 5017/100 5018/100
f 4688/100 5010/100 5006/100
f 5018/7 5016/7 5010/7
f 4688/100 5018/100 5010/100
f 4668/1003 4495/1003 5019/1003
f 5019/1004 4834/1004 4668/1004
f 4834/1005 5020/1005 5021/1005
f 5021/1006 4835/1006 4834/1006
f 4669/59 4835/59 5022/59
f 4675/412 4842/412 5023/412
f 5023/412 4836/412 4675/412
f 4670/1007 4836/1007 5024/1007
f 5024/1008 4837/1008 4670/1008
f 5025/1009 5026/1009 4838/1009
f 4838/1010 4837/1010 5025/1010
f 5026/1011 4338/1011 4838/1011
f 4338/1012 5027/1012 4839/1012
f 5028/1013 4497/1013 4839/1013
f 4839/1014 5029/1014 5028/1014
f 4685/417 4850/417 4841/417
f 4841/417 4674/417 4685/417
f 4842/64 4841/64 5030/64
f 5030/59 5031/59 4842/59
f 4677/1015 4608/1015 4843/1015
f 4678/59 4843/59 5032/59
f 5032/59 4844/59 4678/59
f 4844/1016 5033/1016 4845/1016
f 4845/1017 4679/1017 4844/1017
f 4680/59 4845/59 5034/59
f 5034/59 4846/59 4680/59
f 4681/59 4846/59 5035/59
f 5035/59 4847/59 4681/59
f 4847/441 5036/441 4848/441
f 4848/441 4682/441 4847/441
f 4683/59 4848/59 5037/59
f 5037/59 5038/59 4683/59
f 4513/1018 4683/1018 5038/1018
f 5038/1019 4851/1019 4513/1019
f 4850/59 4684/59 4849/59
f 4849/64 5039/64 4850/64
f 4849/418 4687/418 4931/418
f 4931/418 4930/418 4849/418
f 4687/1020 4686/1020 4976/1020
f 4976/435 4931/435 4687/435
f 4851/1021 5040/1021 4976/1021
f 4976/1022 4686/1022 4851/1022
f 4853/157 4689/157 4852/157
f 4852/140 5041/140 4853/140
f 4854/131 4690/131 4853/131
f 4853/130 5042/130 4854/130
f 4692/149 4691/149 4854/149
f 4854/149 4855/149 4692/149
f 4693/525 4855/525 5043/525
f 5043/457 4856/457 4693/457
f 4694/701 4856/701 5044/701
f 5044/701 4857/701 4694/701
f 4857/100 4864/100 4695/100
f 5045/100 5046/100 5047/100
f 4857/100 5047/100 4864/100
f 4857/100 5048/100 5049/100
f 5050/100 5051/100 5052/100
f 4857/100 5049/100 5053/100
f 5050/100 5052/100 5054/100
f 4857/100 5053/100 5050/100
f 5055/100 5045/100 5047/100
f 4857/106 5050/106 5054/106
f 4857/100 5055/100 5047/100
f 5056/100 5057/100 5058/100
f 4857/100 5058/100 5055/100
f 4857/100 5054/100 5059/100
f 5059/100 5060/100 5061/100
f 5062/100 5056/100 5058/100
f 5059/100 5061/100 5063/100
f 5063/7 5062/7 5058/7
f 4857/100 5059/100 5058/100
f 5059/7 5063/7 5058/7
f 5064/149 5065/149 4867/149
f 4867/149 4866/149 5064/149
f 5066/180 5067/180 4874/180
f 4874/180 4873/180 5066/180
f 5068/149 5069/149 4869/149
f 4869/149 4868/149 5068/149
f 5070/180 5071/180 4860/180
f 4860/180 4859/180 5070/180
f 5072/149 4877/149 4697/149
f 4697/149 4858/149 5072/149
f 4877/149 5073/149 4878/149
f 4881/180 4880/180 5073/180
f 4877/149 5074/149 5073/149
f 5074/149 4881/149 5073/149
f 4881/149 5075/149 4888/149
f 4888/149 4712/149 4881/149
f 4889/1023 4713/1023 4888/1023
f 4888/1024 5076/1024 4889/1024
f 4889/22 5077/22 4890/22
f 4890/22 4714/22 4889/22
f 4891/164 4715/164 4890/164
f 4890/152 5078/152 4891/152
f 4891/9 5079/9 4892/9
f 4892/9 4716/9 4891/9
f 4894/22 4717/22 4892/22
f 4892/22 5080/22 4894/22
f 4894/106 5081/106 5082/106
f 5082/106 4893/106 4894/106
f 5083/22 4895/22 4718/22
f 4718/22 4893/22 5083/22
f 4896/100 4895/100 5084/100
f 5084/100 5085/100 4896/100
f 4897/1025 4896/1025 5086/1025
f 5087/1026 4558/1026 4897/1026
f 5087/1027 5088/1027 4898/1027
f 4898/1028 4558/1028 5087/1028
f 4898/1029 5089/1029 5090/1029
f 5090/1029 4899/1029 4898/1029
f 4720/1030 4899/1030 5091/1030
f 5091/1031 4900/1031 4720/1031
f 5092/1032 5093/1032 4901/1032
f 4901/1033 4900/1033 5092/1033
f 5093/1034 4389/1034 4901/1034
f 4389/1035 5094/1035 4902/1035
f 4903/1036 4722/1036 4902/1036
f 4902/1037 5095/1037 4903/1037
f 5095/1038 5096/1038 4904/1038
f 4904/1039 4903/1039 5095/1039
f 4904/1040 5097/1040 4905/1040
f 4905/1040 4724/1040 4904/1040
f 4725/32 4905/32 5098/32
f 5098/22 4906/22 4725/22
f 4726/1041 4906/1041 5099/1041
f 5099/1041 4907/1041 4726/1041
f 4907/22 5099/22 5100/22
f 5100/22 4908/22 4907/22
f 4728/1042 4908/1042 5101/1042
f 5101/1042 4909/1042 4728/1042
f 4729/1043 4909/1043 5102/1043
f 5102/1044 4910/1044 4729/1044
f 4911/923 4730/923 4910/923
f 4910/1045 5103/1045 4911/1045
f 5104/1046 5105/1046 4912/1046
f 4912/711 4911/711 5104/711
f 4912/1047 5106/1047 4913/1047
f 4913/1048 4731/1048 4912/1048
f 4732/1049 4913/1049 5107/1049
f 5107/1050 4914/1050 4732/1050
f 4733/1051 4914/1051 4925/1051
f 4925/1051 4745/1051 4733/1051
f 4915/22 5108/22 4916/22
f 4916/32 4736/32 4915/32
f 4916/1052 5109/1052 4917/1052
f 4917/1052 4737/1052 4916/1052
f 4917/22 5110/22 4918/22
f 4918/22 4738/22 4917/22
f 4918/1053 5111/1053 4919/1053
f 4919/1054 4739/1054 4918/1054
f 4919/1055 5112/1055 4920/1055
f 4920/1056 4740/1056 4919/1056
f 5113/1057 4921/1057 4741/1057
f 4741/1058 4920/1058 5113/1058
f 5114/1059 4927/1059 4747/1059
f 4747/1059 4921/1059 5114/1059
f 4742/22 4922/22 5108/22
f 5108/32 4915/32 4742/32
f 4743/1060 4923/1060 5115/1060
f 5115/1060 4922/1060 4743/1060
f 4744/32 4924/32 5116/32
f 5116/22 4923/22 4744/22
f 4746/1061 4926/1061 5117/1061
f 5117/1062 4924/1062 4746/1062
f 4925/1063 5118/1063 5119/1063
f 5119/1064 4926/1064 4925/1064
f 4928/1065 4929/1065 4749/1065
f 4749/1066 4748/1066 4928/1066
f 5120/64 5121/64 4928/64
f 4928/64 4927/64 5120/64
f 5122/59 4930/59 4750/59
f 4750/59 4929/59 5122/59
f 3340/16 4932/16 5123/16
f 4932/1067 4752/1067 4933/1067
f 4933/1068 5124/1068 4932/1068
f 4753/16 4934/16 5125/16
f 5125/16 4933/16 4753/16
f 4934/1069 4754/1069 4935/1069
f 4935/1070 5126/1070 4934/1070
f 4755/1071 4936/1071 5127/1071
f 5127/1071 4935/1071 4755/1071
f 4936/1072 4756/1072 4937/1072
f 4937/1072 5128/1072 4936/1072
f 4757/1073 4938/1073 5129/1073
f 5129/1074 4937/1074 4757/1074
f 5130/1075 4938/1075 4758/1075
f 4758/1075 4939/1075 5130/1075
f 5131/1076 4939/1076 4759/1076
f 4759/1077 4940/1077 5131/1077
f 5132/149 4940/149 4760/149
f 4760/149 4941/149 5132/149
f 4978/1078 4941/1078 4784/1078
f 3340/27 5133/27 4942/27
f 4942/1079 5134/1079 4943/1079
f 4943/1079 4761/1079 4942/1079
f 4943/16 5135/16 4944/16
f 4944/16 4762/16 4943/16
f 4944/1080 5136/1080 4945/1080
f 4945/1080 4763/1080 4944/1080
f 4945/1081 5137/1081 4946/1081
f 4946/1081 4764/1081 4945/1081
f 4765/1082 4946/1082 5138/1082
f 5138/1082 4947/1082 4765/1082
f 4947/1083 5139/1083 4948/1083
f 4948/1084 4766/1084 4947/1084
f 4950/746 4767/746 4948/746
f 4948/746 5140/746 4950/746
f 5141/747 4949/747 4950/747
f 4950/1085 5142/1085 5141/1085
f 5143/32 4951/32 4949/32
f 4949/32 5141/32 5143/32
f 5144/22 4952/22 4769/22
f 4769/22 4951/22 5144/22
f 4952/22 5145/22 4953/22
f 4953/22 4770/22 4952/22
f 4953/32 5146/32 4954/32
f 4954/22 4771/22 4953/22
f 4954/22 5147/22 4955/22
f 4955/22 4772/22 4954/22
f 4955/1086 4608/1086 4773/1086
f 4774/1087 4785/1087 4965/1087
f 4965/1087 4956/1087 4774/1087
f 4775/16 4956/16 5148/16
f 5148/16 4957/16 4775/16
f 4776/1088 4957/1088 5149/1088
f 5149/1089 4958/1089 4776/1089
f 4958/1090 5150/1090 4959/1090
f 4959/1091 4777/1091 4958/1091
f 4778/1092 4959/1092 5151/1092
f 5151/1092 4960/1092 4778/1092
f 4960/1093 5152/1093 4961/1093
f 4961/1093 4779/1093 4960/1093
f 5153/1094 4962/1094 4780/1094
f 4780/1094 4961/1094 5153/1094
f 5154/1095 4963/1095 4781/1095
f 4781/1096 4962/1096 5154/1096
f 5155/149 4964/149 4782/149
f 4782/149 4963/149 5155/149
f 4470/1097 4783/1097 4964/1097
f 4965/16 4786/16 4966/16
f 4966/27 5156/27 4965/27
f 4966/1098 4787/1098 4967/1098
f 4967/1098 5157/1098 4966/1098
f 4967/1099 4788/1099 4968/1099
f 4968/1100 5158/1100 4967/1100
f 4789/1101 4969/1101 5159/1101
f 5159/1102 4968/1102 4789/1102
f 4969/1103 4790/1103 4970/1103
f 4970/1104 5160/1104 4969/1104
f 4971/1105 5161/1105 4970/1105
f 4970/1105 4791/1105 4971/1105
f 4972/1106 5162/1106 4971/1106
f 4971/1107 4792/1107 4972/1107
f 4804/149 4982/149 4972/149
f 4972/149 4793/149 4804/149
f 4975/59 4796/59 4973/59
f 4973/59 5163/59 4975/59
f 4973/64 4794/64 4974/64
f 4974/64 5164/64 4973/64
f 4974/1108 4795/1108 3682/1108
f 4981/149 4803/149 4797/149
f 4797/149 4975/149 4981/149
f 4798/1109 4976/1109 5040/1109
f 5040/1110 4977/1110 4798/1110
f 4978/1111 4799/1111 4977/1111
f 4977/1112 5165/1112 4978/1112
f 4800/1113 4979/1113 3682/1113
f 4801/22 4980/22 5166/22
f 5166/32 4979/32 4801/32
f 4980/1114 4802/1114 4981/1114
f 4981/1115 5167/1115 4980/1115
f 4470/1116 5168/1116 4982/1116
f 4997/59 4816/59 4983/59
f 4983/59 5169/59 4997/59
f 4984/220 5170/220 4983/220
f 4983/220 4805/220 4984/220
f 4984/59 4806/59 4985/59
f 4985/59 5171/59 4984/59
f 4986/1117 5172/1117 4985/1117
f 4985/591 4807/591 4986/591
f 4986/1118 4809/1118 4990/1118
f 4990/1119 5173/1119 4986/1119
f 4669/59 5022/59 4987/59
f 4988/1120 4987/1120 5174/1120
f 5174/1121 5175/1121 4988/1121
f 4808/1122 4988/1122 5176/1122
f 5176/1123 4989/1123 4808/1123
f 4989/1124 5173/1124 4990/1124
f 5177/1125 5178/1125 5173/1125
f 4989/1126 5179/1126 5177/1126
f 4989/1127 5177/1127 5173/1127
f 5180/7 5181/7 5182/7
f 5004/59 5003/59 5182/59
f 5183/7 5184/7 5185/7
f 5003/59 5183/59 5182/59
f 5186/59 5180/59 5182/59
f 4991/59 4997/59 5186/59
f 5187/7 5188/7 4991/7
f 5002/59 5001/59 5187/59
f 5183/7 5185/7 5189/7
f 5189/59 5002/59 5187/59
f 5187/59 4991/59 5186/59
f 5183/59 5186/59 5182/59
f 5183/7 5189/7 5187/7
f 5183/59 5187/59 5186/59
f 5015/59 5014/59 5190/59
f 5190/59 5191/59 5015/59
f 5008/59 5011/59 5192/59
f 5192/59 5193/59 5008/59
f 5009/100 5008/100 5194/100
f 4852/100 5195/100 5041/100
f 5196/7 5197/7 5195/7
f 5198/100 5199/100 5196/100
f 5200/106 5201/106 5198/106
f 5202/7 5203/7 5200/7
f 5204/100 5205/100 5206/100
f 5206/7 5202/7 5200/7
f 5200/100 5198/100 5196/100
f 4852/100 5196/100 5195/100
f 4852/106 5005/106 5207/106
f 5208/100 5204/100 5206/100
f 4852/100 5207/100 5208/100
f 4852/100 5200/100 5196/100
f 5208/7 5206/7 5200/7
f 4852/100 5208/100 5200/100
f 4495/1128 4497/1128 5209/1128
f 4495/1129 5210/1129 5019/1129
f 5019/1130 5210/1130 5020/1130
f 5020/1131 4834/1131 5019/1131
f 5022/59 4835/59 5211/59
f 5211/59 5212/59 5022/59
f 5023/64 4842/64 5031/64
f 5031/59 5213/59 5023/59
f 4836/473 5023/473 5214/473
f 5214/473 5024/473 4836/473
f 4837/1132 5024/1132 5215/1132
f 5215/1133 5025/1133 4837/1133
f 5216/1134 5217/1134 5026/1134
f 5026/1135 5025/1135 5216/1135
f 5217/1136 4338/1136 5026/1136
f 4338/1137 5218/1137 5027/1137
f 5029/1138 4839/1138 5027/1138
f 5027/1139 5219/1139 5029/1139
f 5029/1140 5220/1140 5221/1140
f 5221/1141 5028/1141 5029/1141
f 5028/1142 5222/1142 5209/1142
f 5209/1143 4497/1143 5028/1143
f 4841/59 4850/59 5039/59
f 5039/64 5030/64 4841/64
f 5031/482 5030/482 5121/482
f 5121/482 5120/482 5031/482
f 4843/1144 4608/1144 5032/1144
f 4844/59 5032/59 5223/59
f 5223/59 5033/59 4844/59
f 5033/1145 5224/1145 5034/1145
f 5034/1146 4845/1146 5033/1146
f 4846/59 5034/59 5225/59
f 5225/59 5035/59 4846/59
f 5035/508 5226/508 5036/508
f 5036/508 4847/508 5035/508
f 4848/59 5036/59 5227/59
f 5227/59 5037/59 4848/59
f 5038/509 5037/509 5228/509
f 5228/509 5229/509 5038/509
f 5039/483 4849/483 4930/483
f 4930/483 5122/483 5039/483
f 4851/507 5038/507 5229/507
f 5229/1147 5040/1147 4851/1147
f 5042/141 4853/141 5041/141
f 5041/140 5230/140 5042/140
f 4855/457 4854/457 5042/457
f 5042/456 5043/456 4855/456
f 4856/603 5043/603 5231/603
f 5231/526 5044/526 4856/526
f 5232/100 5048/100 4857/100
f 5044/100 5233/100 5234/100
f 5235/100 5232/100 4857/100
f 5044/100 5234/100 4857/100
f 5234/100 5235/100 4857/100
f 5049/149 5048/149 5236/149
f 5236/149 5237/149 5049/149
f 5052/180 5051/180 5238/180
f 5238/180 5239/180 5052/180
f 5061/149 5060/149 5240/149
f 5240/149 5241/149 5061/149
f 5057/180 5056/180 5242/180
f 5242/180 5243/180 5057/180
f 5046/149 5045/149 5244/149
f 5244/149 5245/149 5046/149
f 5065/149 5064/149 5246/149
f 5247/149 5248/149 5246/149
f 5074/149 4877/149 5072/149
f 5248/149 5074/149 5246/149
f 5249/149 5065/149 5246/149
f 5067/149 5066/149 5250/149
f 5250/7 5249/7 5246/7
f 5074/149 5072/149 5251/149
f 5074/149 5250/149 5246/149
f 5252/149 5067/149 5250/149
f 5069/149 5068/149 5253/149
f 5253/7 5252/7 5250/7
f 5074/180 5251/180 5254/180
f 5074/149 5253/149 5250/149
f 5255/149 5069/149 5253/149
f 5071/149 5070/149 5256/149
f 5256/7 5255/7 5253/7
f 5074/149 5254/149 5253/149
f 5254/149 5071/149 5256/149
f 5254/7 5256/7 5253/7
f 5074/149 5257/149 5075/149
f 5075/149 4881/149 5074/149
f 5076/1148 4888/1148 5075/1148
f 5075/1148 5258/1148 5076/1148
f 5076/180 5259/180 5077/180
f 5077/180 4889/180 5076/180
f 5078/152 4890/152 5077/152
f 5077/152 5260/152 5078/152
f 5078/9 5261/9 5079/9
f 5079/9 4891/9 5078/9
f 5080/22 4892/22 5079/22
f 5079/22 5262/22 5080/22
f 5080/106 5263/106 5081/106
f 5081/106 4894/106 5080/106
f 5264/22 5082/22 5081/22
f 5081/22 5265/22 5264/22
f 4893/1149 5082/1149 5266/1149
f 5266/1149 5083/1149 4893/1149
f 5267/32 5084/32 4895/32
f 4895/22 5083/22 5267/22
f 5085/1150 5268/1150 5086/1150
f 5086/234 4896/234 5085/234
f 5085/1151 5084/1151 5269/1151
f 5269/1151 5270/1151 5085/1151
f 5086/1152 5271/1152 4897/1152
f 5272/1153 5087/1153 4897/1153
f 5272/1154 5273/1154 5088/1154
f 5088/1155 5087/1155 5272/1155
f 5088/1156 5274/1156 5089/1156
f 5089/1156 4898/1156 5088/1156
f 5090/32 5089/32 5275/32
f 5275/22 5276/22 5090/22
f 4899/1157 5090/1157 5277/1157
f 5277/1157 5091/1157 4899/1157
f 4900/1158 5091/1158 5278/1158
f 5278/1159 5092/1159 4900/1159
f 5279/1160 5280/1160 5093/1160
f 5093/1161 5092/1161 5279/1161
f 5280/1162 4389/1162 5093/1162
f 5094/1163 4389/1163 5281/1163
f 5095/1164 4902/1164 5094/1164
f 5094/1165 5282/1165 5095/1165
f 5282/1166 5283/1166 5096/1166
f 5096/1167 5095/1167 5282/1167
f 5096/1168 5284/1168 5097/1168
f 5097/1168 4904/1168 5096/1168
f 4905/22 5097/22 5285/22
f 5285/22 5098/22 4905/22
f 4906/1169 5098/1169 5286/1169
f 5286/1169 5099/1169 4906/1169
f 5099/32 5286/32 5287/32
f 5287/22 5100/22 5099/22
f 4908/1170 5100/1170 5288/1170
f 5288/1170 5101/1170 4908/1170
f 4909/1171 5101/1171 5289/1171
f 5289/1172 5102/1172 4909/1172
f 5103/1173 4910/1173 5102/1173
f 5102/1174 5290/1174 5103/1174
f 5104/813 4911/813 5103/813
f 5103/1175 5291/1175 5104/1175
f 5104/621 5292/621 5293/621
f 5293/620 5105/620 5104/620
f 5105/1176 5294/1176 5106/1176
f 5106/1176 4912/1176 5105/1176
f 5106/1177 5295/1177 5107/1177
f 5107/1178 4913/1178 5106/1178
f 4914/1179 5107/1179 5118/1179
f 5118/1180 4925/1180 4914/1180
f 5108/1181 5296/1181 5109/1181
f 5109/1181 4916/1181 5108/1181
f 5109/22 5297/22 5110/22
f 5110/22 4917/22 5109/22
f 5110/1182 5298/1182 5111/1182
f 5111/1182 4918/1182 5110/1182
f 5111/1183 5299/1183 5112/1183
f 5112/1183 4919/1183 5111/1183
f 5300/1184 5113/1184 4920/1184
f 4920/1185 5112/1185 5300/1185
f 5301/1186 5114/1186 4921/1186
f 4921/1187 5113/1187 5301/1187
f 5302/59 5120/59 4927/59
f 4927/59 5114/59 5302/59
f 4922/1188 5115/1188 5296/1188
f 5296/1188 5108/1188 4922/1188
f 4923/32 5116/32 5303/32
f 5303/32 5115/32 4923/32
f 4924/1189 5117/1189 5304/1189
f 5304/1190 5116/1190 4924/1190
f 4926/1191 5119/1191 5305/1191
f 5305/1192 5117/1192 4926/1192
f 5306/1193 5307/1193 5119/1193
f 5119/1194 5118/1194 5306/1194
f 5121/59 5122/59 4929/59
f 4929/59 4928/59 5121/59
f 3340/16 5123/16 5133/16
f 4932/1195 5124/1195 5308/1195
f 5308/1195 5123/1195 4932/1195
f 4933/16 5125/16 5309/16
f 5309/16 5124/16 4933/16
f 4934/1196 5126/1196 5310/1196
f 5310/1197 5125/1197 4934/1197
f 5126/1198 4935/1198 5127/1198
f 5127/1199 5311/1199 5126/1199
f 4936/1200 5128/1200 5312/1200
f 5312/1200 5127/1200 4936/1200
f 5128/1201 4937/1201 5129/1201
f 5129/1201 5313/1201 5128/1201
f 5314/1202 5129/1202 4938/1202
f 4938/1202 5130/1202 5314/1202
f 5315/1203 5130/1203 4939/1203
f 4939/1204 5131/1204 5315/1204
f 5316/149 5131/149 4940/149
f 4940/149 5132/149 5316/149
f 4978/1205 5132/1205 4941/1205
f 5133/1206 5317/1206 5134/1206
f 5134/1206 4942/1206 5133/1206
f 5134/16 5318/16 5135/16
f 5135/16 4943/16 5134/16
f 4944/1207 5135/1207 5319/1207
f 5319/1207 5136/1207 4944/1207
f 5136/1208 5320/1208 5137/1208
f 5137/1208 4945/1208 5136/1208
f 5137/1209 5321/1209 5138/1209
f 5138/1210 4946/1210 5137/1210
f 4947/1211 5138/1211 5322/1211
f 5322/1212 5139/1212 4947/1212
f 5140/1213 4948/1213 5139/1213
f 5139/1213 5323/1213 5140/1213
f 5142/1214 4950/1214 5140/1214
f 5140/1215 5324/1215 5142/1215
f 5325/1216 5141/1216 5142/1216
f 5142/1217 5326/1217 5325/1217
f 5327/875 5143/875 5141/875
f 5141/1218 5325/1218 5327/1218
f 5328/22 5144/22 4951/22
f 4951/22 5143/22 5328/22
f 5329/22 5145/22 4952/22
f 4952/22 5144/22 5329/22
f 5145/22 5330/22 5146/22
f 5146/22 4953/22 5145/22
f 5146/22 5331/22 5147/22
f 5147/22 4954/22 5146/22
f 5147/1219 4608/1219 4955/1219
f 4956/16 4965/16 5156/16
f 5156/27 5148/27 4956/27
f 5148/1220 5332/1220 5149/1220
f 5149/1220 4957/1220 5148/1220
f 4958/1221 5149/1221 5333/1221
f 5333/1222 5150/1222 4958/1222
f 5150/1223 5334/1223 5151/1223
f 5151/1223 4959/1223 5150/1223
f 4960/1224 5151/1224 5335/1224
f 5335/1224 5152/1224 4960/1224
f 5336/752 5153/752 4961/752
f 4961/752 5152/752 5336/752
f 5337/1225 5154/1225 4962/1225
f 4962/1094 5153/1094 5337/1094
f 5338/149 5155/149 4963/149
f 4963/149 5154/149 5338/149
f 4470/1226 4964/1226 5155/1226
f 5156/1227 4966/1227 5157/1227
f 5157/1227 5339/1227 5156/1227
f 5157/1228 4967/1228 5158/1228
f 5158/1229 5340/1229 5157/1229
f 5158/1230 4968/1230 5159/1230
f 5159/1231 5341/1231 5158/1231
f 4969/1232 5160/1232 5342/1232
f 5342/1232 5159/1232 4969/1232
f 5161/1233 5343/1233 5160/1233
f 5160/1233 4970/1233 5161/1233
f 5162/1234 5344/1234 5161/1234
f 5161/1235 4971/1235 5162/1235
f 4982/149 5168/149 5162/149
f 5162/149 4972/149 4982/149
f 4981/149 4975/149 5163/149
f 5163/149 5345/149 4981/149
f 5163/59 4973/59 5164/59
f 5164/59 5346/59 5163/59
f 5164/873 4974/873 3682/873
f 5165/1236 5347/1236 5325/1236
f 5325/1237 4978/1237 5165/1237
f 4979/1238 5166/1238 3682/1238
f 4980/1239 5167/1239 5348/1239
f 5348/1239 5166/1239 4980/1239
f 5167/59 4981/59 5345/59
f 4470/1240 5349/1240 5168/1240
f 5186/59 4997/59 5169/59
f 5169/59 5350/59 5186/59
f 5170/284 5351/284 5169/284
f 5169/244 4983/244 5170/244
f 5170/59 4984/59 5171/59
f 5171/59 5352/59 5170/59
f 5172/1241 5353/1241 5171/1241
f 5171/513 4985/513 5172/513
f 5172/1242 4986/1242 5173/1242
f 5173/1243 5178/1243 5172/1243
f 5022/59 5212/59 5354/59
f 5354/59 4987/59 5022/59
f 5175/1244 5355/1244 5176/1244
f 5176/1245 4988/1245 5175/1245
f 4989/1246 5176/1246 5355/1246
f 4989/1247 5356/1247 5179/1247
f 5180/59 5186/59 5357/59
f 5193/59 5192/59 5357/59
f 5358/7 5359/7 5360/7
f 5192/59 5358/59 5357/59
f 5361/59 5180/59 5357/59
f 5191/59 5190/59 5362/59
f 5362/59 5361/59 5357/59
f 5358/59 5360/59 5357/59
f 5363/59 5191/59 5362/59
f 5360/59 5363/59 5357/59
f 5363/59 5362/59 5357/59
f 5194/64 5008/64 5193/64
f 5193/64 5364/64 5194/64
f 5205/59 5204/59 5365/59
f 5365/59 5366/59 5205/59
f 5198/64 5201/64 5367/64
f 5367/64 5368/64 5198/64
f 5199/100 5198/100 5369/100
f 5370/106 5371/106 5230/106
f 5041/100 5195/100 5230/100
f 5195/7 5372/7 5373/7
f 5373/100 5374/100 5375/100
f 5376/7 5377/7 5378/7
f 5373/100 5375/100 5376/100
f 5195/100 5373/100 5230/100
f 5379/100 5370/100 5230/100
f 5376/7 5378/7 5379/7
f 5373/100 5376/100 5230/100
f 5376/100 5379/100 5230/100
f 4495/1248 5209/1248 5210/1248
f 5210/1249 5209/1249 5222/1249
f 5222/1250 5020/1250 5210/1250
f 5222/1251 5380/1251 5021/1251
f 5021/1252 5020/1252 5222/1252
f 5021/538 5381/538 5382/538
f 5382/538 4835/538 5021/538
f 5383/535 5211/535 4835/535
f 4835/535 5382/535 5383/535
f 5212/59 5211/59 5293/59
f 5293/59 5292/59 5212/59
f 5214/64 5023/64 5213/64
f 5213/64 5384/64 5214/64
f 5213/547 5031/547 5120/547
f 5120/547 5302/547 5213/547
f 5024/546 5214/546 5385/546
f 5385/546 5215/546 5024/546
f 5025/1253 5215/1253 5386/1253
f 5386/1254 5216/1254 5025/1254
f 5387/1255 5388/1255 5217/1255
f 5217/1256 5216/1256 5387/1256
f 5388/1257 4338/1257 5217/1257
f 4338/1258 5389/1258 5218/1258
f 5219/1259 5027/1259 5218/1259
f 5218/1260 5390/1260 5219/1260
f 5219/1261 5391/1261 5220/1261
f 5220/1262 5029/1262 5219/1262
f 5220/556 5392/556 5393/556
f 5393/556 5221/556 5220/556
f 5028/1263 5221/1263 5380/1263
f 5380/1264 5222/1264 5028/1264
f 5030/557 5039/557 5122/557
f 5122/557 5121/557 5030/557
f 5032/1265 4608/1265 5223/1265
f 5033/59 5223/59 5394/59
f 5394/59 5224/59 5033/59
f 5224/1266 5395/1266 5225/1266
f 5225/1267 5034/1267 5224/1267
f 5225/180 5396/180 5226/180
f 5226/180 5035/180 5225/180
f 5036/59 5226/59 5397/59
f 5397/59 5227/59 5036/59
f 5037/587 5227/587 5398/587
f 5398/587 5228/587 5037/587
f 5229/59 5228/59 5347/59
f 5347/59 5165/59 5229/59
f 5043/527 5042/527 5230/527
f 5230/526 5231/526 5043/526
f 5399/100 5233/100 5044/100
f 5231/100 5400/100 5044/100
f 5401/100 5402/100 5403/100
f 5400/106 5401/106 5044/106
f 5404/100 5399/100 5044/100
f 5405/100 5406/100 5407/100
f 5408/100 5404/100 5044/100
f 5409/100 5405/100 5407/100
f 5407/106 5408/106 5044/106
f 5401/100 5403/100 5410/100
f 5409/106 5407/106 5044/106
f 5401/106 5410/106 5411/106
f 5401/100 5409/100 5044/100
f 5412/100 5413/100 5414/100
f 5401/7 5414/7 5409/7
f 5401/7 5411/7 5415/7
f 5415/100 5412/100 5414/100
f 5401/7 5415/7 5414/7
f 5416/149 5236/149 5048/149
f 5048/149 5232/149 5416/149
f 5248/149 5247/149 5417/149
f 5245/149 5244/149 5417/149
f 5418/149 5243/149 5242/149
f 5244/149 5419/149 5417/149
f 5418/149 5242/149 5420/149
f 5419/7 5418/7 5417/7
f 5421/149 5248/149 5417/149
f 5237/149 5236/149 5421/149
f 5239/149 5238/149 5422/149
f 5423/149 5237/149 5421/149
f 5424/149 5239/149 5422/149
f 5422/180 5423/180 5421/180
f 5418/180 5421/180 5417/180
f 5418/7 5420/7 5425/7
f 5425/149 5241/149 5240/149
f 5426/7 5424/7 5422/7
f 5425/149 5240/149 5426/149
f 5418/149 5425/149 5421/149
f 5426/149 5422/149 5421/149
f 5425/149 5426/149 5421/149
f 5248/149 5427/149 5257/149
f 5257/149 5074/149 5248/149
f 5258/1268 5075/1268 5257/1268
f 5257/1268 5428/1268 5258/1268
f 5258/149 5429/149 5259/149
f 5259/149 5076/149 5258/149
f 5259/149 5430/149 5431/149
f 5431/149 5077/149 5259/149
f 5260/9 5432/9 5261/9
f 5261/9 5078/9 5260/9
f 5260/1269 5077/1269 5431/1269
f 5431/1270 5433/1270 5260/1270
f 5262/22 5079/22 5261/22
f 5261/22 5434/22 5262/22
f 5262/100 5435/100 5263/100
f 5263/100 5080/100 5262/100
f 5265/22 5081/22 5263/22
f 5263/22 5436/22 5265/22
f 5265/100 5437/100 5438/100
f 5438/100 5264/100 5265/100
f 5439/22 5266/22 5082/22
f 5082/22 5264/22 5439/22
f 5083/9 5266/9 5440/9
f 5440/9 5267/9 5083/9
f 5441/22 5269/22 5084/22
f 5084/22 5267/22 5441/22
f 5270/1271 5442/1271 5268/1271
f 5268/1272 5085/1272 5270/1272
f 5268/1273 5443/1273 5444/1273
f 5444/1274 5086/1274 5268/1274
f 5270/100 5269/100 5445/100
f 5445/100 5446/100 5270/100
f 5086/1275 5447/1275 5448/1275
f 5448/1276 5271/1276 5086/1276
f 5271/1277 5272/1277 4897/1277
f 5271/1278 5448/1278 5273/1278
f 5273/1279 5272/1279 5271/1279
f 5273/1280 5449/1280 5274/1280
f 5274/1280 5088/1280 5273/1280
f 5089/32 5274/32 5450/32
f 5450/22 5275/22 5089/22
f 5277/32 5090/32 5276/32
f 5276/32 5451/32 5277/32
f 5276/1281 5275/1281 5452/1281
f 5452/1281 5453/1281 5276/1281
f 5091/1282 5277/1282 5454/1282
f 5454/1282 5278/1282 5091/1282
f 5092/1283 5278/1283 5455/1283
f 5455/1284 5279/1284 5092/1284
f 5456/1285 5457/1285 5280/1285
f 5280/1286 5279/1286 5456/1286
f 5457/1287 4389/1287 5280/1287
f 5282/1288 5094/1288 5281/1288
f 5281/1289 5458/1289 5282/1289
f 5281/1290 4389/1290 5459/1290
f 5458/1291 5460/1291 5283/1291
f 5283/1292 5282/1292 5458/1292
f 5283/1293 5461/1293 5284/1293
f 5284/1293 5096/1293 5283/1293
f 5097/22 5284/22 5462/22
f 5462/22 5285/22 5097/22
f 5098/1294 5285/1294 5463/1294
f 5463/1294 5286/1294 5098/1294
f 5286/32 5463/32 5464/32
f 5464/32 5287/32 5286/32
f 5100/1295 5287/1295 5465/1295
f 5465/1296 5288/1296 5100/1296
f 5101/1297 5288/1297 5466/1297
f 5466/1298 5289/1298 5101/1298
f 5290/1299 5102/1299 5289/1299
f 5289/1300 5467/1300 5290/1300
f 5291/1301 5103/1301 5290/1301
f 5290/1301 5468/1301 5291/1301
f 5104/710 5291/710 5469/710
f 5469/709 5292/709 5104/709
f 5105/622 5293/622 5211/622
f 5211/622 5470/622 5105/622
f 5470/64 5471/64 5294/64
f 5294/59 5105/59 5470/59
f 5294/1302 5472/1302 5295/1302
f 5295/1302 5106/1302 5294/1302
f 5295/1303 5306/1303 5118/1303
f 5118/1304 5107/1304 5295/1304
f 5296/22 5473/22 5297/22
f 5297/32 5109/32 5296/32
f 5297/1305 5474/1305 5298/1305
f 5298/1306 5110/1306 5297/1306
f 5298/1307 5475/1307 5299/1307
f 5299/1308 5111/1308 5298/1308
f 5476/1309 5300/1309 5112/1309
f 5112/1309 5299/1309 5476/1309
f 5477/1310 5301/1310 5113/1310
f 5113/1311 5300/1311 5477/1311
f 5478/64 5302/64 5114/64
f 5114/59 5301/59 5478/59
f 5115/22 5303/22 5473/22
f 5473/32 5296/32 5115/32
f 5116/1312 5304/1312 5479/1312
f 5479/1313 5303/1313 5116/1313
f 5117/1314 5305/1314 5480/1314
f 5480/1314 5304/1314 5117/1314
f 5307/1315 5481/1315 5305/1315
f 5305/1316 5119/1316 5307/1316
f 5482/1317 5483/1317 5307/1317
f 5307/1318 5306/1318 5482/1318
f 5123/1319 5308/1319 5317/1319
f 5317/1320 5133/1320 5123/1320
f 5124/27 5309/27 5484/27
f 5484/16 5308/16 5124/16
f 5309/1321 5125/1321 5310/1321
f 5310/1321 5485/1321 5309/1321
f 5126/1322 5311/1322 5486/1322
f 5486/1323 5310/1323 5126/1323
f 5311/1324 5127/1324 5312/1324
f 5312/1324 5487/1324 5311/1324
f 5128/1325 5313/1325 5488/1325
f 5488/1325 5312/1325 5128/1325
f 5489/839 5313/839 5129/839
f 5129/839 5314/839 5489/839
f 5490/1202 5314/1202 5130/1202
f 5130/1326 5315/1326 5490/1326
f 5491/149 5315/149 5131/149
f 5131/149 5316/149 5491/149
f 4978/1327 5316/1327 5132/1327
f 5317/16 5492/16 5318/16
f 5318/16 5134/16 5317/16
f 5318/1328 5493/1328 5319/1328
f 5319/1328 5135/1328 5318/1328
f 5136/1329 5319/1329 5494/1329
f 5494/1330 5320/1330 5136/1330
f 5320/1331 5495/1331 5321/1331
f 5321/1332 5137/1332 5320/1332
f 5321/1333 5496/1333 5322/1333
f 5322/1334 5138/1334 5321/1334
f 5323/1335 5139/1335 5322/1335
f 5322/1335 5497/1335 5323/1335
f 5324/1336 5140/1336 5323/1336
f 5323/1337 5498/1337 5324/1337
f 5326/149 5142/149 5324/149
f 5324/149 5499/149 5326/149
f 4978/1338 5325/1338 5326/1338
f 5347/1339 5500/1339 5327/1339
f 5327/1340 5325/1340 5347/1340
f 5501/985 5328/985 5143/985
f 5143/985 5327/985 5501/985
f 5502/22 5329/22 5144/22
f 5144/22 5328/22 5502/22
f 5329/32 5503/32 5330/32
f 5330/32 5145/32 5329/32
f 5330/32 5504/32 5331/32
f 5331/32 5146/32 5330/32
f 5331/1341 4608/1341 5147/1341
f 5148/1342 5156/1342 5339/1342
f 5339/1342 5332/1342 5148/1342
f 5332/1343 5505/1343 5333/1343
f 5333/1343 5149/1343 5332/1343
f 5150/1344 5333/1344 5506/1344
f 5506/1344 5334/1344 5150/1344
f 5334/1345 5507/1345 5335/1345
f 5335/1345 5151/1345 5334/1345
f 5508/854 5336/854 5152/854
f 5152/854 5335/854 5508/854
f 5509/1093 5337/1093 5153/1093
f 5153/1093 5336/1093 5509/1093
f 5510/149 5338/149 5154/149
f 5154/180 5337/180 5510/180
f 4470/1346 5155/1346 5338/1346
f 5339/1347 5157/1347 5340/1347
f 5340/1348 5511/1348 5339/1348
f 5340/1349 5158/1349 5341/1349
f 5341/1228 5512/1228 5340/1228
f 5341/1350 5159/1350 5342/1350
f 5342/1350 5513/1350 5341/1350
f 5343/1351 5514/1351 5342/1351
f 5342/1351 5160/1351 5343/1351
f 5344/1352 5515/1352 5343/1352
f 5343/1353 5161/1353 5344/1353
f 5168/149 5349/149 5344/149
f 5344/149 5162/149 5168/149
f 5345/180 5163/180 5346/180
f 5346/180 5516/180 5345/180
f 5346/873 5164/873 3682/873
f 5040/1354 5229/1354 5165/1354
f 5165/1355 4977/1355 5040/1355
f 5166/1356 5348/1356 3682/1356
f 5167/59 5345/59 5516/59
f 5516/59 5348/59 5167/59
f 4470/1357 5517/1357 5349/1357
f 5357/59 5186/59 5350/59
f 5350/59 5518/59 5357/59
f 5351/284 5519/284 5350/284
f 5350/220 5169/220 5351/220
f 5351/64 5170/64 5352/64
f 5352/64 5520/64 5351/64
f 5171/1358 5353/1358 5521/1358
f 5521/444 5352/444 5171/444
f 5353/1359 5172/1359 5178/1359
f 5178/1360 5177/1360 5353/1360
f 5212/59 5292/59 5469/59
f 5469/59 5354/59 5212/59
f 5522/619 5523/619 4987/619
f 4987/619 5354/619 5522/619
f 5524/1361 5175/1361 5174/1361
f 5174/1362 5525/1362 5524/1362
f 5174/618 4987/618 5523/618
f 5523/618 5526/618 5174/618
f 5355/1363 5175/1363 5524/1363
f 5524/1364 5356/1364 5355/1364
f 4989/1365 5355/1365 5356/1365
f 5356/1366 5524/1366 5527/1366
f 5527/1367 5179/1367 5356/1367
f 5364/59 5193/59 5357/59
f 5368/64 5367/64 5528/64
f 5529/59 5364/59 5357/59
f 5367/59 5530/59 5528/59
f 5529/59 5357/59 5528/59
f 5531/7 5532/7 5529/7
f 5366/59 5365/59 5533/59
f 5533/7 5531/7 5529/7
f 5530/59 5534/59 5528/59
f 5533/64 5529/64 5528/64
f 5535/59 5366/59 5533/59
f 5534/7 5536/7 5535/7
f 5534/59 5533/59 5528/59
f 5534/7 5535/7 5533/7
f 5369/59 5198/59 5368/59
f 5368/59 5537/59 5369/59
f 5375/59 5374/59 5538/59
f 5538/59 5539/59 5375/59
f 5371/59 5370/59 5540/59
f 5540/59 5541/59 5371/59
f 5230/100 5400/100 5231/100
f 5371/106 5542/106 5543/106
f 5230/100 5543/100 5400/100
f 5230/100 5371/100 5543/100
f 5380/623 5544/623 5381/623
f 5381/623 5021/623 5380/623
f 5382/59 5381/59 5545/59
f 5545/59 5383/59 5382/59
f 5470/7 5211/7 5383/7
f 5385/64 5214/64 5384/64
f 5384/59 5546/59 5385/59
f 5384/629 5213/629 5302/629
f 5302/629 5478/629 5384/629
f 5215/628 5385/628 5547/628
f 5547/628 5386/628 5215/628
f 5216/1368 5386/1368 5548/1368
f 5548/1369 5387/1369 5216/1369
f 5549/1370 5550/1370 5388/1370
f 5388/1371 5387/1371 5549/1371
f 5550/1372 4338/1372 5388/1372
f 5389/1373 4338/1373 5551/1373
f 5390/1374 5218/1374 5389/1374
f 5389/1375 5552/1375 5390/1375
f 5390/1376 5553/1376 5391/1376
f 5391/1377 5219/1377 5390/1377
f 5391/636 5554/636 5392/636
f 5392/636 5220/636 5391/636
f 5393/64 5392/64 5555/64
f 5555/59 5556/59 5393/59
f 5221/637 5393/637 5544/637
f 5544/637 5380/637 5221/637
f 5223/1378 4608/1378 5394/1378
f 5224/59 5394/59 5557/59
f 5557/59 5395/59 5224/59
f 5395/1379 5558/1379 5396/1379
f 5396/674 5225/674 5395/674
f 5226/59 5396/59 5559/59
f 5559/59 5397/59 5226/59
f 5227/676 5397/676 5560/676
f 5560/676 5398/676 5227/676
f 5228/59 5398/59 5500/59
f 5500/59 5347/59 5228/59
f 5561/100 5403/100 5402/100
f 5410/149 5403/149 5562/149
f 5562/149 5563/149 5410/149
f 5413/180 5412/180 5564/180
f 5564/180 5565/180 5413/180
f 5406/180 5405/180 5566/180
f 5566/180 5567/180 5406/180
f 5399/180 5404/180 5568/180
f 5568/180 5569/180 5399/180
f 5570/149 5571/149 5421/149
f 5236/149 5416/149 5421/149
f 5572/180 5570/180 5421/180
f 5416/149 5572/149 5421/149
f 5248/149 5421/149 5573/149
f 5573/149 5427/149 5248/149
f 5428/1380 5257/1380 5427/1380
f 5427/1380 5574/1380 5428/1380
f 5428/149 5575/149 5429/149
f 5429/149 5258/149 5428/149
f 5576/149 5259/149 5429/149
f 5429/149 5577/149 5576/149
f 5578/180 5430/180 5259/180
f 5259/180 5576/180 5578/180
f 5430/156 5579/156 5580/156
f 5580/1381 5431/1381 5430/1381
f 5433/149 5581/149 5432/149
f 5432/149 5260/149 5433/149
f 5434/22 5261/22 5432/22
f 5432/22 5582/22 5434/22
f 5433/1382 5431/1382 5583/1382
f 5583/1383 5584/1383 5433/1383
f 5434/100 5585/100 5435/100
f 5435/100 5262/100 5434/100
f 5436/32 5263/32 5435/32
f 5435/22 5586/22 5436/22
f 5436/100 5587/100 5437/100
f 5437/100 5265/100 5436/100
f 5588/22 5589/22 5438/22
f 5438/22 5437/22 5588/22
f 5264/1384 5438/1384 5589/1384
f 5589/1384 5439/1384 5264/1384
f 5590/22 5440/22 5266/22
f 5266/22 5439/22 5590/22
f 5267/9 5440/9 5591/9
f 5591/9 5441/9 5267/9
f 5592/22 5445/22 5269/22
f 5269/22 5441/22 5592/22
f 5446/1385 5593/1385 5442/1385
f 5442/198 5270/198 5446/198
f 5442/1386 5594/1386 5443/1386
f 5443/1387 5268/1387 5442/1387
f 5595/1388 5596/1388 5444/1388
f 5444/1389 5443/1389 5595/1389
f 5444/1390 5597/1390 5447/1390
f 5447/1391 5086/1391 5444/1391
f 5446/100 5445/100 5598/100
f 5598/100 5584/100 5446/100
f 5447/1392 5599/1392 5600/1392
f 5600/1392 5448/1392 5447/1392
f 5448/1393 5600/1393 5449/1393
f 5449/1393 5273/1393 5448/1393
f 5274/22 5449/22 5601/22
f 5601/32 5450/32 5274/32
f 5275/1394 5450/1394 5602/1394
f 5602/1394 5452/1394 5275/1394
f 5454/32 5277/32 5451/32
f 5451/22 5603/22 5454/22
f 5451/1395 5276/1395 5453/1395
f 5453/1395 5604/1395 5451/1395
f 5453/22 5452/22 5605/22
f 5605/22 5606/22 5453/22
f 5278/1396 5454/1396 5607/1396
f 5607/1396 5455/1396 5278/1396
f 5279/1397 5455/1397 5608/1397
f 5608/1398 5456/1398 5279/1398
f 5609/1399 5459/1399 5457/1399
f 5457/1400 5456/1400 5609/1400
f 5459/1401 4389/1401 5457/1401
f 5458/1402 5281/1402 5459/1402
f 5459/1403 5609/1403 5458/1403
f 5609/1404 5610/1404 5460/1404
f 5460/1405 5458/1405 5609/1405
f 5460/1406 5611/1406 5461/1406
f 5461/1406 5283/1406 5460/1406
f 5284/22 5461/22 5612/22
f 5612/22 5462/22 5284/22
f 5285/1407 5462/1407 5613/1407
f 5613/1407 5463/1407 5285/1407
f 5463/22 5613/22 5614/22
f 5614/32 5464/32 5463/32
f 5287/1408 5464/1408 5615/1408
f 5615/1409 5465/1409 5287/1409
f 5288/1410 5465/1410 5616/1410
f 5616/1411 5466/1411 5288/1411
f 5467/1412 5289/1412 5466/1412
f 5466/1413 5617/1413 5467/1413
f 5468/1414 5290/1414 5467/1414
f 5467/1414 5618/1414 5468/1414
f 5619/59 5291/59 5468/59
f 5468/64 5620/64 5619/64
f 5291/708 5619/708 5354/708
f 5354/708 5469/708 5291/708
f 5383/713 5545/713 5471/713
f 5471/713 5470/713 5383/713
f 5471/59 5621/59 5472/59
f 5472/59 5294/59 5471/59
f 5472/1415 5482/1415 5306/1415
f 5306/1415 5295/1415 5472/1415
f 5473/1416 5622/1416 5474/1416
f 5474/1417 5297/1417 5473/1417
f 5474/1418 5623/1418 5475/1418
f 5475/1418 5298/1418 5474/1418
f 5624/1419 5476/1419 5299/1419
f 5299/1420 5475/1420 5624/1420
f 5625/1421 5477/1421 5300/1421
f 5300/1422 5476/1422 5625/1422
f 5626/59 5478/59 5301/59
f 5301/59 5477/59 5626/59
f 5303/1423 5479/1423 5622/1423
f 5622/1424 5473/1424 5303/1424
f 5304/1425 5480/1425 5627/1425
f 5627/1425 5479/1425 5304/1425
f 5481/1426 5628/1426 5480/1426
f 5480/1426 5305/1426 5481/1426
f 5483/1427 5629/1427 5481/1427
f 5481/1428 5307/1428 5483/1428
f 5630/64 5631/64 5483/64
f 5483/59 5482/59 5630/59
f 5308/27 5484/27 5492/27
f 5492/16 5317/16 5308/16
f 5309/1429 5485/1429 5632/1429
f 5632/1429 5484/1429 5309/1429
f 5485/1430 5310/1430 5486/1430
f 5486/1430 5633/1430 5485/1430
f 5311/1431 5487/1431 5634/1431
f 5634/1431 5486/1431 5311/1431
f 5487/1432 5312/1432 5488/1432
f 5488/1432 5635/1432 5487/1432
f 5636/946 5488/946 5313/946
f 5313/946 5489/946 5636/946
f 5637/1201 5489/1201 5314/1201
f 5314/1201 5490/1201 5637/1201
f 5638/180 5490/180 5315/180
f 5315/149 5491/149 5638/149
f 4978/1433 5491/1433 5316/1433
f 5492/1434 5639/1434 5493/1434
f 5493/1434 5318/1434 5492/1434
f 5493/1435 5640/1435 5494/1435
f 5494/1436 5319/1436 5493/1436
f 5320/1437 5494/1437 5641/1437
f 5641/1438 5495/1438 5320/1438
f 5495/1439 5642/1439 5496/1439
f 5496/1440 5321/1440 5495/1440
f 5497/1441 5322/1441 5496/1441
f 5496/1441 5643/1441 5497/1441
f 5498/1442 5323/1442 5497/1442
f 5497/1443 5644/1443 5498/1443
f 5499/149 5324/149 5498/149
f 5498/149 5645/149 5499/149
f 4978/1444 5326/1444 5499/1444
f 5500/885 5646/885 5501/885
f 5501/1445 5327/1445 5500/1445
f 5647/149 5502/149 5328/149
f 5328/149 5501/149 5647/149
f 5502/22 5648/22 5503/22
f 5503/22 5329/22 5502/22
f 5503/32 5649/32 5504/32
f 5504/32 5330/32 5503/32
f 5504/1446 4608/1446 5331/1446
f 5332/1447 5339/1447 5511/1447
f 5511/1447 5505/1447 5332/1447
f 5505/1448 5650/1448 5506/1448
f 5506/1449 5333/1449 5505/1449
f 5334/1450 5506/1450 5651/1450
f 5651/1450 5507/1450 5334/1450
f 5652/1223 5508/1223 5335/1223
f 5335/1223 5507/1223 5652/1223
f 5653/1451 5509/1451 5336/1451
f 5336/1451 5508/1451 5653/1451
f 5654/149 5510/149 5337/149
f 5337/180 5509/180 5654/180
f 4470/1452 5338/1452 5510/1452
f 5511/1453 5340/1453 5512/1453
f 5512/1454 5655/1454 5511/1454
f 5512/1098 5341/1098 5513/1098
f 5513/1455 5656/1455 5512/1455
f 5514/1456 5657/1456 5513/1456
f 5513/1456 5342/1456 5514/1456
f 5515/1457 5658/1457 5514/1457
f 5514/1458 5343/1458 5515/1458
f 5349/149 5517/149 5515/149
f 5515/149 5344/149 5349/149
f 5516/1459 5346/1459 3682/1459
f 5348/1460 5516/1460 3682/1460
f 4470/1461 5659/1461 5517/1461
f 5528/59 5357/59 5518/59
f 5518/59 5660/59 5528/59
f 5519/264 5661/264 5518/264
f 5518/245 5350/245 5519/245
f 5519/64 5351/64 5520/64
f 5520/64 5662/64 5519/64
f 5663/318 5664/318 5520/318
f 5520/318 5352/318 5663/318
f 5665/1462 5353/1462 5177/1462
f 5177/1463 5666/1463 5665/1463
f 5177/1464 5179/1464 5667/1464
f 5619/7 5522/7 5354/7
f 5523/59 5522/59 5668/59
f 5668/59 5526/59 5523/59
f 5527/1465 5524/1465 5525/1465
f 5525/1466 5669/1466 5527/1466
f 5525/707 5174/707 5526/707
f 5526/707 5670/707 5525/707
f 5537/59 5368/59 5528/59
f 5541/59 5540/59 5671/59
f 5672/59 5537/59 5528/59
f 5540/59 5673/59 5671/59
f 5672/59 5528/59 5671/59
f 5674/7 5675/7 5672/7
f 5539/59 5538/59 5676/59
f 5676/7 5674/7 5672/7
f 5673/59 5677/59 5671/59
f 5676/64 5672/64 5671/64
f 5678/59 5539/59 5676/59
f 5677/7 5679/7 5678/7
f 5677/59 5676/59 5671/59
f 5677/7 5678/7 5676/7
f 5542/149 5371/149 5541/149
f 5541/149 5680/149 5542/149
f 5381/59 5544/59 5681/59
f 5681/59 5545/59 5381/59
f 5547/59 5385/59 5546/59
f 5546/59 5682/59 5547/59
f 5546/719 5384/719 5478/719
f 5478/719 5626/719 5546/719
f 5386/718 5547/718 5683/718
f 5683/718 5548/718 5386/718
f 5387/1467 5548/1467 5684/1467
f 5684/1468 5549/1468 5387/1468
f 5685/1469 5551/1469 5550/1469
f 5550/1470 5549/1470 5685/1470
f 5551/1471 4338/1471 5550/1471
f 5552/1472 5389/1472 5551/1472
f 5551/1473 5685/1473 5552/1473
f 5552/1474 5686/1474 5553/1474
f 5553/1475 5390/1475 5552/1475
f 5553/726 5687/726 5554/726
f 5554/726 5391/726 5553/726
f 5392/59 5554/59 5688/59
f 5688/59 5555/59 5392/59
f 5544/64 5393/64 5556/64
f 5556/59 5681/59 5544/59
f 5556/727 5555/727 5631/727
f 5631/727 5630/727 5556/727
f 5394/1476 4608/1476 5557/1476
f 5557/1477 5689/1477 5558/1477
f 5558/1478 5395/1478 5557/1478
f 5558/1479 5690/1479 5559/1479
f 5559/1479 5396/1479 5558/1479
f 5397/149 5559/149 5691/149
f 5691/149 5560/149 5397/149
f 5398/59 5560/59 5646/59
f 5646/59 5500/59 5398/59
f 5403/180 5561/180 5692/180
f 5692/180 5562/180 5403/180
f 5571/149 5570/149 5693/149
f 5569/149 5568/149 5693/149
f 5694/149 5567/149 5566/149
f 5568/149 5695/149 5693/149
f 5694/149 5566/149 5696/149
f 5695/7 5694/7 5693/7
f 5697/149 5571/149 5693/149
f 5563/180 5562/180 5697/180
f 5565/149 5564/149 5698/149
f 5699/180 5563/180 5697/180
f 5700/149 5565/149 5698/149
f 5698/149 5699/149 5697/149
f 5694/180 5697/180 5693/180
f 5694/7 5696/7 5700/7
f 5700/149 5698/149 5697/149
f 5694/149 5700/149 5697/149
f 5421/149 5571/149 5701/149
f 5701/149 5573/149 5421/149
f 5702/1380 5574/1380 5427/1380
f 5427/1380 5573/1380 5702/1380
f 5574/149 5703/149 5575/149
f 5575/149 5428/149 5574/149
f 5577/149 5429/149 5575/149
f 5575/149 5704/149 5577/149
f 5577/9 5705/9 5706/9
f 5706/9 5576/9 5577/9
f 5576/22 5706/22 5707/22
f 5707/22 5578/22 5576/22
f 5708/149 5709/149 5430/149
f 5430/149 5578/149 5708/149
f 5709/9 5710/9 5579/9
f 5579/9 5430/9 5709/9
f 5579/1480 5711/1480 5712/1480
f 5712/1481 5580/1481 5579/1481
f 5431/1482 5580/1482 5713/1482
f 5713/1483 5583/1483 5431/1483
f 5584/1484 5598/1484 5581/1484
f 5581/1484 5433/1484 5584/1484
f 5582/22 5432/22 5581/22
f 5581/22 5714/22 5582/22
f 5582/100 5715/100 5585/100
f 5585/100 5434/100 5582/100
f 5584/1485 5583/1485 5593/1485
f 5593/183 5446/183 5584/183
f 5586/22 5435/22 5585/22
f 5585/22 5716/22 5586/22
f 5586/100 5717/100 5587/100
f 5587/100 5436/100 5586/100
f 5718/22 5588/22 5437/22
f 5437/22 5587/22 5718/22
f 5439/18 5589/18 5588/18
f 5588/18 5590/18 5439/18
f 5719/32 5591/32 5440/32
f 5440/22 5590/22 5719/22
f 5441/9 5591/9 5720/9
f 5720/9 5592/9 5441/9
f 5721/22 5598/22 5445/22
f 5445/22 5592/22 5721/22
f 5593/1486 5722/1486 5594/1486
f 5594/1487 5442/1487 5593/1487
f 5723/1488 5595/1488 5443/1488
f 5443/1489 5594/1489 5723/1489
f 5724/1490 5596/1490 5595/1490
f 5595/1491 5725/1491 5724/1491
f 5596/1492 5726/1492 5597/1492
f 5597/1493 5444/1493 5596/1493
f 5447/1494 5597/1494 5727/1494
f 5727/1495 5599/1495 5447/1495
f 5600/22 5599/22 5728/22
f 5728/22 5729/22 5600/22
f 5449/22 5600/22 5729/22
f 5729/32 5601/32 5449/32
f 5450/1496 5601/1496 5730/1496
f 5730/1496 5602/1496 5450/1496
f 5452/32 5602/32 5731/32
f 5731/32 5605/32 5452/32
f 5607/22 5454/22 5603/22
f 5603/22 5732/22 5607/22
f 5603/1497 5451/1497 5604/1497
f 5604/1497 5733/1497 5603/1497
f 5604/32 5453/32 5606/32
f 5606/22 5734/22 5604/22
f 5606/1498 5605/1498 5735/1498
f 5735/1498 5736/1498 5606/1498
f 5455/1499 5607/1499 5737/1499
f 5737/1499 5608/1499 5455/1499
f 5456/1500 5608/1500 5610/1500
f 5610/1501 5609/1501 5456/1501
f 5610/1502 5738/1502 5611/1502
f 5611/1502 5460/1502 5610/1502
f 5461/32 5611/32 5739/32
f 5739/22 5612/22 5461/22
f 5462/1503 5612/1503 5740/1503
f 5740/1503 5613/1503 5462/1503
f 5613/32 5740/32 5741/32
f 5741/32 5614/32 5613/32
f 5464/1504 5614/1504 5742/1504
f 5742/1505 5615/1505 5464/1505
f 5465/1506 5615/1506 5743/1506
f 5743/1507 5616/1507 5465/1507
f 5617/1508 5466/1508 5616/1508
f 5616/1509 5744/1509 5617/1509
f 5618/1510 5467/1510 5617/1510
f 5617/1510 5745/1510 5618/1510
f 5620/59 5468/59 5618/59
f 5618/59 5746/59 5620/59
f 5522/811 5619/811 5620/811
f 5620/811 5668/811 5522/811
f 5545/817 5681/817 5621/817
f 5621/817 5471/817 5545/817
f 5621/59 5630/59 5482/59
f 5482/59 5472/59 5621/59
f 5622/1511 5747/1511 5623/1511
f 5623/1512 5474/1512 5622/1512
f 5748/1513 5624/1513 5475/1513
f 5475/1513 5623/1513 5748/1513
f 5749/1514 5625/1514 5476/1514
f 5476/1514 5624/1514 5749/1514
f 5750/59 5626/59 5477/59
f 5477/59 5625/59 5750/59
f 5479/1515 5627/1515 5747/1515
f 5747/1516 5622/1516 5479/1516
f 5628/1517 5751/1517 5627/1517
f 5627/1517 5480/1517 5628/1517
f 5629/1518 5752/1518 5628/1518
f 5628/1519 5481/1519 5629/1519
f 5631/64 5753/64 5629/64
f 5629/64 5483/64 5631/64
f 5484/1520 5632/1520 5639/1520
f 5639/1520 5492/1520 5484/1520
f 5485/1521 5633/1521 5754/1521
f 5754/1521 5632/1521 5485/1521
f 5633/1522 5486/1522 5634/1522
f 5634/1523 5755/1523 5633/1523
f 5487/1524 5635/1524 5756/1524
f 5756/1524 5634/1524 5487/1524
f 5757/1324 5635/1324 5488/1324
f 5488/1324 5636/1324 5757/1324
f 5758/1525 5636/1525 5489/1525
f 5489/1525 5637/1525 5758/1525
f 5759/180 5637/180 5490/180
f 5490/149 5638/149 5759/149
f 4978/1526 5638/1526 5491/1526
f 5639/1527 5760/1527 5640/1527
f 5640/1528 5493/1528 5639/1528
f 5640/1529 5761/1529 5641/1529
f 5641/1530 5494/1530 5640/1530
f 5495/1531 5641/1531 5762/1531
f 5762/1531 5642/1531 5495/1531
f 5643/1532 5496/1532 5642/1532
f 5642/1532 5763/1532 5643/1532
f 5644/1533 5497/1533 5643/1533
f 5643/1534 5764/1534 5644/1534
f 5645/149 5498/149 5644/149
f 5644/149 5765/149 5645/149
f 4978/1535 5499/1535 5645/1535
f 5646/149 5766/149 5647/149
f 5647/149 5501/149 5646/149
f 5647/149 5767/149 5648/149
f 5648/149 5502/149 5647/149
f 5648/22 5768/22 5649/22
f 5649/22 5503/22 5648/22
f 5649/1536 4608/1536 5504/1536
f 5505/1537 5511/1537 5655/1537
f 5655/1538 5650/1538 5505/1538
f 5650/1539 5769/1539 5651/1539
f 5651/1540 5506/1540 5650/1540
f 5770/1450 5652/1450 5507/1450
f 5507/1450 5651/1450 5770/1450
f 5771/1541 5653/1541 5508/1541
f 5508/1542 5652/1542 5771/1542
f 5772/149 5654/149 5509/149
f 5509/180 5653/180 5772/180
f 4470/1543 5510/1543 5654/1543
f 5655/1544 5512/1544 5656/1544
f 5656/1545 5773/1545 5655/1545
f 5657/1546 5774/1546 5656/1546
f 5656/1546 5513/1546 5657/1546
f 5658/1547 5775/1547 5657/1547
f 5657/1548 5514/1548 5658/1548
f 5517/149 5659/149 5658/149
f 5658/149 5515/149 5517/149
f 4470/1549 5776/1549 5659/1549
f 5671/59 5528/59 5660/59
f 5660/59 5777/59 5671/59
f 5661/245 5778/245 5660/245
f 5660/244 5518/244 5661/244
f 5661/64 5519/64 5662/64
f 5662/64 5779/64 5661/64
f 5664/265 5780/265 5662/265
f 5662/318 5520/318 5664/318
f 5521/1550 5781/1550 5663/1550
f 5663/1551 5352/1551 5521/1551
f 5664/9 5663/9 5782/9
f 5782/9 5783/9 5664/9
f 5781/1552 5521/1552 5353/1552
f 5784/1553 5665/1553 5666/1553
f 5666/1554 5785/1554 5784/1554
f 5781/1555 5353/1555 5665/1555
f 5785/1556 5666/1556 5177/1556
f 5177/1557 5667/1557 5786/1557
f 5527/1558 5787/1558 5667/1558
f 5667/1559 5179/1559 5527/1559
f 5526/59 5668/59 5788/59
f 5788/59 5670/59 5526/59
f 5787/1560 5527/1560 5669/1560
f 5669/1561 5789/1561 5787/1561
f 5669/810 5525/810 5670/810
f 5670/810 5790/810 5669/810
f 5680/149 5541/149 5671/149
f 5562/149 5692/149 5697/149
f 5791/149 5680/149 5671/149
f 5692/149 5792/149 5697/149
f 5791/180 5671/180 5697/180
f 5792/149 5791/149 5697/149
f 5683/64 5547/64 5682/64
f 5682/59 5793/59 5683/59
f 5682/821 5546/821 5626/821
f 5626/821 5750/821 5682/821
f 5548/820 5683/820 5794/820
f 5794/820 5684/820 5548/820
f 5549/1562 5684/1562 5795/1562
f 5795/1563 5685/1563 5549/1563
f 5685/1564 5795/1564 5686/1564
f 5686/1565 5552/1565 5685/1565
f 5686/827 5796/827 5687/827
f 5687/827 5553/827 5686/827
f 5554/59 5687/59 5797/59
f 5797/59 5688/59 5554/59
f 5555/828 5688/828 5753/828
f 5753/828 5631/828 5555/828
f 5681/829 5556/829 5630/829
f 5630/829 5621/829 5681/829
f 5557/1566 4608/1566 5689/1566
f 5558/59 5689/59 5798/59
f 5798/59 5690/59 5558/59
f 5690/1567 5799/1567 5691/1567
f 5691/882 5559/882 5690/882
f 5560/59 5691/59 5766/59
f 5766/59 5646/59 5560/59
f 5571/149 5697/149 5800/149
f 5800/149 5701/149 5571/149
f 5801/1268 5702/1268 5573/1268
f 5573/1268 5701/1268 5801/1268
f 5574/149 5702/149 5802/149
f 5802/149 5703/149 5574/149
f 5704/149 5575/149 5703/149
f 5703/149 5803/149 5704/149
f 5704/18 5804/18 5705/18
f 5705/18 5577/18 5704/18
f 5805/149 5706/149 5705/149
f 5705/149 5806/149 5805/149
f 5807/149 5707/149 5706/149
f 5706/149 5805/149 5807/149
f 5578/100 5707/100 5808/100
f 5808/100 5708/100 5578/100
f 5809/149 5810/149 5709/149
f 5709/149 5708/149 5809/149
f 5810/9 5811/9 5710/9
f 5710/9 5709/9 5810/9
f 5710/149 5812/149 5711/149
f 5711/149 5579/149 5710/149
f 5813/1568 5814/1568 5712/1568
f 5712/1569 5711/1569 5813/1569
f 5712/1570 5815/1570 5713/1570
f 5713/1571 5580/1571 5712/1571
f 5583/1572 5713/1572 5722/1572
f 5722/1573 5593/1573 5583/1573
f 5714/22 5581/22 5598/22
f 5598/22 5721/22 5714/22
f 5714/16 5816/16 5715/16
f 5715/16 5582/16 5714/16
f 5716/22 5585/22 5715/22
f 5715/22 5817/22 5716/22
f 5716/100 5818/100 5717/100
f 5717/100 5586/100 5716/100
f 5819/22 5718/22 5587/22
f 5587/22 5717/22 5819/22
f 5590/9 5588/9 5718/9
f 5718/9 5719/9 5590/9
f 5820/32 5720/32 5591/32
f 5591/32 5719/32 5820/32
f 5592/9 5720/9 5821/9
f 5821/9 5721/9 5592/9
f 5822/1574 5723/1574 5594/1574
f 5594/1575 5722/1575 5822/1575
f 5725/1576 5595/1576 5723/1576
f 5723/262 5823/262 5725/262
f 5725/22 5824/22 5825/22
f 5825/22 5724/22 5725/22
f 5724/315 5826/315 5726/315
f 5726/1577 5596/1577 5724/1577
f 5597/1578 5726/1578 5827/1578
f 5827/1579 5727/1579 5597/1579
f 5727/1580 5828/1580 5728/1580
f 5728/344 5599/344 5727/344
f 5729/1581 5728/1581 5829/1581
f 5829/1581 5830/1581 5729/1581
f 5601/1582 5729/1582 5830/1582
f 5830/1582 5730/1582 5601/1582
f 5602/22 5730/22 5831/22
f 5831/22 5731/22 5602/22
f 5605/1583 5731/1583 5832/1583
f 5832/1584 5735/1584 5605/1584
f 5737/32 5607/32 5732/32
f 5732/22 5833/22 5737/22
f 5732/1585 5603/1585 5733/1585
f 5733/1585 5834/1585 5732/1585
f 5733/22 5604/22 5734/22
f 5734/22 5835/22 5733/22
f 5734/1586 5606/1586 5736/1586
f 5736/1587 5836/1587 5734/1587
f 5736/1588 5735/1588 5837/1588
f 5837/1588 5838/1588 5736/1588
f 5608/1589 5737/1589 5738/1589
f 5738/1589 5610/1589 5608/1589
f 5611/32 5738/32 5839/32
f 5839/22 5739/22 5611/22
f 5612/1590 5739/1590 5840/1590
f 5840/1590 5740/1590 5612/1590
f 5740/32 5840/32 5841/32
f 5841/22 5741/22 5740/22
f 5614/1591 5741/1591 5842/1591
f 5842/1592 5742/1592 5614/1592
f 5615/1593 5742/1593 5843/1593
f 5843/1593 5743/1593 5615/1593
f 5744/1594 5616/1594 5743/1594
f 5743/1595 5844/1595 5744/1595
f 5745/1596 5617/1596 5744/1596
f 5744/1597 5845/1597 5745/1597
f 5746/59 5618/59 5745/59
f 5745/59 5846/59 5746/59
f 5668/920 5620/920 5746/920
f 5746/920 5788/920 5668/920
f 5847/1598 5748/1598 5623/1598
f 5623/1599 5747/1599 5847/1599
f 5848/1600 5749/1600 5624/1600
f 5624/1601 5748/1601 5848/1601
f 5849/59 5750/59 5625/59
f 5625/59 5749/59 5849/59
f 5751/1602 5847/1602 5747/1602
f 5747/1603 5627/1603 5751/1603
f 5752/1604 5850/1604 5751/1604
f 5751/1605 5628/1605 5752/1605
f 5753/59 5851/59 5752/59
f 5752/64 5629/64 5753/64
f 5632/1606 5754/1606 5760/1606
f 5760/1607 5639/1607 5632/1607
f 5633/1608 5755/1608 5852/1608
f 5852/1609 5754/1609 5633/1609
f 5755/1610 5634/1610 5756/1610
f 5756/1611 5853/1611 5755/1611
f 5854/1524 5756/1524 5635/1524
f 5635/1524 5757/1524 5854/1524
f 5855/1612 5757/1612 5636/1612
f 5636/1613 5758/1613 5855/1613
f 5856/180 5758/180 5637/180
f 5637/149 5759/149 5856/149
f 4978/1614 5759/1614 5638/1614
f 5760/1528 5857/1528 5761/1528
f 5761/1615 5640/1615 5760/1615
f 5761/1616 5858/1616 5762/1616
f 5762/1616 5641/1616 5761/1616
f 5763/1617 5642/1617 5762/1617
f 5762/1617 5859/1617 5763/1617
f 5764/1618 5643/1618 5763/1618
f 5763/1619 5860/1619 5764/1619
f 5765/149 5644/149 5764/149
f 5764/149 5861/149 5765/149
f 4978/1620 5645/1620 5765/1620
f 5862/1115 5863/1115 5647/1115
f 5647/1114 5766/1114 5862/1114
f 5863/22 5767/22 5647/22
f 5767/180 5864/180 5768/180
f 5768/180 5648/180 5767/180
f 5768/1621 4608/1621 5649/1621
f 5650/1622 5655/1622 5773/1622
f 5773/1623 5769/1623 5650/1623
f 5865/1624 5770/1624 5651/1624
f 5651/1624 5769/1624 5865/1624
f 5866/1625 5771/1625 5652/1625
f 5652/1450 5770/1450 5866/1450
f 5867/149 5772/149 5653/149
f 5653/149 5771/149 5867/149
f 4470/1626 5654/1626 5772/1626
f 5774/1453 5868/1453 5773/1453
f 5773/1453 5656/1453 5774/1453
f 5775/1627 5869/1627 5774/1627
f 5774/1628 5657/1628 5775/1628
f 5659/149 5776/149 5775/149
f 5775/149 5658/149 5659/149
f 4470/1629 5870/1629 5776/1629
f 5697/149 5671/149 5777/149
f 5777/149 5800/149 5697/149
f 5778/220 5871/220 5777/220
f 5777/219 5660/219 5778/219
f 5778/59 5661/59 5779/59
f 5779/59 5872/59 5778/59
f 5780/318 5873/318 5779/318
f 5779/265 5662/265 5780/265
f 5780/9 5664/9 5783/9
f 5783/9 5874/9 5780/9
f 5781/1630 5875/1630 5876/1630
f 5876/1631 5663/1631 5781/1631
f 5663/905 5876/905 5877/905
f 5877/905 5782/905 5663/905
f 5878/59 5879/59 5783/59
f 5783/59 5782/59 5878/59
f 5880/1632 5784/1632 5785/1632
f 5785/1633 5881/1633 5880/1633
f 5665/1634 5784/1634 5882/1634
f 5882/1635 5883/1635 5665/1635
f 5875/1636 5781/1636 5665/1636
f 5881/1637 5785/1637 5177/1637
f 5177/1638 5786/1638 5884/1638
f 5787/1639 5885/1639 5786/1639
f 5786/1640 5667/1640 5787/1640
f 5670/59 5788/59 5886/59
f 5886/64 5790/64 5670/64
f 5885/1641 5787/1641 5789/1641
f 5789/1642 5887/1642 5885/1642
f 5789/919 5669/919 5790/919
f 5790/919 5888/919 5789/919
f 5794/64 5683/64 5793/64
f 5793/59 5889/59 5794/59
f 5793/929 5682/929 5750/929
f 5750/929 5849/929 5793/929
f 5684/928 5794/928 5890/928
f 5890/928 5795/928 5684/928
f 5795/935 5890/935 5796/935
f 5796/935 5686/935 5795/935
f 5687/59 5796/59 5891/59
f 5891/59 5797/59 5687/59
f 5688/936 5797/936 5851/936
f 5851/936 5753/936 5688/936
f 5689/1643 4608/1643 5798/1643
f 5690/1644 5798/1644 5892/1644
f 5892/1645 5799/1645 5690/1645
f 5799/1646 5862/1646 5766/1646
f 5766/1647 5691/1647 5799/1647
f 5893/1148 5801/1148 5701/1148
f 5701/1148 5800/1148 5893/1148
f 5702/149 5801/149 5894/149
f 5894/149 5802/149 5702/149
f 5895/149 5803/149 5703/149
f 5703/149 5802/149 5895/149
f 5803/9 5896/9 5804/9
f 5804/9 5704/9 5803/9
f 5806/149 5705/149 5804/149
f 5804/149 5897/149 5806/149
f 5806/100 5898/100 5899/100
f 5899/100 5805/100 5806/100
f 5805/59 5899/59 5900/59
f 5900/59 5807/59 5805/59
f 5901/149 5808/149 5707/149
f 5707/149 5807/149 5901/149
f 5708/106 5808/106 5902/106
f 5902/106 5809/106 5708/106
f 5903/149 5904/149 5810/149
f 5810/149 5809/149 5903/149
f 5904/9 5905/9 5811/9
f 5811/9 5810/9 5904/9
f 5811/149 5906/149 5812/149
f 5812/149 5710/149 5811/149
f 5907/1648 5813/1648 5711/1648
f 5711/1648 5812/1648 5907/1648
f 5813/149 5908/149 5909/149
f 5909/149 5814/149 5813/149
f 5910/1649 5815/1649 5712/1649
f 5712/205 5814/205 5910/205
f 5815/1650 5822/1650 5722/1650
f 5722/1651 5713/1651 5815/1651
f 5721/1652 5821/1652 5816/1652
f 5816/1652 5714/1652 5721/1652
f 5817/22 5715/22 5816/22
f 5816/22 5911/22 5817/22
f 5817/100 5912/100 5818/100
f 5818/100 5716/100 5817/100
f 5913/22 5819/22 5717/22
f 5717/22 5818/22 5913/22
f 5719/9 5718/9 5819/9
f 5819/9 5820/9 5719/9
f 5914/22 5821/22 5720/22
f 5720/32 5820/32 5914/32
f 5823/1653 5723/1653 5822/1653
f 5822/1654 5915/1654 5823/1654
f 5823/22 5916/22 5824/22
f 5824/22 5725/22 5823/22
f 5824/22 5917/22 5918/22
f 5918/32 5825/32 5824/32
f 5724/22 5825/22 5919/22
f 5919/22 5826/22 5724/22
f 5826/1655 5920/1655 5827/1655
f 5827/1656 5726/1656 5826/1656
f 5828/1657 5727/1657 5827/1657
f 5827/1658 5921/1658 5828/1658
f 5728/1659 5828/1659 5922/1659
f 5922/1660 5829/1660 5728/1660
f 5830/22 5829/22 5923/22
f 5923/22 5924/22 5830/22
f 5730/22 5830/22 5924/22
f 5924/22 5831/22 5730/22
f 5731/1661 5831/1661 5925/1661
f 5925/1662 5832/1662 5731/1662
f 5735/1663 5832/1663 5926/1663
f 5926/1664 5837/1664 5735/1664
f 5738/32 5737/32 5833/32
f 5833/22 5839/22 5738/22
f 5833/1665 5732/1665 5834/1665
f 5834/1665 5927/1665 5833/1665
f 5834/22 5733/22 5835/22
f 5835/22 5928/22 5834/22
f 5835/1666 5734/1666 5836/1666
f 5836/1667 5929/1667 5835/1667
f 5836/1668 5736/1668 5838/1668
f 5838/1669 5930/1669 5836/1669
f 5931/1670 5838/1670 5837/1670
f 5837/1670 5932/1670 5931/1670
f 5739/1671 5839/1671 5933/1671
f 5933/1671 5840/1671 5739/1671
f 5840/32 5933/32 5934/32
f 5934/22 5841/22 5840/22
f 5741/1672 5841/1672 5935/1672
f 5935/1673 5842/1673 5741/1673
f 5742/1674 5842/1674 5936/1674
f 5936/1674 5843/1674 5742/1674
f 5844/1675 5743/1675 5843/1675
f 5843/1675 5937/1675 5844/1675
f 5845/1676 5744/1676 5844/1676
f 5844/1677 5938/1677 5845/1677
f 5846/59 5745/59 5845/59
f 5845/64 5939/64 5846/64
f 5788/1041 5746/1041 5846/1041
f 5846/1041 5886/1041 5788/1041
f 5940/1678 5848/1678 5748/1678
f 5748/1679 5847/1679 5940/1679
f 5941/59 5849/59 5749/59
f 5749/59 5848/59 5941/59
f 5850/1680 5940/1680 5847/1680
f 5847/1681 5751/1681 5850/1681
f 5851/64 5942/64 5850/64
f 5850/64 5752/64 5851/64
f 5754/1682 5852/1682 5857/1682
f 5857/1683 5760/1683 5754/1683
f 5755/1684 5853/1684 5943/1684
f 5943/1685 5852/1685 5755/1685
f 5944/1686 5853/1686 5756/1686
f 5756/1686 5854/1686 5944/1686
f 5945/1524 5854/1524 5757/1524
f 5757/1687 5855/1687 5945/1687
f 5946/149 5855/149 5758/149
f 5758/149 5856/149 5946/149
f 4978/1688 5856/1688 5759/1688
f 5857/1689 5947/1689 5858/1689
f 5858/1434 5761/1434 5857/1434
f 5859/1690 5762/1690 5858/1690
f 5858/1690 5948/1690 5859/1690
f 5860/1691 5763/1691 5859/1691
f 5859/1692 5949/1692 5860/1692
f 5861/149 5764/149 5860/149
f 5860/149 5950/149 5861/149
f 4978/1693 5765/1693 5861/1693
f 5862/1239 5951/1239 5952/1239
f 5952/1239 5863/1239 5862/1239
f 5863/22 5952/22 5864/22
f 5864/22 5767/22 5863/22
f 5864/1694 4608/1694 5768/1694
f 5868/1695 5865/1695 5769/1695
f 5769/1695 5773/1695 5868/1695
f 5953/1696 5866/1696 5770/1696
f 5770/1697 5865/1697 5953/1697
f 5954/149 5867/149 5771/149
f 5771/180 5866/180 5954/180
f 4470/1698 5772/1698 5867/1698
f 5869/1699 5955/1699 5868/1699
f 5868/1700 5774/1700 5869/1700
f 5776/149 5870/149 5869/149
f 5869/149 5775/149 5776/149
f 4470/1701 5956/1701 5870/1701
f 5871/1024 5893/1024 5800/1024
f 5800/1023 5777/1023 5871/1023
f 5871/59 5778/59 5872/59
f 5872/59 5957/59 5871/59
f 5873/265 5958/265 5872/265
f 5872/285 5779/285 5873/285
f 5873/9 5780/9 5874/9
f 5874/9 5959/9 5873/9
f 5879/59 5960/59 5874/59
f 5874/59 5783/59 5879/59
f 5875/1702 5961/1702 5876/1702
f 5876/100 5962/100 5963/100
f 5963/100 5877/100 5876/100
f 5964/59 5878/59 5782/59
f 5782/59 5877/59 5964/59
f 5879/106 5878/106 5965/106
f 5965/106 5966/106 5879/106
f 5967/1703 5880/1703 5881/1703
f 5881/1704 5968/1704 5967/1704
f 5784/1705 5880/1705 5969/1705
f 5969/1706 5882/1706 5784/1706
f 5970/1707 5665/1707 5883/1707
f 5883/1708 5971/1708 5970/1708
f 5883/1029 5882/1029 5972/1029
f 5972/1029 5973/1029 5883/1029
f 5970/1709 5875/1709 5665/1709
f 5968/1710 5881/1710 5177/1710
f 5177/1711 5884/1711 5974/1711
f 5885/1712 5975/1712 5884/1712
f 5884/1713 5786/1713 5885/1713
f 5790/59 5886/59 5976/59
f 5976/64 5888/64 5790/64
f 5975/1714 5885/1714 5887/1714
f 5887/1715 5977/1715 5975/1715
f 5887/1040 5789/1040 5888/1040
f 5888/1040 5978/1040 5887/1040
f 5890/64 5794/64 5889/64
f 5889/59 5979/59 5890/59
f 5889/1052 5793/1052 5849/1052
f 5849/1052 5941/1052 5889/1052
f 5796/64 5890/64 5979/64
f 5979/59 5891/59 5796/59
f 5797/1060 5891/1060 5942/1060
f 5942/1060 5851/1060 5797/1060
f 5798/1716 4608/1716 5892/1716
f 5799/64 5892/64 5951/64
f 5951/59 5862/59 5799/59
f 5801/149 5893/149 5980/149
f 5980/149 5894/149 5801/149
f 5981/149 5895/149 5802/149
f 5802/149 5894/149 5981/149
f 5803/9 5895/9 5982/9
f 5982/9 5896/9 5803/9
f 5897/180 5804/180 5896/180
f 5896/180 5983/180 5897/180
f 5897/106 5984/106 5898/106
f 5898/106 5806/106 5897/106
f 5985/149 5899/149 5898/149
f 5898/149 5986/149 5985/149
f 5987/149 5900/149 5899/149
f 5899/149 5985/149 5987/149
f 5807/9 5900/9 5988/9
f 5988/9 5901/9 5807/9
f 5989/149 5902/149 5808/149
f 5808/149 5901/149 5989/149
f 5809/100 5902/100 5990/100
f 5990/100 5903/100 5809/100
f 5903/149 5991/149 5992/149
f 5992/149 5904/149 5903/149
f 5904/9 5992/9 5993/9
f 5993/9 5905/9 5904/9
f 5905/149 5994/149 5906/149
f 5906/149 5811/149 5905/149
f 5995/1717 5907/1717 5812/1717
f 5812/1717 5906/1717 5995/1717
f 5907/149 5996/149 5908/149
f 5908/149 5813/149 5907/149
f 5908/149 5997/149 5998/149
f 5998/149 5909/149 5908/149
f 5814/22 5909/22 5999/22
f 5999/22 5910/22 5814/22
f 5915/1718 5822/1718 5815/1718
f 5815/217 5910/217 5915/217
f 5911/32 5816/32 5821/32
f 5821/22 5914/22 5911/22
f 5911/16 6000/16 5912/16
f 5912/16 5817/16 5911/16
f 6000/22 5913/22 5818/22
f 5818/22 5912/22 6000/22
f 5820/9 5819/9 5913/9
f 5913/9 5914/9 5820/9
f 5915/22 6001/22 5916/22
f 5916/22 5823/22 5915/22
f 5916/22 6002/22 5917/22
f 5917/32 5824/32 5916/32
f 5917/22 6003/22 6004/22
f 6004/22 5918/22 5917/22
f 5825/22 5918/22 6005/22
f 6005/22 5919/22 5825/22
f 5919/1719 6006/1719 5920/1719
f 5920/1719 5826/1719 5919/1719
f 5921/1720 6007/1720 5922/1720
f 5922/1721 5828/1721 5921/1721
f 5829/1722 5922/1722 6008/1722
f 6008/1723 5923/1723 5829/1723
f 5924/1724 5923/1724 6009/1724
f 6009/1725 6010/1725 5924/1725
f 5831/1726 5924/1726 6010/1726
f 6010/1727 5925/1727 5831/1727
f 5832/1728 5925/1728 6011/1728
f 6011/1729 5926/1729 5832/1729
f 5932/1730 5837/1730 5926/1730
f 5926/1731 6012/1731 5932/1731
f 5839/1732 5833/1732 5927/1732
f 5927/1732 5933/1732 5839/1732
f 5927/22 5834/22 5928/22
f 5928/22 6013/22 5927/22
f 5928/1733 5835/1733 5929/1733
f 5929/1734 6014/1734 5928/1734
f 5929/1735 5836/1735 5930/1735
f 5930/1736 6015/1736 5929/1736
f 6016/1737 5930/1737 5838/1737
f 5838/1738 5931/1738 6016/1738
f 6017/1739 5931/1739 5932/1739
f 5932/1739 6018/1739 6017/1739
f 5933/22 5927/22 6013/22
f 6013/22 5934/22 5933/22
f 5841/1740 5934/1740 6019/1740
f 6019/1741 5935/1741 5841/1741
f 5842/1742 5935/1742 6020/1742
f 6020/1743 5936/1743 5842/1743
f 5937/1744 5843/1744 5936/1744
f 5936/1744 6021/1744 5937/1744
f 5938/1745 5844/1745 5937/1745
f 5937/1746 6022/1746 5938/1746
f 5939/64 5845/64 5938/64
f 5938/64 6023/64 5939/64
f 5886/1169 5846/1169 5939/1169
f 5939/1169 5976/1169 5886/1169
f 6024/64 5941/64 5848/64
f 5848/59 5940/59 6024/59
f 5942/64 6024/64 5940/64
f 5940/59 5850/59 5942/59
f 5852/1747 5943/1747 5947/1747
f 5947/1748 5857/1748 5852/1748
f 6025/1749 5943/1749 5853/1749
f 5853/1749 5944/1749 6025/1749
f 6026/1750 5944/1750 5854/1750
f 5854/1751 5945/1751 6026/1751
f 6027/180 5945/180 5855/180
f 5855/149 5946/149 6027/149
f 4978/1752 5946/1752 5856/1752
f 5948/1753 5858/1753 5947/1753
f 5947/1753 6028/1753 5948/1753
f 5949/1754 5859/1754 5948/1754
f 5948/1755 6029/1755 5949/1755
f 5950/149 5860/149 5949/149
f 5949/149 6030/149 5950/149
f 4978/1756 5861/1756 5950/1756
f 5951/1356 4608/1356 5952/1356
f 5952/1757 4608/1757 5864/1757
f 5955/1758 5953/1758 5865/1758
f 5865/1758 5868/1758 5955/1758
f 6031/149 5954/149 5866/149
f 5866/149 5953/149 6031/149
f 4470/1759 5867/1759 5954/1759
f 5870/149 5956/149 5955/149
f 5955/180 5869/180 5870/180
f 4470/1760 6031/1760 5956/1760
f 5893/180 5871/180 5957/180
f 5957/180 5980/180 5893/180
f 5958/265 6032/265 5957/265
f 5957/265 5872/265 5958/265
f 5958/9 5873/9 5959/9
f 5959/9 6033/9 5958/9
f 5960/59 6034/59 5959/59
f 5959/59 5874/59 5960/59
f 5960/106 5879/106 5966/106
f 5966/106 6035/106 5960/106
f 5961/1761 5875/1761 6036/1761
f 5962/455 5876/455 5961/455
f 5961/1762 6037/1762 5962/1762
f 5962/1151 6038/1151 6039/1151
f 6039/1151 5963/1151 5962/1151
f 6040/59 5964/59 5877/59
f 5877/64 5963/64 6040/64
f 5878/1149 5964/1149 6041/1149
f 6041/1149 5965/1149 5878/1149
f 6042/59 6043/59 5966/59
f 5966/59 5965/59 6042/59
f 6044/1763 5967/1763 5968/1763
f 5968/1764 6045/1764 6044/1764
f 5880/1765 5967/1765 6046/1765
f 6046/1766 5969/1766 5880/1766
f 5882/1157 5969/1157 6047/1157
f 6047/1157 5972/1157 5882/1157
f 6048/1767 5970/1767 5971/1767
f 5971/1768 6049/1768 6048/1768
f 5971/1156 5883/1156 5973/1156
f 5973/1156 6050/1156 5971/1156
f 5972/59 6051/59 6052/59
f 6052/64 5973/64 5972/64
f 6048/1769 5875/1769 5970/1769
f 6045/1770 5968/1770 5177/1770
f 5974/1771 6053/1771 5177/1771
f 5975/1772 6054/1772 5974/1772
f 5974/1773 5884/1773 5975/1773
f 5888/59 5976/59 6055/59
f 6055/59 5978/59 5888/59
f 6054/1774 5975/1774 5977/1774
f 5977/1775 6056/1775 6054/1775
f 5977/1168 5887/1168 5978/1168
f 5978/1168 6057/1168 5977/1168
f 5979/1181 5889/1181 5941/1181
f 5941/1181 6024/1181 5979/1181
f 5891/1188 5979/1188 6024/1188
f 6024/1188 5942/1188 5891/1188
f 5892/1776 4608/1776 5951/1776
f 6058/149 5981/149 5894/149
f 5894/149 5980/149 6058/149
f 5895/18 5981/18 6059/18
f 6059/18 5982/18 5895/18
f 6060/180 5983/180 5896/180
f 5896/180 5982/180 6060/180
f 5983/100 6061/100 5984/100
f 5984/100 5897/100 5983/100
f 5986/149 5898/149 5984/149
f 5984/149 6062/149 5986/149
f 5986/100 6063/100 6064/100
f 6064/100 5985/100 5986/100
f 5985/59 6064/59 6065/59
f 6065/59 5987/59 5985/59
f 6066/180 5988/180 5900/180
f 5900/149 5987/149 6066/149
f 5901/18 5988/18 6067/18
f 6067/18 5989/18 5901/18
f 6068/180 5990/180 5902/180
f 5902/180 5989/180 6068/180
f 5991/100 5903/100 5990/100
f 5990/100 6069/100 5991/100
f 5991/149 6070/149 6071/149
f 6071/149 5992/149 5991/149
f 5992/9 6071/9 6072/9
f 6072/9 5993/9 5992/9
f 5905/149 5993/149 6073/149
f 6073/149 5994/149 5905/149
f 6074/1777 5995/1777 5906/1777
f 5906/1778 5994/1778 6074/1778
f 5995/100 6075/100 6076/100
f 6076/100 5907/100 5995/100
f 5907/59 6076/59 6077/59
f 6077/59 5996/59 5907/59
f 5996/149 6078/149 5997/149
f 5997/149 5908/149 5996/149
f 5997/180 6079/180 6080/180
f 6080/180 5998/180 5997/180
f 5909/22 5998/22 6081/22
f 6081/22 5999/22 5909/22
f 5910/22 5999/22 6001/22
f 6001/22 5915/22 5910/22
f 5914/1779 5913/1779 6000/1779
f 6000/1779 5911/1779 5914/1779
f 6001/22 6082/22 6002/22
f 6002/32 5916/32 6001/32
f 6002/22 6083/22 6003/22
f 6003/22 5917/22 6002/22
f 6003/22 6084/22 6085/22
f 6085/22 6004/22 6003/22
f 5918/22 6004/22 6086/22
f 6086/22 6005/22 5918/22
f 6005/1780 6087/1780 6006/1780
f 6006/1780 5919/1780 6005/1780
f 5920/22 6006/22 6088/22
f 6088/22 6089/22 5920/22
f 5827/440 5920/440 6089/440
f 6089/1781 5921/1781 5827/1781
f 5921/1782 6089/1782 6090/1782
f 6090/1783 6007/1783 5921/1783
f 6007/1784 6091/1784 6008/1784
f 6008/1785 5922/1785 6007/1785
f 5923/1786 6008/1786 6092/1786
f 6092/1787 6009/1787 5923/1787
f 6010/1788 6009/1788 6093/1788
f 6093/1789 6094/1789 6010/1789
f 5925/1790 6010/1790 6094/1790
f 6094/1791 6011/1791 5925/1791
f 6012/1792 5926/1792 6011/1792
f 6011/1793 6095/1793 6012/1793
f 6018/1794 5932/1794 6012/1794
f 6012/1795 6096/1795 6018/1795
f 6013/1796 5928/1796 6014/1796
f 6014/1796 6097/1796 6013/1796
f 6014/1797 5929/1797 6015/1797
f 6015/1797 6098/1797 6014/1797
f 6099/1798 6015/1798 5930/1798
f 5930/1799 6016/1799 6099/1799
f 6100/1800 6016/1800 5931/1800
f 5931/1801 6017/1801 6100/1801
f 6101/59 6017/59 6018/59
f 6018/59 6102/59 6101/59
f 5934/1802 6013/1802 6097/1802
f 6097/1803 6019/1803 5934/1803
f 5935/1804 6019/1804 6103/1804
f 6103/1805 6020/1805 5935/1805
f 6021/1806 5936/1806 6020/1806
f 6020/1807 6104/1807 6021/1807
f 6022/1808 5937/1808 6021/1808
f 6021/1809 6105/1809 6022/1809
f 6023/64 5938/64 6022/64
f 6022/59 6106/59 6023/59
f 5976/1294 5939/1294 6023/1294
f 6023/1294 6055/1294 5976/1294
f 6028/1683 5947/1683 5943/1683
f 5943/1683 6025/1683 6028/1683
f 6107/1810 6025/1810 5944/1810
f 5944/1810 6026/1810 6107/1810
f 6108/149 6026/149 5945/149
f 5945/149 6027/149 6108/149
f 4978/1811 6027/1811 5946/1811
f 6029/1812 5948/1812 6028/1812
f 6028/1813 6109/1813 6029/1813
f 6030/149 5949/149 6029/149
f 6029/149 6110/149 6030/149
f 4978/1814 5950/1814 6030/1814
f 5956/149 6031/149 5953/149
f 5953/149 5955/149 5956/149
f 4470/1815 5954/1815 6031/1815
f 5980/149 5957/149 6111/149
f 6111/149 6112/149 5980/149
f 6032/9 5958/9 6033/9
f 6033/9 6113/9 6032/9
f 6032/1816 6114/1816 6111/1816
f 6111/1817 5957/1817 6032/1817
f 6034/59 6115/59 6033/59
f 6033/59 5959/59 6034/59
f 6034/100 5960/100 6035/100
f 6035/100 6116/100 6034/100
f 6043/59 6117/59 6035/59
f 6035/59 5966/59 6043/59
f 5961/1818 6036/1818 6118/1818
f 6118/1819 6119/1819 5961/1819
f 6036/1820 5875/1820 6048/1820
f 6038/1821 5962/1821 6037/1821
f 6037/1822 6120/1822 6038/1822
f 6037/1823 5961/1823 6121/1823
f 6121/1824 6122/1824 6037/1824
f 6038/100 6123/100 6124/100
f 6124/100 6039/100 6038/100
f 6125/59 6040/59 5963/59
f 5963/59 6039/59 6125/59
f 5964/9 6040/9 6126/9
f 6126/9 6041/9 5964/9
f 6127/59 6042/59 5965/59
f 5965/59 6041/59 6127/59
f 6043/100 6042/100 6128/100
f 6128/100 6129/100 6043/100
f 6130/1825 6044/1825 6045/1825
f 6045/1826 6131/1826 6130/1826
f 5967/1827 6044/1827 6132/1827
f 6132/1828 6046/1828 5967/1828
f 5969/1282 6046/1282 6133/1282
f 6133/1282 6047/1282 5969/1282
f 6047/64 6134/64 6051/64
f 6051/64 5972/64 6047/64
f 6036/1829 6048/1829 6049/1829
f 6049/1830 6118/1830 6036/1830
f 6049/1280 5971/1280 6050/1280
f 6050/1280 6135/1280 6049/1280
f 5973/59 6052/59 6136/59
f 6136/64 6050/64 5973/64
f 6051/1281 6101/1281 6102/1281
f 6102/1281 6052/1281 6051/1281
f 6131/1831 6045/1831 5177/1831
f 6054/1832 6137/1832 6053/1832
f 6053/1833 5974/1833 6054/1833
f 6053/1834 6138/1834 5177/1834
f 5978/59 6055/59 6139/59
f 6139/59 6057/59 5978/59
f 6137/1835 6054/1835 6056/1835
f 6056/1836 6140/1836 6137/1836
f 6056/1293 5977/1293 6057/1293
f 6057/1293 6141/1293 6056/1293
f 6142/180 6058/180 5980/180
f 5980/180 6112/180 6142/180
f 5981/9 6058/9 6143/9
f 6143/9 6059/9 5981/9
f 6144/149 6060/149 5982/149
f 5982/149 6059/149 6144/149
f 5983/100 6060/100 6145/100
f 6145/100 6061/100 5983/100
f 6062/180 5984/180 6061/180
f 6061/180 6146/180 6062/180
f 6062/100 6147/100 6063/100
f 6063/100 5986/100 6062/100
f 6063/149 6148/149 6065/149
f 6065/149 6064/149 6063/149
f 5987/9 6065/9 6148/9
f 6148/9 6066/9 5987/9
f 6149/149 6067/149 5988/149
f 5988/149 6066/149 6149/149
f 5989/9 6067/9 6150/9
f 6150/9 6068/9 5989/9
f 6068/180 6151/180 6069/180
f 6069/180 5990/180 6068/180
f 6070/106 5991/106 6069/106
f 6069/106 6152/106 6070/106
f 6070/149 6142/149 6112/149
f 6112/149 6071/149 6070/149
f 6071/9 6112/9 6153/9
f 6153/9 6072/9 6071/9
f 5993/149 6072/149 6154/149
f 6154/149 6073/149 5993/149
f 6074/1778 5994/1778 6073/1778
f 6073/1837 6155/1837 6074/1837
f 6074/257 6156/257 6075/257
f 6075/257 5995/257 6074/257
f 6075/149 6157/149 6077/149
f 6077/149 6076/149 6075/149
f 5996/59 6077/59 6158/59
f 6158/59 6078/59 5996/59
f 6078/180 6159/180 6079/180
f 6079/149 5997/149 6078/149
f 6079/180 6160/180 6161/180
f 6161/180 6080/180 6079/180
f 5998/22 6080/22 6162/22
f 6162/22 6081/22 5998/22
f 5999/22 6081/22 6082/22
f 6082/22 6001/22 5999/22
f 6082/22 6163/22 6083/22
f 6083/22 6002/22 6082/22
f 6083/22 6164/22 6084/22
f 6084/22 6003/22 6083/22
f 6165/1838 6166/1838 6085/1838
f 6085/510 6084/510 6165/510
f 6004/22 6085/22 6167/22
f 6167/22 6086/22 6004/22
f 6086/1839 6168/1839 6087/1839
f 6087/1839 6005/1839 6086/1839
f 6006/22 6087/22 6169/22
f 6169/22 6088/22 6006/22
f 6089/1840 6088/1840 6170/1840
f 6170/1840 6090/1840 6089/1840
f 6007/673 6090/673 6171/673
f 6171/1841 6091/1841 6007/1841
f 6091/1842 6172/1842 6092/1842
f 6092/1843 6008/1843 6091/1843
f 6009/1844 6092/1844 6173/1844
f 6173/1845 6093/1845 6009/1845
f 6174/1846 6094/1846 6093/1846
f 6093/1847 6175/1847 6174/1847
f 6095/1848 6011/1848 6094/1848
f 6094/1849 6174/1849 6095/1849
f 6096/1850 6012/1850 6095/1850
f 6095/1851 6176/1851 6096/1851
f 6102/64 6018/64 6096/64
f 6096/64 6177/64 6102/64
f 6097/1852 6014/1852 6098/1852
f 6098/1853 6178/1853 6097/1853
f 6179/1854 6098/1854 6015/1854
f 6015/1854 6099/1854 6179/1854
f 6180/1855 6099/1855 6016/1855
f 6016/1856 6100/1856 6180/1856
f 6181/59 6100/59 6017/59
f 6017/64 6101/64 6181/64
f 6019/1857 6097/1857 6178/1857
f 6178/1857 6103/1857 6019/1857
f 6104/1858 6020/1858 6103/1858
f 6103/1859 6182/1859 6104/1859
f 6105/1860 6021/1860 6104/1860
f 6104/1861 6183/1861 6105/1861
f 6106/64 6022/64 6105/64
f 6105/64 6184/64 6106/64
f 6055/1407 6023/1407 6106/1407
f 6106/1407 6139/1407 6055/1407
f 6109/1862 6028/1862 6025/1862
f 6025/1863 6107/1863 6109/1863
f 6185/149 6107/149 6026/149
f 6026/149 6108/149 6185/149
f 4978/1864 6108/1864 6027/1864
f 6110/149 6029/149 6109/149
f 6109/149 6186/149 6110/149
f 4978/1865 6030/1865 6110/1865
f 6112/1381 6111/1381 6187/1381
f 6187/266 6153/266 6112/266
f 6114/149 6032/149 6113/149
f 6113/149 6188/149 6114/149
f 6115/59 6189/59 6113/59
f 6113/59 6033/59 6115/59
f 6114/1866 6190/1866 6191/1866
f 6191/1867 6111/1867 6114/1867
f 6115/100 6034/100 6116/100
f 6116/100 6192/100 6115/100
f 6117/59 6193/59 6116/59
f 6116/64 6035/64 6117/64
f 6117/100 6043/100 6129/100
f 6129/100 6194/100 6117/100
f 6119/1868 6195/1868 6121/1868
f 6121/1869 5961/1869 6119/1869
f 6119/1392 6118/1392 6196/1392
f 6196/1392 6197/1392 6119/1392
f 6123/358 6038/358 6120/358
f 6120/1870 6198/1870 6123/1870
f 6120/1871 6037/1871 6122/1871
f 6122/1872 6199/1872 6120/1872
f 6200/1873 6122/1873 6121/1873
f 6121/1874 6201/1874 6200/1874
f 6123/100 6190/100 6202/100
f 6202/100 6124/100 6123/100
f 6203/59 6125/59 6039/59
f 6039/59 6124/59 6203/59
f 6040/9 6125/9 6204/9
f 6204/9 6126/9 6040/9
f 6205/59 6127/59 6041/59
f 6041/59 6126/59 6205/59
f 6042/1384 6127/1384 6206/1384
f 6206/1384 6128/1384 6042/1384
f 6207/59 6129/59 6128/59
f 6128/59 6206/59 6207/59
f 6208/1875 6130/1875 6131/1875
f 6131/1876 6138/1876 6208/1876
f 6044/1877 6130/1877 6209/1877
f 6209/1878 6132/1878 6044/1878
f 6046/1396 6132/1396 6210/1396
f 6210/1396 6133/1396 6046/1396
f 6133/59 6211/59 6134/59
f 6134/64 6047/64 6133/64
f 6134/1395 6181/1395 6101/1395
f 6101/1395 6051/1395 6134/1395
f 6118/1393 6049/1393 6135/1393
f 6135/1393 6196/1393 6118/1393
f 6050/64 6136/64 6212/64
f 6212/59 6135/59 6050/59
f 6052/1394 6102/1394 6177/1394
f 6177/1394 6136/1394 6052/1394
f 6138/1879 6131/1879 5177/1879
f 6137/1880 6208/1880 6138/1880
f 6138/1881 6053/1881 6137/1881
f 6057/59 6139/59 6213/59
f 6213/59 6141/59 6057/59
f 6208/1882 6137/1882 6140/1882
f 6140/1883 6214/1883 6208/1883
f 6140/1406 6056/1406 6141/1406
f 6141/1406 6215/1406 6140/1406
f 6058/59 6142/59 6216/59
f 6216/59 6143/59 6058/59
f 6217/149 6144/149 6059/149
f 6059/149 6143/149 6217/149
f 6060/106 6144/106 6218/106
f 6218/106 6145/106 6060/106
f 6219/180 6146/180 6061/180
f 6061/180 6145/180 6219/180
f 6146/100 6220/100 6147/100
f 6147/100 6062/100 6146/100
f 6147/149 6221/149 6148/149
f 6148/149 6063/149 6147/149
f 6066/9 6148/9 6221/9
f 6221/9 6149/9 6066/9
f 6222/149 6150/149 6067/149
f 6067/149 6149/149 6222/149
f 6151/9 6068/9 6150/9
f 6150/9 6223/9 6151/9
f 6151/149 6224/149 6152/149
f 6152/149 6069/149 6151/149
f 6142/100 6070/100 6152/100
f 6152/100 6216/100 6142/100
f 6072/149 6153/149 6225/149
f 6225/149 6154/149 6072/149
f 6155/1717 6073/1717 6154/1717
f 6154/1717 6226/1717 6155/1717
f 6074/277 6155/277 6227/277
f 6227/277 6156/277 6074/277
f 6075/149 6156/149 6228/149
f 6075/149 6229/149 6157/149
f 6157/149 6230/149 6158/149
f 6158/149 6077/149 6157/149
f 6078/64 6158/64 6231/64
f 6231/64 6159/64 6078/64
f 6159/149 6232/149 6160/149
f 6160/149 6079/149 6159/149
f 6233/1884 6234/1884 6161/1884
f 6161/1885 6160/1885 6233/1885
f 6080/22 6161/22 6235/22
f 6235/22 6162/22 6080/22
f 6081/22 6162/22 6163/22
f 6163/22 6082/22 6081/22
f 6163/22 6236/22 6164/22
f 6164/22 6083/22 6163/22
f 6237/1886 6165/1886 6084/1886
f 6084/442 6164/442 6237/442
f 6165/22 6238/22 6239/22
f 6239/22 6166/22 6165/22
f 6166/589 6240/589 6167/589
f 6167/588 6085/588 6166/588
f 6167/27 6241/27 6168/27
f 6168/27 6086/27 6167/27
f 6087/22 6168/22 6242/22
f 6242/22 6169/22 6087/22
f 6088/1887 6169/1887 6243/1887
f 6243/1887 6170/1887 6088/1887
f 6090/22 6170/22 6244/22
f 6244/22 6171/22 6090/22
f 6091/1888 6171/1888 6245/1888
f 6245/1889 6172/1889 6091/1889
f 6092/1890 6172/1890 6246/1890
f 6246/1890 6173/1890 6092/1890
f 6175/1891 6093/1891 6173/1891
f 6173/1892 6247/1892 6175/1892
f 6248/1893 6174/1893 6175/1893
f 6175/1894 6249/1894 6248/1894
f 6176/1895 6095/1895 6174/1895
f 6174/1896 6248/1896 6176/1896
f 6177/59 6096/59 6176/59
f 6176/59 6250/59 6177/59
f 6251/1897 6178/1897 6098/1897
f 6098/1898 6179/1898 6251/1898
f 6252/1899 6179/1899 6099/1899
f 6099/1900 6180/1900 6252/1900
f 6253/59 6180/59 6100/59
f 6100/59 6181/59 6253/59
f 6182/1901 6103/1901 6178/1901
f 6178/1901 6251/1901 6182/1901
f 6183/1902 6104/1902 6182/1902
f 6182/1903 6254/1903 6183/1903
f 6184/59 6105/59 6183/59
f 6183/64 6255/64 6184/64
f 6139/1503 6106/1503 6184/1503
f 6184/1503 6213/1503 6139/1503
f 6186/180 6109/180 6107/180
f 6107/149 6185/149 6186/149
f 4978/1904 6185/1904 6108/1904
f 4978/1905 6110/1905 6186/1905
f 6111/1906 6191/1906 6256/1906
f 6256/1907 6187/1907 6111/1907
f 6153/1908 6187/1908 6257/1908
f 6257/1909 6225/1909 6153/1909
f 6190/1484 6114/1484 6188/1484
f 6188/1484 6202/1484 6190/1484
f 6189/59 6258/59 6188/59
f 6188/59 6113/59 6189/59
f 6189/100 6115/100 6192/100
f 6192/100 6259/100 6189/100
f 6190/325 6123/325 6198/325
f 6198/1910 6191/1910 6190/1910
f 6193/59 6260/59 6192/59
f 6192/59 6116/59 6193/59
f 6193/100 6117/100 6194/100
f 6194/100 6261/100 6193/100
f 6262/59 6194/59 6129/59
f 6129/59 6207/59 6262/59
f 6119/1495 6197/1495 6263/1495
f 6263/1911 6195/1911 6119/1911
f 6196/59 6264/59 6265/59
f 6265/59 6197/59 6196/59
f 6198/1912 6120/1912 6199/1912
f 6199/1913 6266/1913 6198/1913
f 6267/1914 6199/1914 6122/1914
f 6122/1915 6200/1915 6267/1915
f 6195/1916 6268/1916 6201/1916
f 6201/1917 6121/1917 6195/1917
f 6269/1918 6270/1918 6200/1918
f 6200/1919 6201/1919 6269/1919
f 6271/59 6203/59 6124/59
f 6124/59 6202/59 6271/59
f 6125/9 6203/9 6272/9
f 6272/9 6204/9 6125/9
f 6273/59 6205/59 6126/59
f 6126/64 6204/64 6273/64
f 6127/18 6205/18 6207/18
f 6207/18 6206/18 6127/18
f 6130/1920 6208/1920 6214/1920
f 6214/1921 6209/1921 6130/1921
f 6132/1499 6209/1499 6274/1499
f 6274/1499 6210/1499 6132/1499
f 6210/59 6275/59 6211/59
f 6211/59 6133/59 6210/59
f 6211/1497 6253/1497 6181/1497
f 6181/1497 6134/1497 6211/1497
f 6135/64 6212/64 6264/64
f 6264/59 6196/59 6135/59
f 6136/1496 6177/1496 6250/1496
f 6250/1496 6212/1496 6136/1496
f 6141/59 6213/59 6276/59
f 6276/64 6215/64 6141/64
f 6214/1502 6140/1502 6215/1502
f 6215/1502 6277/1502 6214/1502
f 6278/149 6217/149 6143/149
f 6143/149 6216/149 6278/149
f 6144/100 6217/100 6279/100
f 6279/100 6218/100 6144/100
f 6280/149 6219/149 6145/149
f 6145/149 6218/149 6280/149
f 6146/100 6219/100 6281/100
f 6281/100 6220/100 6146/100
f 6220/149 6282/149 6221/149
f 6221/149 6147/149 6220/149
f 6149/9 6221/9 6282/9
f 6282/9 6222/9 6149/9
f 6222/149 6283/149 6223/149
f 6223/149 6150/149 6222/149
f 6224/18 6151/18 6223/18
f 6223/18 6284/18 6224/18
f 6224/149 6278/149 6216/149
f 6216/149 6152/149 6224/149
f 6226/1648 6154/1648 6225/1648
f 6225/1648 6285/1648 6226/1648
f 6155/100 6226/100 6286/100
f 6286/100 6227/100 6155/100
f 6227/149 6287/149 6156/149
f 6075/149 6228/149 6288/149
f 6156/307 6289/307 6290/307
f 6290/307 6228/307 6156/307
f 6075/180 6291/180 6229/180
f 6229/1922 6292/1922 6293/1922
f 6293/308 6157/308 6229/308
f 6157/59 6293/59 6294/59
f 6294/59 6230/59 6157/59
f 6230/149 6295/149 6231/149
f 6231/149 6158/149 6230/149
f 6159/59 6231/59 6296/59
f 6296/59 6232/59 6159/59
f 6297/1885 6233/1885 6160/1885
f 6160/1885 6232/1885 6297/1885
f 6233/149 6298/149 6299/149
f 6299/149 6234/149 6233/149
f 6234/1923 6300/1923 6235/1923
f 6235/316 6161/316 6234/316
f 6162/22 6235/22 6236/22
f 6236/22 6163/22 6162/22
f 6301/389 6237/389 6164/389
f 6164/388 6236/388 6301/388
f 6237/22 6302/22 6238/22
f 6238/22 6165/22 6237/22
f 6238/1924 6303/1924 6239/1924
f 6166/22 6239/22 6304/22
f 6304/22 6240/22 6166/22
f 6240/1925 6305/1925 6241/1925
f 6241/1926 6167/1926 6240/1926
f 6168/22 6241/22 6306/22
f 6306/22 6242/22 6168/22
f 6169/1927 6242/1927 6307/1927
f 6307/1927 6243/1927 6169/1927
f 6170/22 6243/22 6308/22
f 6308/22 6244/22 6170/22
f 6171/1928 6244/1928 6309/1928
f 6309/1929 6245/1929 6171/1929
f 6245/1930 6310/1930 6246/1930
f 6246/1931 6172/1931 6245/1931
f 6247/1932 6173/1932 6246/1932
f 6246/1932 6311/1932 6247/1932
f 6249/1933 6175/1933 6247/1933
f 6247/1934 6312/1934 6249/1934
f 6313/59 6248/59 6249/59
f 6249/59 6314/59 6313/59
f 6250/59 6176/59 6248/59
f 6248/59 6313/59 6250/59
f 6315/1935 6251/1935 6179/1935
f 6179/1935 6252/1935 6315/1935
f 6316/59 6252/59 6180/59
f 6180/59 6253/59 6316/59
f 6254/1936 6182/1936 6251/1936
f 6251/1937 6315/1937 6254/1937
f 6255/59 6183/59 6254/59
f 6254/64 6317/64 6255/64
f 6213/1590 6184/1590 6255/1590
f 6255/1590 6276/1590 6213/1590
f 4978/1938 6186/1938 6185/1938
f 6191/1939 6198/1939 6266/1939
f 6266/1940 6256/1940 6191/1940
f 6257/1941 6187/1941 6256/1941
f 6256/1942 6318/1942 6257/1942
f 6285/1943 6225/1943 6257/1943
f 6257/1568 6319/1568 6285/1568
f 6258/59 6271/59 6202/59
f 6202/59 6188/59 6258/59
f 6258/16 6189/16 6259/16
f 6259/16 6320/16 6258/16
f 6260/59 6321/59 6259/59
f 6259/59 6192/59 6260/59
f 6260/100 6193/100 6261/100
f 6261/100 6322/100 6260/100
f 6323/59 6261/59 6194/59
f 6194/59 6262/59 6323/59
f 6205/9 6273/9 6262/9
f 6262/9 6207/9 6205/9
f 6263/796 6197/796 6265/796
f 6265/1944 6324/1944 6263/1944
f 6195/1945 6263/1945 6325/1945
f 6325/1946 6268/1946 6195/1946
f 6264/1581 6313/1581 6314/1581
f 6314/1581 6265/1581 6264/1581
f 6326/1947 6266/1947 6199/1947
f 6199/1948 6267/1948 6326/1948
f 6270/519 6327/519 6267/519
f 6267/1949 6200/1949 6270/1949
f 6269/1950 6201/1950 6268/1950
f 6268/693 6328/693 6269/693
f 6270/59 6269/59 6329/59
f 6329/59 6330/59 6270/59
f 6203/9 6271/9 6331/9
f 6331/9 6272/9 6203/9
f 6332/64 6273/64 6204/64
f 6204/64 6272/64 6332/64
f 6209/1589 6214/1589 6277/1589
f 6277/1589 6274/1589 6209/1589
f 6274/59 6333/59 6275/59
f 6275/64 6210/64 6274/64
f 6275/1585 6316/1585 6253/1585
f 6253/1585 6211/1585 6275/1585
f 6212/1582 6250/1582 6313/1582
f 6313/1582 6264/1582 6212/1582
f 6215/59 6276/59 6334/59
f 6334/64 6277/64 6215/64
f 6217/22 6278/22 6335/22
f 6335/22 6279/22 6217/22
f 6336/149 6280/149 6218/149
f 6218/149 6279/149 6336/149
f 6219/100 6280/100 6337/100
f 6337/100 6281/100 6219/100
f 6220/149 6281/149 6338/149
f 6338/149 6282/149 6220/149
f 6283/9 6222/9 6282/9
f 6282/9 6338/9 6283/9
f 6283/149 6339/149 6284/149
f 6284/149 6223/149 6283/149
f 6278/9 6224/9 6284/9
f 6284/9 6335/9 6278/9
f 6226/149 6285/149 6340/149
f 6340/149 6341/149 6226/149
f 6226/22 6341/22 6342/22
f 6342/22 6286/22 6226/22
f 6227/149 6286/149 6342/149
f 6342/149 6343/149 6227/149
f 6227/149 6344/149 6287/149
f 6156/339 6287/339 6345/339
f 6345/339 6289/339 6156/339
f 6075/149 6288/149 6346/149
f 6288/341 6228/341 6290/341
f 6290/1951 6347/1951 6288/1951
f 6289/149 6348/149 6349/149
f 6349/149 6290/149 6289/149
f 6075/149 6350/149 6291/149
f 6229/1952 6291/1952 6351/1952
f 6351/1953 6292/1953 6229/1953
f 6292/149 6352/149 6353/149
f 6353/149 6293/149 6292/149
f 6293/149 6353/149 6354/149
f 6354/149 6294/149 6293/149
f 6230/59 6294/59 6355/59
f 6355/59 6295/59 6230/59
f 6295/149 6356/149 6296/149
f 6296/149 6231/149 6295/149
f 6296/59 6357/59 6297/59
f 6297/59 6232/59 6296/59
f 6297/149 6358/149 6298/149
f 6298/149 6233/149 6297/149
f 6298/1954 6303/1954 6299/1954
f 6234/22 6299/22 6359/22
f 6359/22 6300/22 6234/22
f 6300/1955 6301/1955 6236/1955
f 6236/348 6235/348 6300/348
f 6301/22 6360/22 6302/22
f 6302/22 6237/22 6301/22
f 6302/1956 6303/1956 6238/1956
f 6239/1957 6303/1957 6304/1957
f 6304/1958 6361/1958 6305/1958
f 6305/1959 6240/1959 6304/1959
f 6305/774 6362/774 6306/774
f 6306/774 6241/774 6305/774
f 6242/16 6306/16 6363/16
f 6363/16 6307/16 6242/16
f 6243/22 6307/22 6364/22
f 6364/22 6308/22 6243/22
f 6244/1960 6308/1960 6365/1960
f 6365/1961 6309/1961 6244/1961
f 6245/1962 6309/1962 6366/1962
f 6245/1963 6367/1963 6310/1963
f 6368/1964 6311/1964 6246/1964
f 6246/1965 6310/1965 6368/1965
f 6247/1966 6311/1966 6369/1966
f 6369/1967 6312/1967 6247/1967
f 6314/1968 6249/1968 6312/1968
f 6312/1969 6370/1969 6314/1969
f 6371/59 6315/59 6252/59
f 6252/59 6316/59 6371/59
f 6317/59 6254/59 6315/59
f 6315/59 6371/59 6317/59
f 6276/1671 6255/1671 6317/1671
f 6317/1671 6334/1671 6276/1671
f 6318/1970 6256/1970 6266/1970
f 6266/1971 6326/1971 6318/1971
f 6372/352 6319/352 6257/352
f 6257/1972 6318/1972 6372/1972
f 6285/149 6319/149 6373/149
f 6373/149 6340/149 6285/149
f 6271/1652 6258/1652 6320/1652
f 6320/1652 6331/1652 6271/1652
f 6321/59 6374/59 6320/59
f 6320/59 6259/59 6321/59
f 6321/100 6260/100 6322/100
f 6322/100 6375/100 6321/100
f 6376/59 6322/59 6261/59
f 6261/59 6323/59 6376/59
f 6273/9 6332/9 6323/9
f 6323/9 6262/9 6273/9
f 6324/1973 6377/1973 6325/1973
f 6325/1974 6263/1974 6324/1974
f 6265/1660 6314/1660 6370/1660
f 6370/1975 6324/1975 6265/1975
f 6327/1976 6378/1976 6326/1976
f 6326/1977 6267/1977 6327/1977
f 6327/59 6270/59 6330/59
f 6330/59 6379/59 6327/59
f 6269/59 6328/59 6380/59
f 6380/59 6329/59 6269/59
f 6330/64 6329/64 6381/64
f 6381/59 6382/59 6330/59
f 6328/1978 6268/1978 6325/1978
f 6325/1655 6383/1655 6328/1655
f 6384/64 6332/64 6272/64
f 6272/59 6331/59 6384/59
f 6277/59 6334/59 6333/59
f 6333/64 6274/64 6277/64
f 6333/1665 6371/1665 6316/1665
f 6316/1665 6275/1665 6333/1665
f 6385/149 6336/149 6279/149
f 6279/149 6335/149 6385/149
f 6280/100 6336/100 6386/100
f 6386/100 6337/100 6280/100
f 6281/149 6337/149 6387/149
f 6387/149 6338/149 6281/149
f 6339/9 6283/9 6338/9
f 6338/9 6387/9 6339/9
f 6339/149 6385/149 6335/149
f 6335/180 6284/180 6339/180
f 6341/149 6340/149 6388/149
f 6388/149 6389/149 6341/149
f 6341/22 6389/22 6390/22
f 6390/22 6342/22 6341/22
f 6227/149 6343/149 6391/149
f 6343/149 6342/149 6390/149
f 6390/149 6392/149 6343/149
f 6227/149 6393/149 6344/149
f 6344/1979 6394/1979 6345/1979
f 6345/375 6287/375 6344/375
f 6289/149 6345/149 6395/149
f 6395/149 6348/149 6289/149
f 6075/149 6346/149 6396/149
f 6288/1980 6347/1980 6397/1980
f 6397/377 6346/377 6288/377
f 6290/149 6349/149 6398/149
f 6398/149 6347/149 6290/149
f 6348/379 6399/379 6400/379
f 6400/379 6349/379 6348/379
f 6075/149 6401/149 6350/149
f 6350/1981 6402/1981 6351/1981
f 6351/1982 6291/1982 6350/1982
f 6351/149 6403/149 6352/149
f 6352/149 6292/149 6351/149
f 6352/1983 6404/1983 6405/1983
f 6405/382 6353/382 6352/382
f 6353/59 6405/59 6406/59
f 6406/59 6354/59 6353/59
f 6294/149 6354/149 6407/149
f 6407/149 6355/149 6294/149
f 6355/59 6408/59 6356/59
f 6356/59 6295/59 6355/59
f 6356/149 6409/149 6357/149
f 6357/149 6296/149 6356/149
f 6357/59 6410/59 6358/59
f 6358/59 6297/59 6357/59
f 6358/1984 6303/1984 6298/1984
f 6299/1985 6303/1985 6359/1985
f 6300/22 6359/22 6360/22
f 6360/22 6301/22 6300/22
f 6360/1986 6303/1986 6302/1986
f 6304/1987 6303/1987 6361/1987
f 6305/22 6361/22 6411/22
f 6411/22 6362/22 6305/22
f 6362/1988 6412/1988 6363/1988
f 6363/1989 6306/1989 6362/1989
f 6307/22 6363/22 6413/22
f 6413/22 6364/22 6307/22
f 6308/1990 6364/1990 6414/1990
f 6414/1991 6365/1991 6308/1991
f 6365/1992 6415/1992 6416/1992
f 6416/1993 6309/1993 6365/1993
f 6245/1994 6366/1994 6417/1994
f 6309/1995 6416/1995 6418/1995
f 6418/1996 6366/1996 6309/1996
f 6245/1997 6419/1997 6367/1997
f 6367/16 6420/16 6421/16
f 6421/16 6310/16 6367/16
f 6368/1998 6310/1998 6422/1998
f 6368/1999 6423/1999 6369/1999
f 6369/2000 6311/2000 6368/2000
f 6312/2001 6369/2001 6424/2001
f 6424/2002 6370/2002 6312/2002
f 6334/1732 6317/1732 6371/1732
f 6371/1732 6333/1732 6334/1732
f 6378/392 6372/392 6318/392
f 6318/2003 6326/2003 6378/2003
f 6319/59 6372/59 6425/59
f 6425/59 6373/59 6319/59
f 6340/149 6373/149 6426/149
f 6426/149 6388/149 6340/149
f 6374/59 6384/59 6331/59
f 6331/64 6320/64 6374/64
f 6374/16 6321/16 6375/16
f 6375/16 6427/16 6374/16
f 6427/59 6375/59 6322/59
f 6322/59 6376/59 6427/59
f 6332/9 6384/9 6376/9
f 6376/9 6323/9 6332/9
f 6377/2004 6324/2004 6370/2004
f 6370/2005 6424/2005 6377/2005
f 6378/59 6327/59 6379/59
f 6379/59 6428/59 6378/59
f 6379/64 6330/64 6382/64
f 6382/59 6429/59 6379/59
f 6380/1719 6328/1719 6383/1719
f 6383/1719 6430/1719 6380/1719
f 6329/59 6380/59 6431/59
f 6431/59 6381/59 6329/59
f 6382/59 6381/59 6432/59
f 6432/59 6433/59 6382/59
f 6336/22 6385/22 6434/22
f 6434/22 6386/22 6336/22
f 6337/149 6386/149 6434/149
f 6434/149 6387/149 6337/149
f 6385/9 6339/9 6387/9
f 6387/9 6434/9 6385/9
f 6389/149 6388/149 6435/149
f 6435/180 6436/180 6389/180
f 6389/32 6436/32 6437/32
f 6437/32 6390/32 6389/32
f 6227/180 6391/180 6438/180
f 6391/423 6343/423 6439/423
f 6439/2006 6440/2006 6391/2006
f 6343/22 6392/22 6441/22
f 6441/22 6439/22 6343/22
f 6392/149 6390/149 6437/149
f 6437/149 6442/149 6392/149
f 6227/149 6443/149 6393/149
f 6344/420 6393/420 6444/420
f 6444/2007 6394/2007 6344/2007
f 6345/149 6394/149 6445/149
f 6445/149 6395/149 6345/149
f 6348/421 6395/421 6446/421
f 6446/421 6399/421 6348/421
f 6075/180 6396/180 6447/180
f 6396/424 6346/424 6397/424
f 6397/424 6448/424 6396/424
f 6347/149 6398/149 6449/149
f 6449/149 6397/149 6347/149
f 6398/426 6349/426 6400/426
f 6400/2008 6450/2008 6398/2008
f 6399/428 6451/428 6452/428
f 6452/2009 6400/2009 6399/2009
f 6075/149 6453/149 6401/149
f 6350/2010 6401/2010 6454/2010
f 6454/2011 6402/2011 6350/2011
f 6402/149 6455/149 6403/149
f 6403/149 6351/149 6402/149
f 6352/432 6403/432 6456/432
f 6456/2012 6404/2012 6352/2012
f 6404/433 6457/433 6458/433
f 6458/433 6405/433 6404/433
f 6405/59 6458/59 6459/59
f 6459/59 6406/59 6405/59
f 6354/59 6406/59 6460/59
f 6460/59 6407/59 6354/59
f 6355/149 6407/149 6461/149
f 6461/149 6408/149 6355/149
f 6408/59 6462/59 6409/59
f 6409/59 6356/59 6408/59
f 6409/149 6463/149 6410/149
f 6410/149 6357/149 6409/149
f 6410/2013 6303/2013 6358/2013
f 6359/2014 6303/2014 6360/2014
f 6361/2015 6303/2015 6411/2015
f 6362/2016 6411/2016 6464/2016
f 6464/2017 6412/2017 6362/2017
f 6412/2018 6465/2018 6413/2018
f 6413/995 6363/995 6412/995
f 6364/16 6413/16 6466/16
f 6466/16 6414/16 6364/16
f 6414/2019 6467/2019 6415/2019
f 6415/2019 6365/2019 6414/2019
f 6415/64 6468/64 6469/64
f 6469/64 6416/64 6415/64
f 6245/2020 6417/2020 6470/2020
f 6366/16 6418/16 6471/16
f 6471/16 6417/16 6366/16
f 6416/502 6469/502 6472/502
f 6472/2021 6418/2021 6416/2021
f 6245/2022 6473/2022 6419/2022
f 6419/16 6474/16 6420/16
f 6420/16 6367/16 6419/16
f 6420/758 6475/758 6476/758
f 6476/758 6421/758 6420/758
f 6422/16 6310/16 6421/16
f 6421/16 6477/16 6422/16
f 6368/2023 6422/2023 6478/2023
f 6423/2024 6368/2024 6479/2024
f 6479/2025 6480/2025 6423/2025
f 6372/59 6378/59 6428/59
f 6428/59 6425/59 6372/59
f 6373/59 6425/59 6481/59
f 6481/59 6426/59 6373/59
f 6388/180 6426/180 6482/180
f 6482/180 6435/180 6388/180
f 6384/1779 6374/1779 6427/1779
f 6427/1779 6376/1779 6384/1779
f 6325/2026 6377/2026 6483/2026
f 6483/1018 6383/1018 6325/1018
f 6377/2027 6424/2027 6484/2027
f 6484/1782 6483/1782 6377/1782
f 6428/64 6379/64 6429/64
f 6429/59 6485/59 6428/59
f 6429/59 6382/59 6433/59
f 6433/59 6486/59 6429/59
f 6431/1780 6380/1780 6430/1780
f 6430/1780 6487/1780 6431/1780
f 6383/59 6483/59 6488/59
f 6488/59 6430/59 6383/59
f 6381/59 6431/59 6489/59
f 6489/59 6432/59 6381/59
f 6433/59 6432/59 6490/59
f 6490/59 6491/59 6433/59
f 6436/149 6435/149 6492/149
f 6492/149 6493/149 6436/149
f 6436/22 6493/22 6494/22
f 6494/22 6437/22 6436/22
f 6227/149 6438/149 6495/149
f 6391/2028 6440/2028 6496/2028
f 6496/2029 6438/2029 6391/2029
f 6440/149 6439/149 6497/149
f 6497/149 6498/149 6440/149
f 6392/22 6442/22 6499/22
f 6499/22 6441/22 6392/22
f 6439/149 6441/149 6500/149
f 6500/149 6497/149 6439/149
f 6442/149 6437/149 6494/149
f 6494/149 6501/149 6442/149
f 6227/180 6502/180 6443/180
f 6443/484 6503/484 6444/484
f 6444/484 6393/484 6443/484
f 6394/149 6444/149 6504/149
f 6504/149 6445/149 6394/149
f 6445/2030 6505/2030 6446/2030
f 6446/485 6395/485 6445/485
f 6399/2031 6446/2031 6506/2031
f 6506/487 6451/487 6399/487
f 6075/149 6447/149 6507/149
f 6396/491 6448/491 6508/491
f 6508/491 6447/491 6396/491
f 6397/149 6449/149 6509/149
f 6509/149 6448/149 6397/149
f 6398/2032 6450/2032 6510/2032
f 6510/2033 6449/2033 6398/2033
f 6450/2034 6400/2034 6452/2034
f 6452/494 6511/494 6450/494
f 6451/496 6512/496 6513/496
f 6513/496 6452/496 6451/496
f 6075/149 6514/149 6453/149
f 6453/2035 6515/2035 6454/2035
f 6454/2036 6401/2036 6453/2036
f 6454/149 6516/149 6455/149
f 6455/149 6402/149 6454/149
f 6455/2037 6517/2037 6456/2037
f 6456/499 6403/499 6455/499
f 6404/501 6456/501 6518/501
f 6518/501 6457/501 6404/501
f 6457/502 6519/502 6520/502
f 6520/502 6458/502 6457/502
f 6458/59 6520/59 6521/59
f 6521/59 6459/59 6458/59
f 6406/59 6459/59 6522/59
f 6522/59 6460/59 6406/59
f 6460/59 6523/59 6461/59
f 6461/59 6407/59 6460/59
f 6461/149 6524/149 6462/149
f 6462/149 6408/149 6461/149
f 6462/59 6525/59 6463/59
f 6463/59 6409/59 6462/59
f 6463/2038 6303/2038 6410/2038
f 6411/2039 6303/2039 6464/2039
f 6412/32 6464/32 6526/32
f 6526/22 6465/22 6412/22
f 6465/2040 6527/2040 6466/2040
f 6466/2041 6413/2041 6465/2041
f 6466/16 6528/16 6467/16
f 6467/16 6414/16 6466/16
f 6467/59 6529/59 6468/59
f 6468/59 6415/59 6467/59
f 6468/59 6530/59 6531/59
f 6531/59 6469/59 6468/59
f 6245/2042 6470/2042 6532/2042
f 6417/16 6471/16 6533/16
f 6533/16 6470/16 6417/16
f 6418/2043 6472/2043 6534/2043
f 6534/2044 6471/2044 6418/2044
f 6469/502 6531/502 6535/502
f 6535/502 6472/502 6469/502
f 6245/2045 6536/2045 6473/2045
f 6473/16 6537/16 6474/16
f 6474/16 6419/16 6473/16
f 6474/2046 6538/2046 6475/2046
f 6475/859 6420/859 6474/859
f 6475/428 6539/428 6540/428
f 6540/428 6476/428 6475/428
f 6477/845 6421/845 6476/845
f 6476/845 6541/845 6477/845
f 6478/16 6422/16 6477/16
f 6477/16 6542/16 6478/16
f 6368/2047 6478/2047 6543/2047
f 6484/59 6423/59 6480/59
f 6480/59 6544/59 6484/59
f 6368/2048 6545/2048 6479/2048
f 6480/2049 6479/2049 6546/2049
f 6546/2050 6547/2050 6480/2050
f 6423/1354 6484/1354 6424/1354
f 6424/2051 6369/2051 6423/2051
f 6425/59 6428/59 6485/59
f 6485/59 6481/59 6425/59
f 6426/59 6481/59 6548/59
f 6548/59 6482/59 6426/59
f 6435/180 6482/180 6549/180
f 6549/180 6492/180 6435/180
f 6485/59 6429/59 6486/59
f 6486/59 6550/59 6485/59
f 6486/59 6433/59 6491/59
f 6491/59 6551/59 6486/59
f 6489/1839 6431/1839 6487/1839
f 6487/1839 6552/1839 6489/1839
f 6430/59 6488/59 6553/59
f 6553/59 6487/59 6430/59
f 6483/1840 6484/1840 6544/1840
f 6544/1840 6488/1840 6483/1840
f 6432/59 6489/59 6554/59
f 6554/59 6490/59 6432/59
f 6555/1146 6491/1146 6490/1146
f 6490/2052 6556/2052 6555/2052
f 6557/1885 6493/1885 6492/1885
f 6492/1885 6558/1885 6557/1885
f 6494/22 6493/22 6557/22
f 6557/22 6559/22 6494/22
f 6227/149 6495/149 6560/149
f 6495/2053 6438/2053 6496/2053
f 6496/2054 6561/2054 6495/2054
f 6496/149 6440/149 6498/149
f 6498/149 6562/149 6496/149
f 6498/569 6497/569 6563/569
f 6563/2055 6564/2055 6498/2055
f 6499/22 6442/22 6501/22
f 6501/22 6565/22 6499/22
f 6441/149 6499/149 6566/149
f 6566/149 6500/149 6441/149
f 6497/22 6500/22 6567/22
f 6567/22 6563/22 6497/22
f 6501/149 6494/149 6559/149
f 6559/149 6568/149 6501/149
f 6227/149 6569/149 6502/149
f 6443/560 6502/560 6570/560
f 6570/560 6503/560 6443/560
f 6444/149 6503/149 6571/149
f 6571/149 6504/149 6444/149
f 6445/2056 6504/2056 6572/2056
f 6572/2057 6505/2057 6445/2057
f 6505/564 6573/564 6506/564
f 6506/2058 6446/2058 6505/2058
f 6451/565 6506/565 6574/565
f 6574/565 6512/565 6451/565
f 6075/180 6507/180 6575/180
f 6507/570 6447/570 6508/570
f 6508/570 6576/570 6507/570
f 6448/149 6509/149 6577/149
f 6577/149 6508/149 6448/149
f 6509/2059 6449/2059 6510/2059
f 6510/2060 6578/2060 6509/2060
f 6450/574 6511/574 6579/574
f 6579/2061 6510/2061 6450/2061
f 6511/494 6452/494 6513/494
f 6513/2062 6580/2062 6511/2062
f 6512/428 6540/428 6539/428
f 6539/428 6513/428 6512/428
f 6075/149 6581/149 6514/149
f 6514/2063 6582/2063 6515/2063
f 6515/2064 6453/2064 6514/2064
f 6515/149 6583/149 6516/149
f 6516/149 6454/149 6515/149
f 6455/579 6516/579 6584/579
f 6584/2065 6517/2065 6455/2065
f 6517/580 6585/580 6518/580
f 6518/580 6456/580 6517/580
f 6457/581 6518/581 6586/581
f 6586/581 6519/581 6457/581
f 6519/502 6535/502 6531/502
f 6531/502 6520/502 6519/502
f 6520/59 6531/59 6530/59
f 6530/59 6521/59 6520/59
f 6459/59 6521/59 6587/59
f 6587/59 6522/59 6459/59
f 6522/59 6588/59 6523/59
f 6523/59 6460/59 6522/59
f 6523/59 6589/59 6524/59
f 6524/59 6461/59 6523/59
f 6524/180 6590/180 6525/180
f 6525/180 6462/180 6524/180
f 6525/2066 6303/2066 6463/2066
f 6464/2067 6303/2067 6526/2067
f 6465/2068 6526/2068 6591/2068
f 6591/2068 6527/2068 6465/2068
f 6527/59 6592/59 6466/59
f 6466/16 6592/16 6593/16
f 6593/16 6528/16 6466/16
f 6528/59 6594/59 6529/59
f 6529/59 6467/59 6528/59
f 6529/59 6595/59 6530/59
f 6530/59 6468/59 6529/59
f 6245/2069 6532/2069 6596/2069
f 6470/16 6533/16 6597/16
f 6597/16 6532/16 6470/16
f 6471/2070 6534/2070 6598/2070
f 6598/2071 6533/2071 6471/2071
f 6472/501 6535/501 6599/501
f 6599/501 6534/501 6472/501
f 6245/2072 6600/2072 6536/2072
f 6536/16 6601/16 6537/16
f 6537/16 6473/16 6536/16
f 6537/2073 6602/2073 6538/2073
f 6538/2074 6474/2074 6537/2074
f 6538/660 6603/660 6539/660
f 6539/660 6475/660 6538/660
f 6541/487 6476/487 6540/487
f 6540/487 6604/487 6541/487
f 6542/952 6477/952 6541/952
f 6541/2075 6605/2075 6542/2075
f 6543/16 6478/16 6542/16
f 6542/16 6606/16 6543/16
f 6368/2076 6543/2076 6607/2076
f 6544/59 6480/59 6547/59
f 6547/59 6608/59 6544/59
f 6368/2077 6609/2077 6545/2077
f 6479/2078 6545/2078 6610/2078
f 6610/2079 6611/2079 6479/2079
f 6546/2080 6479/2080 6611/2080
f 6611/1992 6612/1992 6546/1992
f 6547/2081 6546/2081 6613/2081
f 6613/1990 6614/1990 6547/1990
f 6481/59 6485/59 6550/59
f 6550/59 6548/59 6481/59
f 6482/59 6548/59 6615/59
f 6615/59 6549/59 6482/59
f 6558/1885 6492/1885 6549/1885
f 6549/1884 6616/1884 6558/1884
f 6550/59 6486/59 6551/59
f 6551/59 6617/59 6550/59
f 6618/1017 6551/1017 6491/1017
f 6491/2082 6555/2082 6618/2082
f 6554/27 6489/27 6552/27
f 6552/27 6619/27 6554/27
f 6487/59 6553/59 6620/59
f 6620/59 6552/59 6487/59
f 6488/1887 6544/1887 6608/1887
f 6608/1887 6553/1887 6488/1887
f 6556/1267 6490/1267 6554/1267
f 6554/1266 6621/1266 6556/1266
f 6555/59 6556/59 6622/59
f 6622/59 6623/59 6555/59
f 6557/149 6558/149 6624/149
f 6624/149 6625/149 6557/149
f 6559/22 6557/22 6625/22
f 6625/22 6626/22 6559/22
f 6227/149 6560/149 6627/149
f 6495/2083 6561/2083 6628/2083
f 6628/2084 6560/2084 6495/2084
f 6561/149 6496/149 6562/149
f 6562/149 6629/149 6561/149
f 6498/2085 6564/2085 6630/2085
f 6630/652 6562/652 6498/652
f 6564/654 6563/654 6631/654
f 6631/654 6632/654 6564/654
f 6499/149 6565/149 6633/149
f 6633/149 6566/149 6499/149
f 6565/22 6501/22 6568/22
f 6568/22 6634/22 6565/22
f 6500/22 6566/22 6635/22
f 6635/22 6567/22 6500/22
f 6563/22 6567/22 6636/22
f 6636/22 6631/22 6563/22
f 6568/149 6559/149 6626/149
f 6626/149 6637/149 6568/149
f 6227/180 6638/180 6569/180
f 6569/644 6639/644 6570/644
f 6570/644 6502/644 6569/644
f 6503/149 6570/149 6640/149
f 6640/149 6571/149 6503/149
f 6571/2086 6641/2086 6572/2086
f 6572/2087 6504/2087 6571/2087
f 6505/2088 6572/2088 6642/2088
f 6642/647 6573/647 6505/647
f 6573/2089 6643/2089 6574/2089
f 6574/564 6506/564 6573/564
f 6512/487 6574/487 6604/487
f 6604/487 6540/487 6512/487
f 6075/149 6575/149 6644/149
f 6507/655 6576/655 6645/655
f 6645/655 6575/655 6507/655
f 6508/149 6577/149 6646/149
f 6646/149 6576/149 6508/149
f 6509/2090 6578/2090 6647/2090
f 6647/656 6577/656 6509/656
f 6578/2091 6510/2091 6579/2091
f 6579/2091 6648/2091 6578/2091
f 6511/2092 6580/2092 6649/2092
f 6649/574 6579/574 6511/574
f 6580/660 6513/660 6539/660
f 6539/660 6603/660 6580/660
f 6075/149 6650/149 6581/149
f 6514/662 6581/662 6651/662
f 6651/2093 6582/2093 6514/2093
f 6582/149 6652/149 6583/149
f 6583/149 6515/149 6582/149
f 6583/663 6653/663 6584/663
f 6584/663 6516/663 6583/663
f 6517/664 6584/664 6654/664
f 6654/664 6585/664 6517/664
f 6585/2094 6655/2094 6586/2094
f 6586/580 6518/580 6585/580
f 6519/666 6586/666 6599/666
f 6599/666 6535/666 6519/666
f 6521/59 6530/59 6595/59
f 6595/59 6587/59 6521/59
f 6587/59 6656/59 6588/59
f 6588/59 6522/59 6587/59
f 6588/59 6657/59 6589/59
f 6589/59 6523/59 6588/59
f 6589/59 6658/59 6590/59
f 6590/59 6524/59 6589/59
f 6590/2095 6303/2095 6525/2095
f 6526/2096 6303/2096 6591/2096
f 6527/59 6591/59 6659/59
f 6659/59 6592/59 6527/59
f 6592/27 6659/27 6660/27
f 6660/27 6593/27 6592/27
f 6528/59 6593/59 6661/59
f 6661/59 6594/59 6528/59
f 6594/59 6662/59 6595/59
f 6595/59 6529/59 6594/59
f 6245/2097 6596/2097 6663/2097
f 6532/16 6597/16 6664/16
f 6664/16 6596/16 6532/16
f 6533/2098 6598/2098 6665/2098
f 6665/2099 6597/2099 6533/2099
f 6534/868 6599/868 6666/868
f 6666/868 6598/868 6534/868
f 6245/2100 6667/2100 6600/2100
f 6600/27 6668/27 6601/27
f 6601/16 6536/16 6600/16
f 6601/2101 6669/2101 6602/2101
f 6602/2102 6537/2102 6601/2102
f 6602/858 6670/858 6603/858
f 6603/858 6538/858 6602/858
f 6605/741 6541/741 6604/741
f 6604/741 6671/741 6605/741
f 6606/2103 6542/2103 6605/2103
f 6605/2104 6672/2104 6606/2104
f 6607/16 6543/16 6606/16
f 6606/16 6673/16 6607/16
f 6368/2105 6607/2105 6674/2105
f 6608/59 6547/59 6614/59
f 6614/59 6675/59 6608/59
f 6368/2106 6676/2106 6609/2106
f 6545/16 6609/16 6677/16
f 6677/16 6610/16 6545/16
f 6611/2107 6610/2107 6678/2107
f 6678/747 6679/747 6611/747
f 6613/2019 6546/2019 6612/2019
f 6612/2019 6680/2019 6613/2019
f 6612/32 6611/32 6679/32
f 6679/32 6681/32 6612/32
f 6614/16 6613/16 6682/16
f 6682/16 6683/16 6614/16
f 6548/59 6550/59 6617/59
f 6617/59 6615/59 6548/59
f 6616/692 6549/692 6615/692
f 6615/2108 6684/2108 6616/2108
f 6558/149 6616/149 6685/149
f 6685/149 6624/149 6558/149
f 6686/902 6617/902 6551/902
f 6551/901 6618/901 6686/901
f 6618/59 6555/59 6623/59
f 6623/59 6687/59 6618/59
f 6621/1926 6554/1926 6619/1926
f 6619/2109 6688/2109 6621/2109
f 6552/59 6620/59 6689/59
f 6689/59 6619/59 6552/59
f 6553/1927 6608/1927 6675/1927
f 6675/1927 6620/1927 6553/1927
f 6556/59 6621/59 6690/59
f 6690/59 6622/59 6556/59
f 6623/2110 6622/2110 6691/2110
f 6625/2111 6624/2111 6691/2111
f 6626/2112 6625/2112 6691/2112
f 6227/149 6627/149 6692/149
f 6627/2113 6560/2113 6628/2113
f 6628/2114 6693/2114 6627/2114
f 6628/149 6561/149 6629/149
f 6629/149 6694/149 6628/149
f 6629/745 6562/745 6630/745
f 6630/2115 6695/2115 6629/2115
f 6564/746 6632/746 6696/746
f 6696/746 6630/746 6564/746
f 6632/747 6631/747 6697/747
f 6697/747 6698/747 6632/747
f 6633/149 6565/149 6634/149
f 6634/149 6699/149 6633/149
f 6635/22 6566/22 6633/22
f 6633/22 6700/22 6635/22
f 6634/22 6568/22 6637/22
f 6637/22 6701/22 6634/22
f 6567/22 6635/22 6702/22
f 6702/22 6636/22 6567/22
f 6631/22 6636/22 6703/22
f 6703/22 6697/22 6631/22
f 6637/2116 6626/2116 6691/2116
f 6227/149 6704/149 6638/149
f 6569/736 6638/736 6705/736
f 6705/736 6639/736 6569/736
f 6570/149 6639/149 6706/149
f 6706/149 6640/149 6570/149
f 6571/738 6640/738 6707/738
f 6707/2117 6641/2117 6571/2117
f 6641/2118 6708/2118 6642/2118
f 6642/2118 6572/2118 6641/2118
f 6573/647 6642/647 6709/647
f 6709/2119 6643/2119 6573/2119
f 6643/741 6671/741 6604/741
f 6604/741 6574/741 6643/741
f 6075/180 6644/180 6710/180
f 6644/751 6575/751 6645/751
f 6645/751 6711/751 6644/751
f 6576/149 6646/149 6712/149
f 6712/149 6645/149 6576/149
f 6646/752 6577/752 6647/752
f 6647/752 6713/752 6646/752
f 6578/2120 6648/2120 6714/2120
f 6714/753 6647/753 6578/753
f 6648/755 6579/755 6649/755
f 6649/755 6715/755 6648/755
f 6580/757 6603/757 6670/757
f 6670/2121 6649/2121 6580/2121
f 6075/180 6716/180 6650/180
f 6650/759 6717/759 6651/759
f 6651/759 6581/759 6650/759
f 6651/149 6718/149 6652/149
f 6652/149 6582/149 6651/149
f 6652/760 6719/760 6653/760
f 6653/760 6583/760 6652/760
f 6653/761 6720/761 6654/761
f 6654/761 6584/761 6653/761
f 6585/2122 6654/2122 6721/2122
f 6721/2122 6655/2122 6585/2122
f 6655/2123 6666/2123 6599/2123
f 6599/763 6586/763 6655/763
f 6595/59 6662/59 6656/59
f 6656/59 6587/59 6595/59
f 6656/64 6722/64 6657/64
f 6657/59 6588/59 6656/59
f 6657/59 6723/59 6658/59
f 6658/59 6589/59 6657/59
f 6658/2124 6303/2124 6590/2124
f 6591/2125 6303/2125 6659/2125
f 6659/2126 6303/2126 6660/2126
f 6593/59 6660/59 6724/59
f 6724/59 6661/59 6593/59
f 6594/64 6661/64 6725/64
f 6725/64 6662/64 6594/64
f 6245/2127 6663/2127 6726/2127
f 6596/16 6664/16 6727/16
f 6727/16 6663/16 6596/16
f 6597/2128 6665/2128 6728/2128
f 6728/2129 6664/2129 6597/2129
f 6598/981 6666/981 6729/981
f 6729/981 6665/981 6598/981
f 6245/2130 6730/2130 6667/2130
f 6667/27 6731/27 6668/27
f 6668/16 6600/16 6667/16
f 6668/1094 6732/1094 6669/1094
f 6669/2131 6601/2131 6668/2131
f 6669/968 6733/968 6670/968
f 6670/968 6602/968 6669/968
f 6672/950 6605/950 6671/950
f 6671/950 6734/950 6672/950
f 6673/2132 6606/2132 6672/2132
f 6672/2133 6735/2133 6673/2133
f 6674/16 6607/16 6673/16
f 6673/27 6736/27 6674/27
f 6368/2134 6674/2134 6737/2134
f 6675/59 6614/59 6683/59
f 6683/59 6738/59 6675/59
f 6368/2135 6739/2135 6676/2135
f 6609/16 6676/16 6740/16
f 6740/16 6677/16 6609/16
f 6610/2136 6677/2136 6741/2136
f 6741/2137 6678/2137 6610/2137
f 6679/747 6678/747 6742/747
f 6742/747 6743/747 6679/747
f 6682/16 6613/16 6680/16
f 6680/16 6744/16 6682/16
f 6680/22 6612/22 6681/22
f 6681/22 6745/22 6680/22
f 6681/22 6679/22 6743/22
f 6743/22 6746/22 6681/22
f 6747/2041 6683/2041 6682/2041
f 6682/2040 6748/2040 6747/2040
f 6684/791 6615/791 6617/791
f 6617/2138 6686/2138 6684/2138
f 6616/59 6684/59 6749/59
f 6749/59 6685/59 6616/59
f 6624/2139 6685/2139 6691/2139
f 6686/59 6618/59 6687/59
f 6687/59 6750/59 6686/59
f 6687/2140 6623/2140 6691/2140
f 6690/2141 6621/2141 6688/2141
f 6688/2142 6751/2142 6690/2142
f 6688/1479 6619/1479 6689/1479
f 6689/1479 6752/1479 6688/1479
f 6620/16 6675/16 6738/16
f 6738/16 6689/16 6620/16
f 6622/2143 6690/2143 6691/2143
f 6227/149 6692/149 6753/149
f 6692/2144 6627/2144 6693/2144
f 6693/2145 6754/2145 6692/2145
f 6693/149 6628/149 6694/149
f 6694/149 6755/149 6693/149
f 6629/2146 6695/2146 6756/2146
f 6756/848 6694/848 6629/848
f 6695/850 6630/850 6696/850
f 6696/850 6757/850 6695/850
f 6632/851 6698/851 6758/851
f 6758/851 6696/851 6632/851
f 6698/747 6697/747 6743/747
f 6743/747 6742/747 6698/747
f 6700/22 6633/22 6699/22
f 6699/22 6759/22 6700/22
f 6699/180 6634/180 6701/180
f 6701/180 6760/180 6699/180
f 6702/22 6635/22 6700/22
f 6700/22 6761/22 6702/22
f 6701/2147 6637/2147 6691/2147
f 6636/22 6702/22 6762/22
f 6762/22 6703/22 6636/22
f 6697/22 6703/22 6746/22
f 6746/22 6743/22 6697/22
f 6227/180 6763/180 6704/180
f 6704/838 6764/838 6705/838
f 6705/838 6638/838 6704/838
f 6639/149 6705/149 6765/149
f 6765/149 6706/149 6639/149
f 6706/839 6766/839 6707/839
f 6707/839 6640/839 6706/839
f 6641/841 6707/841 6767/841
f 6767/2148 6708/2148 6641/2148
f 6708/842 6768/842 6709/842
f 6709/842 6642/842 6708/842
f 6643/2149 6709/2149 6734/2149
f 6734/843 6671/843 6643/843
f 6075/149 6710/149 6769/149
f 6644/853 6711/853 6770/853
f 6770/853 6710/853 6644/853
f 6645/180 6712/180 6771/180
f 6771/149 6711/149 6645/149
f 6646/854 6713/854 6772/854
f 6772/854 6712/854 6646/854
f 6713/855 6647/855 6714/855
f 6714/855 6773/855 6713/855
f 6648/856 6715/856 6774/856
f 6774/856 6714/856 6648/856
f 6715/2150 6649/2150 6670/2150
f 6670/2150 6733/2150 6715/2150
f 6075/149 6775/149 6716/149
f 6716/861 6776/861 6717/861
f 6717/861 6650/861 6716/861
f 6717/149 6777/149 6718/149
f 6718/149 6651/149 6717/149
f 6652/862 6718/862 6778/862
f 6778/862 6719/862 6652/862
f 6719/863 6779/863 6720/863
f 6720/863 6653/863 6719/863
f 6720/865 6780/865 6721/865
f 6721/2151 6654/2151 6720/2151
f 6655/867 6721/867 6729/867
f 6729/2152 6666/2152 6655/2152
f 6662/59 6725/59 6722/59
f 6722/59 6656/59 6662/59
f 6722/59 6781/59 6723/59
f 6723/59 6657/59 6722/59
f 6723/873 6303/873 6658/873
f 6660/2153 6303/2153 6724/2153
f 6661/64 6724/64 6782/64
f 6782/64 6725/64 6661/64
f 6245/2154 6726/2154 6783/2154
f 6663/16 6727/16 6784/16
f 6784/16 6726/16 6663/16
f 6664/2155 6728/2155 6785/2155
f 6785/2156 6727/2156 6664/2156
f 6665/1105 6729/1105 6786/1105
f 6786/1105 6728/1105 6665/1105
f 6245/2157 6787/2157 6730/2157
f 6730/27 6788/27 6731/27
f 6731/16 6667/16 6730/16
f 6731/1093 6789/1093 6732/1093
f 6732/1093 6668/1093 6731/1093
f 6732/1094 6790/1094 6733/1094
f 6733/1094 6669/1094 6732/1094
f 6735/1075 6672/1075 6734/1075
f 6734/1075 6791/1075 6735/1075
f 6736/2158 6673/2158 6735/2158
f 6735/1202 6792/1202 6736/1202
f 6737/16 6674/16 6736/16
f 6736/27 6793/27 6737/27
f 6368/2159 6737/2159 6794/2159
f 6795/1647 6738/1647 6683/1647
f 6683/2160 6747/2160 6795/2160
f 6368/2161 6796/2161 6739/2161
f 6676/16 6739/16 6797/16
f 6797/16 6740/16 6676/16
f 6677/2162 6740/2162 6798/2162
f 6798/2163 6741/2163 6677/2163
f 6678/746 6741/746 6799/746
f 6799/746 6742/746 6678/746
f 6682/16 6744/16 6800/16
f 6800/16 6801/16 6682/16
f 6744/22 6680/22 6745/22
f 6745/22 6802/22 6744/22
f 6745/22 6681/22 6746/22
f 6746/22 6803/22 6745/22
f 6747/2068 6748/2068 6804/2068
f 6804/2068 6805/2068 6747/2068
f 6748/22 6682/22 6801/22
f 6684/59 6686/59 6750/59
f 6750/59 6749/59 6684/59
f 6685/2164 6749/2164 6691/2164
f 6750/2165 6687/2165 6691/2165
f 6690/2166 6751/2166 6691/2166
f 6688/59 6752/59 6806/59
f 6806/59 6751/59 6688/59
f 6752/1989 6689/1989 6738/1989
f 6738/2167 6795/2167 6752/2167
f 6227/149 6753/149 6807/149
f 6692/2168 6754/2168 6808/2168
f 6808/953 6753/953 6692/953
f 6754/149 6693/149 6755/149
f 6755/149 6809/149 6754/149
f 6755/955 6694/955 6756/955
f 6756/955 6810/955 6755/955
f 6695/956 6757/956 6811/956
f 6811/956 6756/956 6695/956
f 6757/850 6696/850 6758/850
f 6758/2169 6812/2169 6757/2169
f 6698/958 6742/958 6799/958
f 6799/958 6758/958 6698/958
f 6761/22 6700/22 6759/22
f 6759/22 6813/22 6761/22
f 6759/22 6699/22 6760/22
f 6760/22 6814/22 6759/22
f 6760/2170 6701/2170 6691/2170
f 6762/22 6702/22 6761/22
f 6761/22 6815/22 6762/22
f 6703/22 6762/22 6803/22
f 6803/22 6746/22 6703/22
f 6227/149 6816/149 6763/149
f 6704/945 6763/945 6817/945
f 6817/945 6764/945 6704/945
f 6705/149 6764/149 6818/149
f 6818/180 6765/180 6705/180
f 6706/946 6765/946 6819/946
f 6819/946 6766/946 6706/946
f 6766/947 6820/947 6767/947
f 6767/947 6707/947 6766/947
f 6708/948 6767/948 6821/948
f 6821/948 6768/948 6708/948
f 6768/2171 6791/2171 6734/2171
f 6734/2171 6709/2171 6768/2171
f 6075/149 6769/149 6775/149
f 6769/961 6710/961 6770/961
f 6770/2172 6822/2172 6769/2172
f 6711/149 6771/149 6823/149
f 6823/149 6770/149 6711/149
f 6771/963 6712/963 6772/963
f 6772/2173 6824/2173 6771/2173
f 6713/964 6773/964 6825/964
f 6825/964 6772/964 6713/964
f 6773/965 6714/965 6774/965
f 6774/965 6826/965 6773/965
f 6715/2174 6733/2174 6790/2174
f 6790/966 6774/966 6715/966
f 6775/2175 6827/2175 6776/2175
f 6776/972 6716/972 6775/972
f 6776/149 6828/149 6777/149
f 6777/149 6717/149 6776/149
f 6777/974 6829/974 6778/974
f 6778/974 6718/974 6777/974
f 6719/2176 6778/2176 6830/2176
f 6830/975 6779/975 6719/975
f 6779/2177 6831/2177 6780/2177
f 6780/977 6720/977 6779/977
f 6780/2178 6786/2178 6729/2178
f 6729/979 6721/979 6780/979
f 6725/64 6782/64 6781/64
f 6781/64 6722/64 6725/64
f 6781/2179 6303/2179 6723/2179
f 6724/2180 6303/2180 6782/2180
f 6245/2181 6783/2181 6832/2181
f 6726/16 6784/16 6833/16
f 6833/16 6783/16 6726/16
f 6727/2182 6785/2182 6834/2182
f 6834/2183 6784/2183 6727/2183
f 6728/1233 6786/1233 6835/1233
f 6835/1233 6785/1233 6728/1233
f 6245/2184 6836/2184 6787/2184
f 6787/16 6837/16 6788/16
f 6788/16 6730/16 6787/16
f 6788/1451 6838/1451 6789/1451
f 6789/1451 6731/1451 6788/1451
f 6789/752 6839/752 6790/752
f 6790/752 6732/752 6789/752
f 6792/1202 6735/1202 6791/1202
f 6791/1202 6840/1202 6792/1202
f 6793/1201 6736/1201 6792/1201
f 6792/1201 6841/1201 6793/1201
f 6794/16 6737/16 6793/16
f 6793/27 6842/27 6794/27
f 6368/2185 6794/2185 6843/2185
f 6795/59 6747/59 6805/59
f 6805/64 6844/64 6795/64
f 6368/2186 6845/2186 6796/2186
f 6739/16 6796/16 6846/16
f 6846/16 6797/16 6739/16
f 6740/2187 6797/2187 6847/2187
f 6847/2188 6798/2188 6740/2188
f 6741/1213 6798/1213 6848/1213
f 6848/1213 6799/1213 6741/1213
f 6744/22 6802/22 6849/22
f 6849/22 6800/22 6744/22
f 6801/27 6800/27 6850/27
f 6850/27 6851/27 6801/27
f 6802/22 6745/22 6803/22
f 6803/22 6852/22 6802/22
f 6748/22 6801/22 6851/22
f 6851/22 6804/22 6748/22
f 6805/2096 6804/2096 6691/2096
f 6749/2164 6750/2164 6691/2164
f 6751/2189 6806/2189 6691/2189
f 6752/2190 6795/2190 6844/2190
f 6844/2191 6806/2191 6752/2191
f 6227/180 6807/180 6853/180
f 6807/1079 6753/1079 6808/1079
f 6808/1079 6854/1079 6807/1079
f 6808/149 6754/149 6809/149
f 6809/149 6855/149 6808/149
f 6809/1080 6755/1080 6810/1080
f 6810/1080 6856/1080 6809/1080
f 6810/1081 6756/1081 6811/1081
f 6811/1081 6857/1081 6810/1081
f 6757/2192 6812/2192 6858/2192
f 6858/2192 6811/2192 6757/2192
f 6812/1084 6758/1084 6799/1084
f 6799/2193 6848/2193 6812/2193
f 6815/22 6761/22 6813/22
f 6813/32 6859/32 6815/32
f 6813/22 6759/22 6814/22
f 6814/22 6860/22 6813/22
f 6814/2194 6760/2194 6691/2194
f 6803/22 6762/22 6815/22
f 6815/22 6852/22 6803/22
f 6227/149 6861/149 6816/149
f 6816/2195 6862/2195 6817/2195
f 6817/1067 6763/1067 6816/1067
f 6764/149 6817/149 6863/149
f 6863/149 6818/149 6764/149
f 6818/2196 6864/2196 6819/2196
f 6819/1069 6765/1069 6818/1069
f 6766/1071 6819/1071 6865/1071
f 6865/1071 6820/1071 6766/1071
f 6820/1072 6866/1072 6821/1072
f 6821/1072 6767/1072 6820/1072
f 6768/1074 6821/1074 6840/1074
f 6840/2197 6791/2197 6768/2197
f 6769/2198 6822/2198 6827/2198
f 6827/2198 6775/2198 6769/2198
f 6770/149 6823/149 6867/149
f 6867/149 6822/149 6770/149
f 6771/2199 6824/2199 6868/2199
f 6868/1088 6823/1088 6771/1088
f 6824/1091 6772/1091 6825/1091
f 6825/2200 6869/2200 6824/2200
f 6773/1092 6826/1092 6870/1092
f 6870/1092 6825/1092 6773/1092
f 6826/1093 6774/1093 6790/1093
f 6790/1093 6839/1093 6826/1093
f 6827/180 6871/180 6828/180
f 6828/149 6776/149 6827/149
f 6828/1098 6872/1098 6829/1098
f 6829/1098 6777/1098 6828/1098
f 6829/1100 6873/1100 6830/1100
f 6830/2201 6778/2201 6829/2201
f 6779/1102 6830/1102 6874/1102
f 6874/2202 6831/2202 6779/2202
f 6831/1104 6835/1104 6786/1104
f 6786/2203 6780/2203 6831/2203
f 6782/2204 6303/2204 6781/2204
f 6245/2205 6832/2205 6875/2205
f 6783/16 6833/16 6876/16
f 6876/16 6832/16 6783/16
f 6784/2206 6834/2206 6877/2206
f 6877/2207 6833/2207 6784/2207
f 6785/1351 6835/1351 6878/1351
f 6878/1351 6834/1351 6785/1351
f 6245/2208 6879/2208 6836/2208
f 6836/27 6880/27 6837/27
f 6837/16 6787/16 6836/16
f 6837/2209 6881/2209 6838/2209
f 6838/1541 6788/1541 6837/1541
f 6838/854 6882/854 6839/854
f 6839/854 6789/854 6838/854
f 6841/839 6792/839 6840/839
f 6840/839 6883/839 6841/839
f 6842/1525 6793/1525 6841/1525
f 6841/1525 6884/1525 6842/1525
f 6843/16 6794/16 6842/16
f 6842/16 6885/16 6843/16
f 6368/2210 6843/2210 6886/2210
f 6844/2211 6805/2211 6691/2211
f 6368/2212 6887/2212 6845/2212
f 6796/16 6845/16 6888/16
f 6888/16 6846/16 6796/16
f 6797/2213 6846/2213 6889/2213
f 6889/2214 6847/2214 6797/2214
f 6798/1335 6847/1335 6890/1335
f 6890/1335 6848/1335 6798/1335
f 6802/32 6852/32 6891/32
f 6891/32 6849/32 6802/32
f 6800/22 6849/22 6892/22
f 6892/22 6850/22 6800/22
f 6851/2215 6850/2215 6691/2215
f 6804/2216 6851/2216 6691/2216
f 6806/2217 6844/2217 6691/2217
f 6227/149 6853/149 6861/149
f 6853/1206 6807/1206 6854/1206
f 6854/1206 6893/1206 6853/1206
f 6854/149 6808/149 6855/149
f 6855/149 6894/149 6854/149
f 6809/1207 6856/1207 6895/1207
f 6895/1207 6855/1207 6809/1207
f 6856/1208 6810/1208 6857/1208
f 6857/1208 6896/1208 6856/1208
f 6857/2218 6811/2218 6858/2218
f 6858/1209 6897/1209 6857/1209
f 6812/2219 6848/2219 6890/2219
f 6890/1211 6858/1211 6812/1211
f 6852/22 6815/22 6859/22
f 6859/22 6891/22 6852/22
f 6859/22 6813/22 6860/22
f 6860/22 6898/22 6859/22
f 6860/1219 6814/1219 6691/1219
f 6816/2220 6861/2220 6899/2220
f 6899/2220 6862/2220 6816/2220
f 6817/149 6862/149 6900/149
f 6900/149 6863/149 6817/149
f 6818/1197 6863/1197 6901/1197
f 6901/2221 6864/2221 6818/2221
f 6864/2222 6902/2222 6865/2222
f 6865/1198 6819/1198 6864/1198
f 6820/1200 6865/1200 6903/1200
f 6903/1200 6866/1200 6820/1200
f 6866/1201 6883/1201 6840/1201
f 6840/1201 6821/1201 6866/1201
f 6822/180 6867/180 6871/180
f 6871/149 6827/149 6822/149
f 6867/1220 6823/1220 6868/1220
f 6868/1220 6904/1220 6867/1220
f 6824/2223 6869/2223 6905/2223
f 6905/1221 6868/1221 6824/1221
f 6869/1223 6825/1223 6870/1223
f 6870/1223 6906/1223 6869/1223
f 6826/1224 6839/1224 6882/1224
f 6882/1224 6870/1224 6826/1224
f 6871/1227 6907/1227 6872/1227
f 6872/1227 6828/1227 6871/1227
f 6872/2224 6908/2224 6873/2224
f 6873/1228 6829/1228 6872/1228
f 6873/2225 6909/2225 6874/2225
f 6874/1230 6830/1230 6873/1230
f 6831/1232 6874/1232 6878/1232
f 6878/1232 6835/1232 6831/1232
f 6245/2226 6875/2226 6879/2226
f 6832/27 6876/27 6910/27
f 6910/16 6875/16 6832/16
f 6833/2227 6877/2227 6911/2227
f 6911/2228 6876/2228 6833/2228
f 6834/1456 6878/1456 6912/1456
f 6912/1456 6877/1456 6834/1456
f 6879/16 6913/16 6880/16
f 6880/16 6836/16 6879/16
f 6880/1450 6914/1450 6881/1450
f 6881/2229 6837/2229 6880/2229
f 6881/1223 6915/1223 6882/1223
f 6882/1223 6838/1223 6881/1223
f 6884/946 6841/946 6883/946
f 6883/946 6916/946 6884/946
f 6885/1613 6842/1613 6884/1613
f 6884/2230 6917/2230 6885/2230
f 6886/16 6843/16 6885/16
f 6885/27 6918/27 6886/27
f 6368/2231 6886/2231 6919/2231
f 6368/2232 6920/2232 6887/2232
f 6845/16 6887/16 6921/16
f 6921/16 6888/16 6845/16
f 6846/2233 6888/2233 6922/2233
f 6922/2234 6889/2234 6846/2234
f 6847/1441 6889/1441 6923/1441
f 6923/1441 6890/1441 6847/1441
f 6849/32 6891/32 6924/32
f 6924/32 6892/32 6849/32
f 6850/1219 6892/1219 6691/1219
f 6861/1320 6853/1320 6893/1320
f 6893/2235 6899/2235 6861/2235
f 6893/149 6854/149 6894/149
f 6894/149 6925/149 6893/149
f 6894/1328 6855/1328 6895/1328
f 6895/1328 6926/1328 6894/1328
f 6856/1330 6896/1330 6927/1330
f 6927/2236 6895/2236 6856/2236
f 6896/1332 6857/1332 6897/1332
f 6897/2237 6928/2237 6896/2237
f 6897/1334 6858/1334 6890/1334
f 6890/2238 6923/2238 6897/2238
f 6891/32 6859/32 6898/32
f 6898/32 6924/32 6891/32
f 6898/2239 6860/2239 6691/2239
f 6862/149 6899/149 6929/149
f 6929/180 6900/180 6862/180
f 6900/1321 6930/1321 6901/1321
f 6901/1321 6863/1321 6900/1321
f 6864/1323 6901/1323 6931/1323
f 6931/2240 6902/2240 6864/2240
f 6902/1324 6932/1324 6903/1324
f 6903/1324 6865/1324 6902/1324
f 6866/1325 6903/1325 6916/1325
f 6916/1325 6883/1325 6866/1325
f 6867/1342 6904/1342 6907/1342
f 6907/1342 6871/1342 6867/1342
f 6904/1343 6868/1343 6905/1343
f 6905/1343 6933/1343 6904/1343
f 6869/1344 6906/1344 6934/1344
f 6934/1344 6905/1344 6869/1344
f 6906/1345 6870/1345 6882/1345
f 6882/1345 6915/1345 6906/1345
f 6907/1348 6935/1348 6908/1348
f 6908/2241 6872/2241 6907/2241
f 6908/1228 6936/1228 6909/1228
f 6909/2242 6873/2242 6908/2242
f 6909/1350 6912/1350 6878/1350
f 6878/1350 6874/1350 6909/1350
f 6875/16 6910/16 6913/16
f 6913/16 6879/16 6875/16
f 6876/2243 6911/2243 6937/2243
f 6937/2244 6910/2244 6876/2244
f 6877/1546 6912/1546 6938/1546
f 6938/1546 6911/1546 6877/1546
f 6913/2245 6939/2245 6914/2245
f 6914/1696 6880/1696 6913/1696
f 6914/1450 6940/1450 6915/1450
f 6915/1450 6881/1450 6914/1450
f 6917/1324 6884/1324 6916/1324
f 6916/1324 6941/1324 6917/1324
f 6918/2246 6885/2246 6917/2246
f 6917/1524 6942/1524 6918/1524
f 6919/16 6886/16 6918/16
f 6918/16 6943/16 6919/16
f 6368/2247 6919/2247 6944/2247
f 6368/2248 6945/2248 6920/2248
f 6887/16 6920/16 6946/16
f 6946/16 6921/16 6887/16
f 6888/2249 6921/2249 6947/2249
f 6947/2250 6922/2250 6888/2250
f 6889/1532 6922/1532 6948/1532
f 6948/1532 6923/1532 6889/1532
f 6892/1219 6924/1219 6691/1219
f 6899/149 6893/149 6925/149
f 6925/180 6929/180 6899/180
f 6925/1434 6894/1434 6926/1434
f 6926/1434 6949/1434 6925/1434
f 6926/2251 6895/2251 6927/2251
f 6927/1435 6950/1435 6926/1435
f 6896/2252 6928/2252 6951/2252
f 6951/1437 6927/1437 6896/1437
f 6928/2253 6897/2253 6923/2253
f 6923/1439 6948/1439 6928/1439
f 6924/2254 6898/2254 6691/2254
f 6900/1429 6929/1429 6952/1429
f 6952/1429 6930/1429 6900/1429
f 6930/1430 6953/1430 6931/1430
f 6931/1430 6901/1430 6930/1430
f 6902/1431 6931/1431 6954/1431
f 6954/1431 6932/1431 6902/1431
f 6932/1432 6941/1432 6916/1432
f 6916/1432 6903/1432 6932/1432
f 6904/1447 6933/1447 6935/1447
f 6935/1447 6907/1447 6904/1447
f 6933/1449 6905/1449 6934/1449
f 6934/2255 6955/2255 6933/2255
f 6906/1450 6915/1450 6940/1450
f 6940/1450 6934/1450 6906/1450
f 6935/2256 6956/2256 6936/2256
f 6936/1453 6908/1453 6935/1453
f 6936/2257 6938/2257 6912/2257
f 6912/1098 6909/1098 6936/1098
f 6910/2258 6937/2258 6939/2258
f 6939/2258 6913/2258 6910/2258
f 6911/1453 6938/1453 6957/1453
f 6957/1453 6937/1453 6911/1453
f 6939/1624 6958/1624 6940/1624
f 6940/1624 6914/1624 6939/1624
f 6942/1524 6917/1524 6941/1524
f 6941/1524 6959/1524 6942/1524
f 6943/1751 6918/1751 6942/1751
f 6942/2259 6960/2259 6943/2259
f 6944/16 6919/16 6943/16
f 6943/16 6961/16 6944/16
f 6368/2260 6944/2260 6945/2260
f 6920/16 6945/16 6962/16
f 6962/16 6946/16 6920/16
f 6921/2261 6946/2261 6963/2261
f 6963/2262 6947/2262 6921/2262
f 6922/1617 6947/1617 6964/1617
f 6964/1617 6948/1617 6922/1617
f 6929/1520 6925/1520 6949/1520
f 6949/1520 6952/1520 6929/1520
f 6949/1528 6926/1528 6950/1528
f 6950/2263 6965/2263 6949/2263
f 6950/1530 6927/1530 6951/1530
f 6951/2264 6966/2264 6950/2264
f 6928/1531 6948/1531 6964/1531
f 6964/1531 6951/1531 6928/1531
f 6930/1521 6952/1521 6967/1521
f 6967/1521 6953/1521 6930/1521
f 6953/2265 6968/2265 6954/2265
f 6954/1522 6931/1522 6953/1522
f 6932/1524 6954/1524 6959/1524
f 6959/1524 6941/1524 6932/1524
f 6933/2266 6955/2266 6956/2266
f 6956/2267 6935/2267 6933/2267
f 6955/1540 6934/1540 6940/1540
f 6940/2268 6958/2268 6955/2268
f 6956/1545 6957/1545 6938/1545
f 6938/2269 6936/2269 6956/2269
f 6937/1695 6957/1695 6958/1695
f 6958/1695 6939/1695 6937/1695
f 6960/1686 6942/1686 6959/1686
f 6959/1686 6969/1686 6960/1686
f 6961/2270 6943/2270 6960/2270
f 6960/2270 6970/2270 6961/2270
f 6945/16 6944/16 6961/16
f 6961/27 6962/27 6945/27
f 6946/2271 6962/2271 6971/2271
f 6971/2272 6963/2272 6946/2272
f 6947/1690 6963/1690 6972/1690
f 6972/1690 6964/1690 6947/1690
f 6952/2273 6949/2273 6965/2273
f 6965/1606 6967/1606 6952/1606
f 6965/2274 6950/2274 6966/2274
f 6966/1528 6973/1528 6965/1528
f 6966/1616 6951/1616 6964/1616
f 6964/1616 6972/1616 6966/1616
f 6953/2275 6967/2275 6974/2275
f 6974/2276 6968/2276 6953/2276
f 6968/2277 6969/2277 6959/2277
f 6959/1610 6954/1610 6968/1610
f 6955/2278 6958/2278 6957/2278
f 6957/1622 6956/1622 6955/1622
f 6970/1749 6960/1749 6969/1749
f 6969/1749 6975/1749 6970/1749
f 6962/2279 6961/2279 6970/2279
f 6970/2280 6971/2280 6962/2280
f 6963/1753 6971/1753 6976/1753
f 6976/1753 6972/1753 6963/1753
f 6967/1683 6965/1683 6973/1683
f 6973/2281 6974/2281 6967/2281
f 6973/1434 6966/1434 6972/1434
f 6972/2282 6976/2282 6973/2282
f 6968/1685 6974/1685 6975/1685
f 6975/2283 6969/2283 6968/2283
f 6971/1683 6970/1683 6975/1683
f 6975/1683 6976/1683 6971/1683
f 6974/2284 6973/2284 6976/2284
f 6976/1747 6975/1747 6974/1747
f 6977/2285 6978/2285 6979/2285
f 6980/2286 6977/2286 6979/2286
f 6981/2287 6982/2287 6978/2287
f 6978/2287 6977/2287 6981/2287
f 6978/2288 6983/2288 6979/2288
f 6984/2289 6980/2289 6979/2289
f 6985/2290 6981/2290 6977/2290
f 6977/2290 6980/2290 6985/2290
f 6986/22 6987/22 6982/22
f 6982/22 6981/22 6986/22
f 6982/2291 6988/2291 6983/2291
f 6983/2291 6978/2291 6982/2291
f 6983/2292 6989/2292 6979/2292
f 6990/2293 6984/2293 6979/2293
f 6991/2294 6985/2294 6980/2294
f 6980/2294 6984/2294 6991/2294
f 6992/22 6986/22 6981/22
f 6981/22 6985/22 6992/22
f 2364/2295 6987/2295 6986/2295
f 6986/2295 2367/2295 2364/2295
f 6987/22 6993/22 6988/22
f 6988/22 6982/22 6987/22
f 6988/2296 6994/2296 6989/2296
f 6989/2296 6983/2296 6988/2296
f 6989/2297 6995/2297 6979/2297
f 6996/2298 6990/2298 6979/2298
f 6997/2299 6991/2299 6984/2299
f 6984/2299 6990/2299 6997/2299
f 6998/22 6992/22 6985/22
f 6985/22 6991/22 6998/22
f 6992/2300 2543/2300 2365/2300
f 2367/2301 6986/2301 2365/2301
f 6986/2302 6992/2302 2365/2302
f 2209/64 2364/64 2207/64
f 6993/2303 6987/2303 2364/2303
f 2209/2303 6993/2303 2364/2303
f 6993/32 6999/32 6994/32
f 6994/22 6988/22 6993/22
f 6994/2304 7000/2304 6995/2304
f 6995/2304 6989/2304 6994/2304
f 6995/2305 7001/2305 6979/2305
f 7002/2306 6996/2306 6979/2306
f 7003/2307 6997/2307 6990/2307
f 6990/2307 6996/2307 7003/2307
f 7004/22 6998/22 6991/22
f 6991/22 6997/22 7004/22
f 2543/64 2360/64 2359/64
f 6992/2308 6998/2308 2360/2308
f 2543/2308 6992/2308 2360/2308
f 2211/2309 6999/2309 6993/2309
f 6993/2309 2209/2309 2211/2309
f 6999/22 7005/22 7000/22
f 7000/22 6994/22 6999/22
f 7000/2310 7006/2310 7001/2310
f 7001/2310 6995/2310 7000/2310
f 7001/2311 7007/2311 6979/2311
f 7008/2312 7002/2312 6979/2312
f 7009/2313 7003/2313 6996/2313
f 6996/2313 7002/2313 7009/2313
f 7010/22 7004/22 6997/22
f 6997/22 7003/22 7010/22
f 2360/2314 6998/2314 7004/2314
f 7004/2314 2362/2314 2360/2314
f 2210/2315 7005/2315 6999/2315
f 6999/2315 2211/2315 2210/2315
f 7005/22 7011/22 7006/22
f 7006/22 7000/22 7005/22
f 7006/2316 7012/2316 7007/2316
f 7007/2316 7001/2316 7006/2316
f 7007/2317 7013/2317 6979/2317
f 7014/2318 7008/2318 6979/2318
f 7015/2319 7009/2319 7002/2319
f 7002/2319 7008/2319 7015/2319
f 7016/22 7010/22 7003/22
f 7003/22 7009/22 7016/22
f 2362/2320 7004/2320 7010/2320
f 7010/2320 2363/2320 2362/2320
f 2206/2321 7011/2321 7005/2321
f 7005/2321 2210/2321 2206/2321
f 7011/22 7017/22 7012/22
f 7012/22 7006/22 7011/22
f 7012/2322 7018/2322 7013/2322
f 7013/2322 7007/2322 7012/2322
f 7013/2323 7019/2323 6979/2323
f 7020/2324 7014/2324 6979/2324
f 7021/2325 7015/2325 7008/2325
f 7008/2325 7014/2325 7021/2325
f 7022/22 7016/22 7009/22
f 7009/22 7015/22 7022/22
f 2363/2326 7010/2326 7016/2326
f 7016/2326 2361/2326 2363/2326
f 2057/59 2206/59 2055/59
f 7017/2327 7011/2327 2206/2327
f 2057/2327 7017/2327 2206/2327
f 7017/32 7023/32 7018/32
f 7018/22 7012/22 7017/22
f 7018/2328 7024/2328 7019/2328
f 7019/2328 7013/2328 7018/2328
f 7019/2329 7025/2329 6979/2329
f 7026/2330 7020/2330 6979/2330
f 7027/2331 7021/2331 7014/2331
f 7014/2331 7020/2331 7027/2331
f 7028/22 7022/22 7015/22
f 7015/22 7021/22 7028/22
f 7022/2332 2203/2332 2202/2332
f 2361/2333 7016/2333 2202/2333
f 7016/2334 7022/2334 2202/2334
f 2058/2335 7023/2335 7017/2335
f 7017/2335 2057/2335 2058/2335
f 7023/22 7029/22 7024/22
f 7024/22 7018/22 7023/22
f 7024/2336 7030/2336 7025/2336
f 7025/2336 7019/2336 7024/2336
f 7025/2337 7031/2337 6979/2337
f 7032/2338 7026/2338 6979/2338
f 7033/2339 7027/2339 7020/2339
f 7020/2339 7026/2339 7033/2339
f 7034/22 7028/22 7021/22
f 7021/22 7027/22 7034/22
f 2203/2340 7022/2340 7028/2340
f 7028/2340 2205/2340 2203/2340
f 2054/2341 7029/2341 7023/2341
f 7023/2341 2058/2341 2054/2341
f 7029/32 7035/32 7030/32
f 7030/22 7024/22 7029/22
f 7030/2342 7036/2342 7031/2342
f 7031/2342 7025/2342 7030/2342
f 7031/2343 7037/2343 6979/2343
f 7038/2344 7032/2344 6979/2344
f 7039/2345 7033/2345 7026/2345
f 7026/2345 7032/2345 7039/2345
f 7040/22 7034/22 7027/22
f 7027/22 7033/22 7040/22
f 2205/2346 7028/2346 7034/2346
f 7034/2346 2204/2346 2205/2346
f 1904/22 2054/22 1905/22
f 7035/2347 7029/2347 2054/2347
f 1904/2347 7035/2347 2054/2347
f 7035/22 7041/22 7036/22
f 7036/22 7030/22 7035/22
f 7036/2348 7042/2348 7037/2348
f 7037/2348 7031/2348 7036/2348
f 7037/2349 7043/2349 6979/2349
f 7043/2350 7038/2350 6979/2350
f 7044/2351 7039/2351 7032/2351
f 7032/2351 7038/2351 7044/2351
f 7045/22 7040/22 7033/22
f 7033/22 7039/22 7045/22
f 2204/22 2052/22 2051/22
f 7034/2352 7040/2352 2052/2352
f 2204/2352 7034/2352 2052/2352
f 1908/2353 7041/2353 7035/2353
f 7035/2353 1904/2353 1908/2353
f 7041/22 7046/22 7042/22
f 7042/22 7036/22 7041/22
f 7042/2354 7047/2354 7043/2354
f 7043/2354 7037/2354 7042/2354
f 7047/2355 7044/2355 7038/2355
f 7038/2355 7043/2355 7047/2355
f 7048/22 7045/22 7039/22
f 7039/22 7044/22 7048/22
f 2052/2356 7040/2356 7045/2356
f 7045/2356 2053/2356 2052/2356
f 1909/2357 7046/2357 7041/2357
f 7041/2357 1908/2357 1909/2357
f 7046/22 7049/22 7047/22
f 7047/22 7042/22 7046/22
f 7049/32 7048/32 7044/32
f 7044/22 7047/22 7049/22
f 2053/2358 7045/2358 7048/2358
f 7048/2358 2050/2358 2053/2358
f 1907/2359 7049/2359 7046/2359
f 7046/2359 1909/2359 1907/2359
f 2050/22 1907/22 1906/22
f 7048/2360 7049/2360 1907/2360
f 2050/2360 7048/2360 1907/2360
f 2368/18 7050/18 7051/18
f 7051/9 2369/9 2368/9
f 7050/149 2717/149 2918/149
f 7050/180 2368/180 2370/180
f 7050/149 2545/149 2717/149
f 7050/149 2370/149 2545/149
f 7052/9 7051/9 7050/9
f 7050/9 7053/9 7052/9
f 2369/7 2056/7 2208/7
f 1752/7 1903/7 2056/7
f 1603/149 1602/149 1752/149
f 2369/149 7051/149 1603/149
f 1603/149 1752/149 2056/149
f 2369/149 1603/149 2056/149
f 7053/22 2718/22 2720/22
f 7050/22 2918/22 2718/22
f 7053/22 7050/22 2718/22
f 2212/9 7052/9 7053/9
f 7053/18 2213/18 2212/18
f 1603/7 1453/7 1455/7
f 7051/22 7052/22 1453/22
f 1603/22 7051/22 1453/22
f 2213/7 2371/7 2214/7
f 2720/16 2546/16 2371/16
f 2213/16 7053/16 2720/16
f 2213/16 2720/16 2371/16
f 1453/16 1604/16 1454/16
f 1910/7 1753/7 1604/7
f 2212/7 2059/7 1910/7
f 1453/16 7052/16 2212/16
f 1453/16 1910/16 1604/16
f 1453/27 2212/27 1910/27
f 7054/2361 7055/2361 7056/2361
f 7057/2362 7054/2362 7056/2362
f 7058/2363 7059/2363 7055/2363
f 7055/2363 7054/2363 7058/2363
f 7055/2364 7060/2364 7056/2364
f 7061/2365 7057/2365 7056/2365
f 7062/2366 7058/2366 7054/2366
f 7054/2366 7057/2366 7062/2366
f 7063/32 7064/32 7059/32
f 7059/22 7058/22 7063/22
f 7059/2291 7065/2291 7060/2291
f 7060/2291 7055/2291 7059/2291
f 7060/2367 7066/2367 7056/2367
f 7067/2368 7061/2368 7056/2368
f 7068/2369 7062/2369 7057/2369
f 7057/2369 7061/2369 7068/2369
f 7069/22 7063/22 7058/22
f 7058/22 7062/22 7069/22
f 2216/2370 7064/2370 7063/2370
f 7063/2370 2217/2370 2216/2370
f 7064/22 7070/22 7065/22
f 7065/22 7059/22 7064/22
f 7065/2296 7071/2296 7066/2296
f 7066/2296 7060/2296 7065/2296
f 7066/2371 7072/2371 7056/2371
f 7073/2372 7067/2372 7056/2372
f 7074/2373 7068/2373 7061/2373
f 7061/2373 7067/2373 7074/2373
f 7075/22 7069/22 7062/22
f 7062/22 7068/22 7075/22
f 2217/2374 7063/2374 7069/2374
f 7069/2374 2215/2374 2217/2374
f 7064/2375 2216/2375 2066/2375
f 2067/2376 7070/2376 2066/2376
f 7070/2377 7064/2377 2066/2377
f 7070/22 7076/22 7071/22
f 7071/22 7065/22 7070/22
f 7071/2304 7077/2304 7072/2304
f 7072/2304 7066/2304 7071/2304
f 7072/2378 7078/2378 7056/2378
f 7079/2379 7073/2379 7056/2379
f 7080/2380 7074/2380 7067/2380
f 7067/2380 7073/2380 7080/2380
f 7081/22 7075/22 7068/22
f 7068/22 7074/22 7081/22
f 2215/59 2061/59 2060/59
f 7069/2381 7075/2381 2061/2381
f 2215/2381 7069/2381 2061/2381
f 2069/2382 7076/2382 7070/2382
f 7070/2382 2067/2382 2069/2382
f 7076/22 7082/22 7077/22
f 7077/22 7071/22 7076/22
f 7077/2310 7083/2310 7078/2310
f 7078/2310 7072/2310 7077/2310
f 7078/2383 7084/2383 7056/2383
f 7085/2384 7079/2384 7056/2384
f 7086/2385 7080/2385 7073/2385
f 7073/2385 7079/2385 7086/2385
f 7087/22 7081/22 7074/22
f 7074/22 7080/22 7087/22
f 2061/2386 7075/2386 7081/2386
f 7081/2386 2063/2386 2061/2386
f 2068/2315 7082/2315 7076/2315
f 7076/2315 2069/2315 2068/2315
f 7082/22 7088/22 7083/22
f 7083/22 7077/22 7082/22
f 7083/2316 7089/2316 7084/2316
f 7084/2316 7078/2316 7083/2316
f 7084/2387 7090/2387 7056/2387
f 7091/2388 7085/2388 7056/2388
f 7092/2389 7086/2389 7079/2389
f 7079/2389 7085/2389 7092/2389
f 7093/32 7087/32 7080/32
f 7080/22 7086/22 7093/22
f 2063/2390 7081/2390 7087/2390
f 7087/2390 2064/2390 2063/2390
f 2065/2321 7088/2321 7082/2321
f 7082/2321 2068/2321 2065/2321
f 7088/22 7094/22 7089/22
f 7089/22 7083/22 7088/22
f 7089/2322 7095/2322 7090/2322
f 7090/2322 7084/2322 7089/2322
f 7090/2391 7096/2391 7056/2391
f 7097/2392 7091/2392 7056/2392
f 7098/2393 7092/2393 7085/2393
f 7085/2393 7091/2393 7098/2393
f 7099/22 7093/22 7086/22
f 7086/22 7092/22 7099/22
f 2064/2394 7087/2394 7093/2394
f 7093/2394 2062/2394 2064/2394
f 1917/59 2065/59 1916/59
f 7094/2395 7088/2395 2065/2395
f 1917/2395 7094/2395 2065/2395
f 7094/22 7100/22 7095/22
f 7095/22 7089/22 7094/22
f 7095/2328 7101/2328 7096/2328
f 7096/2328 7090/2328 7095/2328
f 7096/2396 7102/2396 7056/2396
f 7103/2397 7097/2397 7056/2397
f 7104/2398 7098/2398 7091/2398
f 7091/2398 7097/2398 7104/2398
f 7105/22 7099/22 7092/22
f 7092/22 7098/22 7105/22
f 7099/2399 1912/2399 1911/2399
f 2062/2400 7093/2400 1911/2400
f 7093/2401 7099/2401 1911/2401
f 1918/2402 7100/2402 7094/2402
f 7094/2402 1917/2402 1918/2402
f 7100/22 7106/22 7101/22
f 7101/22 7095/22 7100/22
f 7101/2403 7107/2403 7102/2403
f 7102/2403 7096/2403 7101/2403
f 7102/2404 7108/2404 7056/2404
f 7109/2405 7103/2405 7056/2405
f 7110/2339 7104/2339 7097/2339
f 7097/2339 7103/2339 7110/2339
f 7111/32 7105/32 7098/32
f 7098/22 7104/22 7111/22
f 1912/2406 7099/2406 7105/2406
f 7105/2406 1914/2406 1912/2406
f 1915/2341 7106/2341 7100/2341
f 7100/2341 1918/2341 1915/2341
f 7106/22 7112/22 7107/22
f 7107/22 7101/22 7106/22
f 7107/2407 7113/2407 7108/2407
f 7108/2407 7102/2407 7107/2407
f 7108/2408 7114/2408 7056/2408
f 7115/2409 7109/2409 7056/2409
f 7116/2410 7110/2410 7103/2410
f 7103/2410 7109/2410 7116/2410
f 7117/22 7111/22 7104/22
f 7104/22 7110/22 7117/22
f 1914/2411 7105/2411 7111/2411
f 7111/2411 1913/2411 1914/2411
f 1757/32 1915/32 1754/32
f 7112/2412 7106/2412 1915/2412
f 1757/2412 7112/2412 1915/2412
f 7112/22 7118/22 7113/22
f 7113/22 7107/22 7112/22
f 7113/2348 7119/2348 7114/2348
f 7114/2348 7108/2348 7113/2348
f 7114/2413 7120/2413 7056/2413
f 7120/2414 7115/2414 7056/2414
f 7121/2351 7116/2351 7109/2351
f 7109/2351 7115/2351 7121/2351
f 7122/22 7117/22 7110/22
f 7110/22 7116/22 7122/22
f 1913/22 1756/22 1755/22
f 7111/2415 7117/2415 1756/2415
f 1913/2415 7111/2415 1756/2415
f 1759/2416 7118/2416 7112/2416
f 7112/2416 1757/2416 1759/2416
f 7118/22 7123/22 7119/22
f 7119/22 7113/22 7118/22
f 7119/2417 7124/2417 7120/2417
f 7120/2417 7114/2417 7119/2417
f 7124/2418 7121/2418 7115/2418
f 7115/2418 7120/2418 7124/2418
f 7125/22 7122/22 7116/22
f 7116/22 7121/22 7125/22
f 1756/2356 7117/2356 7122/2356
f 7122/2356 1758/2356 1756/2356
f 1761/2419 7123/2419 7118/2419
f 7118/2419 1759/2419 1761/2419
f 7123/22 7126/22 7124/22
f 7124/22 7119/22 7123/22
f 7126/32 7125/32 7121/32
f 7121/22 7124/22 7126/22
f 1758/2420 7122/2420 7125/2420
f 7125/2420 1760/2420 1758/2420
f 1762/2421 7126/2421 7123/2421
f 7123/2421 1761/2421 1762/2421
f 1760/2422 7125/2422 7126/2422
f 7126/2422 1762/2422 1760/2422
f 2073/18 7127/18 7128/18
f 7128/18 2070/18 2073/18
f 7127/149 2373/149 2549/149
f 2072/7 2219/7 2373/7
f 7127/180 2073/180 2072/180
f 7127/149 2072/149 2373/149
f 7129/9 7128/9 7127/9
f 7127/9 7130/9 7129/9
f 2070/7 1764/7 1920/7
f 1321/7 1457/7 1606/7
f 2070/180 7128/180 1764/180
f 1321/7 1606/7 1764/7
f 7128/149 1323/149 1321/149
f 7128/149 1321/149 1764/149
f 2548/22 7130/22 7127/22
f 7127/22 2549/22 2548/22
f 2074/9 7129/9 7130/9
f 7130/18 2075/18 2074/18
f 1323/22 7128/22 7129/22
f 7129/22 1322/22 1323/22
f 2075/7 2220/7 2076/7
f 2548/16 2374/16 2220/16
f 2075/16 7130/16 2548/16
f 2075/16 2548/16 2220/16
f 1322/16 1458/16 1318/16
f 2074/7 1921/7 1765/7
f 1322/16 1607/16 1458/16
f 2074/7 1765/7 1607/7
f 1322/16 7129/16 2074/16
f 1322/27 2074/27 1607/27
f 7131/2361 7132/2361 7133/2361
f 7134/2362 7131/2362 7133/2362
f 7135/2363 7136/2363 7132/2363
f 7132/2363 7131/2363 7135/2363
f 7132/2364 7137/2364 7133/2364
f 7138/2365 7134/2365 7133/2365
f 7139/2366 7135/2366 7131/2366
f 7131/2366 7134/2366 7139/2366
f 7140/32 7141/32 7136/32
f 7136/22 7135/22 7140/22
f 7136/2291 7142/2291 7137/2291
f 7137/2291 7132/2291 7136/2291
f 7137/2423 7143/2423 7133/2423
f 7144/2368 7138/2368 7133/2368
f 7145/2369 7139/2369 7134/2369
f 7134/2369 7138/2369 7145/2369
f 7146/22 7140/22 7135/22
f 7135/22 7139/22 7146/22
f 1929/2424 7141/2424 7140/2424
f 7140/2424 1931/2424 1929/2424
f 7141/22 7147/22 7142/22
f 7142/22 7136/22 7141/22
f 7142/2425 7148/2425 7143/2425
f 7143/2425 7137/2425 7142/2425
f 7143/2426 7149/2426 7133/2426
f 7150/2427 7144/2427 7133/2427
f 7151/2373 7145/2373 7138/2373
f 7138/2373 7144/2373 7151/2373
f 7152/22 7146/22 7139/22
f 7139/22 7145/22 7152/22
f 1931/2428 7140/2428 7146/2428
f 7146/2428 1927/2428 1931/2428
f 7141/2429 1929/2429 1771/2429
f 1773/2376 7147/2376 1771/2376
f 7147/2430 7141/2430 1771/2430
f 7147/22 7153/22 7148/22
f 7148/22 7142/22 7147/22
f 7148/2431 7154/2431 7149/2431
f 7149/2431 7143/2431 7148/2431
f 7149/2378 7155/2378 7133/2378
f 7156/2432 7150/2432 7133/2432
f 7157/2433 7151/2433 7144/2433
f 7144/2433 7150/2433 7157/2433
f 7158/32 7152/32 7145/32
f 7145/22 7151/22 7158/22
f 1927/59 2077/59 1928/59
f 7146/2381 7152/2381 2077/2381
f 1927/2381 7146/2381 2077/2381
f 1775/2309 7153/2309 7147/2309
f 7147/2309 1773/2309 1775/2309
f 7153/22 7159/22 7154/22
f 7154/22 7148/22 7153/22
f 7154/2310 7160/2310 7155/2310
f 7155/2310 7149/2310 7154/2310
f 7155/2434 7161/2434 7133/2434
f 7162/2435 7156/2435 7133/2435
f 7163/2385 7157/2385 7150/2385
f 7150/2385 7156/2385 7163/2385
f 7164/22 7158/22 7151/22
f 7151/22 7157/22 7164/22
f 2077/59 1924/59 1923/59
f 7152/2436 7158/2436 1924/2436
f 2077/2436 7152/2436 1924/2436
f 1774/2315 7159/2315 7153/2315
f 7153/2315 1775/2315 1774/2315
f 7159/22 7165/22 7160/22
f 7160/22 7154/22 7159/22
f 7160/2437 7166/2437 7161/2437
f 7161/2437 7155/2437 7160/2437
f 7161/2438 7167/2438 7133/2438
f 7168/2439 7162/2439 7133/2439
f 7169/2389 7163/2389 7156/2389
f 7156/2389 7162/2389 7169/2389
f 7170/22 7164/22 7157/22
f 7157/22 7163/22 7170/22
f 1924/2390 7158/2390 7164/2390
f 7164/2390 1926/2390 1924/2390
f 1770/2321 7165/2321 7159/2321
f 7159/2321 1774/2321 1770/2321
f 7165/22 7171/22 7166/22
f 7166/22 7160/22 7165/22
f 7166/2322 7172/2322 7167/2322
f 7167/2322 7161/2322 7166/2322
f 7167/2440 7173/2440 7133/2440
f 7174/2441 7168/2441 7133/2441
f 7175/2393 7169/2393 7162/2393
f 7162/2393 7168/2393 7175/2393
f 7176/22 7170/22 7163/22
f 7163/22 7169/22 7176/22
f 1926/2442 7164/2442 7170/2442
f 7170/2442 1925/2442 1926/2442
f 7165/2443 1770/2443 1611/2443
f 1613/2444 7171/2444 1611/2444
f 7171/2445 7165/2445 1611/2445
f 7171/22 7177/22 7172/22
f 7172/22 7166/22 7171/22
f 7172/2328 7178/2328 7173/2328
f 7173/2328 7167/2328 7172/2328
f 7173/2446 7179/2446 7133/2446
f 7180/2447 7174/2447 7133/2447
f 7181/2398 7175/2398 7168/2398
f 7168/2398 7174/2398 7181/2398
f 7182/22 7176/22 7169/22
f 7169/22 7175/22 7182/22
f 1925/22 1767/22 1766/22
f 7170/2448 7176/2448 1767/2448
f 1925/2448 7170/2448 1767/2448
f 1614/2449 7177/2449 7171/2449
f 7171/2449 1613/2449 1614/2449
f 7177/22 7183/22 7178/22
f 7178/22 7172/22 7177/22
f 7178/2450 7184/2450 7179/2450
f 7179/2450 7173/2450 7178/2450
f 7179/2404 7185/2404 7133/2404
f 7186/2405 7180/2405 7133/2405
f 7187/2451 7181/2451 7174/2451
f 7174/2451 7180/2451 7187/2451
f 7188/22 7182/22 7175/22
f 7175/22 7181/22 7188/22
f 1767/2340 7176/2340 7182/2340
f 7182/2340 1769/2340 1767/2340
f 1610/2452 7183/2452 7177/2452
f 7177/2452 1614/2452 1610/2452
f 7183/32 7189/32 7184/32
f 7184/22 7178/22 7183/22
f 7184/2407 7190/2407 7185/2407
f 7185/2407 7179/2407 7184/2407
f 7185/2453 7191/2453 7133/2453
f 7192/2454 7186/2454 7133/2454
f 7193/2410 7187/2410 7180/2410
f 7180/2410 7186/2410 7193/2410
f 7194/22 7188/22 7181/22
f 7181/22 7187/22 7194/22
f 1769/2455 7182/2455 7188/2455
f 7188/2455 1768/2455 1769/2455
f 7183/2456 1610/2456 1461/2456
f 1460/2457 7189/2457 1461/2457
f 7189/2458 7183/2458 1461/2458
f 7189/22 7195/22 7190/22
f 7190/22 7184/22 7189/22
f 7190/2459 7196/2459 7191/2459
f 7191/2459 7185/2459 7190/2459
f 7191/2460 7197/2460 7133/2460
f 7197/2461 7192/2461 7133/2461
f 7198/2462 7193/2462 7186/2462
f 7186/2462 7192/2462 7198/2462
f 7199/22 7194/22 7187/22
f 7187/22 7193/22 7199/22
f 1768/22 1608/22 1609/22
f 7188/2415 7194/2415 1608/2415
f 1768/2415 7188/2415 1608/2415
f 1464/2463 7195/2463 7189/2463
f 7189/2463 1460/2463 1464/2463
f 7195/22 7200/22 7196/22
f 7196/22 7190/22 7195/22
f 7196/2464 7201/2464 7197/2464
f 7197/2464 7191/2464 7196/2464
f 7201/2465 7198/2465 7192/2465
f 7192/2465 7197/2465 7201/2465
f 7202/22 7199/22 7193/22
f 7193/22 7198/22 7202/22
f 1608/22 1463/22 1462/22
f 7194/2466 7199/2466 1463/2466
f 1608/2466 7194/2466 1463/2466
f 1466/2357 7200/2357 7195/2357
f 7195/2357 1464/2357 1466/2357
f 7200/22 7203/22 7201/22
f 7201/22 7196/22 7200/22
f 7203/22 7202/22 7198/22
f 7198/22 7201/22 7203/22
f 1463/2358 7199/2358 7202/2358
f 7202/2358 1465/2358 1463/2358
f 1467/2421 7203/2421 7200/2421
f 7200/2421 1466/2421 1467/2421
f 1465/2467 7202/2467 7203/2467
f 7203/2467 1467/2467 1465/2467
f 1933/18 7204/18 7205/18
f 7205/18 1934/18 1933/18
f 7204/149 2222/149 2376/149
f 1933/7 1932/7 2079/7
f 7204/149 2079/149 2222/149
f 7204/149 1933/149 2079/149
f 7206/9 7205/9 7204/9
f 7204/9 7207/9 7206/9
f 1207/7 1325/7 1459/7
f 1934/149 7205/149 1772/149
f 1207/7 1459/7 1612/7
f 7205/149 1612/149 1772/149
f 7205/149 1208/149 1207/149
f 7205/149 1207/149 1612/149
f 7207/22 2223/22 2225/22
f 7204/22 2376/22 2223/22
f 7207/22 7204/22 2223/22
f 1776/9 7206/9 7207/9
f 7207/18 1777/18 1776/18
f 1208/7 1100/7 1102/7
f 7205/22 7206/22 1100/22
f 1208/22 7205/22 1100/22
f 1777/7 1935/7 1778/7
f 2225/16 2080/16 1935/16
f 1777/16 7207/16 2225/16
f 1777/16 2225/16 1935/16
f 1100/16 1209/16 1101/16
f 1468/7 1326/7 1209/7
f 1776/7 1615/7 1468/7
f 1100/16 7206/16 1776/16
f 1100/16 1468/16 1209/16
f 1100/27 1776/27 1468/27
f 7208/2468 7209/2468 7210/2468
f 7211/2469 7208/2469 7210/2469
f 7212/2470 7213/2470 7209/2470
f 7209/2470 7208/2470 7212/2470
f 7209/2471 7214/2471 7210/2471
f 7215/2472 7211/2472 7210/2472
f 7216/2473 7212/2473 7208/2473
f 7208/2473 7211/2473 7216/2473
f 7217/32 7218/32 7213/32
f 7213/22 7212/22 7217/22
f 7213/2291 7219/2291 7214/2291
f 7214/2291 7209/2291 7213/2291
f 7214/2474 7220/2474 7210/2474
f 7221/2475 7215/2475 7210/2475
f 7222/2294 7216/2294 7211/2294
f 7211/2294 7215/2294 7222/2294
f 7223/22 7217/22 7212/22
f 7212/22 7216/22 7223/22
f 1624/2424 7218/2424 7217/2424
f 7217/2424 1626/2424 1624/2424
f 7218/22 7224/22 7219/22
f 7219/22 7213/22 7218/22
f 7219/2476 7225/2476 7220/2476
f 7220/2476 7214/2476 7219/2476
f 7220/2477 7226/2477 7210/2477
f 7227/2478 7221/2478 7210/2478
f 7228/2479 7222/2479 7215/2479
f 7215/2479 7221/2479 7228/2479
f 7229/32 7223/32 7216/32
f 7216/32 7222/32 7229/32
f 1626/2480 7217/2480 7223/2480
f 7223/2480 1622/2480 1626/2480
f 1476/64 1624/64 1474/64
f 7224/2303 7218/2303 1624/2303
f 1476/2303 7224/2303 1624/2303
f 7224/22 7230/22 7225/22
f 7225/22 7219/22 7224/22
f 7225/2481 7231/2481 7226/2481
f 7226/2481 7220/2481 7225/2481
f 7226/2482 7232/2482 7210/2482
f 7233/2483 7227/2483 7210/2483
f 7234/2484 7228/2484 7221/2484
f 7221/2484 7227/2484 7234/2484
f 7235/32 7229/32 7222/32
f 7222/22 7228/22 7235/22
f 1622/59 1617/59 1623/59
f 7229/2485 1618/2485 1617/2485
f 1622/2308 7223/2308 7229/2308
f 1622/2486 7229/2486 1617/2486
f 1478/2382 7230/2382 7224/2382
f 7224/2382 1476/2382 1478/2382
f 7230/22 7236/22 7231/22
f 7231/22 7225/22 7230/22
f 7231/2487 7237/2487 7232/2487
f 7232/2487 7226/2487 7231/2487
f 7232/2488 7238/2488 7210/2488
f 7239/2489 7233/2489 7210/2489
f 7240/2490 7234/2490 7227/2490
f 7227/2490 7233/2490 7240/2490
f 7241/32 7235/32 7228/32
f 7228/22 7234/22 7241/22
f 1618/2491 7229/2491 7235/2491
f 7235/2491 1620/2491 1618/2491
f 1477/2315 7236/2315 7230/2315
f 7230/2315 1478/2315 1477/2315
f 7236/22 7242/22 7237/22
f 7237/22 7231/22 7236/22
f 7237/2492 7243/2492 7238/2492
f 7238/2492 7232/2492 7237/2492
f 7238/2493 7244/2493 7210/2493
f 7245/2494 7239/2494 7210/2494
f 7246/2495 7240/2495 7233/2495
f 7233/2495 7239/2495 7246/2495
f 7247/22 7241/22 7234/22
f 7234/22 7240/22 7247/22
f 1620/2496 7235/2496 7241/2496
f 7241/2496 1621/2496 1620/2496
f 1473/2497 7242/2497 7236/2497
f 7236/2497 1477/2497 1473/2497
f 7242/22 7248/22 7243/22
f 7243/22 7237/22 7242/22
f 7243/2498 7249/2498 7244/2498
f 7244/2498 7238/2498 7243/2498
f 7244/2499 7250/2499 7210/2499
f 7251/2500 7245/2500 7210/2500
f 7252/2501 7246/2501 7239/2501
f 7239/2501 7245/2501 7252/2501
f 7253/32 7247/32 7240/32
f 7240/22 7246/22 7253/22
f 1621/2442 7241/2442 7247/2442
f 7247/2442 1619/2442 1621/2442
f 7242/2443 1473/2443 1331/2443
f 1333/2444 7248/2444 1331/2444
f 7248/2445 7242/2445 1331/2445
f 7248/22 7254/22 7249/22
f 7249/22 7243/22 7248/22
f 7249/2502 7255/2502 7250/2502
f 7250/2502 7244/2502 7249/2502
f 7250/2446 7256/2446 7210/2446
f 7257/2503 7251/2503 7210/2503
f 7258/2504 7252/2504 7245/2504
f 7245/2504 7251/2504 7258/2504
f 7259/22 7253/22 7246/22
f 7246/22 7252/22 7259/22
f 1619/22 1470/22 1469/22
f 7247/2505 7253/2505 1470/2505
f 1619/2505 7247/2505 1470/2505
f 1334/2449 7254/2449 7248/2449
f 7248/2449 1333/2449 1334/2449
f 7254/22 7260/22 7255/22
f 7255/22 7249/22 7254/22
f 7255/2450 7261/2450 7256/2450
f 7256/2450 7250/2450 7255/2450
f 7256/2506 7262/2506 7210/2506
f 7263/2507 7257/2507 7210/2507
f 7264/2508 7258/2508 7251/2508
f 7251/2508 7257/2508 7264/2508
f 7265/32 7259/32 7252/32
f 7252/22 7258/22 7265/22
f 1470/2509 7253/2509 7259/2509
f 7259/2509 1472/2509 1470/2509
f 1330/2452 7260/2452 7254/2452
f 7254/2452 1334/2452 1330/2452
f 7260/32 7266/32 7261/32
f 7261/22 7255/22 7260/22
f 7261/2510 7267/2510 7262/2510
f 7262/2510 7256/2510 7261/2510
f 7262/2511 7268/2511 7210/2511
f 7269/2512 7263/2512 7210/2512
f 7270/2345 7264/2345 7257/2345
f 7257/2345 7263/2345 7270/2345
f 7271/22 7265/22 7258/22
f 7258/22 7264/22 7271/22
f 1472/2455 7259/2455 7265/2455
f 7265/2455 1471/2455 1472/2455
f 1211/22 1330/22 1212/22
f 7266/2347 7260/2347 1330/2347
f 1211/2347 7266/2347 1330/2347
f 7266/22 7272/22 7267/22
f 7267/22 7261/22 7266/22
f 7267/2513 7273/2513 7268/2513
f 7268/2513 7262/2513 7267/2513
f 7268/2349 7274/2349 7210/2349
f 7274/2514 7269/2514 7210/2514
f 7275/2351 7270/2351 7263/2351
f 7263/2351 7269/2351 7275/2351
f 7276/22 7271/22 7264/22
f 7264/22 7270/22 7276/22
f 7271/2515 1329/2515 1328/2515
f 1471/2516 7265/2516 1328/2516
f 7265/2517 7271/2517 1328/2517
f 1215/2518 7272/2518 7266/2518
f 7266/2518 1211/2518 1215/2518
f 7272/32 7277/32 7273/32
f 7273/22 7267/22 7272/22
f 7273/2354 7278/2354 7274/2354
f 7274/2354 7268/2354 7273/2354
f 7278/2519 7275/2519 7269/2519
f 7269/2519 7274/2519 7278/2519
f 7279/22 7276/22 7270/22
f 7270/22 7275/22 7279/22
f 1329/2520 7271/2520 7276/2520
f 7276/2520 1327/2520 1329/2520
f 1217/2357 7277/2357 7272/2357
f 7272/2357 1215/2357 1217/2357
f 7277/32 7280/32 7278/32
f 7278/22 7273/22 7277/22
f 7280/32 7279/32 7275/32
f 7275/22 7278/22 7280/22
f 1327/59 1214/59 1213/59
f 7276/2358 7279/2358 1214/2358
f 1327/2358 7276/2358 1214/2358
f 1216/2521 7280/2521 7277/2521
f 7277/2521 1217/2521 1216/2521
f 1214/2467 7279/2467 7280/2467
f 7280/2467 1216/2467 1214/2467
f 1628/18 7281/18 7282/18
f 7282/18 1629/18 1628/18
f 7281/149 1937/149 2082/149
f 1627/7 1780/7 1937/7
f 7281/180 1628/180 1627/180
f 7281/149 1627/149 1937/149
f 7283/9 7282/9 7281/9
f 7281/9 7284/9 7283/9
f 1629/7 1332/7 1475/7
f 1104/7 1210/7 1332/7
f 1007/149 1006/149 1104/149
f 1629/149 7282/149 1007/149
f 1629/7 1104/7 1332/7
f 1629/149 1007/149 1104/149
f 7284/32 1938/32 1940/32
f 7281/22 2082/22 1938/22
f 7284/22 7281/22 1938/22
f 1479/9 7283/9 7284/9
f 7284/9 1480/9 1479/9
f 1007/7 912/7 911/7
f 7282/22 7283/22 912/22
f 1007/22 7282/22 912/22
f 1480/7 1630/7 1481/7
f 1940/16 1781/16 1630/16
f 1480/16 7284/16 1940/16
f 1480/16 1940/16 1630/16
f 912/16 1008/16 909/16
f 1218/7 1105/7 1008/7
f 7283/16 1479/16 1335/16
f 1335/7 1218/7 1008/7
f 912/16 7283/16 1008/16
f 7283/16 1335/16 1008/16
f 7285/2285 7286/2285 7287/2285
f 7288/2362 7285/2362 7287/2362
f 7289/2287 7290/2287 7286/2287
f 7286/2287 7285/2287 7289/2287
f 7286/2522 7291/2522 7287/2522
f 7292/2523 7288/2523 7287/2523
f 7293/2366 7289/2366 7285/2366
f 7285/2366 7288/2366 7293/2366
f 7294/22 7295/22 7290/22
f 7290/22 7289/22 7294/22
f 7290/2524 7296/2524 7291/2524
f 7291/2524 7286/2524 7290/2524
f 7291/2525 7297/2525 7287/2525
f 7298/2526 7292/2526 7287/2526
f 7299/2294 7293/2294 7288/2294
f 7288/2294 7292/2294 7299/2294
f 7300/22 7294/22 7289/22
f 7289/22 7293/22 7300/22
f 1337/2424 7295/2424 7294/2424
f 7294/2424 1338/2424 1337/2424
f 7295/22 7301/22 7296/22
f 7296/22 7290/22 7295/22
f 7296/2476 7302/2476 7297/2476
f 7297/2476 7291/2476 7296/2476
f 7297/2527 7303/2527 7287/2527
f 7304/2478 7298/2478 7287/2478
f 7305/2528 7299/2528 7292/2528
f 7292/2528 7298/2528 7305/2528
f 7306/22 7300/22 7293/22
f 7293/22 7299/22 7306/22
f 1338/2480 7294/2480 7300/2480
f 7300/2480 1336/2480 1338/2480
f 7295/2429 1337/2429 1225/2429
f 1226/2376 7301/2376 1225/2376
f 7301/2430 7295/2430 1225/2430
f 7301/22 7307/22 7302/22
f 7302/22 7296/22 7301/22
f 7302/2529 7308/2529 7303/2529
f 7303/2529 7297/2529 7302/2529
f 7303/2482 7309/2482 7287/2482
f 7310/2530 7304/2530 7287/2530
f 7311/2484 7305/2484 7298/2484
f 7298/2484 7304/2484 7311/2484
f 7312/22 7306/22 7299/22
f 7299/22 7305/22 7312/22
f 7306/2531 1222/2531 1221/2531
f 1336/2532 7300/2532 1221/2532
f 7300/2533 7306/2533 1221/2533
f 7301/2534 1226/2534 1112/2534
f 1114/2535 7307/2535 1112/2535
f 7307/2536 7301/2536 1112/2536
f 7307/22 7313/22 7308/22
f 7308/22 7302/22 7307/22
f 7308/2487 7314/2487 7309/2487
f 7309/2487 7303/2487 7308/2487
f 7309/2488 7315/2488 7287/2488
f 7316/2537 7310/2537 7287/2537
f 7317/2538 7311/2538 7304/2538
f 7304/2538 7310/2538 7317/2538
f 7318/32 7312/32 7305/32
f 7305/22 7311/22 7318/22
f 1222/2491 7306/2491 7312/2491
f 7312/2491 1224/2491 1222/2491
f 1115/2315 7313/2315 7307/2315
f 7307/2315 1114/2315 1115/2315
f 7313/22 7319/22 7314/22
f 7314/22 7308/22 7313/22
f 7314/2492 7320/2492 7315/2492
f 7315/2492 7309/2492 7314/2492
f 7315/2539 7321/2539 7287/2539
f 7322/2540 7316/2540 7287/2540
f 7323/2541 7317/2541 7310/2541
f 7310/2541 7316/2541 7323/2541
f 7324/22 7318/22 7311/22
f 7311/22 7317/22 7324/22
f 1224/2496 7312/2496 7318/2496
f 7318/2496 1223/2496 1224/2496
f 1111/2497 7319/2497 7313/2497
f 7313/2497 1115/2497 1111/2497
f 7319/22 7325/22 7320/22
f 7320/22 7314/22 7319/22
f 7320/2542 7326/2542 7321/2542
f 7321/2542 7315/2542 7320/2542
f 7321/2543 7327/2543 7287/2543
f 7328/2544 7322/2544 7287/2544
f 7329/2545 7323/2545 7316/2545
f 7316/2545 7322/2545 7329/2545
f 7330/32 7324/32 7317/32
f 7317/22 7323/22 7330/22
f 1223/2546 7318/2546 7324/2546
f 7324/2546 1219/2546 1223/2546
f 7319/2547 1111/2547 1018/2547
f 1020/2548 7325/2548 1018/2548
f 7325/2549 7319/2549 1018/2549
f 7325/22 7331/22 7326/22
f 7326/22 7320/22 7325/22
f 7326/2550 7332/2550 7327/2550
f 7327/2550 7321/2550 7326/2550
f 7327/2446 7333/2446 7287/2446
f 7334/2503 7328/2503 7287/2503
f 7335/2551 7329/2551 7322/2551
f 7322/2551 7328/2551 7335/2551
f 7336/22 7330/22 7323/22
f 7323/22 7329/22 7336/22
f 7330/2399 1109/2399 1108/2399
f 1219/2333 7324/2333 1108/2333
f 7324/2552 7330/2552 1108/2552
f 1021/2449 7331/2449 7325/2449
f 7325/2449 1020/2449 1021/2449
f 7331/22 7337/22 7332/22
f 7332/22 7326/22 7331/22
f 7332/2450 7338/2450 7333/2450
f 7333/2450 7327/2450 7332/2450
f 7333/2337 7339/2337 7287/2337
f 7340/2553 7334/2553 7287/2553
f 7341/2508 7335/2508 7328/2508
f 7328/2508 7334/2508 7341/2508
f 7342/22 7336/22 7329/22
f 7329/22 7335/22 7342/22
f 1109/2509 7330/2509 7336/2509
f 7336/2509 1110/2509 1109/2509
f 1017/2554 7337/2554 7331/2554
f 7331/2554 1021/2554 1017/2554
f 7337/32 7343/32 7338/32
f 7338/22 7332/22 7337/22
f 7338/2342 7344/2342 7339/2342
f 7339/2342 7333/2342 7338/2342
f 7339/2343 7345/2343 7287/2343
f 7346/2555 7340/2555 7287/2555
f 7347/2556 7341/2556 7334/2556
f 7334/2556 7340/2556 7347/2556
f 7348/22 7342/22 7335/22
f 7335/22 7341/22 7348/22
f 1110/2557 7336/2557 7342/2557
f 7342/2557 1106/2557 1110/2557
f 7337/2558 1017/2558 916/2558
f 915/2559 7343/2559 916/2559
f 7343/2560 7337/2560 916/2560
f 7343/22 7349/22 7344/22
f 7344/22 7338/22 7343/22
f 7344/2348 7350/2348 7345/2348
f 7345/2348 7339/2348 7344/2348
f 7345/2349 7351/2349 7287/2349
f 7351/2461 7346/2461 7287/2461
f 7352/2351 7347/2351 7340/2351
f 7340/2351 7346/2351 7352/2351
f 7353/22 7348/22 7341/22
f 7341/22 7347/22 7353/22
f 7348/2561 1012/2561 1011/2561
f 1106/2562 7342/2562 1011/2562
f 7342/2563 7348/2563 1011/2563
f 7343/2564 915/2564 917/2564
f 1009/2565 7349/2565 917/2565
f 7349/2566 7343/2566 917/2566
f 7349/22 7354/22 7350/22
f 7350/32 7344/32 7349/32
f 7350/2354 7355/2354 7351/2354
f 7351/2354 7345/2354 7350/2354
f 7355/2465 7352/2465 7346/2465
f 7346/2465 7351/2465 7355/2465
f 7356/22 7353/22 7347/22
f 7347/22 7352/22 7356/22
f 1012/2520 7348/2520 7353/2520
f 7353/2520 1014/2520 1012/2520
f 1013/2567 7354/2567 7349/2567
f 7349/2567 1009/2567 1013/2567
f 7354/22 7357/22 7355/22
f 7355/22 7350/22 7354/22
f 7357/22 7356/22 7352/22
f 7352/22 7355/22 7357/22
f 1014/2358 7353/2358 7356/2358
f 7356/2358 1016/2358 1014/2358
f 1015/2568 7357/2568 7354/2568
f 7354/2568 1013/2568 1015/2568
f 1016/2467 7356/2467 7357/2467
f 7357/2467 1015/2467 1016/2467
f 1230/18 7358/18 7359/18
f 7359/18 1227/18 1230/18
f 7358/149 1484/149 1633/149
f 1229/7 1341/7 1484/7
f 7358/180 1230/180 1229/180
f 7358/149 1229/149 1484/149
f 7360/9 7359/9 7358/9
f 7358/9 7361/9 7360/9
f 1227/7 1019/7 1116/7
f 827/7 914/7 1019/7
f 736/149 735/149 827/149
f 1227/149 7359/149 736/149
f 1227/7 827/7 1019/7
f 1227/149 736/149 827/149
f 7361/22 1487/22 1486/22
f 7358/22 1633/22 1487/22
f 7361/22 7358/22 1487/22
f 1118/9 7360/9 7361/9
f 7361/9 1119/9 1118/9
f 736/7 648/7 647/7
f 7359/22 7360/22 648/22
f 736/22 7359/22 648/22
f 1119/7 1231/7 1117/7
f 1486/16 1342/16 1231/16
f 1119/16 7361/16 1486/16
f 1119/16 1486/16 1231/16
f 648/16 737/16 645/16
f 918/7 829/7 737/7
f 1118/7 1028/7 918/7
f 648/16 7360/16 1118/16
f 648/16 918/16 737/16
f 648/27 1118/27 918/27
f 7362/2468 7363/2468 7364/2468
f 7365/2362 7362/2362 7364/2362
f 7366/2470 7367/2470 7363/2470
f 7363/2470 7362/2470 7366/2470
f 7363/2569 7368/2569 7364/2569
f 7369/2523 7365/2523 7364/2523
f 7370/2366 7366/2366 7362/2366
f 7362/2366 7365/2366 7370/2366
f 7371/32 7372/32 7367/32
f 7367/22 7366/22 7371/22
f 7367/2570 7373/2570 7368/2570
f 7368/2570 7363/2570 7367/2570
f 7368/2525 7374/2525 7364/2525
f 7375/2526 7369/2526 7364/2526
f 7376/2294 7370/2294 7365/2294
f 7365/2294 7369/2294 7376/2294
f 7377/22 7371/22 7366/22
f 7366/22 7370/22 7377/22
f 1034/2424 7372/2424 7371/2424
f 7371/2424 1036/2424 1034/2424
f 7372/32 7378/32 7373/32
f 7373/22 7367/22 7372/22
f 7373/2476 7379/2476 7374/2476
f 7374/2476 7368/2476 7373/2476
f 7374/2527 7380/2527 7364/2527
f 7381/2478 7375/2478 7364/2478
f 7382/2528 7376/2528 7369/2528
f 7369/2528 7375/2528 7382/2528
f 7383/22 7377/22 7370/22
f 7370/22 7376/22 7383/22
f 1036/2480 7371/2480 7377/2480
f 7377/2480 1035/2480 1036/2480
f 7372/2375 1034/2375 924/2375
f 923/2571 7378/2571 924/2571
f 7378/2572 7372/2572 924/2572
f 7378/22 7384/22 7379/22
f 7379/22 7373/22 7378/22
f 7379/2529 7385/2529 7380/2529
f 7380/2529 7374/2529 7379/2529
f 7380/2482 7386/2482 7364/2482
f 7387/2530 7381/2530 7364/2530
f 7388/2484 7382/2484 7375/2484
f 7375/2484 7381/2484 7388/2484
f 7389/22 7383/22 7376/22
f 7376/22 7382/22 7389/22
f 1024/59 1023/59 1033/59
f 1035/2532 7377/2532 1033/2532
f 7377/2308 7383/2308 1024/2308
f 7377/2573 1024/2573 1033/2573
f 926/2382 7384/2382 7378/2382
f 7378/2382 923/2382 926/2382
f 7384/22 7390/22 7385/22
f 7385/22 7379/22 7384/22
f 7385/2487 7391/2487 7386/2487
f 7386/2487 7380/2487 7385/2487
f 7386/2488 7392/2488 7364/2488
f 7393/2537 7387/2537 7364/2537
f 7394/2538 7388/2538 7381/2538
f 7381/2538 7387/2538 7394/2538
f 7395/32 7389/32 7382/32
f 7382/22 7388/22 7395/22
f 1024/2491 7383/2491 7389/2491
f 7389/2491 1026/2491 1024/2491
f 928/2315 7390/2315 7384/2315
f 7384/2315 926/2315 928/2315
f 7390/22 7396/22 7391/22
f 7391/22 7385/22 7390/22
f 7391/2492 7397/2492 7392/2492
f 7392/2492 7386/2492 7391/2492
f 7392/2539 7398/2539 7364/2539
f 7399/2540 7393/2540 7364/2540
f 7400/2541 7394/2541 7387/2541
f 7387/2541 7393/2541 7400/2541
f 7401/22 7395/22 7388/22
f 7388/22 7394/22 7401/22
f 1026/2496 7389/2496 7395/2496
f 7395/2496 1027/2496 1026/2496
f 927/2497 7396/2497 7390/2497
f 7390/2497 928/2497 927/2497
f 7396/22 7402/22 7397/22
f 7397/22 7391/22 7396/22
f 7397/2542 7403/2542 7398/2542
f 7398/2542 7392/2542 7397/2542
f 7398/2543 7404/2543 7364/2543
f 7405/2544 7399/2544 7364/2544
f 7406/2545 7400/2545 7393/2545
f 7393/2545 7399/2545 7406/2545
f 7407/22 7401/22 7394/22
f 7394/22 7400/22 7407/22
f 1027/2574 7395/2574 7401/2574
f 7401/2574 1025/2574 1027/2574
f 835/22 927/22 832/22
f 7402/2575 7396/2575 927/2575
f 835/2575 7402/2575 927/2575
f 7402/22 7408/22 7403/22
f 7403/22 7397/22 7402/22
f 7403/2550 7409/2550 7404/2550
f 7404/2550 7398/2550 7403/2550
f 7404/2446 7410/2446 7364/2446
f 7411/2503 7405/2503 7364/2503
f 7412/2551 7406/2551 7399/2551
f 7399/2551 7405/2551 7412/2551
f 7413/22 7407/22 7400/22
f 7400/22 7406/22 7413/22
f 7407/2576 920/2576 919/2576
f 1025/2577 7401/2577 919/2577
f 7401/2578 7407/2578 919/2578
f 836/2449 7408/2449 7402/2449
f 7402/2449 835/2449 836/2449
f 7408/22 7414/22 7409/22
f 7409/22 7403/22 7408/22
f 7409/2450 7415/2450 7410/2450
f 7410/2450 7404/2450 7409/2450
f 7410/2506 7416/2506 7364/2506
f 7417/2553 7411/2553 7364/2553
f 7418/2508 7412/2508 7405/2508
f 7405/2508 7411/2508 7418/2508
f 7419/32 7413/32 7406/32
f 7406/22 7412/22 7419/22
f 920/2509 7407/2509 7413/2509
f 7413/2509 922/2509 920/2509
f 834/2554 7414/2554 7408/2554
f 7408/2554 836/2554 834/2554
f 7414/32 7420/32 7415/32
f 7415/22 7409/22 7414/22
f 7415/2510 7421/2510 7416/2510
f 7416/2510 7410/2510 7415/2510
f 7416/2579 7422/2579 7364/2579
f 7423/2555 7417/2555 7364/2555
f 7424/2556 7418/2556 7411/2556
f 7411/2556 7417/2556 7424/2556
f 7425/22 7419/22 7412/22
f 7412/22 7418/22 7425/22
f 922/2580 7413/2580 7419/2580
f 7419/2580 921/2580 922/2580
f 742/22 834/22 738/22
f 7420/2581 7414/2581 834/2581
f 742/2581 7420/2581 834/2581
f 7420/22 7426/22 7421/22
f 7421/22 7415/22 7420/22
f 7421/2348 7427/2348 7422/2348
f 7422/2348 7416/2348 7421/2348
f 7422/2582 7428/2582 7364/2582
f 7428/2461 7423/2461 7364/2461
f 7429/2351 7424/2351 7417/2351
f 7417/2351 7423/2351 7429/2351
f 7430/22 7425/22 7418/22
f 7418/22 7424/22 7430/22
f 7425/2583 831/2583 830/2583
f 921/2584 7419/2584 830/2584
f 7419/2585 7425/2585 830/2585
f 744/2518 7426/2518 7420/2518
f 7420/2518 742/2518 744/2518
f 7426/22 7431/22 7427/22
f 7427/22 7421/22 7426/22
f 7427/2586 7432/2586 7428/2586
f 7428/2586 7422/2586 7427/2586
f 7432/2465 7429/2465 7423/2465
f 7423/2465 7428/2465 7432/2465
f 7433/22 7430/22 7424/22
f 7424/22 7429/22 7433/22
f 831/2520 7425/2520 7430/2520
f 7430/2520 828/2520 831/2520
f 745/2567 7431/2567 7426/2567
f 7426/2567 744/2567 745/2567
f 7431/22 7434/22 7432/22
f 7432/22 7427/22 7431/22
f 7434/22 7433/22 7429/22
f 7429/22 7432/22 7434/22
f 828/64 741/64 740/64
f 7430/2358 7433/2358 741/2358
f 828/2358 7430/2358 741/2358
f 743/2568 7434/2568 7431/2568
f 7431/2568 745/2568 743/2568
f 741/2467 7433/2467 7434/2467
f 7434/2467 743/2467 741/2467
f 1029/18 7435/18 7436/18
f 7436/18 1030/18 1029/18
f 7435/149 1233/149 1344/149
f 1032/7 1121/7 1233/7
f 7435/180 1029/180 1032/180
f 7435/149 1032/149 1233/149
f 7437/9 7436/9 7435/9
f 7435/9 7438/9 7437/9
f 1030/7 833/7 925/7
f 650/7 739/7 833/7
f 552/149 554/149 650/149
f 1030/149 7436/149 552/149
f 1030/7 650/7 833/7
f 1030/149 552/149 650/149
f 7438/32 1236/32 1235/32
f 7435/22 1344/22 1236/22
f 7438/22 7435/22 1236/22
f 930/9 7437/9 7438/9
f 7438/18 931/18 930/18
f 552/7 468/7 467/7
f 7436/22 7437/22 468/22
f 552/22 7436/22 468/22
f 931/7 1037/7 929/7
f 1235/16 1122/16 1037/16
f 931/16 7438/16 1235/16
f 931/16 1235/16 1037/16
f 468/16 556/16 465/16
f 746/7 651/7 556/7
f 930/7 837/7 746/7
f 468/16 7437/16 930/16
f 468/16 746/16 556/16
f 468/27 930/27 746/27
f 7439/2285 7440/2285 7441/2285
f 7442/2362 7439/2362 7441/2362
f 7443/2287 7444/2287 7440/2287
f 7440/2287 7439/2287 7443/2287
f 7440/2522 7445/2522 7441/2522
f 7446/2523 7442/2523 7441/2523
f 7447/2366 7443/2366 7439/2366
f 7439/2366 7442/2366 7447/2366
f 7448/22 7449/22 7444/22
f 7444/22 7443/22 7448/22
f 7444/2524 7450/2524 7445/2524
f 7445/2524 7440/2524 7444/2524
f 7445/2587 7451/2587 7441/2587
f 7452/2588 7446/2588 7441/2588
f 7453/2294 7447/2294 7442/2294
f 7442/2294 7446/2294 7453/2294
f 7454/22 7448/22 7443/22
f 7443/22 7447/22 7454/22
f 839/2424 7449/2424 7448/2424
f 7448/2424 841/2424 839/2424
f 7449/22 7455/22 7450/22
f 7450/22 7444/22 7449/22
f 7450/2296 7456/2296 7451/2296
f 7451/2296 7445/2296 7450/2296
f 7451/2589 7457/2589 7441/2589
f 7458/2427 7452/2427 7441/2427
f 7459/2479 7453/2479 7446/2479
f 7446/2479 7452/2479 7459/2479
f 7460/22 7454/22 7447/22
f 7447/22 7453/22 7460/22
f 841/2480 7448/2480 7454/2480
f 7454/2480 840/2480 841/2480
f 7449/2429 839/2429 753/2429
f 754/2376 7455/2376 753/2376
f 7455/2430 7449/2430 753/2430
f 7455/22 7461/22 7456/22
f 7456/22 7450/22 7455/22
f 7456/2590 7462/2590 7457/2590
f 7457/2590 7451/2590 7456/2590
f 7457/2591 7463/2591 7441/2591
f 7464/2592 7458/2592 7441/2592
f 7465/2433 7459/2433 7452/2433
f 7452/2433 7458/2433 7465/2433
f 7466/22 7460/22 7453/22
f 7453/22 7459/22 7466/22
f 7460/2531 749/2531 748/2531
f 840/2532 7454/2532 748/2532
f 7454/2533 7460/2533 748/2533
f 659/59 754/59 660/59
f 7461/2593 7455/2593 754/2593
f 659/2593 7461/2593 754/2593
f 7461/22 7467/22 7462/22
f 7462/22 7456/22 7461/22
f 7462/2594 7468/2594 7463/2594
f 7463/2594 7457/2594 7462/2594
f 7463/2595 7469/2595 7441/2595
f 7470/2596 7464/2596 7441/2596
f 7471/2597 7465/2597 7458/2597
f 7458/2597 7464/2597 7471/2597
f 7472/32 7466/32 7459/32
f 7459/22 7465/22 7472/22
f 749/2436 7460/2436 7466/2436
f 7466/2436 751/2436 749/2436
f 662/2315 7467/2315 7461/2315
f 7461/2315 659/2315 662/2315
f 7467/22 7473/22 7468/22
f 7468/22 7462/22 7467/22
f 7468/2598 7474/2598 7469/2598
f 7469/2598 7463/2598 7468/2598
f 7469/2599 7475/2599 7441/2599
f 7476/2600 7470/2600 7441/2600
f 7477/2601 7471/2601 7464/2601
f 7464/2601 7470/2601 7477/2601
f 7478/22 7472/22 7465/22
f 7465/22 7471/22 7478/22
f 751/2496 7466/2496 7472/2496
f 7472/2496 752/2496 751/2496
f 661/2497 7473/2497 7467/2497
f 7467/2497 662/2497 661/2497
f 7473/22 7479/22 7474/22
f 7474/22 7468/22 7473/22
f 7474/2602 7480/2602 7475/2602
f 7475/2602 7469/2602 7474/2602
f 7475/2603 7481/2603 7441/2603
f 7482/2604 7476/2604 7441/2604
f 7483/2605 7477/2605 7470/2605
f 7470/2605 7476/2605 7483/2605
f 7484/22 7478/22 7471/22
f 7471/22 7477/22 7484/22
f 752/2442 7472/2442 7478/2442
f 7478/2442 750/2442 752/2442
f 7473/2606 661/2606 565/2606
f 568/2607 7479/2607 565/2607
f 7479/2608 7473/2608 565/2608
f 7479/22 7485/22 7480/22
f 7480/22 7474/22 7479/22
f 7480/2609 7486/2609 7481/2609
f 7481/2609 7475/2609 7480/2609
f 7481/2446 7487/2446 7441/2446
f 7488/2447 7482/2447 7441/2447
f 7489/2610 7483/2610 7476/2610
f 7476/2610 7482/2610 7489/2610
f 7490/22 7484/22 7477/22
f 7477/22 7483/22 7490/22
f 7484/2399 654/2399 653/2399
f 750/2333 7478/2333 653/2333
f 7478/2552 7484/2552 653/2552
f 569/2449 7485/2449 7479/2449
f 7479/2449 568/2449 569/2449
f 7485/22 7491/22 7486/22
f 7486/22 7480/22 7485/22
f 7486/2450 7492/2450 7487/2450
f 7487/2450 7481/2450 7486/2450
f 7487/2337 7493/2337 7441/2337
f 7494/2611 7488/2611 7441/2611
f 7495/2451 7489/2451 7482/2451
f 7482/2451 7488/2451 7495/2451
f 7496/22 7490/22 7483/22
f 7483/22 7489/22 7496/22
f 654/2509 7484/2509 7490/2509
f 7490/2509 656/2509 654/2509
f 567/2612 7491/2612 7485/2612
f 7485/2612 569/2612 567/2612
f 7491/32 7497/32 7492/32
f 7492/22 7486/22 7491/22
f 7492/2342 7498/2342 7493/2342
f 7493/2342 7487/2342 7492/2342
f 7493/2343 7499/2343 7441/2343
f 7500/2555 7494/2555 7441/2555
f 7501/2345 7495/2345 7488/2345
f 7488/2345 7494/2345 7501/2345
f 7502/22 7496/22 7489/22
f 7489/22 7495/22 7502/22
f 656/2455 7490/2455 7496/2455
f 7496/2455 655/2455 656/2455
f 7491/2613 567/2613 470/2613
f 473/2457 7497/2457 470/2457
f 7497/2614 7491/2614 470/2614
f 7497/22 7503/22 7498/22
f 7498/22 7492/22 7497/22
f 7498/2348 7504/2348 7499/2348
f 7499/2348 7493/2348 7498/2348
f 7499/2349 7505/2349 7441/2349
f 7505/2461 7500/2461 7441/2461
f 7506/2351 7501/2351 7494/2351
f 7494/2351 7500/2351 7506/2351
f 7507/22 7502/22 7495/22
f 7495/22 7501/22 7507/22
f 7502/2615 560/2615 559/2615
f 655/2616 7496/2616 559/2616
f 7496/2617 7502/2617 559/2617
f 7497/2618 473/2618 472/2618
f 557/2619 7503/2619 472/2619
f 7503/2620 7497/2620 472/2620
f 7503/22 7508/22 7504/22
f 7504/22 7498/22 7503/22
f 7504/2354 7509/2354 7505/2354
f 7505/2354 7499/2354 7504/2354
f 7509/2465 7506/2465 7500/2465
f 7500/2465 7505/2465 7509/2465
f 7510/22 7507/22 7501/22
f 7501/22 7506/22 7510/22
f 560/2466 7502/2466 7507/2466
f 7507/2466 562/2466 560/2466
f 561/2357 7508/2357 7503/2357
f 7503/2357 557/2357 561/2357
f 7508/22 7511/22 7509/22
f 7509/22 7504/22 7508/22
f 7511/22 7510/22 7506/22
f 7506/22 7509/22 7511/22
f 562/2358 7507/2358 7510/2358
f 7510/2358 564/2358 562/2358
f 563/2568 7511/2568 7508/2568
f 7508/2568 561/2568 563/2568
f 564/2467 7510/2467 7511/2467
f 7511/2467 563/2467 564/2467
f 755/18 7512/18 7513/18
f 7513/18 756/18 755/18
f 7512/149 934/149 1040/149
f 758/7 843/7 934/7
f 7512/180 755/180 758/180
f 7512/149 758/149 934/149
f 7514/9 7513/9 7512/9
f 7512/9 7515/9 7514/9
f 471/7 566/7 658/7
f 756/149 7513/149 658/149
f 7513/149 267/149 269/149
f 269/7 357/7 471/7
f 7513/149 471/149 658/149
f 7513/149 269/149 471/149
f 7515/22 937/22 936/22
f 7512/22 1040/22 937/22
f 7515/22 7512/22 937/22
f 664/9 7514/9 7515/9
f 7515/18 665/18 664/18
f 267/7 179/7 178/7
f 7513/22 7514/22 179/22
f 267/22 7513/22 179/22
f 665/7 759/7 663/7
f 936/16 844/16 759/16
f 665/16 7515/16 936/16
f 665/16 936/16 759/16
f 179/16 271/16 176/16
f 474/7 359/7 271/7
f 664/7 570/7 474/7
f 179/16 7514/16 664/16
f 179/16 474/16 271/16
f 179/27 664/27 474/27
f 7516/2621 7517/2621 7518/2621
f 7519/2362 7516/2362 7518/2362
f 7520/2622 7521/2622 7517/2622
f 7517/2622 7516/2622 7520/2622
f 7517/2623 7522/2623 7518/2623
f 7523/2523 7519/2523 7518/2523
f 7524/2366 7520/2366 7516/2366
f 7516/2366 7519/2366 7524/2366
f 7525/22 7526/22 7521/22
f 7521/22 7520/22 7525/22
f 7521/2291 7527/2291 7522/2291
f 7522/2291 7517/2291 7521/2291
f 7522/2624 7528/2624 7518/2624
f 7529/2625 7523/2625 7518/2625
f 7530/2294 7524/2294 7519/2294
f 7519/2294 7523/2294 7530/2294
f 7531/22 7525/22 7520/22
f 7520/22 7524/22 7531/22
f 666/2626 7526/2626 7525/2626
f 7525/2626 668/2626 666/2626
f 7526/22 7532/22 7527/22
f 7527/22 7521/22 7526/22
f 7527/2296 7533/2296 7528/2296
f 7528/2296 7522/2296 7527/2296
f 7528/2627 7534/2627 7518/2627
f 7535/2628 7529/2628 7518/2628
f 7536/2629 7530/2629 7523/2629
f 7523/2629 7529/2629 7536/2629
f 7537/22 7531/22 7524/22
f 7524/22 7530/22 7537/22
f 668/2630 7525/2630 7531/2630
f 7531/2630 667/2630 668/2630
f 578/59 666/59 577/59
f 7532/2631 7526/2631 666/2631
f 578/2631 7532/2631 666/2631
f 7532/32 7538/32 7533/32
f 7533/22 7527/22 7532/22
f 7533/2481 7539/2481 7534/2481
f 7534/2481 7528/2481 7533/2481
f 7534/2632 7540/2632 7518/2632
f 7541/2633 7535/2633 7518/2633
f 7542/2433 7536/2433 7529/2433
f 7529/2433 7535/2433 7542/2433
f 7543/22 7537/22 7530/22
f 7530/22 7536/22 7543/22
f 667/64 572/64 571/64
f 7531/2634 7537/2634 572/2634
f 667/2634 7531/2634 572/2634
f 576/2382 7538/2382 7532/2382
f 7532/2382 578/2382 576/2382
f 7538/22 7544/22 7539/22
f 7539/22 7533/22 7538/22
f 7539/2635 7545/2635 7540/2635
f 7540/2635 7534/2635 7539/2635
f 7540/2636 7546/2636 7518/2636
f 7547/2637 7541/2637 7518/2637
f 7548/2597 7542/2597 7535/2597
f 7535/2597 7541/2597 7548/2597
f 7549/22 7543/22 7536/22
f 7536/22 7542/22 7549/22
f 572/2436 7537/2436 7543/2436
f 7543/2436 574/2436 572/2436
f 481/22 576/22 482/22
f 7544/2315 7538/2315 576/2315
f 481/2315 7544/2315 576/2315
f 7544/22 7550/22 7545/22
f 7545/22 7539/22 7544/22
f 7545/2638 7551/2638 7546/2638
f 7546/2638 7540/2638 7545/2638
f 7546/2639 7552/2639 7518/2639
f 7553/2640 7547/2640 7518/2640
f 7554/2641 7548/2641 7541/2641
f 7541/2641 7547/2641 7554/2641
f 7555/22 7549/22 7542/22
f 7542/22 7548/22 7555/22
f 574/2496 7543/2496 7549/2496
f 7549/2496 575/2496 574/2496
f 483/2497 7550/2497 7544/2497
f 7544/2497 481/2497 483/2497
f 7550/22 7556/22 7551/22
f 7551/22 7545/22 7550/22
f 7551/2498 7557/2498 7552/2498
f 7552/2498 7546/2498 7551/2498
f 7552/2642 7558/2642 7518/2642
f 7559/2643 7553/2643 7518/2643
f 7560/2644 7554/2644 7547/2644
f 7547/2644 7553/2644 7560/2644
f 7561/22 7555/22 7548/22
f 7548/22 7554/22 7561/22
f 575/2442 7549/2442 7555/2442
f 7555/2442 573/2442 575/2442
f 7550/2443 483/2443 368/2443
f 372/2444 7556/2444 368/2444
f 7556/2445 7550/2445 368/2445
f 7556/22 7562/22 7557/22
f 7557/22 7551/22 7556/22
f 7557/2645 7563/2645 7558/2645
f 7558/2645 7552/2645 7557/2645
f 7558/2646 7564/2646 7518/2646
f 7565/2647 7559/2647 7518/2647
f 7566/2610 7560/2610 7553/2610
f 7553/2610 7559/2610 7566/2610
f 7567/22 7561/22 7554/22
f 7554/22 7560/22 7567/22
f 7561/2399 476/2399 475/2399
f 573/2333 7555/2333 475/2333
f 7555/2552 7561/2552 475/2552
f 373/2449 7562/2449 7556/2449
f 7556/2449 372/2449 373/2449
f 7562/22 7568/22 7563/22
f 7563/22 7557/22 7562/22
f 7563/2450 7569/2450 7564/2450
f 7564/2450 7558/2450 7563/2450
f 7564/2648 7570/2648 7518/2648
f 7571/2649 7565/2649 7518/2649
f 7572/2451 7566/2451 7559/2451
f 7559/2451 7565/2451 7572/2451
f 7573/22 7567/22 7560/22
f 7560/22 7566/22 7573/22
f 476/2509 7561/2509 7567/2509
f 7567/2509 478/2509 476/2509
f 371/2452 7568/2452 7562/2452
f 7562/2452 373/2452 371/2452
f 7568/22 7574/22 7569/22
f 7569/22 7563/22 7568/22
f 7569/2342 7575/2342 7570/2342
f 7570/2342 7564/2342 7569/2342
f 7570/2650 7576/2650 7518/2650
f 7577/2555 7571/2555 7518/2555
f 7578/2651 7572/2651 7565/2651
f 7565/2651 7571/2651 7578/2651
f 7579/22 7573/22 7566/22
f 7566/22 7572/22 7579/22
f 478/2455 7567/2455 7573/2455
f 7573/2455 477/2455 478/2455
f 371/59 370/59 358/59
f 362/2652 7574/2652 358/2652
f 7574/2347 7568/2347 371/2347
f 7574/2653 371/2653 358/2653
f 7574/22 7580/22 7575/22
f 7575/22 7569/22 7574/22
f 7575/2654 7581/2654 7576/2654
f 7576/2654 7570/2654 7575/2654
f 7576/2349 7582/2349 7518/2349
f 7582/2461 7577/2461 7518/2461
f 7583/2351 7578/2351 7571/2351
f 7571/2351 7577/2351 7583/2351
f 7584/22 7579/22 7572/22
f 7572/22 7578/22 7584/22
f 477/22 361/22 360/22
f 7573/2352 7579/2352 361/2352
f 477/2352 7573/2352 361/2352
f 364/2655 7580/2655 7574/2655
f 7574/2655 362/2655 364/2655
f 7580/22 7585/22 7581/22
f 7581/22 7575/22 7580/22
f 7581/2354 7586/2354 7582/2354
f 7582/2354 7576/2354 7581/2354
f 7586/2465 7583/2465 7577/2465
f 7577/2465 7582/2465 7586/2465
f 7587/22 7584/22 7578/22
f 7578/22 7583/22 7587/22
f 361/2466 7579/2466 7584/2466
f 7584/2466 363/2466 361/2466
f 366/2656 7585/2656 7580/2656
f 7580/2656 364/2656 366/2656
f 7585/22 7588/22 7586/22
f 7586/22 7581/22 7585/22
f 7588/22 7587/22 7583/22
f 7583/22 7586/22 7588/22
f 363/2657 7584/2657 7587/2657
f 7587/2657 365/2657 363/2657
f 367/2359 7588/2359 7585/2359
f 7585/2359 366/2359 367/2359
f 365/2658 7587/2658 7588/2658
f 7588/2658 367/2658 365/2658
f 579/9 7589/9 7590/9
f 7590/18 580/18 579/18
f 7589/149 761/149 845/149
f 582/7 670/7 761/7
f 7589/180 579/180 582/180
f 7589/149 582/149 761/149
f 7591/9 7590/9 7589/9
f 7589/9 7592/9 7591/9
f 273/7 369/7 480/7
f 580/149 7590/149 480/149
f 7590/149 112/149 111/149
f 111/7 181/7 273/7
f 7590/149 273/149 480/149
f 7590/149 111/149 273/149
f 847/22 7592/22 7589/22
f 7589/22 845/22 847/22
f 584/9 7591/9 7592/9
f 7592/9 585/9 584/9
f 112/22 7590/22 7591/22
f 7591/22 113/22 112/22
f 585/7 671/7 583/7
f 847/16 762/16 671/16
f 585/16 7592/16 847/16
f 585/16 847/16 671/16
f 113/16 182/16 109/16
f 374/7 274/7 182/7
f 7591/16 584/16 484/16
f 113/16 374/16 182/16
f 7591/16 484/16 374/16
f 113/16 7591/16 374/16
f 7593/2621 7594/2621 7595/2621
f 7596/2659 7593/2659 7595/2659
f 7597/2622 7598/2622 7594/2622
f 7594/2622 7593/2622 7597/2622
f 7594/2623 7599/2623 7595/2623
f 7600/2660 7596/2660 7595/2660
f 7601/2661 7597/2661 7593/2661
f 7593/2661 7596/2661 7601/2661
f 7602/22 7603/22 7598/22
f 7598/22 7597/22 7602/22
f 7598/2291 7604/2291 7599/2291
f 7599/2291 7594/2291 7598/2291
f 7599/2624 7605/2624 7595/2624
f 7606/2662 7600/2662 7595/2662
f 7607/2294 7601/2294 7596/2294
f 7596/2294 7600/2294 7607/2294
f 7608/22 7602/22 7597/22
f 7597/32 7601/32 7608/32
f 489/2626 7603/2626 7602/2626
f 7602/2626 491/2626 489/2626
f 7603/22 7609/22 7604/22
f 7604/22 7598/22 7603/22
f 7604/2296 7610/2296 7605/2296
f 7605/2296 7599/2296 7604/2296
f 7605/2627 7611/2627 7595/2627
f 7612/2628 7606/2628 7595/2628
f 7613/2479 7607/2479 7600/2479
f 7600/2479 7606/2479 7613/2479
f 7614/22 7608/22 7601/22
f 7601/22 7607/22 7614/22
f 491/2630 7602/2630 7608/2630
f 7608/2630 490/2630 491/2630
f 7603/2663 489/2663 382/2663
f 381/2664 7609/2664 382/2664
f 7609/2665 7603/2665 382/2665
f 7609/22 7615/22 7610/22
f 7610/22 7604/22 7609/22
f 7610/2481 7616/2481 7611/2481
f 7611/2481 7605/2481 7610/2481
f 7611/2632 7617/2632 7595/2632
f 7618/2633 7612/2633 7595/2633
f 7619/2433 7613/2433 7606/2433
f 7606/2433 7612/2433 7619/2433
f 7620/22 7614/22 7607/22
f 7607/22 7613/22 7620/22
f 7614/2666 377/2666 376/2666
f 490/2667 7608/2667 376/2667
f 7608/2668 7614/2668 376/2668
f 384/2593 7615/2593 7609/2593
f 7609/2593 381/2593 384/2593
f 7615/22 7621/22 7616/22
f 7616/22 7610/22 7615/22
f 7616/2635 7622/2635 7617/2635
f 7617/2635 7611/2635 7616/2635
f 7617/2636 7623/2636 7595/2636
f 7624/2669 7618/2669 7595/2669
f 7625/2597 7619/2597 7612/2597
f 7612/2597 7618/2597 7625/2597
f 7626/22 7620/22 7613/22
f 7613/22 7619/22 7626/22
f 377/2436 7614/2436 7620/2436
f 7620/2436 379/2436 377/2436
f 386/2315 7621/2315 7615/2315
f 7615/2315 384/2315 386/2315
f 7621/22 7627/22 7622/22
f 7622/22 7616/22 7621/22
f 7622/2638 7628/2638 7623/2638
f 7623/2638 7617/2638 7622/2638
f 7623/2639 7629/2639 7595/2639
f 7630/2670 7624/2670 7595/2670
f 7631/2495 7625/2495 7618/2495
f 7618/2495 7624/2495 7631/2495
f 7632/22 7626/22 7619/22
f 7619/22 7625/22 7632/22
f 379/2496 7620/2496 7626/2496
f 7626/2496 380/2496 379/2496
f 385/2671 7627/2671 7621/2671
f 7621/2671 386/2671 385/2671
f 7627/22 7633/22 7628/22
f 7628/22 7622/22 7627/22
f 7628/2498 7634/2498 7629/2498
f 7629/2498 7623/2498 7628/2498
f 7629/2642 7635/2642 7595/2642
f 7636/2643 7630/2643 7595/2643
f 7637/2501 7631/2501 7624/2501
f 7624/2501 7630/2501 7637/2501
f 7638/22 7632/22 7625/22
f 7625/22 7631/22 7638/22
f 380/2442 7626/2442 7632/2442
f 7632/2442 378/2442 380/2442
f 283/64 385/64 280/64
f 7633/2672 7627/2672 385/2672
f 283/2672 7633/2672 385/2672
f 7633/22 7639/22 7634/22
f 7634/22 7628/22 7633/22
f 7634/2645 7640/2645 7635/2645
f 7635/2645 7629/2645 7634/2645
f 7635/2646 7641/2646 7595/2646
f 7642/2647 7636/2647 7595/2647
f 7643/2610 7637/2610 7630/2610
f 7630/2610 7636/2610 7643/2610
f 7644/22 7638/22 7631/22
f 7631/22 7637/22 7644/22
f 7638/2332 277/2332 276/2332
f 378/2400 7632/2400 276/2400
f 7632/2673 7638/2673 276/2673
f 284/2674 7639/2674 7633/2674
f 7633/2674 283/2674 284/2674
f 7639/22 7645/22 7640/22
f 7640/22 7634/22 7639/22
f 7640/2450 7646/2450 7641/2450
f 7641/2450 7635/2450 7640/2450
f 7641/2648 7647/2648 7595/2648
f 7648/2675 7642/2675 7595/2675
f 7649/2451 7643/2451 7636/2451
f 7636/2451 7642/2451 7649/2451
f 7650/22 7644/22 7637/22
f 7637/22 7643/22 7650/22
f 277/2509 7638/2509 7644/2509
f 7644/2509 279/2509 277/2509
f 282/2612 7645/2612 7639/2612
f 7639/2612 284/2612 282/2612
f 7645/22 7651/22 7646/22
f 7646/22 7640/22 7645/22
f 7646/2342 7652/2342 7647/2342
f 7647/2342 7641/2342 7646/2342
f 7647/2650 7653/2650 7595/2650
f 7654/2676 7648/2676 7595/2676
f 7655/2345 7649/2345 7642/2345
f 7642/2345 7648/2345 7655/2345
f 7656/22 7650/22 7643/22
f 7643/22 7649/22 7656/22
f 279/2455 7644/2455 7650/2455
f 7650/2455 278/2455 279/2455
f 188/22 282/22 183/22
f 7651/2347 7645/2347 282/2347
f 188/2347 7651/2347 282/2347
f 7651/22 7657/22 7652/22
f 7652/22 7646/22 7651/22
f 7652/2654 7658/2654 7653/2654
f 7653/2654 7647/2654 7652/2654
f 7653/2349 7659/2349 7595/2349
f 7659/2677 7654/2677 7595/2677
f 7660/2351 7655/2351 7648/2351
f 7648/2351 7654/2351 7660/2351
f 7661/22 7656/22 7649/22
f 7649/22 7655/22 7661/22
f 278/22 187/22 186/22
f 7650/2352 7656/2352 187/2352
f 278/2352 7650/2352 187/2352
f 190/2353 7657/2353 7651/2353
f 7651/2353 188/2353 190/2353
f 7657/22 7662/22 7658/22
f 7658/22 7652/22 7657/22
f 7658/2354 7663/2354 7659/2354
f 7659/2354 7653/2354 7658/2354
f 7663/2678 7660/2678 7654/2678
f 7654/2678 7659/2678 7663/2678
f 7664/22 7661/22 7655/22
f 7655/22 7660/22 7664/22
f 187/2466 7656/2466 7661/2466
f 7661/2466 189/2466 187/2466
f 192/2357 7662/2357 7657/2357
f 7657/2357 190/2357 192/2357
f 7662/22 7665/22 7663/22
f 7663/22 7658/22 7662/22
f 7665/22 7664/22 7660/22
f 7660/22 7663/22 7665/22
f 189/2657 7661/2657 7664/2657
f 7664/2657 191/2657 189/2657
f 193/2568 7665/2568 7662/2568
f 7662/2568 192/2568 193/2568
f 191/2658 7664/2658 7665/2658
f 7665/2658 193/2658 191/2658
f 485/18 7666/18 7667/18
f 7667/18 486/18 485/18
f 7666/149 673/149 764/149
f 488/7 587/7 673/7
f 7666/180 485/180 488/180
f 7666/149 488/149 673/149
f 7668/9 7667/9 7666/9
f 7666/9 7669/9 7668/9
f 486/7 281/7 383/7
f 68/7 116/7 184/7
f 486/7 184/7 281/7
f 486/149 7667/149 66/149
f 66/149 68/149 184/149
f 486/180 66/180 184/180
f 7669/22 676/22 675/22
f 7666/22 764/22 676/22
f 7669/22 7666/22 676/22
f 391/9 7668/9 7669/9
f 7669/9 389/9 391/9
f 66/7 35/7 34/7
f 7667/22 7668/22 35/22
f 66/22 7667/22 35/22
f 389/7 492/7 390/7
f 675/16 588/16 492/16
f 389/16 7669/16 675/16
f 389/16 675/16 492/16
f 35/16 70/16 32/16
f 7668/16 391/16 285/16
f 35/16 118/16 70/16
f 7668/16 285/16 194/16
f 35/16 194/16 118/16
f 35/16 7668/16 194/16
f 7670/2621 7671/2621 7672/2621
f 7673/2679 7670/2679 7672/2679
f 7674/2622 7675/2622 7671/2622
f 7671/2622 7670/2622 7674/2622
f 7671/2623 7676/2623 7672/2623
f 7677/2680 7673/2680 7672/2680
f 7678/2681 7674/2681 7670/2681
f 7670/2681 7673/2681 7678/2681
f 7679/22 7680/22 7675/22
f 7675/22 7674/22 7679/22
f 7675/2291 7681/2291 7676/2291
f 7676/2291 7671/2291 7675/2291
f 7676/2682 7682/2682 7672/2682
f 7683/2683 7677/2683 7672/2683
f 7684/2294 7678/2294 7673/2294
f 7673/2294 7677/2294 7684/2294
f 7685/22 7679/22 7674/22
f 7674/22 7678/22 7685/22
f 295/22 387/22 296/22
f 7680/2684 7679/2684 387/2684
f 295/2684 7680/2684 387/2684
f 7680/22 7686/22 7681/22
f 7681/22 7675/22 7680/22
f 7681/2425 7687/2425 7682/2425
f 7682/2425 7676/2425 7681/2425
f 7682/2685 7688/2685 7672/2685
f 7689/2686 7683/2686 7672/2686
f 7690/2479 7684/2479 7677/2479
f 7677/2479 7683/2479 7690/2479
f 7691/22 7685/22 7678/22
f 7678/22 7684/22 7691/22
f 387/2428 7679/2428 7685/2428
f 7685/2428 388/2428 387/2428
f 199/59 295/59 200/59
f 7686/2631 7680/2631 295/2631
f 199/2631 7686/2631 295/2631
f 7686/22 7692/22 7687/22
f 7687/22 7681/22 7686/22
f 7687/2431 7693/2431 7688/2431
f 7688/2431 7682/2431 7687/2431
f 7688/2687 7694/2687 7672/2687
f 7695/2688 7689/2688 7672/2688
f 7696/2307 7690/2307 7683/2307
f 7683/2307 7689/2307 7696/2307
f 7697/22 7691/22 7684/22
f 7684/22 7690/22 7697/22
f 388/22 287/22 286/22
f 7685/2689 7691/2689 287/2689
f 388/2689 7685/2689 287/2689
f 202/2593 7692/2593 7686/2593
f 7686/2593 199/2593 202/2593
f 7692/22 7698/22 7693/22
f 7693/22 7687/22 7692/22
f 7693/2635 7699/2635 7694/2635
f 7694/2635 7688/2635 7693/2635
f 7694/2383 7700/2383 7672/2383
f 7701/2690 7695/2690 7672/2690
f 7702/2691 7696/2691 7689/2691
f 7689/2691 7695/2691 7702/2691
f 7703/32 7697/32 7690/32
f 7690/22 7696/22 7703/22
f 287/2386 7691/2386 7697/2386
f 7697/2386 289/2386 287/2386
f 204/2315 7698/2315 7692/2315
f 7692/2315 202/2315 204/2315
f 7698/22 7704/22 7699/22
f 7699/22 7693/22 7698/22
f 7699/2316 7705/2316 7700/2316
f 7700/2316 7694/2316 7699/2316
f 7700/2387 7706/2387 7672/2387
f 7707/2692 7701/2692 7672/2692
f 7708/2495 7702/2495 7695/2495
f 7695/2495 7701/2495 7708/2495
f 7709/22 7703/22 7696/22
f 7696/22 7702/22 7709/22
f 289/2496 7697/2496 7703/2496
f 7703/2496 290/2496 289/2496
f 203/2671 7704/2671 7698/2671
f 7698/2671 204/2671 203/2671
f 7704/22 7710/22 7705/22
f 7705/22 7699/22 7704/22
f 7705/2322 7711/2322 7706/2322
f 7706/2322 7700/2322 7705/2322
f 7706/2693 7712/2693 7672/2693
f 7713/2694 7707/2694 7672/2694
f 7714/2501 7708/2501 7701/2501
f 7701/2501 7707/2501 7714/2501
f 7715/22 7709/22 7702/22
f 7702/22 7708/22 7715/22
f 290/2326 7703/2326 7709/2326
f 7709/2326 288/2326 290/2326
f 126/64 203/64 123/64
f 7710/2672 7704/2672 203/2672
f 126/2672 7710/2672 203/2672
f 7710/22 7716/22 7711/22
f 7711/22 7705/22 7710/22
f 7711/2645 7717/2645 7712/2645
f 7712/2645 7706/2645 7711/2645
f 7712/2695 7718/2695 7672/2695
f 7719/2696 7713/2696 7672/2696
f 7720/2697 7714/2697 7707/2697
f 7707/2697 7713/2697 7720/2697
f 7721/32 7715/32 7708/32
f 7708/22 7714/22 7721/22
f 7715/2698 196/2698 195/2698
f 288/2333 7709/2333 195/2333
f 7709/2699 7715/2699 195/2699
f 127/2674 7716/2674 7710/2674
f 7710/2674 126/2674 127/2674
f 7716/22 7722/22 7717/22
f 7717/22 7711/22 7716/22
f 7717/2403 7723/2403 7718/2403
f 7718/2403 7712/2403 7717/2403
f 7718/2700 7724/2700 7672/2700
f 7725/2701 7719/2701 7672/2701
f 7726/2702 7720/2702 7713/2702
f 7713/2702 7719/2702 7726/2702
f 7727/22 7721/22 7714/22
f 7714/22 7720/22 7727/22
f 196/2406 7715/2406 7721/2406
f 7721/2406 198/2406 196/2406
f 125/2612 7722/2612 7716/2612
f 7716/2612 127/2612 125/2612
f 7722/22 7728/22 7723/22
f 7723/22 7717/22 7722/22
f 7723/2407 7729/2407 7724/2407
f 7724/2407 7718/2407 7723/2407
f 7724/2703 7730/2703 7672/2703
f 7731/2704 7725/2704 7672/2704
f 7732/2345 7726/2345 7719/2345
f 7719/2345 7725/2345 7732/2345
f 7733/22 7727/22 7720/22
f 7720/22 7726/22 7733/22
f 198/2346 7721/2346 7727/2346
f 7727/2346 197/2346 198/2346
f 75/22 125/22 71/22
f 7728/2347 7722/2347 125/2347
f 75/2347 7728/2347 125/2347
f 7728/22 7734/22 7729/22
f 7729/22 7723/22 7728/22
f 7729/2705 7735/2705 7730/2705
f 7730/2705 7724/2705 7729/2705
f 7730/2706 7736/2706 7672/2706
f 7736/2707 7731/2707 7672/2707
f 7737/2351 7732/2351 7725/2351
f 7725/2351 7731/2351 7737/2351
f 7738/22 7733/22 7726/22
f 7726/22 7732/22 7738/22
f 197/22 120/22 119/22
f 7727/2352 7733/2352 120/2352
f 197/2352 7727/2352 120/2352
f 76/2353 7734/2353 7728/2353
f 7728/2353 75/2353 76/2353
f 7734/22 7739/22 7735/22
f 7735/22 7729/22 7734/22
f 7735/2708 7740/2708 7736/2708
f 7736/2708 7730/2708 7735/2708
f 7740/2709 7737/2709 7731/2709
f 7731/2709 7736/2709 7740/2709
f 7741/32 7738/32 7732/32
f 7732/22 7737/22 7741/22
f 120/2356 7733/2356 7738/2356
f 7738/2356 122/2356 120/2356
f 74/2357 7739/2357 7734/2357
f 7734/2357 76/2357 74/2357
f 7739/22 7742/22 7740/22
f 7740/22 7735/22 7739/22
f 7742/22 7741/22 7737/22
f 7737/22 7740/22 7742/22
f 122/2710 7738/2710 7741/2710
f 7741/2710 121/2710 122/2710
f 7739/2711 74/2711 73/2711
f 117/2712 7742/2712 73/2712
f 7742/2713 7739/2713 73/2713
f 121/2714 7741/2714 7742/2714
f 7742/2714 117/2714 121/2714
f 291/18 7743/18 7744/18
f 7744/9 292/9 291/9
f 7743/149 494/149 589/149
f 291/7 294/7 393/7
f 7743/149 393/149 494/149
f 7743/149 291/149 393/149
f 7745/9 7744/9 7743/9
f 7743/9 7746/9 7745/9
f 72/7 124/7 201/7
f 292/149 7744/149 201/149
f 7744/149 18/149 17/149
f 17/7 37/7 72/7
f 7744/149 72/149 201/149
f 7744/149 17/149 72/149
f 591/22 7746/22 7743/22
f 7743/22 589/22 591/22
f 298/9 7745/9 7746/9
f 7746/9 299/9 298/9
f 18/22 7744/22 7745/22
f 7745/22 19/22 18/22
f 495/7 394/7 297/7
f 299/27 7746/27 297/27
f 7746/16 591/16 495/16
f 7746/16 495/16 297/16
f 19/16 38/16 15/16
f 128/7 77/7 38/7
f 298/7 205/7 128/7
f 19/16 7745/16 298/16
f 19/16 128/16 38/16
f 19/27 298/27 128/27
f 2540/9 7747/9 7748/9
f 7748/18 2541/18 2540/18
f 1749/16 1902/16 1745/16
f 2201/7 2049/7 1902/7
f 2540/7 2358/7 2201/7
f 1749/16 7747/16 2540/16
f 1749/16 2201/16 1902/16
f 1749/27 2540/27 2201/27
f 7749/9 7750/9 7748/9
f 7748/9 7747/9 7749/9
f 7748/27 2542/27 2541/27
f 2916/7 2715/7 2542/7
f 7748/16 3110/16 2916/16
f 7748/16 2916/16 2542/16
f 1750/22 7749/22 7747/22
f 7747/22 1749/22 1750/22
f 2539/18 7750/18 7749/18
f 7749/9 2536/9 2539/9
f 3110/22 7748/22 7750/22
f 7750/22 3111/22 3110/22
f 2536/7 2200/7 2357/7
f 1748/7 1901/7 2048/7
f 2536/7 2048/7 2200/7
f 2536/149 7749/149 1750/149
f 1750/149 1748/149 2048/149
f 2536/180 1750/180 2048/180
f 3111/149 2714/149 2915/149
f 2539/7 2538/7 2714/7
f 3111/149 7750/149 2539/149
f 3111/149 2539/149 2714/149
f 3738/9 7751/9 7752/9
f 7752/9 3739/9 3738/9
f 7751/59 4046/59 4205/59
f 3741/7 3887/7 4046/7
f 7751/59 3738/59 3741/59
f 7751/64 3741/64 4046/64
f 7753/9 7752/9 7751/9
f 7751/9 7754/9 7753/9
f 3739/7 3424/7 3587/7
f 3066/7 3247/7 3424/7
f 2867/59 2866/59 3066/59
f 3739/59 7752/59 2867/59
f 2867/59 3066/59 3424/59
f 3739/59 2867/59 3424/59
f 4204/149 7754/149 7751/149
f 7751/149 4205/149 4204/149
f 3746/9 7753/9 7754/9
f 7754/9 3747/9 3746/9
f 2867/180 7752/180 7753/180
f 7753/180 2868/180 2867/180
f 3747/7 3888/7 3744/7
f 4204/22 4047/22 3888/22
f 3747/22 7754/22 4204/22
f 3747/22 4204/22 3888/22
f 2868/2715 3067/2715 2863/2715
f 3425/7 3250/7 3067/7
f 3746/7 3588/7 3425/7
f 2868/2715 7753/2715 3746/2715
f 2868/2715 3425/2715 3067/2715
f 2868/2715 3746/2715 3425/2715
f 7755/2716 7756/2716 7757/2716
f 7758/2717 7755/2717 7757/2717
f 7759/2718 7760/2718 7756/2718
f 7756/2719 7755/2719 7759/2719
f 7756/2720 7761/2720 7757/2720
f 7762/2721 7758/2721 7757/2721
f 7763/2722 7759/2722 7755/2722
f 7755/2723 7758/2723 7763/2723
f 7764/180 7765/180 7760/180
f 7760/149 7759/149 7764/149
f 7760/2724 7766/2724 7761/2724
f 7761/2724 7756/2724 7760/2724
f 7761/2725 7767/2725 7757/2725
f 7768/2726 7762/2726 7757/2726
f 7769/2727 7763/2727 7758/2727
f 7758/2728 7762/2728 7769/2728
f 7770/149 7764/149 7759/149
f 7759/149 7763/149 7770/149
f 3749/2729 7765/2729 7764/2729
f 7764/2729 3750/2729 3749/2729
f 7765/149 7771/149 7766/149
f 7766/149 7760/149 7765/149
f 7766/2730 7772/2730 7767/2730
f 7767/2730 7761/2730 7766/2730
f 7767/2731 7773/2731 7757/2731
f 7774/2732 7768/2732 7757/2732
f 7775/2733 7769/2733 7762/2733
f 7762/2734 7768/2734 7775/2734
f 7776/149 7770/149 7763/149
f 7763/149 7769/149 7776/149
f 3750/2735 7764/2735 7770/2735
f 7770/2735 3748/2735 3750/2735
f 3594/16 3749/16 3595/16
f 7771/2736 7765/2736 3749/2736
f 3594/2736 7771/2736 3749/2736
f 7771/149 7777/149 7772/149
f 7772/149 7766/149 7771/149
f 7772/2737 7778/2737 7773/2737
f 7773/2738 7767/2738 7772/2738
f 7773/2739 7779/2739 7757/2739
f 7780/2740 7774/2740 7757/2740
f 7781/2741 7775/2741 7768/2741
f 7768/2742 7774/2742 7781/2742
f 7782/149 7776/149 7769/149
f 7769/149 7775/149 7782/149
f 3748/16 3590/16 3589/16
f 7770/2743 7776/2743 3590/2743
f 3748/2744 7770/2744 3590/2744
f 3597/2745 7777/2745 7771/2745
f 7771/2745 3594/2745 3597/2745
f 7777/2746 7783/2746 7778/2746
f 7778/149 7772/149 7777/149
f 7778/2747 7784/2747 7779/2747
f 7779/2747 7773/2747 7778/2747
f 7779/2748 7785/2748 7757/2748
f 7786/2749 7780/2749 7757/2749
f 7787/2750 7781/2750 7774/2750
f 7774/2751 7780/2751 7787/2751
f 7788/180 7782/180 7775/180
f 7775/149 7781/149 7788/149
f 3590/2752 7776/2752 7782/2752
f 7782/2753 3592/2753 3590/2753
f 3599/2754 7783/2754 7777/2754
f 7777/2754 3597/2754 3599/2754
f 7783/2755 7789/2755 7784/2755
f 7784/2756 7778/2756 7783/2756
f 7784/2757 7790/2757 7785/2757
f 7785/2758 7779/2758 7784/2758
f 7785/2759 7791/2759 7757/2759
f 7792/2760 7786/2760 7757/2760
f 7793/2761 7787/2761 7780/2761
f 7780/2762 7786/2762 7793/2762
f 7794/149 7788/149 7781/149
f 7781/149 7787/149 7794/149
f 3592/2763 7782/2763 7788/2763
f 7788/2763 3593/2763 3592/2763
f 3598/2764 7789/2764 7783/2764
f 7783/2765 3599/2765 3598/2765
f 7789/2766 7795/2766 7790/2766
f 7790/2767 7784/2767 7789/2767
f 7790/2768 7796/2768 7791/2768
f 7791/2769 7785/2769 7790/2769
f 7791/2770 7797/2770 7757/2770
f 7798/2771 7792/2771 7757/2771
f 7799/2772 7793/2772 7786/2772
f 7786/2773 7792/2773 7799/2773
f 7800/149 7794/149 7787/149
f 7787/149 7793/149 7800/149
f 3593/2774 7788/2774 7794/2774
f 7794/2774 3591/2774 3593/2774
f 3433/149 3598/149 3430/149
f 7795/2775 7789/2775 3598/2775
f 3433/2776 7795/2776 3598/2776
f 7795/2777 7801/2777 7796/2777
f 7796/2778 7790/2778 7795/2778
f 7796/2779 7802/2779 7797/2779
f 7797/2780 7791/2780 7796/2780
f 7797/2781 7803/2781 7757/2781
f 7804/2782 7798/2782 7757/2782
f 7805/2783 7799/2783 7792/2783
f 7792/2784 7798/2784 7805/2784
f 7806/149 7800/149 7793/149
f 7793/149 7799/149 7806/149
f 3591/16 3427/16 3426/16
f 7794/2785 7800/2785 3427/2785
f 3591/2785 7794/2785 3427/2785
f 3434/2786 7801/2786 7795/2786
f 7795/2787 3433/2787 3434/2787
f 7801/2788 7807/2788 7802/2788
f 7802/2789 7796/2789 7801/2789
f 7802/2790 7808/2790 7803/2790
f 7803/2790 7797/2790 7802/2790
f 7803/2791 7809/2791 7757/2791
f 7810/2792 7804/2792 7757/2792
f 7811/2793 7805/2793 7798/2793
f 7798/2794 7804/2794 7811/2794
f 7812/149 7806/149 7799/149
f 7799/149 7805/149 7812/149
f 3427/2795 7800/2795 7806/2795
f 7806/2795 3429/2795 3427/2795
f 3432/2796 7807/2796 7801/2796
f 7801/2797 3434/2797 3432/2797
f 7807/2798 7813/2798 7808/2798
f 7808/2799 7802/2799 7807/2799
f 7808/2800 7814/2800 7809/2800
f 7809/2800 7803/2800 7808/2800
f 7809/2801 7815/2801 7757/2801
f 7816/2802 7810/2802 7757/2802
f 7817/2803 7811/2803 7804/2803
f 7804/2804 7810/2804 7817/2804
f 7818/149 7812/149 7805/149
f 7805/149 7811/149 7818/149
f 3429/2805 7806/2805 7812/2805
f 7812/2805 3428/2805 3429/2805
f 3253/149 3432/149 3248/149
f 7813/2806 7807/2806 3432/2806
f 3253/2807 7813/2807 3432/2807
f 7813/149 7819/149 7814/149
f 7814/149 7808/149 7813/149
f 7814/2808 7820/2808 7815/2808
f 7815/2809 7809/2809 7814/2809
f 7815/2810 7821/2810 7757/2810
f 7821/2811 7816/2811 7757/2811
f 7822/2812 7817/2812 7810/2812
f 7810/2813 7816/2813 7822/2813
f 7823/149 7818/149 7811/149
f 7811/149 7817/149 7823/149
f 7818/2814 3252/2814 3251/2814
f 3428/2815 7812/2815 3251/2815
f 7812/2816 7818/2816 3251/2816
f 3255/2817 7819/2817 7813/2817
f 7813/2817 3253/2817 3255/2817
f 7819/149 7824/149 7820/149
f 7820/149 7814/149 7819/149
f 7820/2818 7825/2818 7821/2818
f 7821/2818 7815/2818 7820/2818
f 7825/2819 7822/2819 7816/2819
f 7816/2820 7821/2820 7825/2820
f 7826/149 7823/149 7817/149
f 7817/149 7822/149 7826/149
f 3252/2821 7818/2821 7823/2821
f 7823/2822 3254/2822 3252/2822
f 3257/2823 7824/2823 7819/2823
f 7819/2823 3255/2823 3257/2823
f 7824/149 7827/149 7825/149
f 7825/149 7820/149 7824/149
f 7827/180 7826/180 7822/180
f 7822/149 7825/149 7827/149
f 3254/2824 7823/2824 7826/2824
f 7826/2825 3256/2825 3254/2825
f 3258/2826 7827/2826 7824/2826
f 7824/2826 3257/2826 3258/2826
f 3256/2827 7826/2827 7827/2827
f 7827/2827 3258/2827 3256/2827
f 3742/9 7828/9 7829/9
f 7829/9 3743/9 3742/9
f 7828/59 4048/59 4206/59
f 3745/7 3889/7 4048/7
f 7828/59 3742/59 3745/59
f 7828/64 3745/64 4048/64
f 7830/9 7829/9 7828/9
f 7828/9 7831/9 7830/9
f 3743/7 3431/7 3596/7
f 3068/7 3249/7 3431/7
f 2862/2828 2864/2828 3068/2828
f 3743/2829 7829/2829 2862/2829
f 3743/7 3068/7 3431/7
f 3743/2829 2862/2829 3068/2829
f 7831/149 3892/149 3891/149
f 4206/7 4049/7 3892/7
f 7831/149 7828/149 4206/149
f 7831/149 4206/149 3892/149
f 3439/9 7830/9 7831/9
f 7831/9 3440/9 3439/9
f 2862/7 2518/7 2677/7
f 7830/180 2516/180 2518/180
f 2862/149 7829/149 7830/149
f 2862/180 7830/180 2518/180
f 3440/7 3600/7 3437/7
f 3891/22 3751/22 3600/22
f 3440/22 7831/22 3891/22
f 3440/22 3891/22 3600/22
f 2516/2830 2678/2830 2512/2830
f 3069/7 2872/7 2678/7
f 3439/7 3259/7 3069/7
f 2516/2831 7830/2831 3439/2831
f 2516/2830 3069/2830 2678/2830
f 2516/2830 3439/2830 3069/2830
f 7832/2832 7833/2832 7834/2832
f 7835/2717 7832/2717 7834/2717
f 7836/2833 7837/2833 7833/2833
f 7833/2834 7832/2834 7836/2834
f 7833/2835 7838/2835 7834/2835
f 7839/2836 7835/2836 7834/2836
f 7840/2837 7836/2837 7832/2837
f 7832/2838 7835/2838 7840/2838
f 7841/149 7842/149 7837/149
f 7837/149 7836/149 7841/149
f 7837/2839 7843/2839 7838/2839
f 7838/2840 7833/2840 7837/2840
f 7838/2725 7844/2725 7834/2725
f 7845/2841 7839/2841 7834/2841
f 7846/2842 7840/2842 7835/2842
f 7835/2842 7839/2842 7846/2842
f 7847/149 7841/149 7836/149
f 7836/149 7840/149 7847/149
f 3442/2843 7842/2843 7841/2843
f 7841/2844 3443/2844 3442/2844
f 7842/149 7848/149 7843/149
f 7843/149 7837/149 7842/149
f 7843/2845 7849/2845 7844/2845
f 7844/2846 7838/2846 7843/2846
f 7844/2847 7850/2847 7834/2847
f 7851/2732 7845/2732 7834/2732
f 7852/2848 7846/2848 7839/2848
f 7839/2849 7845/2849 7852/2849
f 7853/149 7847/149 7840/149
f 7840/180 7846/180 7853/180
f 3443/2850 7841/2850 7847/2850
f 7847/2851 3441/2851 3443/2851
f 3265/16 3442/16 3266/16
f 7848/2852 7842/2852 3442/2852
f 3265/2852 7848/2852 3442/2852
f 7848/149 7854/149 7849/149
f 7849/149 7843/149 7848/149
f 7849/2853 7855/2853 7850/2853
f 7850/2853 7844/2853 7849/2853
f 7850/2854 7856/2854 7834/2854
f 7857/2740 7851/2740 7834/2740
f 7858/2855 7852/2855 7845/2855
f 7845/2742 7851/2742 7858/2742
f 7859/149 7853/149 7846/149
f 7846/149 7852/149 7859/149
f 3441/16 3261/16 3260/16
f 7847/2856 7853/2856 3261/2856
f 3441/2856 7847/2856 3261/2856
f 3268/2857 7854/2857 7848/2857
f 7848/2857 3265/2857 3268/2857
f 7854/149 7860/149 7855/149
f 7855/149 7849/149 7854/149
f 7855/2858 7861/2858 7856/2858
f 7856/2858 7850/2858 7855/2858
f 7856/2859 7862/2859 7834/2859
f 7863/2749 7857/2749 7834/2749
f 7864/2860 7858/2860 7851/2860
f 7851/2860 7857/2860 7864/2860
f 7865/180 7859/180 7852/180
f 7852/149 7858/149 7865/149
f 3261/2861 7853/2861 7859/2861
f 7859/2862 3263/2862 3261/2862
f 3270/2863 7860/2863 7854/2863
f 7854/2863 3268/2863 3270/2863
f 7860/149 7866/149 7861/149
f 7861/149 7855/149 7860/149
f 7861/2864 7867/2864 7862/2864
f 7862/2864 7856/2864 7861/2864
f 7862/2865 7868/2865 7834/2865
f 7869/2760 7863/2760 7834/2760
f 7870/2762 7864/2762 7857/2762
f 7857/2762 7863/2762 7870/2762
f 7871/149 7865/149 7858/149
f 7858/149 7864/149 7871/149
f 3263/2866 7859/2866 7865/2866
f 7865/2866 3264/2866 3263/2866
f 3269/2867 7866/2867 7860/2867
f 7860/2867 3270/2867 3269/2867
f 7866/149 7872/149 7867/149
f 7867/149 7861/149 7866/149
f 7867/2868 7873/2868 7868/2868
f 7868/2868 7862/2868 7867/2868
f 7868/2869 7874/2869 7834/2869
f 7875/2771 7869/2771 7834/2771
f 7876/2870 7870/2870 7863/2870
f 7863/2870 7869/2870 7876/2870
f 7877/149 7871/149 7864/149
f 7864/149 7870/149 7877/149
f 3264/2871 7865/2871 7871/2871
f 7871/2871 3262/2871 3264/2871
f 3077/149 3269/149 3074/149
f 7872/2872 7866/2872 3269/2872
f 3077/2872 7872/2872 3269/2872
f 7872/149 7878/149 7873/149
f 7873/149 7867/149 7872/149
f 7873/2873 7879/2873 7874/2873
f 7874/2873 7868/2873 7873/2873
f 7874/2874 7880/2874 7834/2874
f 7881/2782 7875/2782 7834/2782
f 7882/2784 7876/2784 7869/2784
f 7869/2784 7875/2784 7882/2784
f 7883/180 7877/180 7870/180
f 7870/149 7876/149 7883/149
f 3262/16 3071/16 3070/16
f 7871/2875 7877/2875 3071/2875
f 3262/2876 7871/2876 3071/2876
f 3078/2877 7878/2877 7872/2877
f 7872/2877 3077/2877 3078/2877
f 7878/149 7884/149 7879/149
f 7879/149 7873/149 7878/149
f 7879/2878 7885/2878 7880/2878
f 7880/2878 7874/2878 7879/2878
f 7880/2879 7886/2879 7834/2879
f 7887/2880 7881/2880 7834/2880
f 7888/2881 7882/2881 7875/2881
f 7875/2882 7881/2882 7888/2882
f 7889/149 7883/149 7876/149
f 7876/149 7882/149 7889/149
f 3071/2883 7877/2883 7883/2883
f 7883/2884 3073/2884 3071/2884
f 3076/2885 7884/2885 7878/2885
f 7878/2885 3078/2885 3076/2885
f 7884/149 7890/149 7885/149
f 7885/149 7879/149 7884/149
f 7885/2886 7891/2886 7886/2886
f 7886/2887 7880/2887 7885/2887
f 7886/2888 7892/2888 7834/2888
f 7893/2889 7887/2889 7834/2889
f 7894/2890 7888/2890 7881/2890
f 7881/2891 7887/2891 7894/2891
f 7895/180 7889/180 7882/180
f 7882/149 7888/149 7895/149
f 3073/2892 7883/2892 7889/2892
f 7889/2892 3072/2892 3073/2892
f 2875/149 3076/149 2870/149
f 7890/2893 7884/2893 3076/2893
f 2875/2893 7890/2893 3076/2893
f 7890/149 7896/149 7891/149
f 7891/149 7885/149 7890/149
f 7891/2894 7897/2894 7892/2894
f 7892/2895 7886/2895 7891/2895
f 7892/2810 7898/2810 7834/2810
f 7898/2811 7893/2811 7834/2811
f 7899/2896 7894/2896 7887/2896
f 7887/2896 7893/2896 7899/2896
f 7900/180 7895/180 7888/180
f 7888/149 7894/149 7900/149
f 7895/2897 2874/2897 2873/2897
f 3072/2898 7889/2898 2873/2898
f 7889/2899 7895/2899 2873/2899
f 2877/2900 7896/2900 7890/2900
f 7890/2900 2875/2900 2877/2900
f 7896/149 7901/149 7897/149
f 7897/149 7891/149 7896/149
f 7897/2901 7902/2901 7898/2901
f 7898/2902 7892/2902 7897/2902
f 7902/2903 7899/2903 7893/2903
f 7893/2904 7898/2904 7902/2904
f 7903/149 7900/149 7894/149
f 7894/149 7899/149 7903/149
f 2874/2905 7895/2905 7900/2905
f 7900/2906 2876/2906 2874/2906
f 2879/2907 7901/2907 7896/2907
f 7896/2907 2877/2907 2879/2907
f 7901/180 7904/180 7902/180
f 7902/149 7897/149 7901/149
f 7904/149 7903/149 7899/149
f 7899/149 7902/149 7904/149
f 2876/2908 7900/2908 7903/2908
f 7903/2908 2878/2908 2876/2908
f 2880/2909 7904/2909 7901/2909
f 7901/2910 2879/2910 2880/2910
f 2878/2911 7903/2911 7904/2911
f 7904/2912 2880/2912 2878/2912
f 3435/18 7905/18 7906/18
f 7906/9 3436/9 3435/9
f 7905/59 3752/59 3894/59
f 3438/7 3601/7 3752/7
f 7905/59 3435/59 3438/59
f 7905/64 3438/64 3752/64
f 7907/9 7906/9 7905/9
f 7905/18 7908/18 7907/18
f 3436/7 3075/7 3267/7
f 2679/7 2871/7 3075/7
f 2514/59 2513/59 2679/59
f 3436/59 7906/59 2514/59
f 2514/59 2679/59 3075/59
f 3436/59 2514/59 3075/59
f 3893/149 7908/149 7905/149
f 7905/149 3894/149 3893/149
f 3448/9 7907/9 7908/9
f 7908/18 3446/18 3448/18
f 2514/149 7906/149 7907/149
f 7907/149 2515/149 2514/149
f 3446/7 3602/7 3447/7
f 3893/22 3753/22 3602/22
f 3446/22 7908/22 3893/22
f 3446/22 3893/22 3602/22
f 2515/22 2680/22 2511/22
f 3079/7 2882/7 2680/7
f 3448/7 3271/7 3079/7
f 2515/22 7907/22 3448/22
f 2515/22 3079/22 2680/22
f 2515/22 3448/22 3079/22
f 7909/2913 7910/2913 7911/2913
f 7912/2914 7909/2914 7911/2914
f 7913/2915 7914/2915 7910/2915
f 7910/2916 7909/2916 7913/2916
f 7910/2917 7915/2917 7911/2917
f 7916/149 7912/149 7911/149
f 7917/2918 7913/2918 7909/2918
f 7909/2919 7912/2919 7917/2919
f 7918/149 7919/149 7914/149
f 7914/149 7913/149 7918/149
f 7914/2920 7920/2920 7915/2920
f 7915/2921 7910/2921 7914/2921
f 7915/2922 7921/2922 7911/2922
f 7922/2923 7916/2923 7911/2923
f 7923/2924 7917/2924 7912/2924
f 7912/2924 7916/2924 7923/2924
f 7924/149 7918/149 7913/149
f 7913/149 7917/149 7924/149
f 7918/2925 3444/2925 3278/2925
f 3277/2926 7919/2926 3278/2926
f 7919/2927 7918/2927 3278/2927
f 7919/149 7925/149 7920/149
f 7920/149 7914/149 7919/149
f 7920/2928 7926/2928 7921/2928
f 7921/2928 7915/2928 7920/2928
f 7921/2929 7927/2929 7911/2929
f 7928/2930 7922/2930 7911/2930
f 7929/2931 7923/2931 7916/2931
f 7916/2931 7922/2931 7929/2931
f 7930/149 7924/149 7917/149
f 7917/149 7923/149 7930/149
f 3444/2932 7918/2932 7924/2932
f 7924/2932 3445/2932 3444/2932
f 3087/16 3277/16 3085/16
f 7925/2933 7919/2933 3277/2933
f 3087/2933 7925/2933 3277/2933
f 7925/149 7931/149 7926/149
f 7926/149 7920/149 7925/149
f 7926/2934 7932/2934 7927/2934
f 7927/2935 7921/2935 7926/2935
f 7927/149 7933/149 7911/149
f 7934/2936 7928/2936 7911/2936
f 7935/2937 7929/2937 7922/2937
f 7922/2937 7928/2937 7935/2937
f 7936/149 7930/149 7923/149
f 7923/149 7929/149 7936/149
f 3445/16 3273/16 3272/16
f 7924/2938 7930/2938 3273/2938
f 3445/2938 7924/2938 3273/2938
f 3089/2939 7931/2939 7925/2939
f 7925/2939 3087/2939 3089/2939
f 7931/180 7937/180 7932/180
f 7932/149 7926/149 7931/149
f 7932/2940 7938/2940 7933/2940
f 7933/2940 7927/2940 7932/2940
f 7933/149 7939/149 7911/149
f 7940/2941 7934/2941 7911/2941
f 7941/2942 7935/2942 7928/2942
f 7928/2942 7934/2942 7941/2942
f 7942/180 7936/180 7929/180
f 7929/149 7935/149 7942/149
f 3273/2943 7930/2943 7936/2943
f 7936/2943 3275/2943 3273/2943
f 3088/2754 7937/2754 7931/2754
f 7931/2754 3089/2754 3088/2754
f 7937/149 7943/149 7938/149
f 7938/149 7932/149 7937/149
f 7938/2944 7944/2944 7939/2944
f 7939/2944 7933/2944 7938/2944
f 7939/149 7945/149 7911/149
f 7946/2945 7940/2945 7911/2945
f 7947/2946 7941/2946 7934/2946
f 7934/2946 7940/2946 7947/2946
f 7948/149 7942/149 7935/149
f 7935/149 7941/149 7948/149
f 3275/2763 7936/2763 7942/2763
f 7942/2763 3276/2763 3275/2763
f 3084/2867 7943/2867 7937/2867
f 7937/2867 3088/2867 3084/2867
f 7943/149 7949/149 7944/149
f 7944/149 7938/149 7943/149
f 7944/2947 7950/2947 7945/2947
f 7945/2947 7939/2947 7944/2947
f 7945/149 7951/149 7911/149
f 7952/2948 7946/2948 7911/2948
f 7953/2949 7947/2949 7940/2949
f 7940/2949 7946/2949 7953/2949
f 7954/149 7948/149 7941/149
f 7941/149 7947/149 7954/149
f 3276/2950 7942/2950 7948/2950
f 7948/2950 3274/2950 3276/2950
f 2890/149 3084/149 2888/149
f 7949/2951 7943/2951 3084/2951
f 2890/2951 7949/2951 3084/2951
f 7949/149 7955/149 7950/149
f 7950/149 7944/149 7949/149
f 7950/2952 7956/2952 7951/2952
f 7951/2952 7945/2952 7950/2952
f 7951/149 7957/149 7911/149
f 7958/2953 7952/2953 7911/2953
f 7959/2954 7953/2954 7946/2954
f 7946/2954 7952/2954 7959/2954
f 7960/149 7954/149 7947/149
f 7947/149 7953/149 7960/149
f 3274/149 3081/149 3080/149
f 7948/2955 7954/2955 3081/2955
f 3274/2955 7948/2955 3081/2955
f 2891/2956 7955/2956 7949/2956
f 7949/2956 2890/2956 2891/2956
f 7955/149 7961/149 7956/149
f 7956/149 7950/149 7955/149
f 7956/2957 7962/2957 7957/2957
f 7957/2957 7951/2957 7956/2957
f 7957/149 7963/149 7911/149
f 7964/2958 7958/2958 7911/2958
f 7965/2959 7959/2959 7952/2959
f 7952/2959 7958/2959 7965/2959
f 7966/149 7960/149 7953/149
f 7953/149 7959/149 7966/149
f 3081/2795 7954/2795 7960/2795
f 7960/2795 3083/2795 3081/2795
f 2887/2960 7961/2960 7955/2960
f 7955/2960 2891/2960 2887/2960
f 7961/149 7967/149 7962/149
f 7962/149 7956/149 7961/149
f 7962/2887 7968/2887 7963/2887
f 7963/2887 7957/2887 7962/2887
f 7963/180 7969/180 7911/180
f 7970/180 7964/180 7911/180
f 7971/2961 7965/2961 7958/2961
f 7958/2961 7964/2961 7971/2961
f 7972/149 7966/149 7959/149
f 7959/149 7965/149 7972/149
f 3083/2962 7960/2962 7966/2962
f 7966/2962 3082/2962 3083/2962
f 2682/149 2887/149 2683/149
f 7967/2963 7961/2963 2887/2963
f 2682/2963 7967/2963 2887/2963
f 7967/149 7973/149 7968/149
f 7968/149 7962/149 7967/149
f 7968/2964 7974/2964 7969/2964
f 7969/2964 7963/2964 7968/2964
f 7969/2965 7975/2965 7911/2965
f 7975/2966 7970/2966 7911/2966
f 7976/2967 7971/2967 7964/2967
f 7964/2967 7970/2967 7976/2967
f 7977/180 7972/180 7965/180
f 7965/149 7971/149 7977/149
f 7972/2968 2884/2968 2883/2968
f 3082/2969 7966/2969 2883/2969
f 7966/2970 7972/2970 2883/2970
f 2686/2971 7973/2971 7967/2971
f 7967/2971 2682/2971 2686/2971
f 7973/149 7978/149 7974/149
f 7974/149 7968/149 7973/149
f 7974/2972 7979/2972 7975/2972
f 7975/2973 7969/2973 7974/2973
f 7979/2974 7976/2974 7970/2974
f 7970/2975 7975/2975 7979/2975
f 7980/149 7977/149 7971/149
f 7971/149 7976/149 7980/149
f 2884/2976 7972/2976 7977/2976
f 7977/2976 2886/2976 2884/2976
f 2685/2977 7978/2977 7973/2977
f 7973/2977 2686/2977 2685/2977
f 7978/149 7981/149 7979/149
f 7979/149 7974/149 7978/149
f 7981/149 7980/149 7976/149
f 7976/149 7979/149 7981/149
f 2886/2978 7977/2978 7980/2978
f 7980/2978 2885/2978 2886/2978
f 2881/149 2685/149 2684/149
f 7981/2979 7978/2979 2685/2979
f 2881/2979 7981/2979 2685/2979
f 2885/2980 7980/2980 7981/2980
f 7981/2980 2881/2980 2885/2980
f 3281/18 7982/18 7983/18
f 7983/9 3282/9 3281/9
f 7982/59 3604/59 3756/59
f 3280/7 3450/7 3604/7
f 7982/59 3281/59 3280/59
f 7982/64 3280/64 3604/64
f 7984/9 7983/9 7982/9
f 7982/9 7985/9 7984/9
f 3282/7 2889/7 3086/7
f 2520/7 2681/7 2889/7
f 2341/59 2339/59 2520/59
f 3282/59 7983/59 2341/59
f 2341/59 2520/59 2889/59
f 3282/59 2341/59 2889/59
f 3757/180 7985/180 7982/180
f 7982/180 3756/180 3757/180
f 3283/9 7984/9 7985/9
f 7985/9 3284/9 3283/9
f 2341/149 7983/149 7984/149
f 7984/149 2340/149 2341/149
f 3284/7 3451/7 3285/7
f 3757/22 3605/22 3451/22
f 3284/22 7985/22 3757/22
f 3284/22 3757/22 3451/22
f 2340/22 2521/22 2335/22
f 2892/7 2687/7 2521/7
f 3283/7 3090/7 2892/7
f 2340/22 7984/22 3283/22
f 2340/22 2892/22 2521/22
f 2340/22 3283/22 2892/22
f 7986/149 7987/149 7988/149
f 7989/149 7986/149 7988/149
f 7990/2981 7991/2981 7987/2981
f 7987/2982 7986/2982 7990/2982
f 7987/149 7992/149 7988/149
f 7993/149 7989/149 7988/149
f 7994/2983 7990/2983 7986/2983
f 7986/2984 7989/2984 7994/2984
f 7995/2985 7996/2985 7991/2985
f 7991/2986 7990/2986 7995/2986
f 7991/2987 7997/2987 7992/2987
f 7992/2988 7987/2988 7991/2988
f 7992/149 7998/149 7988/149
f 7999/149 7993/149 7988/149
f 8000/2989 7994/2989 7989/2989
f 7989/2989 7993/2989 8000/2989
f 8001/2990 7995/2990 7990/2990
f 7990/2991 7994/2991 8001/2991
f 3289/2992 7996/2992 7995/2992
f 7995/2992 3291/2992 3289/2992
f 7996/2993 8002/2993 7997/2993
f 7997/2994 7991/2994 7996/2994
f 7997/2995 8003/2995 7998/2995
f 7998/2995 7992/2995 7997/2995
f 7998/149 8004/149 7988/149
f 8005/149 7999/149 7988/149
f 8006/2996 8000/2996 7993/2996
f 7993/2997 7999/2997 8006/2997
f 8007/2998 8001/2998 7994/2998
f 7994/2999 8000/2999 8007/2999
f 3291/3000 7995/3000 8001/3000
f 8001/3000 3290/3000 3291/3000
f 3099/16 3289/16 3097/16
f 8002/3001 7996/3001 3289/3001
f 3099/3002 8002/3002 3289/3002
f 8002/149 8008/149 8003/149
f 8003/149 7997/149 8002/149
f 8003/3003 8009/3003 8004/3003
f 8004/3004 7998/3004 8003/3004
f 8004/149 8010/149 7988/149
f 8011/149 8005/149 7988/149
f 8012/3005 8006/3005 7999/3005
f 7999/3005 8005/3005 8012/3005
f 8013/3006 8007/3006 8000/3006
f 8000/3007 8006/3007 8013/3007
f 3290/16 3092/16 3091/16
f 8001/3008 8007/3008 3092/3008
f 3290/3009 8001/3009 3092/3009
f 3101/3010 8008/3010 8002/3010
f 8002/3010 3099/3010 3101/3010
f 8008/3011 8014/3011 8009/3011
f 8009/3012 8003/3012 8008/3012
f 8009/3013 8015/3013 8010/3013
f 8010/3013 8004/3013 8009/3013
f 8010/149 8016/149 7988/149
f 8017/3014 8011/3014 7988/3014
f 8018/3015 8012/3015 8005/3015
f 8005/3015 8011/3015 8018/3015
f 8019/180 8013/180 8006/180
f 8006/3016 8012/3016 8019/3016
f 3092/3017 8007/3017 8013/3017
f 8013/3017 3094/3017 3092/3017
f 3100/2754 8014/2754 8008/2754
f 8008/2754 3101/2754 3100/2754
f 8014/3018 8020/3018 8015/3018
f 8015/3019 8009/3019 8014/3019
f 8015/3020 8021/3020 8016/3020
f 8016/3020 8010/3020 8015/3020
f 8016/149 8022/149 7988/149
f 8023/3021 8017/3021 7988/3021
f 8024/3022 8018/3022 8011/3022
f 8011/3022 8017/3022 8024/3022
f 8025/3023 8019/3023 8012/3023
f 8012/3024 8018/3024 8025/3024
f 3094/2763 8013/2763 8019/2763
f 8019/2763 3095/2763 3094/2763
f 3096/3025 8020/3025 8014/3025
f 8014/2867 3100/2867 3096/2867
f 8020/149 8026/149 8021/149
f 8021/149 8015/149 8020/149
f 8021/3026 8027/3026 8022/3026
f 8022/3026 8016/3026 8021/3026
f 8022/149 8028/149 7988/149
f 8029/149 8023/149 7988/149
f 8030/3027 8024/3027 8017/3027
f 8017/3027 8023/3027 8030/3027
f 8031/3028 8025/3028 8018/3028
f 8018/3029 8024/3029 8031/3029
f 3095/3030 8019/3030 8025/3030
f 8025/3030 3093/3030 3095/3030
f 2900/149 3096/149 2898/149
f 8026/3031 8020/3031 3096/3031
f 2900/3031 8026/3031 3096/3031
f 8026/3032 8032/3032 8027/3032
f 8027/149 8021/149 8026/149
f 8027/3033 8033/3033 8028/3033
f 8028/3033 8022/3033 8027/3033
f 8028/149 8034/149 7988/149
f 8035/149 8029/149 7988/149
f 8036/3034 8030/3034 8023/3034
f 8023/3034 8029/3034 8036/3034
f 8037/149 8031/149 8024/149
f 8024/3035 8030/3035 8037/3035
f 3093/16 2894/16 2893/16
f 8025/2955 8031/2955 2894/2955
f 3093/2955 8025/2955 2894/2955
f 2901/2877 8032/2877 8026/2877
f 8026/2877 2900/2877 2901/2877
f 8032/3036 8038/3036 8033/3036
f 8033/3037 8027/3037 8032/3037
f 8033/3038 8039/3038 8034/3038
f 8034/3038 8028/3038 8033/3038
f 8034/149 8040/149 7988/149
f 8041/149 8035/149 7988/149
f 8042/3039 8036/3039 8029/3039
f 8029/3039 8035/3039 8042/3039
f 8043/3040 8037/3040 8030/3040
f 8030/3041 8036/3041 8043/3041
f 2894/2795 8031/2795 8037/2795
f 8037/2795 2896/2795 2894/2795
f 2897/2885 8038/2885 8032/2885
f 8032/2885 2901/2885 2897/2885
f 8038/3042 8044/3042 8039/3042
f 8039/3043 8033/3043 8038/3043
f 8039/3044 8045/3044 8040/3044
f 8040/3044 8034/3044 8039/3044
f 8040/180 8046/180 7988/180
f 8047/149 8041/149 7988/149
f 8048/3045 8042/3045 8035/3045
f 8035/3046 8041/3046 8048/3046
f 8049/3047 8043/3047 8036/3047
f 8036/3048 8042/3048 8049/3048
f 2896/3049 8037/3049 8043/3049
f 8043/3049 2895/3049 2896/3049
f 2692/149 2897/149 2688/149
f 8044/3050 8038/3050 2897/3050
f 2692/3051 8044/3051 2897/3051
f 8044/180 8050/180 8045/180
f 8045/149 8039/149 8044/149
f 8045/3052 8051/3052 8046/3052
f 8046/3052 8040/3052 8045/3052
f 8046/149 8052/149 7988/149
f 8052/149 8047/149 7988/149
f 8053/3053 8048/3053 8041/3053
f 8041/3053 8047/3053 8053/3053
f 8054/149 8049/149 8042/149
f 8042/3054 8048/3054 8054/3054
f 2895/149 2691/149 2690/149
f 8043/3055 8049/3055 2691/3055
f 2895/3055 8043/3055 2691/3055
f 2694/2817 8050/2817 8044/2817
f 8044/2817 2692/2817 2694/2817
f 8050/149 8055/149 8051/149
f 8051/149 8045/149 8050/149
f 8051/3056 8056/3056 8052/3056
f 8052/3057 8046/3057 8051/3057
f 8056/3058 8053/3058 8047/3058
f 8047/3059 8052/3059 8056/3059
f 8057/3060 8054/3060 8048/3060
f 8048/149 8053/149 8057/149
f 2691/3061 8049/3061 8054/3061
f 8054/3061 2693/3061 2691/3061
f 2696/3062 8055/3062 8050/3062
f 8050/3062 2694/3062 2696/3062
f 8055/3063 8058/3063 8056/3063
f 8056/3064 8051/3064 8055/3064
f 8058/3065 8057/3065 8053/3065
f 8053/3066 8056/3066 8058/3066
f 2693/3067 8054/3067 8057/3067
f 8057/3068 2695/3068 2693/3068
f 2697/3069 8058/3069 8055/3069
f 8055/3069 2696/3069 2697/3069
f 2695/3070 8057/3070 8058/3070
f 8058/3070 2697/3070 2695/3070
f 3287/18 8059/18 8060/18
f 8060/9 3288/9 3287/9
f 8059/59 3606/59 3755/59
f 3286/7 3452/7 3606/7
f 8059/59 3287/59 3286/59
f 8059/64 3286/64 3606/64
f 8061/9 8060/9 8059/9
f 8059/9 8062/9 8061/9
f 3288/7 2899/7 3098/7
f 2522/7 2689/7 2899/7
f 2337/59 2336/59 2522/59
f 3288/59 8060/59 2337/59
f 2337/59 2522/59 2899/59
f 3288/59 2337/59 2899/59
f 8062/149 3607/149 3609/149
f 8059/149 3755/149 3607/149
f 8062/180 8059/180 3607/180
f 3102/9 8061/9 8062/9
f 8062/18 3103/18 3102/18
f 2337/7 2192/7 2194/7
f 8060/149 8061/149 2192/149
f 2337/149 8060/149 2192/149
f 3103/7 3292/7 3104/7
f 3609/22 3453/22 3292/22
f 3103/22 8062/22 3609/22
f 3103/22 3609/22 3292/22
f 2192/22 2342/22 2193/22
f 2698/7 2523/7 2342/7
f 3102/7 2902/7 2698/7
f 2192/22 8061/22 3102/22
f 2192/22 2698/22 2342/22
f 2192/22 3102/22 2698/22
f 8063/3071 8064/3071 8065/3071
f 8066/3072 8063/3072 8065/3072
f 8067/3073 8068/3073 8064/3073
f 8064/3073 8063/3073 8067/3073
f 8064/3074 8069/3074 8065/3074
f 8070/3075 8066/3075 8065/3075
f 8071/3076 8067/3076 8063/3076
f 8063/3076 8066/3076 8071/3076
f 8072/149 8073/149 8068/149
f 8068/149 8067/149 8072/149
f 8068/3077 8074/3077 8069/3077
f 8069/3077 8064/3077 8068/3077
f 8069/3078 8075/3078 8065/3078
f 8076/3079 8070/3079 8065/3079
f 8077/2924 8071/2924 8066/2924
f 8066/2924 8070/2924 8077/2924
f 8078/149 8072/149 8067/149
f 8067/149 8071/149 8078/149
f 2904/3080 8073/3080 8072/3080
f 8072/3080 2905/3080 2904/3080
f 8073/180 8079/180 8074/180
f 8074/149 8068/149 8073/149
f 8074/3081 8080/3081 8075/3081
f 8075/3081 8069/3081 8074/3081
f 8075/3082 8081/3082 8065/3082
f 8082/3083 8076/3083 8065/3083
f 8083/3084 8077/3084 8070/3084
f 8070/3084 8076/3084 8083/3084
f 8084/149 8078/149 8071/149
f 8071/149 8077/149 8084/149
f 2905/2735 8072/2735 8078/2735
f 8078/2735 2903/2735 2905/2735
f 2708/16 2904/16 2706/16
f 8079/3085 8073/3085 2904/3085
f 2708/3085 8079/3085 2904/3085
f 8079/149 8085/149 8080/149
f 8080/149 8074/149 8079/149
f 8080/3086 8086/3086 8081/3086
f 8081/3086 8075/3086 8080/3086
f 8081/3087 8087/3087 8065/3087
f 8088/3088 8082/3088 8065/3088
f 8089/3089 8083/3089 8076/3089
f 8076/3089 8082/3089 8089/3089
f 8090/149 8084/149 8077/149
f 8077/149 8083/149 8090/149
f 2903/16 2702/16 2701/16
f 8078/3090 8084/3090 2702/3090
f 2903/3090 8078/3090 2702/3090
f 2710/3091 8085/3091 8079/3091
f 8079/3091 2708/3091 2710/3091
f 8085/180 8091/180 8086/180
f 8086/149 8080/149 8085/149
f 8086/3092 8092/3092 8087/3092
f 8087/3092 8081/3092 8086/3092
f 8087/2748 8093/2748 8065/2748
f 8094/3093 8088/3093 8065/3093
f 8095/3094 8089/3094 8082/3094
f 8082/3094 8088/3094 8095/3094
f 8096/180 8090/180 8083/180
f 8083/149 8089/149 8096/149
f 2702/3095 8084/3095 8090/3095
f 8090/3095 2704/3095 2702/3095
f 2709/3096 8091/3096 8085/3096
f 8085/3096 2710/3096 2709/3096
f 8091/180 8097/180 8092/180
f 8092/149 8086/149 8091/149
f 8092/3020 8098/3020 8093/3020
f 8093/3020 8087/3020 8092/3020
f 8093/3097 8099/3097 8065/3097
f 8100/3098 8094/3098 8065/3098
f 8101/3099 8095/3099 8088/3099
f 8088/3099 8094/3099 8101/3099
f 8102/149 8096/149 8089/149
f 8089/149 8095/149 8102/149
f 2704/3100 8090/3100 8096/3100
f 8096/3100 2703/3100 2704/3100
f 2705/3101 8097/3101 8091/3101
f 8091/3101 2709/3101 2705/3101
f 8097/149 8103/149 8098/149
f 8098/149 8092/149 8097/149
f 8098/3026 8104/3026 8099/3026
f 8099/3026 8093/3026 8098/3026
f 8099/3102 8105/3102 8065/3102
f 8106/3103 8100/3103 8065/3103
f 8107/3104 8101/3104 8094/3104
f 8094/3104 8100/3104 8107/3104
f 8108/149 8102/149 8095/149
f 8095/149 8101/149 8108/149
f 2703/3105 8096/3105 8102/3105
f 8102/3105 2699/3105 2703/3105
f 2532/149 2705/149 2530/149
f 8103/3106 8097/3106 2705/3106
f 2532/3106 8103/3106 2705/3106
f 8103/149 8109/149 8104/149
f 8104/149 8098/149 8103/149
f 8104/3107 8110/3107 8105/3107
f 8105/3107 8099/3107 8104/3107
f 8105/3108 8111/3108 8065/3108
f 8112/3109 8106/3109 8065/3109
f 8113/3110 8107/3110 8100/3110
f 8100/3110 8106/3110 8113/3110
f 8114/149 8108/149 8101/149
f 8101/149 8107/149 8114/149
f 2699/16 2527/16 2526/16
f 8102/3111 8108/3111 2527/3111
f 2699/3111 8102/3111 2527/3111
f 2533/3112 8109/3112 8103/3112
f 8103/3112 2532/3112 2533/3112
f 8109/149 8115/149 8110/149
f 8110/149 8104/149 8109/149
f 8110/2878 8116/2878 8111/2878
f 8111/2878 8105/2878 8110/2878
f 8111/3113 8117/3113 8065/3113
f 8118/3114 8112/3114 8065/3114
f 8119/3115 8113/3115 8106/3115
f 8106/3115 8112/3115 8119/3115
f 8120/149 8114/149 8107/149
f 8107/149 8113/149 8120/149
f 2527/3116 8108/3116 8114/3116
f 8114/3116 2528/3116 2527/3116
f 2529/3117 8115/3117 8109/3117
f 8109/3117 2533/3117 2529/3117
f 8115/149 8121/149 8116/149
f 8116/149 8110/149 8115/149
f 8116/3118 8122/3118 8117/3118
f 8117/3118 8111/3118 8116/3118
f 8117/3119 8123/3119 8065/3119
f 8124/3120 8118/3120 8065/3120
f 8125/3121 8119/3121 8112/3121
f 8112/3121 8118/3121 8125/3121
f 8126/149 8120/149 8113/149
f 8113/149 8119/149 8126/149
f 2528/3122 8114/3122 8120/3122
f 8120/3122 2524/3122 2528/3122
f 2348/149 2529/149 2343/149
f 8121/3123 8115/3123 2529/3123
f 2348/3123 8121/3123 2529/3123
f 8121/149 8127/149 8122/149
f 8122/149 8116/149 8121/149
f 8122/3124 8128/3124 8123/3124
f 8123/3124 8117/3124 8122/3124
f 8123/3125 8129/3125 8065/3125
f 8129/3126 8124/3126 8065/3126
f 8130/2967 8125/2967 8118/2967
f 8118/2967 8124/2967 8130/2967
f 8131/149 8126/149 8119/149
f 8119/149 8125/149 8131/149
f 2524/149 2347/149 2346/149
f 8120/3127 8126/3127 2347/3127
f 2524/3127 8120/3127 2347/3127
f 2350/3128 8127/3128 8121/3128
f 8121/3128 2348/3128 2350/3128
f 8127/149 8132/149 8128/149
f 8128/149 8122/149 8127/149
f 8128/3129 8133/3129 8129/3129
f 8129/3129 8123/3129 8128/3129
f 8133/3130 8130/3130 8124/3130
f 8124/3130 8129/3130 8133/3130
f 8134/149 8131/149 8125/149
f 8125/149 8130/149 8134/149
f 2347/2906 8126/2906 8131/2906
f 8131/2906 2349/2906 2347/2906
f 2352/3131 8132/3131 8127/3131
f 8127/3131 2350/3131 2352/3131
f 8132/149 8135/149 8133/149
f 8133/149 8128/149 8132/149
f 8135/149 8134/149 8130/149
f 8130/149 8133/149 8135/149
f 2349/3132 8131/3132 8134/3132
f 8134/3132 2351/3132 2349/3132
f 2353/3133 8135/3133 8132/3133
f 8132/3133 2352/3133 2353/3133
f 2351/3134 8134/3134 8135/3134
f 8135/3134 2353/3134 2351/3134
f 2906/9 8136/9 8137/9
f 8137/9 2907/9 2906/9
f 8136/59 3294/59 3455/59
f 2909/7 3106/7 3294/7
f 8136/59 2906/59 2909/59
f 8136/64 2909/64 3294/64
f 8138/9 8137/9 8136/9
f 8136/9 8139/9 8138/9
f 2907/7 2531/7 2707/7
f 2196/7 2344/7 2531/7
f 2044/59 2043/59 2196/59
f 2907/59 8137/59 2044/59
f 2044/59 2196/59 2531/59
f 2907/59 2044/59 2531/59
f 3456/149 8139/149 8136/149
f 8136/149 3455/149 3456/149
f 2910/9 8138/9 8139/9
f 8139/9 2911/9 2910/9
f 2044/149 8137/149 8138/149
f 8138/149 2045/149 2044/149
f 2911/7 3107/7 2912/7
f 3456/22 3295/22 3107/22
f 2911/22 8139/22 3456/22
f 2911/22 3456/22 3107/22
f 2045/22 2197/22 2040/22
f 2534/7 2354/7 2197/7
f 2910/7 2711/7 2534/7
f 2045/22 8138/22 2910/22
f 2045/22 2534/22 2197/22
f 2045/22 2910/22 2534/22
f 8140/3135 8141/3135 8142/3135
f 8143/3136 8140/3136 8142/3136
f 8144/2681 8145/2681 8141/2681
f 8141/2681 8140/2681 8144/2681
f 8141/3137 8146/3137 8142/3137
f 8147/3138 8143/3138 8142/3138
f 8148/3139 8144/3139 8140/3139
f 8140/3139 8143/3139 8148/3139
f 8149/59 8150/59 8145/59
f 8145/59 8144/59 8149/59
f 8145/2294 8151/2294 8146/2294
f 8146/2294 8141/2294 8145/2294
f 8146/3140 8152/3140 8142/3140
f 8153/3141 8147/3141 8142/3141
f 8154/2291 8148/2291 8143/2291
f 8143/2291 8147/2291 8154/2291
f 8155/59 8149/59 8144/59
f 8144/59 8148/59 8155/59
f 958/2428 8150/2428 8149/2428
f 8149/2428 959/2428 958/2428
f 8150/59 8156/59 8151/59
f 8151/59 8145/59 8150/59
f 8151/2299 8157/2299 8152/2299
f 8152/2299 8146/2299 8151/2299
f 8152/3142 8158/3142 8142/3142
f 8159/3143 8153/3143 8142/3143
f 8160/2296 8154/2296 8147/2296
f 8147/2296 8153/2296 8160/2296
f 8161/59 8155/59 8148/59
f 8148/59 8154/59 8161/59
f 8155/3144 873/3144 872/3144
f 959/3145 8149/3145 872/3145
f 8149/3146 8155/3146 872/3146
f 8150/2532 958/2532 875/2532
f 877/2531 8156/2531 875/2531
f 8156/3147 8150/3147 875/3147
f 8156/59 8162/59 8157/59
f 8157/59 8151/59 8156/59
f 8157/3148 8163/3148 8158/3148
f 8158/3148 8152/3148 8157/3148
f 8158/3149 8164/3149 8142/3149
f 8165/3150 8159/3150 8142/3150
f 8166/2590 8160/2590 8153/2590
f 8153/2590 8159/2590 8166/2590
f 8167/59 8161/59 8154/59
f 8154/59 8160/59 8167/59
f 873/32 788/32 787/32
f 8155/2303 8161/2303 788/2303
f 873/2303 8155/2303 788/2303
f 879/3151 8162/3151 8156/3151
f 8156/3151 877/3151 879/3151
f 8162/59 8168/59 8163/59
f 8163/59 8157/59 8162/59
f 8163/2691 8169/2691 8164/2691
f 8164/2691 8158/2691 8163/2691
f 8164/3152 8170/3152 8142/3152
f 8171/3153 8165/3153 8142/3153
f 8172/2594 8166/2594 8159/2594
f 8159/2594 8165/2594 8172/2594
f 8173/59 8167/59 8160/59
f 8160/59 8166/59 8173/59
f 788/2309 8161/2309 8167/2309
f 8167/2309 790/2309 788/2309
f 878/2496 8168/2496 8162/2496
f 8162/2496 879/2496 878/2496
f 8168/59 8174/59 8169/59
f 8169/59 8163/59 8168/59
f 8169/3154 8175/3154 8170/3154
f 8170/3154 8164/3154 8169/3154
f 8170/3155 8176/3155 8142/3155
f 8177/3156 8171/3156 8142/3156
f 8178/2598 8172/2598 8165/2598
f 8165/2598 8171/2598 8178/2598
f 8179/59 8173/59 8166/59
f 8166/59 8172/59 8179/59
f 790/2315 8167/2315 8173/2315
f 8173/2315 791/2315 790/2315
f 874/2574 8174/2574 8168/2574
f 8168/2574 878/2574 874/2574
f 8174/59 8180/59 8175/59
f 8175/59 8169/59 8174/59
f 8175/3157 8181/3157 8176/3157
f 8176/3157 8170/3157 8175/3157
f 8176/3158 8182/3158 8142/3158
f 8183/3159 8177/3159 8142/3159
f 8184/2602 8178/2602 8171/2602
f 8171/2602 8177/2602 8184/2602
f 8185/59 8179/59 8172/59
f 8172/59 8178/59 8185/59
f 791/2321 8173/2321 8179/2321
f 8179/2321 789/2321 791/2321
f 795/22 874/22 793/22
f 8180/3160 8174/3160 874/3160
f 795/3160 8180/3160 874/3160
f 8180/59 8186/59 8181/59
f 8181/59 8175/59 8180/59
f 8181/2697 8187/2697 8182/2697
f 8182/2697 8176/2697 8181/2697
f 8182/3161 8188/3161 8142/3161
f 8189/3162 8183/3162 8142/3162
f 8190/2609 8184/2609 8177/2609
f 8177/2609 8183/2609 8190/2609
f 8191/59 8185/59 8178/59
f 8178/59 8184/59 8191/59
f 789/59 704/59 703/59
f 8179/2327 8185/2327 704/2327
f 789/2327 8179/2327 704/2327
f 796/3163 8186/3163 8180/3163
f 8180/3163 795/3163 796/3163
f 8186/59 8192/59 8187/59
f 8187/59 8181/59 8186/59
f 8187/3164 8193/3164 8188/3164
f 8188/3164 8182/3164 8187/3164
f 8188/3165 8194/3165 8142/3165
f 8195/3166 8189/3166 8142/3166
f 8196/3167 8190/3167 8183/3167
f 8183/3167 8189/3167 8196/3167
f 8197/59 8191/59 8184/59
f 8184/59 8190/59 8197/59
f 704/2335 8185/2335 8191/2335
f 8191/2335 706/2335 704/2335
f 792/2580 8192/2580 8186/2580
f 8186/2580 796/2580 792/2580
f 8192/64 8198/64 8193/64
f 8193/59 8187/59 8192/59
f 8193/3168 8199/3168 8194/3168
f 8194/3168 8188/3168 8193/3168
f 8194/3169 8200/3169 8142/3169
f 8201/3170 8195/3170 8142/3170
f 8202/2342 8196/2342 8189/2342
f 8189/2342 8195/2342 8202/2342
f 8203/59 8197/59 8190/59
f 8190/59 8196/59 8203/59
f 706/2341 8191/2341 8197/2341
f 8197/2341 705/2341 706/2341
f 8192/3171 792/3171 709/3171
f 708/3172 8198/3172 709/3172
f 8198/3173 8192/3173 709/3173
f 8198/59 8204/59 8199/59
f 8199/59 8193/59 8198/59
f 8199/2351 8205/2351 8200/2351
f 8200/2351 8194/2351 8199/2351
f 8200/3174 8206/3174 8142/3174
f 8206/3175 8201/3175 8142/3175
f 8207/2348 8202/2348 8195/2348
f 8195/2348 8201/2348 8207/2348
f 8208/59 8203/59 8196/59
f 8196/59 8202/59 8208/59
f 705/59 625/59 624/59
f 8197/2347 8203/2347 625/2347
f 705/2347 8197/2347 625/2347
f 711/2356 8204/2356 8198/2356
f 8198/2356 708/2356 711/2356
f 8204/59 8209/59 8205/59
f 8205/59 8199/59 8204/59
f 8205/2709 8210/2709 8206/2709
f 8206/2709 8200/2709 8205/2709
f 8210/3176 8207/3176 8201/3176
f 8201/3176 8206/3176 8210/3176
f 8211/59 8208/59 8202/59
f 8202/59 8207/59 8211/59
f 625/2463 8203/2463 8208/2463
f 8208/2463 626/2463 625/2463
f 712/3177 8209/3177 8204/3177
f 8204/3177 711/3177 712/3177
f 8209/59 8212/59 8210/59
f 8210/59 8205/59 8209/59
f 8212/59 8211/59 8207/59
f 8207/59 8210/59 8212/59
f 626/2357 8208/2357 8211/2357
f 8211/2357 622/2357 626/2357
f 710/2714 8212/2714 8209/2714
f 8209/2714 712/2714 710/2714
f 8212/3178 710/3178 623/3178
f 622/3179 8211/3179 623/3179
f 8211/3180 8212/3180 623/3180
f 960/18 8213/18 8214/18
f 8214/9 961/9 960/9
f 8213/16 1146/16 1266/16
f 962/7 1060/7 1146/7
f 8213/27 960/27 962/27
f 8213/16 962/16 1146/16
f 8215/9 8214/9 8213/9
f 8213/9 8216/9 8215/9
f 961/7 794/7 876/7
f 627/7 707/7 794/7
f 536/16 535/16 627/16
f 961/16 8214/16 536/16
f 536/16 627/16 794/16
f 961/16 536/16 794/16
f 8216/59 1267/59 1385/59
f 8213/59 1266/59 1267/59
f 8216/59 8213/59 1267/59
f 1061/9 8215/9 8216/9
f 8216/9 1062/9 1061/9
f 536/7 630/7 533/7
f 8214/59 8215/59 630/59
f 536/59 8214/59 630/59
f 1062/7 1147/7 1063/7
f 1385/149 1268/149 1147/149
f 1062/149 8216/149 1385/149
f 1062/149 1385/149 1147/149
f 630/149 713/149 631/149
f 880/7 797/7 713/7
f 1061/7 963/7 880/7
f 630/149 8215/149 1061/149
f 630/149 880/149 713/149
f 630/180 1061/180 880/180
f 8217/3181 8218/3181 8219/3181
f 8220/3182 8217/3182 8219/3182
f 8221/2366 8222/2366 8218/2366
f 8218/2366 8217/2366 8221/2366
f 8218/3183 8223/3183 8219/3183
f 8224/3184 8220/3184 8219/3184
f 8225/3185 8221/3185 8217/3185
f 8217/3185 8220/3185 8225/3185
f 8226/59 8227/59 8222/59
f 8222/59 8221/59 8226/59
f 8222/2294 8228/2294 8223/2294
f 8223/2294 8218/2294 8222/2294
f 8223/3186 8229/3186 8219/3186
f 8230/3187 8224/3187 8219/3187
f 8231/2291 8225/2291 8220/2291
f 8220/2291 8224/2291 8231/2291
f 8232/59 8226/59 8221/59
f 8221/59 8225/59 8232/59
f 1066/2480 8227/2480 8226/2480
f 8226/2480 1067/2480 1066/2480
f 8227/59 8233/59 8228/59
f 8228/59 8222/59 8227/59
f 8228/2629 8234/2629 8229/2629
f 8229/2629 8223/2629 8228/2629
f 8229/3188 8235/3188 8219/3188
f 8236/3189 8230/3189 8219/3189
f 8237/3190 8231/3190 8224/3190
f 8224/3190 8230/3190 8237/3190
f 8238/59 8232/59 8225/59
f 8225/59 8231/59 8238/59
f 1067/2424 8226/2424 8232/2424
f 8232/2424 1065/2424 1067/2424
f 972/32 1066/32 970/32
f 8233/2308 8227/2308 1066/2308
f 972/2308 8233/2308 1066/2308
f 8233/59 8239/59 8234/59
f 8234/59 8228/59 8233/59
f 8234/3148 8240/3148 8235/3148
f 8235/3148 8229/3148 8234/3148
f 8235/3191 8241/3191 8219/3191
f 8242/3192 8236/3192 8219/3192
f 8243/2481 8237/2481 8230/2481
f 8230/2481 8236/2481 8243/2481
f 8244/59 8238/59 8231/59
f 8231/59 8237/59 8244/59
f 8238/2376 965/2376 964/2376
f 1065/2429 8232/2429 964/2429
f 8232/3193 8238/3193 964/3193
f 974/3151 8239/3151 8233/3151
f 8233/3151 972/3151 974/3151
f 8239/59 8245/59 8240/59
f 8240/59 8234/59 8239/59
f 8240/2597 8246/2597 8241/2597
f 8241/2597 8235/2597 8240/2597
f 8241/3194 8247/3194 8219/3194
f 8248/3195 8242/3195 8219/3195
f 8249/2594 8243/2594 8236/2594
f 8236/2594 8242/2594 8249/2594
f 8250/64 8244/64 8237/64
f 8237/59 8243/59 8250/59
f 965/2382 8238/2382 8244/2382
f 8244/2382 967/2382 965/2382
f 973/2496 8245/2496 8239/2496
f 8239/2496 974/2496 973/2496
f 8245/64 8251/64 8246/64
f 8246/64 8240/64 8245/64
f 8246/2601 8252/2601 8247/2601
f 8247/2601 8241/2601 8246/2601
f 8247/3196 8253/3196 8219/3196
f 8254/3197 8248/3197 8219/3197
f 8255/2598 8249/2598 8242/2598
f 8242/2598 8248/2598 8255/2598
f 8256/59 8250/59 8243/59
f 8243/59 8249/59 8256/59
f 967/2315 8244/2315 8250/2315
f 8250/2315 968/2315 967/2315
f 969/2574 8251/2574 8245/2574
f 8245/2574 973/2574 969/2574
f 8251/59 8257/59 8252/59
f 8252/59 8246/59 8251/59
f 8252/2605 8258/2605 8253/2605
f 8253/2605 8247/2605 8252/2605
f 8253/3198 8259/3198 8219/3198
f 8260/3199 8254/3199 8219/3199
f 8261/2602 8255/2602 8248/2602
f 8248/2602 8254/2602 8261/2602
f 8262/59 8256/59 8249/59
f 8249/59 8255/59 8262/59
f 968/3200 8250/3200 8256/3200
f 8256/3200 966/3200 968/3200
f 888/22 969/22 886/22
f 8257/3160 8251/3160 969/3160
f 888/3160 8257/3160 969/3160
f 8257/59 8263/59 8258/59
f 8258/59 8252/59 8257/59
f 8258/2610 8264/2610 8259/2610
f 8259/2610 8253/2610 8258/2610
f 8259/3201 8265/3201 8219/3201
f 8266/3202 8260/3202 8219/3202
f 8267/2609 8261/2609 8254/2609
f 8254/2609 8260/2609 8267/2609
f 8268/59 8262/59 8255/59
f 8255/59 8261/59 8268/59
f 966/22 882/22 881/22
f 8256/3203 8262/3203 882/3203
f 966/3203 8256/3203 882/3203
f 889/3163 8263/3163 8257/3163
f 8257/3163 888/3163 889/3163
f 8263/59 8269/59 8264/59
f 8264/59 8258/59 8263/59
f 8264/3164 8270/3164 8265/3164
f 8265/3164 8259/3164 8264/3164
f 8265/3204 8271/3204 8219/3204
f 8272/3205 8266/3205 8219/3205
f 8273/2450 8267/2450 8260/2450
f 8260/2450 8266/2450 8273/2450
f 8274/64 8268/64 8261/64
f 8261/59 8267/59 8274/59
f 882/3206 8262/3206 8268/3206
f 8268/3206 884/3206 882/3206
f 885/2580 8269/2580 8263/2580
f 8263/2580 889/2580 885/2580
f 8269/64 8275/64 8270/64
f 8270/59 8264/59 8269/59
f 8270/2651 8276/2651 8271/2651
f 8271/2651 8265/2651 8270/2651
f 8271/3207 8277/3207 8219/3207
f 8278/3208 8272/3208 8219/3208
f 8279/3209 8273/3209 8266/3209
f 8266/3209 8272/3209 8279/3209
f 8280/59 8274/59 8267/59
f 8267/59 8273/59 8280/59
f 884/3210 8268/3210 8274/3210
f 8274/3210 883/3210 884/3210
f 802/59 885/59 798/59
f 8275/3211 8269/3211 885/3211
f 802/3211 8275/3211 885/3211
f 8275/64 8281/64 8276/64
f 8276/59 8270/59 8275/59
f 8276/2351 8282/2351 8277/2351
f 8277/2351 8271/2351 8276/2351
f 8277/3212 8283/3212 8219/3212
f 8283/3213 8278/3213 8219/3213
f 8284/2348 8279/2348 8272/2348
f 8272/2348 8278/2348 8284/2348
f 8285/59 8280/59 8273/59
f 8273/59 8279/59 8285/59
f 8280/3214 801/3214 800/3214
f 883/3215 8274/3215 800/3215
f 8274/3216 8280/3216 800/3216
f 804/2466 8281/2466 8275/2466
f 8275/2466 802/2466 804/2466
f 8281/59 8286/59 8282/59
f 8282/59 8276/59 8281/59
f 8282/2465 8287/2465 8283/2465
f 8283/2465 8277/2465 8282/2465
f 8287/3217 8284/3217 8278/3217
f 8278/3217 8283/3217 8287/3217
f 8288/59 8285/59 8279/59
f 8279/59 8284/59 8288/59
f 801/2655 8280/2655 8285/2655
f 8285/2655 803/2655 801/2655
f 806/3218 8286/3218 8281/3218
f 8281/3218 804/3218 806/3218
f 8286/59 8289/59 8287/59
f 8287/59 8282/59 8286/59
f 8289/59 8288/59 8284/59
f 8284/59 8287/59 8289/59
f 803/2357 8285/2357 8288/2357
f 8288/2357 805/2357 803/2357
f 807/2467 8289/2467 8286/2467
f 8286/2467 806/2467 807/2467
f 805/2568 8288/2568 8289/2568
f 8289/2568 807/2568 805/2568
f 1151/18 8290/18 8291/18
f 8291/9 1149/9 1151/9
f 8290/16 1386/16 1557/16
f 1150/7 1270/7 1386/7
f 8290/27 1151/27 1150/27
f 8290/16 1150/16 1386/16
f 8292/9 8291/9 8290/9
f 8290/9 8293/9 8292/9
f 890/7 975/7 1068/7
f 1149/16 8291/16 1068/16
f 8291/16 720/16 718/16
f 718/7 808/7 890/7
f 8291/16 890/16 1068/16
f 8291/16 718/16 890/16
f 1556/59 8293/59 8290/59
f 8290/59 1557/59 1556/59
f 1152/18 8292/18 8293/18
f 8293/18 1153/18 1152/18
f 720/59 8291/59 8292/59
f 8292/59 719/59 720/59
f 1153/7 1271/7 1154/7
f 1556/149 1387/149 1271/149
f 1153/149 8293/149 1556/149
f 1153/149 1556/149 1271/149
f 719/149 809/149 715/149
f 976/7 891/7 809/7
f 8292/149 1152/149 1069/149
f 719/149 976/149 809/149
f 8292/149 1069/149 976/149
f 719/149 8292/149 976/149
f 8294/3181 8295/3181 8296/3181
f 8297/3219 8294/3219 8296/3219
f 8298/2366 8299/2366 8295/2366
f 8295/2366 8294/2366 8298/2366
f 8295/3183 8300/3183 8296/3183
f 8301/3220 8297/3220 8296/3220
f 8302/2287 8298/2287 8294/2287
f 8294/2287 8297/2287 8302/2287
f 8303/59 8304/59 8299/59
f 8299/59 8298/59 8303/59
f 8299/2294 8305/2294 8300/2294
f 8300/2294 8295/2294 8299/2294
f 8300/3221 8306/3221 8296/3221
f 8307/3222 8301/3222 8296/3222
f 8308/2291 8302/2291 8297/2291
f 8297/2291 8301/2291 8308/2291
f 8309/59 8303/59 8298/59
f 8298/59 8302/59 8309/59
f 1274/2480 8304/2480 8303/2480
f 8303/2480 1275/2480 1274/2480
f 8304/59 8310/59 8305/59
f 8305/59 8299/59 8304/59
f 8305/2479 8311/2479 8306/2479
f 8306/2479 8300/2479 8305/2479
f 8306/3223 8312/3223 8296/3223
f 8313/3189 8307/3189 8296/3189
f 8314/2296 8308/2296 8301/2296
f 8301/2296 8307/2296 8314/2296
f 8315/59 8309/59 8302/59
f 8302/59 8308/59 8315/59
f 1275/2424 8303/2424 8309/2424
f 8309/2424 1273/2424 1275/2424
f 8304/2667 1274/2667 1159/2667
f 1161/2666 8310/2666 1159/2666
f 8310/3224 8304/3224 1159/3224
f 8310/59 8316/59 8311/59
f 8311/59 8305/59 8310/59
f 8311/2433 8317/2433 8312/2433
f 8312/2433 8306/2433 8311/2433
f 8312/3191 8318/3191 8296/3191
f 8319/3192 8313/3192 8296/3192
f 8320/2481 8314/2481 8307/2481
f 8307/2481 8313/2481 8320/2481
f 8321/59 8315/59 8308/59
f 8308/59 8314/59 8321/59
f 1273/32 1157/32 1156/32
f 8309/2303 8315/2303 1157/2303
f 1273/2303 8309/2303 1157/2303
f 1163/2436 8316/2436 8310/2436
f 8310/2436 1161/2436 1163/2436
f 8316/59 8322/59 8317/59
f 8317/59 8311/59 8316/59
f 8317/2597 8323/2597 8318/2597
f 8318/2597 8312/2597 8317/2597
f 8318/3194 8324/3194 8296/3194
f 8325/3195 8319/3195 8296/3195
f 8326/2594 8320/2594 8313/2594
f 8313/2594 8319/2594 8326/2594
f 8327/64 8321/64 8314/64
f 8314/59 8320/59 8327/59
f 8321/3225 1072/3225 1071/3225
f 1157/3226 8315/3226 1071/3226
f 8315/3227 8321/3227 1071/3227
f 1162/2496 8322/2496 8316/2496
f 8316/2496 1163/2496 1162/2496
f 8322/64 8328/64 8323/64
f 8323/64 8317/64 8322/64
f 8323/2601 8329/2601 8324/2601
f 8324/2601 8318/2601 8323/2601
f 8324/3196 8330/3196 8296/3196
f 8331/3197 8325/3197 8296/3197
f 8332/2598 8326/2598 8319/2598
f 8319/2598 8325/2598 8332/2598
f 8333/59 8327/59 8320/59
f 8320/59 8326/59 8333/59
f 1072/2315 8321/2315 8327/2315
f 8327/2315 1074/2315 1072/2315
f 1158/2574 8328/2574 8322/2574
f 8322/2574 1162/2574 1158/2574
f 8328/59 8334/59 8329/59
f 8329/59 8323/59 8328/59
f 8329/2605 8335/2605 8330/2605
f 8330/2605 8324/2605 8329/2605
f 8330/3198 8336/3198 8296/3198
f 8337/3199 8331/3199 8296/3199
f 8338/2602 8332/2602 8325/2602
f 8325/2602 8331/2602 8338/2602
f 8339/59 8333/59 8326/59
f 8326/59 8332/59 8339/59
f 1074/3200 8327/3200 8333/3200
f 8333/3200 1073/3200 1074/3200
f 1078/22 1158/22 1076/22
f 8334/2505 8328/2505 1158/2505
f 1078/2505 8334/2505 1158/2505
f 8334/59 8340/59 8335/59
f 8335/59 8329/59 8334/59
f 8335/2610 8341/2610 8336/2610
f 8336/2610 8330/2610 8335/2610
f 8336/3228 8342/3228 8296/3228
f 8343/3202 8337/3202 8296/3202
f 8344/2609 8338/2609 8331/2609
f 8331/2609 8337/2609 8344/2609
f 8345/59 8339/59 8332/59
f 8332/59 8338/59 8345/59
f 8339/2607 978/2607 977/2607
f 1073/2606 8333/2606 977/2606
f 8333/3229 8339/3229 977/3229
f 1079/2509 8340/2509 8334/2509
f 8334/2509 1078/2509 1079/2509
f 8340/59 8346/59 8341/59
f 8341/59 8335/59 8340/59
f 8341/2451 8347/2451 8342/2451
f 8342/2451 8336/2451 8341/2451
f 8342/3230 8348/3230 8296/3230
f 8349/3231 8343/3231 8296/3231
f 8350/2450 8344/2450 8337/2450
f 8337/2450 8343/2450 8350/2450
f 8351/64 8345/64 8338/64
f 8338/59 8344/59 8351/59
f 978/3206 8339/3206 8345/3206
f 8345/3206 980/3206 978/3206
f 1075/2455 8346/2455 8340/2455
f 8340/2455 1079/2455 1075/2455
f 8346/64 8352/64 8347/64
f 8347/59 8341/59 8346/59
f 8347/2345 8353/2345 8348/2345
f 8348/2345 8342/2345 8347/2345
f 8348/3207 8354/3207 8296/3207
f 8355/3232 8349/3232 8296/3232
f 8356/2342 8350/2342 8343/2342
f 8343/2342 8349/2342 8356/2342
f 8357/59 8351/59 8344/59
f 8344/59 8350/59 8357/59
f 980/3210 8345/3210 8351/3210
f 8351/3210 979/3210 980/3210
f 982/59 1075/59 983/59
f 8352/2352 8346/2352 1075/2352
f 982/2352 8352/2352 1075/2352
f 8352/59 8358/59 8353/59
f 8353/59 8347/59 8352/59
f 8353/2351 8359/2351 8354/2351
f 8354/2351 8348/2351 8353/2351
f 8354/3212 8360/3212 8296/3212
f 8360/3233 8355/3233 8296/3233
f 8361/2348 8356/2348 8349/2348
f 8349/2348 8355/2348 8361/2348
f 8362/59 8357/59 8350/59
f 8350/59 8356/59 8362/59
f 8357/2652 892/2652 894/2652
f 979/3234 8351/3234 894/3234
f 8351/3235 8357/3235 894/3235
f 985/3236 8358/3236 8352/3236
f 8352/3236 982/3236 985/3236
f 8358/59 8363/59 8359/59
f 8359/59 8353/59 8358/59
f 8359/2465 8364/2465 8360/2465
f 8360/2465 8354/2465 8359/2465
f 8364/2354 8361/2354 8355/2354
f 8355/2354 8360/2354 8364/2354
f 8365/59 8362/59 8356/59
f 8356/59 8361/59 8365/59
f 892/59 984/59 893/59
f 8357/2655 8362/2655 984/2655
f 892/2655 8357/2655 984/2655
f 987/3218 8363/3218 8358/3218
f 8358/3218 985/3218 987/3218
f 8363/59 8366/59 8364/59
f 8364/59 8359/59 8363/59
f 8366/59 8365/59 8361/59
f 8361/59 8364/59 8366/59
f 984/2357 8362/2357 8365/2357
f 8365/2357 986/2357 984/2357
f 988/2467 8366/2467 8363/2467
f 8363/2467 987/2467 988/2467
f 986/2568 8365/2568 8366/2568
f 8366/2568 988/2568 986/2568
f 1277/18 8367/18 8368/18
f 8368/18 1278/18 1277/18
f 8367/16 1558/16 1697/16
f 1277/7 1276/7 1389/7
f 8367/16 1389/16 1558/16
f 8367/16 1277/16 1389/16
f 8369/9 8368/9 8367/9
f 8367/9 8370/9 8369/9
f 813/7 895/7 981/7
f 1278/16 8368/16 1160/16
f 813/7 981/7 1077/7
f 8368/16 1077/16 1160/16
f 8368/16 814/16 813/16
f 8368/16 813/16 1077/16
f 8370/59 1698/59 1858/59
f 8367/59 1697/59 1698/59
f 8370/59 8367/59 1698/59
f 1390/18 8369/18 8370/18
f 8370/18 1391/18 1390/18
f 814/7 898/7 811/7
f 8368/59 8369/59 898/59
f 814/59 8368/59 898/59
f 1391/7 1559/7 1392/7
f 1858/149 1699/149 1559/149
f 1391/149 8370/149 1858/149
f 1391/149 1858/149 1559/149
f 898/149 989/149 899/149
f 1164/7 1080/7 989/7
f 1390/7 1279/7 1164/7
f 898/149 8369/149 1390/149
f 898/149 1164/149 989/149
f 898/180 1390/180 1164/180
f 8371/3181 8372/3181 8373/3181
f 8374/3219 8371/3219 8373/3219
f 8375/2366 8376/2366 8372/2366
f 8372/2366 8371/2366 8375/2366
f 8372/3183 8377/3183 8373/3183
f 8378/3220 8374/3220 8373/3220
f 8379/2287 8375/2287 8371/2287
f 8371/2287 8374/2287 8379/2287
f 8380/59 8381/59 8376/59
f 8376/59 8375/59 8380/59
f 8376/2294 8382/2294 8377/2294
f 8377/2294 8372/2294 8376/2294
f 8377/3221 8383/3221 8373/3221
f 8384/3222 8378/3222 8373/3222
f 8385/2291 8379/2291 8374/2291
f 8374/2291 8378/2291 8385/2291
f 8386/59 8380/59 8375/59
f 8375/59 8379/59 8386/59
f 1562/2480 8381/2480 8380/2480
f 8380/2480 1563/2480 1562/2480
f 8381/59 8387/59 8382/59
f 8382/59 8376/59 8381/59
f 8382/2479 8388/2479 8383/2479
f 8383/2479 8377/2479 8382/2479
f 8383/3223 8389/3223 8373/3223
f 8390/3189 8384/3189 8373/3189
f 8391/2296 8385/2296 8378/2296
f 8378/2296 8384/2296 8391/2296
f 8392/59 8386/59 8379/59
f 8379/59 8385/59 8392/59
f 1563/2424 8380/2424 8386/2424
f 8386/2424 1561/2424 1563/2424
f 1398/32 1562/32 1396/32
f 8387/2308 8381/2308 1562/2308
f 1398/2308 8387/2308 1562/2308
f 8387/59 8393/59 8388/59
f 8388/59 8382/59 8387/59
f 8388/2433 8394/2433 8389/2433
f 8389/2433 8383/2433 8388/2433
f 8389/3237 8395/3237 8373/3237
f 8396/3192 8390/3192 8373/3192
f 8397/2481 8391/2481 8384/2481
f 8384/2481 8390/2481 8397/2481
f 8398/59 8392/59 8385/59
f 8385/59 8391/59 8398/59
f 1561/22 1281/22 1394/22
f 8392/3238 1282/3238 1281/3238
f 1561/2303 8386/2303 8392/2303
f 1561/3239 8392/3239 1281/3239
f 1400/2436 8393/2436 8387/2436
f 8387/2436 1398/2436 1400/2436
f 8393/59 8399/59 8394/59
f 8394/59 8388/59 8393/59
f 8394/2490 8400/2490 8395/2490
f 8395/2490 8389/2490 8394/2490
f 8395/3240 8401/3240 8373/3240
f 8402/3195 8396/3195 8373/3195
f 8403/2594 8397/2594 8390/2594
f 8390/2594 8396/2594 8403/2594
f 8404/64 8398/64 8391/64
f 8391/59 8397/59 8404/59
f 1282/2382 8392/2382 8398/2382
f 8398/2382 1284/2382 1282/2382
f 1399/2496 8399/2496 8393/2496
f 8393/2496 1400/2496 1399/2496
f 8399/59 8405/59 8400/59
f 8400/59 8394/59 8399/59
f 8400/2495 8406/2495 8401/2495
f 8401/2495 8395/2495 8400/2495
f 8401/3241 8407/3241 8373/3241
f 8408/3197 8402/3197 8373/3197
f 8409/2598 8403/2598 8396/2598
f 8396/2598 8402/2598 8409/2598
f 8410/59 8404/59 8397/59
f 8397/59 8403/59 8410/59
f 1284/2315 8398/2315 8404/2315
f 8404/2315 1285/2315 1284/2315
f 1395/2442 8405/2442 8399/2442
f 8399/2442 1399/2442 1395/2442
f 8405/59 8411/59 8406/59
f 8406/59 8400/59 8405/59
f 8406/2501 8412/2501 8407/2501
f 8407/2501 8401/2501 8406/2501
f 8407/3242 8413/3242 8373/3242
f 8414/3199 8408/3199 8373/3199
f 8415/2602 8409/2602 8402/2602
f 8402/2602 8408/2602 8415/2602
f 8416/59 8410/59 8403/59
f 8403/59 8409/59 8416/59
f 1285/2497 8404/2497 8410/2497
f 8410/2497 1283/2497 1285/2497
f 8405/2333 1395/2333 1287/2333
f 1289/2399 8411/2399 1287/2399
f 8411/3243 8405/3243 1287/3243
f 8411/59 8417/59 8412/59
f 8412/59 8406/59 8411/59
f 8412/2504 8418/2504 8413/2504
f 8413/2504 8407/2504 8412/2504
f 8413/3228 8419/3228 8373/3228
f 8420/3202 8414/3202 8373/3202
f 8421/2609 8415/2609 8408/2609
f 8408/2609 8414/2609 8421/2609
f 8422/59 8416/59 8409/59
f 8409/59 8415/59 8422/59
f 1283/22 1166/22 1165/22
f 8410/3244 8416/3244 1166/3244
f 1283/3244 8410/3244 1166/3244
f 1290/2509 8417/2509 8411/2509
f 8411/2509 1289/2509 1290/2509
f 8417/59 8423/59 8418/59
f 8418/59 8412/59 8417/59
f 8418/2451 8424/2451 8419/2451
f 8419/2451 8413/2451 8418/2451
f 8419/3230 8425/3230 8373/3230
f 8426/3231 8420/3231 8373/3231
f 8427/2450 8421/2450 8414/2450
f 8414/2450 8420/2450 8427/2450
f 8428/59 8422/59 8415/59
f 8415/59 8421/59 8428/59
f 1166/2449 8416/2449 8422/2449
f 8422/2449 1168/2449 1166/2449
f 1286/2455 8423/2455 8417/2455
f 8417/2455 1290/2455 1286/2455
f 8423/64 8429/64 8424/64
f 8424/59 8418/59 8423/59
f 8424/2345 8430/2345 8425/2345
f 8425/2345 8419/2345 8424/2345
f 8425/3207 8431/3207 8373/3207
f 8432/3232 8426/3232 8373/3232
f 8433/2342 8427/2342 8420/2342
f 8420/2342 8426/2342 8433/2342
f 8434/59 8428/59 8421/59
f 8421/59 8427/59 8434/59
f 1168/2452 8422/2452 8428/2452
f 8428/2452 1167/2452 1168/2452
f 1170/59 1286/59 1171/59
f 8429/2352 8423/2352 1286/2352
f 1170/2352 8429/2352 1286/2352
f 8429/59 8435/59 8430/59
f 8430/59 8424/59 8429/59
f 8430/2351 8436/2351 8431/2351
f 8431/2351 8425/2351 8430/2351
f 8431/3212 8437/3212 8373/3212
f 8437/3233 8432/3233 8373/3233
f 8438/2348 8433/2348 8426/2348
f 8426/2348 8432/2348 8438/2348
f 8439/59 8434/59 8427/59
f 8427/59 8433/59 8439/59
f 8434/2652 1084/2652 1083/2652
f 1167/3234 8428/3234 1083/3234
f 8428/3235 8434/3235 1083/3235
f 1173/2466 8435/2466 8429/2466
f 8429/2466 1170/2466 1173/2466
f 8435/59 8440/59 8436/59
f 8436/59 8430/59 8435/59
f 8436/2465 8441/2465 8437/2465
f 8437/2465 8431/2465 8436/2465
f 8441/2354 8438/2354 8432/2354
f 8432/2354 8437/2354 8441/2354
f 8442/59 8439/59 8433/59
f 8433/59 8438/59 8442/59
f 1084/2655 8434/2655 8439/2655
f 8439/2655 1081/2655 1084/2655
f 1175/2358 8440/2358 8435/2358
f 8435/2358 1173/2358 1175/2358
f 8440/59 8443/59 8441/59
f 8441/59 8436/59 8440/59
f 8443/59 8442/59 8438/59
f 8438/59 8441/59 8443/59
f 1081/22 1172/22 1082/22
f 8439/2357 8442/2357 1172/2357
f 1081/2357 8439/2357 1172/2357
f 1174/2467 8443/2467 8440/2467
f 8440/2467 1175/2467 1174/2467
f 1172/2568 8442/2568 8443/2568
f 8443/2568 1174/2568 1172/2568
f 1565/18 8444/18 8445/18
f 8445/18 1566/18 1565/18
f 8444/16 1859/16 2002/16
f 1564/7 1701/7 1859/7
f 8444/27 1565/27 1564/27
f 8444/16 1564/16 1859/16
f 8446/9 8445/9 8444/9
f 8444/9 8447/9 8446/9
f 1566/7 1288/7 1397/7
f 1085/7 1169/7 1288/7
f 994/16 993/16 1085/16
f 1566/16 8445/16 994/16
f 1566/7 1085/7 1288/7
f 1566/16 994/16 1085/16
f 8447/64 2003/64 2154/64
f 8444/59 2002/59 2003/59
f 8447/59 8444/59 2003/59
f 1702/9 8446/9 8447/9
f 8447/9 1703/9 1702/9
f 994/7 1089/7 991/7
f 8445/59 8446/59 1089/59
f 994/59 8445/59 1089/59
f 1703/7 1860/7 1704/7
f 2154/149 2004/149 1860/149
f 1703/149 8447/149 2154/149
f 1703/149 2154/149 1860/149
f 1089/149 1176/149 1086/149
f 1401/7 1291/7 1176/7
f 8446/149 1702/149 1567/149
f 1567/7 1401/7 1176/7
f 1089/149 8446/149 1176/149
f 8446/149 1567/149 1176/149
f 8448/3245 8449/3245 8450/3245
f 8451/3219 8448/3219 8450/3219
f 8452/2473 8453/2473 8449/2473
f 8449/2473 8448/2473 8452/2473
f 8449/3246 8454/3246 8450/3246
f 8455/3220 8451/3220 8450/3220
f 8456/2287 8452/2287 8448/2287
f 8448/2287 8451/2287 8456/2287
f 8457/64 8458/64 8453/64
f 8453/59 8452/59 8457/59
f 8453/3247 8459/3247 8454/3247
f 8454/3247 8449/3247 8453/3247
f 8454/3248 8460/3248 8450/3248
f 8461/3249 8455/3249 8450/3249
f 8462/2291 8456/2291 8451/2291
f 8451/2291 8455/2291 8462/2291
f 8463/59 8457/59 8452/59
f 8452/59 8456/59 8463/59
f 1865/2480 8458/2480 8457/2480
f 8457/2480 1866/2480 1865/2480
f 8458/64 8464/64 8459/64
f 8459/59 8453/59 8458/59
f 8459/3250 8465/3250 8460/3250
f 8460/3250 8454/3250 8459/3250
f 8460/3251 8466/3251 8450/3251
f 8467/3252 8461/3252 8450/3252
f 8468/3253 8462/3253 8455/3253
f 8455/3253 8461/3253 8468/3253
f 8469/59 8463/59 8456/59
f 8456/59 8462/59 8469/59
f 1866/2424 8457/2424 8463/2424
f 8463/2424 1862/2424 1866/2424
f 2010/22 1865/22 1864/22
f 8464/3254 8458/3254 1865/3254
f 2010/3254 8464/3254 1865/3254
f 8464/59 8470/59 8465/59
f 8465/59 8459/59 8464/59
f 8465/2484 8471/2484 8466/2484
f 8466/2484 8460/2484 8465/2484
f 8466/3255 8472/3255 8450/3255
f 8473/3256 8467/3256 8450/3256
f 8474/2529 8468/2529 8461/2529
f 8461/2529 8467/2529 8474/2529
f 8475/59 8469/59 8462/59
f 8462/59 8468/59 8475/59
f 8469/2376 1708/2376 1707/2376
f 1862/2429 8463/2429 1707/2429
f 8463/3193 8469/3193 1707/3193
f 8464/3257 2010/3257 1869/3257
f 1870/3258 8470/3258 1869/3258
f 8470/3259 8464/3259 1869/3259
f 8470/59 8476/59 8471/59
f 8471/59 8465/59 8470/59
f 8471/2538 8477/2538 8472/2538
f 8472/2538 8466/2538 8471/2538
f 8472/3260 8478/3260 8450/3260
f 8479/3261 8473/3261 8450/3261
f 8480/2487 8474/2487 8467/2487
f 8467/2487 8473/2487 8480/2487
f 8481/64 8475/64 8468/64
f 8468/59 8474/59 8481/59
f 1708/3262 8469/3262 8475/3262
f 8475/3262 1710/3262 1708/3262
f 1871/2496 8476/2496 8470/2496
f 8470/2496 1870/2496 1871/2496
f 8476/59 8482/59 8477/59
f 8477/59 8471/59 8476/59
f 8477/2541 8483/2541 8478/2541
f 8478/2541 8472/2541 8477/2541
f 8478/3263 8484/3263 8450/3263
f 8485/3264 8479/3264 8450/3264
f 8486/2492 8480/2492 8473/2492
f 8473/2492 8479/2492 8486/2492
f 8487/59 8481/59 8474/59
f 8474/59 8480/59 8487/59
f 1710/2315 8475/2315 8481/2315
f 8481/2315 1709/2315 1710/2315
f 1868/2442 8482/2442 8476/2442
f 8476/2442 1871/2442 1868/2442
f 8482/59 8488/59 8483/59
f 8483/59 8477/59 8482/59
f 8483/2545 8489/2545 8484/2545
f 8484/2545 8478/2545 8483/2545
f 8484/3265 8490/3265 8450/3265
f 8491/3266 8485/3266 8450/3266
f 8492/2542 8486/2542 8479/2542
f 8479/2542 8485/2542 8492/2542
f 8493/59 8487/59 8480/59
f 8480/59 8486/59 8493/59
f 1709/2671 8481/2671 8487/2671
f 8487/2671 1706/2671 1709/2671
f 8482/3267 1868/3267 1712/3267
f 1714/3268 8488/3268 1712/3268
f 8488/3269 8482/3269 1712/3269
f 8488/59 8494/59 8489/59
f 8489/59 8483/59 8488/59
f 8489/2551 8495/2551 8490/2551
f 8490/2551 8484/2551 8489/2551
f 8490/3228 8496/3228 8450/3228
f 8497/3270 8491/3270 8450/3270
f 8498/2550 8492/2550 8485/2550
f 8485/2550 8491/2550 8498/2550
f 8499/59 8493/59 8486/59
f 8486/59 8492/59 8499/59
f 1706/22 1571/22 1570/22
f 8487/3244 8493/3244 1571/3244
f 1706/3244 8487/3244 1571/3244
f 1715/2509 8494/2509 8488/2509
f 8488/2509 1714/2509 1715/2509
f 8494/59 8500/59 8495/59
f 8495/59 8489/59 8494/59
f 8495/2451 8501/2451 8496/2451
f 8496/2451 8490/2451 8495/2451
f 8496/3271 8502/3271 8450/3271
f 8503/3272 8497/3272 8450/3272
f 8504/3273 8498/3273 8491/3273
f 8491/3273 8497/3273 8504/3273
f 8505/64 8499/64 8492/64
f 8492/59 8498/59 8505/59
f 1571/2449 8493/2449 8499/2449
f 8499/2449 1572/2449 1571/2449
f 1711/2557 8500/2557 8494/2557
f 8494/2557 1715/2557 1711/2557
f 8500/64 8506/64 8501/64
f 8501/59 8495/59 8500/59
f 8501/3274 8507/3274 8502/3274
f 8502/3274 8496/3274 8501/3274
f 8502/3275 8508/3275 8450/3275
f 8509/3232 8503/3232 8450/3232
f 8510/3276 8504/3276 8497/3276
f 8497/3276 8503/3276 8510/3276
f 8511/59 8505/59 8498/59
f 8498/59 8504/59 8511/59
f 1572/2612 8499/2612 8505/2612
f 8505/2612 1569/2612 1572/2612
f 8500/3277 1711/3277 1575/3277
f 1574/3278 8506/3278 1575/3278
f 8506/3279 8500/3279 1575/3279
f 8506/59 8512/59 8507/59
f 8507/59 8501/59 8506/59
f 8507/2351 8513/2351 8508/2351
f 8508/2351 8502/2351 8507/2351
f 8508/3280 8514/3280 8450/3280
f 8514/3233 8509/3233 8450/3233
f 8515/2348 8510/2348 8503/2348
f 8503/2348 8509/2348 8515/2348
f 8516/59 8511/59 8504/59
f 8504/59 8510/59 8516/59
f 8511/3281 1406/3281 1405/3281
f 1569/3282 8505/3282 1405/3282
f 8505/3283 8511/3283 1405/3283
f 8506/3284 1574/3284 1404/3284
f 1403/3285 8512/3285 1404/3285
f 8512/3286 8506/3286 1404/3286
f 8512/59 8517/59 8513/59
f 8513/59 8507/59 8512/59
f 8513/2519 8518/2519 8514/2519
f 8514/2519 8508/2519 8513/2519
f 8518/2354 8515/2354 8509/2354
f 8509/2354 8514/2354 8518/2354
f 8519/59 8516/59 8510/59
f 8510/59 8515/59 8519/59
f 1406/2518 8511/2518 8516/2518
f 8516/2518 1408/2518 1406/2518
f 1407/3287 8517/3287 8512/3287
f 8512/3287 1403/3287 1407/3287
f 8517/59 8520/59 8518/59
f 8518/59 8513/59 8517/59
f 8520/59 8519/59 8515/59
f 8515/59 8518/59 8520/59
f 1408/2357 8516/2357 8519/2357
f 8519/2357 1410/2357 1408/2357
f 1409/2467 8520/2467 8517/2467
f 8517/2467 1407/2467 1409/2467
f 1410/2568 8519/2568 8520/2568
f 8520/2568 1409/2568 1410/2568
f 2009/18 8521/18 8522/18
f 8522/18 2007/18 2009/18
f 8521/16 2301/16 2468/16
f 2008/7 2156/7 2301/7
f 8521/27 2009/27 2008/27
f 8521/16 2008/16 2301/16
f 8523/9 8522/9 8521/9
f 8521/9 8524/9 8523/9
f 2007/7 1713/7 1872/7
f 1411/7 1573/7 1713/7
f 1297/16 1296/16 1411/16
f 2007/16 8522/16 1297/16
f 2007/7 1411/7 1713/7
f 2007/16 1297/16 1411/16
f 8524/59 2469/59 2641/59
f 8521/59 2468/59 2469/59
f 8524/59 8521/59 2469/59
f 2180/9 8523/9 8524/9
f 8524/9 2181/9 2180/9
f 1297/7 1415/7 1294/7
f 8522/59 8523/59 1415/59
f 1297/59 8522/59 1415/59
f 2181/7 2325/7 2178/7
f 2641/149 2503/149 2325/149
f 2181/149 8524/149 2641/149
f 2181/149 2641/149 2325/149
f 1415/149 1580/149 1413/149
f 1884/7 1723/7 1580/7
f 2180/7 2029/7 1884/7
f 1415/149 8523/149 2180/149
f 1415/149 1884/149 1580/149
f 1415/180 2180/180 1884/180
f 8525/3245 8526/3245 8527/3245
f 8528/3219 8525/3219 8527/3219
f 8529/2473 8530/2473 8526/2473
f 8526/2473 8525/2473 8529/2473
f 8526/3246 8531/3246 8527/3246
f 8532/3220 8528/3220 8527/3220
f 8533/2287 8529/2287 8525/2287
f 8525/2287 8528/2287 8533/2287
f 8534/64 8535/64 8530/64
f 8530/59 8529/59 8534/59
f 8530/3247 8536/3247 8531/3247
f 8531/3247 8526/3247 8530/3247
f 8531/3248 8537/3248 8527/3248
f 8538/3222 8532/3222 8527/3222
f 8539/2291 8533/2291 8528/2291
f 8528/2291 8532/2291 8539/2291
f 8540/59 8534/59 8529/59
f 8529/59 8533/59 8540/59
f 2322/2480 8535/2480 8534/2480
f 8534/2480 2324/2480 2322/2480
f 8535/64 8541/64 8536/64
f 8536/59 8530/59 8535/59
f 8536/3250 8542/3250 8537/3250
f 8537/3250 8531/3250 8536/3250
f 8537/3251 8543/3251 8527/3251
f 8544/3189 8538/3189 8527/3189
f 8545/2296 8539/2296 8532/2296
f 8532/2296 8538/2296 8545/2296
f 8546/59 8540/59 8533/59
f 8533/59 8539/59 8546/59
f 2324/2424 8534/2424 8540/2424
f 8540/2424 2323/2424 2324/2424
f 8535/3288 2322/3288 2173/3288
f 2172/3289 8541/3289 2173/3289
f 8541/3290 8535/3290 2173/3290
f 8541/59 8547/59 8542/59
f 8542/59 8536/59 8541/59
f 8542/2484 8548/2484 8543/2484
f 8543/2484 8537/2484 8542/2484
f 8543/3237 8549/3237 8527/3237
f 8550/3256 8544/3256 8527/3256
f 8551/2481 8545/2481 8538/2481
f 8538/2481 8544/2481 8551/2481
f 8552/59 8546/59 8539/59
f 8539/59 8545/59 8552/59
f 2025/22 2024/22 2182/22
f 2323/2429 8540/2429 2182/2429
f 8540/2303 8546/2303 2025/2303
f 8540/3291 2025/3291 2182/3291
f 2175/2436 8547/2436 8541/2436
f 8541/2436 2172/2436 2175/2436
f 8547/59 8553/59 8548/59
f 8548/59 8542/59 8547/59
f 8548/2490 8554/2490 8549/2490
f 8549/2490 8543/2490 8548/2490
f 8549/3240 8555/3240 8527/3240
f 8556/3261 8550/3261 8527/3261
f 8557/2487 8551/2487 8544/2487
f 8544/2487 8550/2487 8557/2487
f 8558/64 8552/64 8545/64
f 8545/59 8551/59 8558/59
f 2025/2382 8546/2382 8552/2382
f 8552/2382 2027/2382 2025/2382
f 2177/2496 8553/2496 8547/2496
f 8547/2496 2175/2496 2177/2496
f 8553/59 8559/59 8554/59
f 8554/59 8548/59 8553/59
f 8554/2495 8560/2495 8555/2495
f 8555/2495 8549/2495 8554/2495
f 8555/3241 8561/3241 8527/3241
f 8562/3264 8556/3264 8527/3264
f 8563/2492 8557/2492 8550/2492
f 8550/2492 8556/2492 8563/2492
f 8564/59 8558/59 8551/59
f 8551/59 8557/59 8564/59
f 2027/2315 8552/2315 8558/2315
f 8558/2315 2028/2315 2027/2315
f 2176/2442 8559/2442 8553/2442
f 8553/2442 2177/2442 2176/2442
f 8559/59 8565/59 8560/59
f 8560/59 8554/59 8559/59
f 8560/2501 8566/2501 8561/2501
f 8561/2501 8555/2501 8560/2501
f 8561/3242 8567/3242 8527/3242
f 8568/3266 8562/3266 8527/3266
f 8569/2542 8563/2542 8556/2542
f 8556/2542 8562/2542 8569/2542
f 8570/59 8564/59 8557/59
f 8557/59 8563/59 8570/59
f 2028/3292 8558/3292 8564/3292
f 8564/3292 2026/3292 2028/3292
f 2021/59 2176/59 2018/59
f 8565/3293 8559/3293 2176/3293
f 2021/3293 8565/3293 2176/3293
f 8565/59 8571/59 8566/59
f 8566/59 8560/59 8565/59
f 8566/2504 8572/2504 8567/2504
f 8567/2504 8561/2504 8566/2504
f 8567/3228 8573/3228 8527/3228
f 8574/3202 8568/3202 8527/3202
f 8575/2550 8569/2550 8562/2550
f 8562/2550 8568/2550 8575/2550
f 8576/59 8570/59 8563/59
f 8563/59 8569/59 8576/59
f 8570/3294 1886/3294 1885/3294
f 2026/3295 8564/3295 1885/3295
f 8564/3296 8570/3296 1885/3296
f 2022/2509 8571/2509 8565/2509
f 8565/2509 2021/2509 2022/2509
f 8571/59 8577/59 8572/59
f 8572/59 8566/59 8571/59
f 8572/2451 8578/2451 8573/2451
f 8573/2451 8567/2451 8572/2451
f 8573/3271 8579/3271 8527/3271
f 8580/3231 8574/3231 8527/3231
f 8581/2450 8575/2450 8568/2450
f 8568/2450 8574/2450 8581/2450
f 8582/59 8576/59 8569/59
f 8569/59 8575/59 8582/59
f 1886/2449 8570/2449 8576/2449
f 8576/2449 1888/2449 1886/2449
f 2020/2557 8577/2557 8571/2557
f 8571/2557 2022/2557 2020/2557
f 8577/64 8583/64 8578/64
f 8578/59 8572/59 8577/59
f 8578/3274 8584/3274 8579/3274
f 8579/3274 8573/3274 8578/3274
f 8579/3275 8585/3275 8527/3275
f 8586/3232 8580/3232 8527/3232
f 8587/2342 8581/2342 8574/2342
f 8574/2342 8580/2342 8587/2342
f 8588/59 8582/59 8575/59
f 8575/59 8581/59 8588/59
f 1888/2554 8576/2554 8582/2554
f 8582/2554 1887/2554 1888/2554
f 1880/59 2020/59 1877/59
f 8583/3297 8577/3297 2020/3297
f 1880/3297 8583/3297 2020/3297
f 8583/59 8589/59 8584/59
f 8584/59 8578/59 8583/59
f 8584/2351 8590/2351 8585/2351
f 8585/2351 8579/2351 8584/2351
f 8585/3280 8591/3280 8527/3280
f 8591/3233 8586/3233 8527/3233
f 8592/2348 8587/2348 8580/2348
f 8580/2348 8586/2348 8592/2348
f 8593/59 8588/59 8581/59
f 8581/59 8587/59 8593/59
f 1887/59 1725/59 1724/59
f 8582/2347 8588/2347 1725/2347
f 1887/2347 8582/2347 1725/2347
f 1882/2466 8589/2466 8583/2466
f 8583/2466 1880/2466 1882/2466
f 8589/64 8594/64 8590/64
f 8590/64 8584/64 8589/64
f 8590/2519 8595/2519 8591/2519
f 8591/2519 8585/2519 8590/2519
f 8595/2354 8592/2354 8586/2354
f 8586/2354 8591/2354 8595/2354
f 8596/59 8593/59 8587/59
f 8587/59 8592/59 8596/59
f 1725/2655 8588/2655 8593/2655
f 8593/2655 1721/2655 1725/2655
f 1883/2358 8594/2358 8589/2358
f 8589/2358 1882/2358 1883/2358
f 8594/59 8597/59 8595/59
f 8595/59 8590/59 8594/59
f 8597/59 8596/59 8592/59
f 8592/59 8595/59 8597/59
f 1721/32 1879/32 1722/32
f 8593/2357 8596/2357 1879/2357
f 1721/2357 8593/2357 1879/2357
f 1881/2467 8597/2467 8594/2467
f 8594/2467 1883/2467 1881/2467
f 1879/2568 8596/2568 8597/2568
f 8597/2568 1881/2568 1879/2568
f 2319/18 8598/18 8599/18
f 8599/18 2320/18 2319/18
f 8598/16 2670/16 2818/16
f 2321/7 2502/7 2670/7
f 8598/27 2319/27 2321/27
f 8598/16 2321/16 2670/16
f 8600/9 8599/9 8598/9
f 8598/9 8601/9 8600/9
f 2320/7 2019/7 2174/7
f 1720/7 1878/7 2019/7
f 1577/16 1579/16 1720/16
f 2320/16 8599/16 1577/16
f 2320/7 1720/7 2019/7
f 2320/16 1577/16 1720/16
f 8601/64 2817/64 3023/64
f 8598/59 2818/59 2817/59
f 8601/59 8598/59 2817/59
f 2500/9 8600/9 8601/9
f 8601/18 2501/18 2500/18
f 1577/7 1719/7 1578/7
f 8599/59 8600/59 1719/59
f 1577/59 8599/59 1719/59
f 2501/7 2668/7 2498/7
f 3023/149 2855/149 2668/149
f 2501/149 8601/149 3023/149
f 2501/149 3023/149 2668/149
f 1719/149 1875/149 1717/149
f 2170/7 2016/7 1875/7
f 2500/7 2317/7 2170/7
f 1719/149 8600/149 2500/149
f 1719/149 2170/149 1875/149
f 1719/180 2500/180 2170/180
f 8602/3181 8603/3181 8604/3181
f 8605/3298 8602/3298 8604/3298
f 8606/2366 8607/2366 8603/2366
f 8603/2366 8602/2366 8606/2366
f 8603/3299 8608/3299 8604/3299
f 8609/3300 8605/3300 8604/3300
f 8610/2470 8606/2470 8602/2470
f 8602/2470 8605/2470 8610/2470
f 8611/59 8612/59 8607/59
f 8607/59 8606/59 8611/59
f 8607/3247 8613/3247 8608/3247
f 8608/3247 8603/3247 8607/3247
f 8608/3301 8614/3301 8604/3301
f 8615/3302 8609/3302 8604/3302
f 8616/2291 8610/2291 8605/2291
f 8605/2291 8609/2291 8616/2291
f 8617/59 8611/59 8606/59
f 8606/59 8610/59 8617/59
f 2665/2480 8612/2480 8611/2480
f 8611/2480 2667/2480 2665/2480
f 8612/59 8618/59 8613/59
f 8613/59 8607/59 8612/59
f 8613/2479 8619/2479 8614/2479
f 8614/2479 8608/2479 8613/2479
f 8614/3251 8620/3251 8604/3251
f 8621/3252 8615/3252 8604/3252
f 8622/2296 8616/2296 8609/2296
f 8609/2296 8615/2296 8622/2296
f 8623/59 8617/59 8610/59
f 8610/59 8616/59 8623/59
f 2667/2424 8611/2424 8617/2424
f 8617/2424 2666/2424 2667/2424
f 8612/2532 2665/2532 2664/2532
f 2850/2531 8618/2531 2664/2531
f 8618/3147 8612/3147 2664/3147
f 8618/59 8624/59 8619/59
f 8619/59 8613/59 8618/59
f 8619/2484 8625/2484 8620/2484
f 8620/2484 8614/2484 8619/2484
f 8620/3255 8626/3255 8604/3255
f 8627/3256 8621/3256 8604/3256
f 8628/2529 8622/2529 8615/2529
f 8615/2529 8621/2529 8628/2529
f 8629/59 8623/59 8616/59
f 8616/59 8622/59 8629/59
f 2666/32 2494/32 2493/32
f 8617/3303 8623/3303 2494/3303
f 2666/3303 8617/3303 2494/3303
f 2659/22 2850/22 2660/22
f 8624/2491 8618/2491 2850/2491
f 2659/2491 8624/2491 2850/2491
f 8624/59 8630/59 8625/59
f 8625/59 8619/59 8624/59
f 8625/2538 8631/2538 8626/2538
f 8626/2538 8620/2538 8625/2538
f 8626/3260 8632/3260 8604/3260
f 8633/3261 8627/3261 8604/3261
f 8634/2487 8628/2487 8621/2487
f 8621/2487 8627/2487 8634/2487
f 8635/64 8629/64 8622/64
f 8622/59 8628/59 8635/59
f 2494/2382 8623/2382 8629/2382
f 8629/2382 2496/2382 2494/2382
f 2662/2496 8630/2496 8624/2496
f 8624/2496 2659/2496 2662/2496
f 8630/59 8636/59 8631/59
f 8631/59 8625/59 8630/59
f 8631/2541 8637/2541 8632/2541
f 8632/2541 8626/2541 8631/2541
f 8632/3263 8638/3263 8604/3263
f 8639/3264 8633/3264 8604/3264
f 8640/2492 8634/2492 8627/2492
f 8627/2492 8633/2492 8640/2492
f 8641/59 8635/59 8628/59
f 8628/59 8634/59 8641/59
f 2496/2315 8629/2315 8635/2315
f 8635/2315 2497/2315 2496/2315
f 2661/2442 8636/2442 8630/2442
f 8630/2442 2662/2442 2661/2442
f 8636/59 8642/59 8637/59
f 8637/59 8631/59 8636/59
f 8637/2545 8643/2545 8638/2545
f 8638/2545 8632/2545 8637/2545
f 8638/3265 8644/3265 8604/3265
f 8645/3266 8639/3266 8604/3266
f 8646/2542 8640/2542 8633/2542
f 8633/2542 8639/2542 8646/2542
f 8647/64 8641/64 8634/64
f 8634/59 8640/59 8647/59
f 2497/3292 8635/3292 8641/3292
f 8641/3292 2495/3292 2497/3292
f 8636/3304 2661/3304 2488/3304
f 2491/2332 8642/2332 2488/2332
f 8642/3305 8636/3305 2488/3305
f 8642/59 8648/59 8643/59
f 8643/59 8637/59 8642/59
f 8643/2551 8649/2551 8644/2551
f 8644/2551 8638/2551 8643/2551
f 8644/3306 8650/3306 8604/3306
f 8651/3270 8645/3270 8604/3270
f 8652/2550 8646/2550 8639/2550
f 8639/2550 8645/2550 8652/2550
f 8653/59 8647/59 8640/59
f 8640/59 8646/59 8653/59
f 8647/3307 2314/3307 2313/3307
f 2495/3308 8641/3308 2313/3308
f 8641/3309 8647/3309 2313/3309
f 2492/2509 8648/2509 8642/2509
f 8642/2509 2491/2509 2492/2509
f 8648/59 8654/59 8649/59
f 8649/59 8643/59 8648/59
f 8649/3310 8655/3310 8650/3310
f 8650/3310 8644/3310 8649/3310
f 8650/3311 8656/3311 8604/3311
f 8657/3312 8651/3312 8604/3312
f 8658/3273 8652/3273 8645/3273
f 8645/3273 8651/3273 8658/3273
f 8659/59 8653/59 8646/59
f 8646/59 8652/59 8659/59
f 2314/2449 8647/2449 8653/2449
f 8653/2449 2316/2449 2314/2449
f 2490/2580 8654/2580 8648/2580
f 8648/2580 2492/2580 2490/2580
f 8654/64 8660/64 8655/64
f 8655/59 8649/59 8654/59
f 8655/3274 8661/3274 8656/3274
f 8656/3274 8650/3274 8655/3274
f 8656/3207 8662/3207 8604/3207
f 8663/3313 8657/3313 8604/3313
f 8664/2342 8658/2342 8651/2342
f 8651/2342 8657/2342 8664/2342
f 8665/59 8659/59 8652/59
f 8652/59 8658/59 8665/59
f 2316/2554 8653/2554 8659/2554
f 8659/2554 2315/2554 2316/2554
f 8654/3314 2490/3314 2310/3314
f 2312/3315 8660/3315 2310/3315
f 8660/3316 8654/3316 2310/3316
f 8660/59 8666/59 8661/59
f 8661/59 8655/59 8660/59
f 8661/2351 8667/2351 8662/2351
f 8662/2351 8656/2351 8661/2351
f 8662/3212 8668/3212 8604/3212
f 8668/3317 8663/3317 8604/3317
f 8669/2348 8664/2348 8657/2348
f 8657/2348 8663/2348 8669/2348
f 8670/59 8665/59 8658/59
f 8658/59 8664/59 8670/59
f 8665/2652 2165/2652 2164/2652
f 2315/3234 8659/3234 2164/3234
f 8659/3235 8665/3235 2164/3235
f 8660/3318 2312/3318 2163/3318
f 2162/3319 8666/3319 2163/3319
f 8666/3320 8660/3320 2163/3320
f 8666/59 8671/59 8667/59
f 8667/64 8661/64 8666/64
f 8667/2465 8672/2465 8668/2465
f 8668/2465 8662/2465 8667/2465
f 8672/2586 8669/2586 8663/2586
f 8663/2586 8668/2586 8672/2586
f 8673/59 8670/59 8664/59
f 8664/59 8669/59 8673/59
f 2165/2655 8665/2655 8670/2655
f 8670/2655 2167/2655 2165/2655
f 2166/3287 8671/3287 8666/3287
f 8666/3287 2162/3287 2166/3287
f 8671/59 8674/59 8672/59
f 8672/59 8667/59 8671/59
f 8674/64 8673/64 8669/64
f 8669/59 8672/59 8674/59
f 2167/3321 8670/3321 8673/3321
f 8673/3321 2169/3321 2167/3321
f 2168/2467 8674/2467 8671/2467
f 8671/2467 2166/2467 2168/2467
f 2169/2568 8673/2568 8674/2568
f 8674/2568 2168/2568 2169/2568
f 2851/18 8675/18 8676/18
f 8676/18 2852/18 2851/18
f 8675/16 3243/16 3397/16
f 2853/7 3059/7 3243/7
f 8675/27 2851/27 2853/27
f 8675/16 2853/16 3243/16
f 8677/9 8676/9 8675/9
f 8675/9 8678/9 8677/9
f 2852/7 2489/7 2658/7
f 2161/7 2311/7 2489/7
f 2012/16 2014/16 2161/16
f 2852/16 8676/16 2012/16
f 2012/16 2161/16 2489/16
f 2852/16 2012/16 2489/16
f 8678/59 3396/59 3565/59
f 8675/59 3397/59 3396/59
f 8678/59 8675/59 3396/59
f 3053/9 8677/9 8678/9
f 8678/18 3054/18 3053/18
f 2012/7 2160/7 2013/7
f 8676/59 8677/59 2160/59
f 2012/59 8676/59 2160/59
f 3054/7 3241/7 3051/7
f 3565/149 3420/149 3241/149
f 3054/149 8678/149 3565/149
f 3054/149 3565/149 3241/149
f 2160/149 2308/149 2158/149
f 8677/149 3053/149 2844/149
f 2160/149 2479/149 2308/149
f 8677/149 2844/149 2651/149
f 2160/149 2651/149 2479/149
f 2160/149 8677/149 2651/149
f 8679/3322 8680/3322 8681/3322
f 8682/3323 8679/3323 8681/3323
f 8683/3324 8684/3324 8680/3324
f 8680/3324 8679/3324 8683/3324
f 8680/3325 8685/3325 8681/3325
f 8686/3326 8682/3326 8681/3326
f 8687/3327 8683/3327 8679/3327
f 8679/3327 8682/3327 8687/3327
f 8688/59 8689/59 8684/59
f 8684/59 8683/59 8688/59
f 8684/2294 8690/2294 8685/2294
f 8685/2294 8680/2294 8684/2294
f 8685/3328 8691/3328 8681/3328
f 8692/3329 8686/3329 8681/3329
f 8693/2291 8687/2291 8682/2291
f 8682/2291 8686/2291 8693/2291
f 8694/59 8688/59 8683/59
f 8683/59 8687/59 8694/59
f 3056/3330 8689/3330 8688/3330
f 8688/3330 3058/3330 3056/3330
f 8689/59 8695/59 8690/59
f 8690/59 8684/59 8689/59
f 8690/2373 8696/2373 8691/2373
f 8691/2373 8685/2373 8690/2373
f 8691/3331 8697/3331 8681/3331
f 8698/3332 8692/3332 8681/3332
f 8699/2425 8693/2425 8686/2425
f 8686/2425 8692/2425 8699/2425
f 8700/64 8694/64 8687/64
f 8687/59 8693/59 8700/59
f 3058/3333 8688/3333 8694/3333
f 8694/3333 3057/3333 3058/3333
f 3233/22 3056/22 3055/22
f 8695/3334 8689/3334 3056/3334
f 3233/3334 8695/3334 3056/3334
f 8695/59 8701/59 8696/59
f 8696/59 8690/59 8695/59
f 8696/2307 8702/2307 8697/2307
f 8697/2307 8691/2307 8696/2307
f 8697/3335 8703/3335 8681/3335
f 8704/3336 8698/3336 8681/3336
f 8705/2431 8699/2431 8692/2431
f 8692/2431 8698/2431 8705/2431
f 8706/64 8700/64 8693/64
f 8693/59 8699/59 8706/59
f 3057/22 2846/22 2845/22
f 8694/3337 8700/3337 2846/3337
f 3057/3337 8694/3337 2846/3337
f 3232/2436 8701/2436 8695/2436
f 8695/2436 3233/2436 3232/2436
f 8701/59 8707/59 8702/59
f 8702/59 8696/59 8701/59
f 8702/3338 8708/3338 8703/3338
f 8703/3338 8697/3338 8702/3338
f 8703/3339 8709/3339 8681/3339
f 8710/3340 8704/3340 8681/3340
f 8711/3341 8705/3341 8698/3341
f 8698/3341 8704/3341 8711/3341
f 8712/64 8706/64 8699/64
f 8699/59 8705/59 8712/59
f 2846/2309 8700/2309 8706/2309
f 8706/2309 2848/2309 2846/2309
f 3046/22 3232/22 3047/22
f 8707/2496 8701/2496 3232/2496
f 3046/2496 8707/2496 3232/2496
f 8707/64 8713/64 8708/64
f 8708/59 8702/59 8707/59
f 8708/2389 8714/2389 8709/2389
f 8709/2389 8703/2389 8708/2389
f 8709/3342 8715/3342 8681/3342
f 8716/3343 8710/3343 8681/3343
f 8717/3344 8711/3344 8704/3344
f 8704/3344 8710/3344 8717/3344
f 8718/59 8712/59 8705/59
f 8705/59 8711/59 8718/59
f 2848/2315 8706/2315 8712/2315
f 8712/2315 2849/2315 2848/2315
f 3048/2326 8713/2326 8707/2326
f 8707/2326 3046/2326 3048/2326
f 8713/59 8719/59 8714/59
f 8714/59 8708/59 8713/59
f 8714/2393 8720/2393 8715/2393
f 8715/2393 8709/2393 8714/2393
f 8715/3345 8721/3345 8681/3345
f 8722/3346 8716/3346 8681/3346
f 8723/3347 8717/3347 8710/3347
f 8710/3347 8716/3347 8723/3347
f 8724/59 8718/59 8711/59
f 8711/59 8717/59 8724/59
f 2849/3348 8712/3348 8718/3348
f 8718/3348 2847/3348 2849/3348
f 2840/59 3048/59 2837/59
f 8719/3349 8713/3349 3048/3349
f 2840/3349 8719/3349 3048/3349
f 8719/59 8725/59 8720/59
f 8720/59 8714/59 8719/59
f 8720/3350 8726/3350 8721/3350
f 8721/3350 8715/3350 8720/3350
f 8721/3351 8727/3351 8681/3351
f 8728/3352 8722/3352 8681/3352
f 8729/3353 8723/3353 8716/3353
f 8716/3353 8722/3353 8729/3353
f 8730/59 8724/59 8717/59
f 8717/59 8723/59 8730/59
f 2847/22 2653/22 2652/22
f 8718/3354 8724/3354 2653/3354
f 2847/3354 8718/3354 2653/3354
f 2841/2406 8725/2406 8719/2406
f 8719/2406 2840/2406 2841/2406
f 8725/59 8731/59 8726/59
f 8726/59 8720/59 8725/59
f 8726/2702 8732/2702 8727/2702
f 8727/2702 8721/2702 8726/2702
f 8727/3355 8733/3355 8681/3355
f 8734/3356 8728/3356 8681/3356
f 8735/2403 8729/2403 8722/2403
f 8722/2403 8728/2403 8735/2403
f 8736/59 8730/59 8723/59
f 8723/59 8729/59 8736/59
f 2653/3357 8724/3357 8730/3357
f 8730/3357 2655/3357 2653/3357
f 2839/2346 8731/2346 8725/2346
f 8725/2346 2841/2346 2839/2346
f 8731/64 8737/64 8732/64
f 8732/59 8726/59 8731/59
f 8732/2410 8738/2410 8733/2410
f 8733/2410 8727/2410 8732/2410
f 8733/3358 8739/3358 8681/3358
f 8740/3359 8734/3359 8681/3359
f 8741/2407 8735/2407 8728/2407
f 8728/2407 8734/2407 8741/2407
f 8742/59 8736/59 8729/59
f 8729/59 8735/59 8742/59
f 2655/3360 8730/3360 8736/3360
f 8736/3360 2654/3360 2655/3360
f 2482/59 2656/59 2477/59
f 8731/3361 2839/3361 2656/3361
f 2482/2352 8737/2352 8731/2352
f 2482/3362 8731/3362 2656/3362
f 8737/59 8743/59 8738/59
f 8738/59 8732/59 8737/59
f 8738/3363 8744/3363 8739/3363
f 8739/3363 8733/3363 8738/3363
f 8739/3364 8745/3364 8681/3364
f 8745/3365 8740/3365 8681/3365
f 8746/2348 8741/2348 8734/2348
f 8734/2348 8740/2348 8746/2348
f 8747/59 8742/59 8735/59
f 8735/59 8741/59 8747/59
f 2654/59 2481/59 2480/59
f 8736/2347 8742/2347 2481/2347
f 2654/2347 8736/2347 2481/2347
f 2484/2466 8743/2466 8737/2466
f 8737/2466 2482/2466 2484/2466
f 8743/64 8748/64 8744/64
f 8744/59 8738/59 8743/59
f 8744/3366 8749/3366 8745/3366
f 8745/3366 8739/3366 8744/3366
f 8749/3367 8746/3367 8740/3367
f 8740/3367 8745/3367 8749/3367
f 8750/59 8747/59 8741/59
f 8741/59 8746/59 8750/59
f 2481/2463 8742/2463 8747/2463
f 8747/2463 2483/2463 2481/2463
f 2486/2657 8748/2657 8743/2657
f 8743/2657 2484/2657 2486/2657
f 8748/59 8751/59 8749/59
f 8749/59 8744/59 8748/59
f 8751/59 8750/59 8746/59
f 8746/59 8749/59 8751/59
f 2483/2419 8747/2419 8750/2419
f 8750/2419 2485/2419 2483/2419
f 2487/2422 8751/2422 8748/2422
f 8748/2422 2486/2422 2487/2422
f 2485/3368 8750/3368 8751/3368
f 8751/3368 2487/3368 2485/3368
f 3234/9 8752/9 8753/9
f 8753/9 3235/9 3234/9
f 8752/16 3583/16 3724/16
f 3236/7 3417/7 3583/7
f 8752/27 3234/27 3236/27
f 8752/16 3236/16 3583/16
f 8754/9 8753/9 8752/9
f 8752/9 8755/9 8754/9
f 3235/7 2838/7 3045/7
f 2474/7 2648/7 2838/7
f 2306/16 2305/16 2474/16
f 3235/16 8753/16 2306/16
f 3235/7 2474/7 2838/7
f 3235/16 2306/16 2474/16
f 3726/59 8755/59 8752/59
f 8752/59 3724/59 3726/59
f 3239/9 8754/9 8755/9
f 8755/9 3240/9 3239/9
f 2306/59 8753/59 8754/59
f 8754/59 2307/59 2306/59
f 3240/7 3418/7 3237/7
f 3726/149 3584/149 3418/149
f 3240/149 8755/149 3726/149
f 3240/149 3726/149 3418/149
f 2307/149 2475/149 2303/149
f 2842/7 2649/7 2475/7
f 8754/149 3239/149 3049/149
f 2307/149 2842/149 2475/149
f 8754/149 3049/149 2842/149
f 2307/149 8754/149 2842/149
f 8756/3322 8757/3322 8758/3322
f 8759/3369 8756/3369 8758/3369
f 8760/3324 8761/3324 8757/3324
f 8757/3324 8756/3324 8760/3324
f 8757/3325 8762/3325 8758/3325
f 8763/3370 8759/3370 8758/3370
f 8764/3371 8760/3371 8756/3371
f 8756/3371 8759/3371 8764/3371
f 8765/59 8766/59 8761/59
f 8761/59 8760/59 8765/59
f 8761/2294 8767/2294 8762/2294
f 8762/2294 8757/2294 8761/2294
f 8762/3372 8768/3372 8758/3372
f 8769/3373 8763/3373 8758/3373
f 8770/2291 8764/2291 8759/2291
f 8759/2291 8763/2291 8770/2291
f 8771/59 8765/59 8760/59
f 8760/59 8764/59 8771/59
f 3414/3330 8766/3330 8765/3330
f 8765/3330 3416/3330 3414/3330
f 8766/59 8772/59 8767/59
f 8767/59 8761/59 8766/59
f 8767/2479 8773/2479 8768/2479
f 8768/2479 8762/2479 8767/2479
f 8768/3374 8774/3374 8758/3374
f 8775/3375 8769/3375 8758/3375
f 8776/3376 8770/3376 8763/3376
f 8763/3376 8769/3376 8776/3376
f 8777/64 8771/64 8764/64
f 8764/59 8770/59 8777/59
f 3416/3377 8765/3377 8771/3377
f 8771/3377 3415/3377 3416/3377
f 3226/22 3414/22 3227/22
f 8772/3334 8766/3334 3414/3334
f 3226/3334 8772/3334 3414/3334
f 8772/59 8778/59 8773/59
f 8773/59 8767/59 8772/59
f 8773/2433 8779/2433 8774/2433
f 8774/2433 8768/2433 8773/2433
f 8774/3335 8780/3335 8758/3335
f 8781/3378 8775/3378 8758/3378
f 8782/2481 8776/2481 8769/2481
f 8769/2481 8775/2481 8782/2481
f 8783/59 8777/59 8770/59
f 8770/59 8776/59 8783/59
f 8777/3379 3222/3379 3221/3379
f 3415/3380 8771/3380 3221/3380
f 8771/3381 8777/3381 3221/3381
f 3229/2386 8778/2386 8772/2386
f 8772/2386 3226/2386 3229/2386
f 8778/59 8784/59 8779/59
f 8779/59 8773/59 8778/59
f 8779/3338 8785/3338 8780/3338
f 8780/3338 8774/3338 8779/3338
f 8780/3382 8786/3382 8758/3382
f 8787/3383 8781/3383 8758/3383
f 8788/3384 8782/3384 8775/3384
f 8775/3384 8781/3384 8788/3384
f 8789/59 8783/59 8776/59
f 8776/59 8782/59 8789/59
f 3222/2382 8777/2382 8783/2382
f 8783/2382 3224/2382 3222/2382
f 3231/2496 8784/2496 8778/2496
f 8778/2496 3229/2496 3231/2496
f 8784/59 8790/59 8785/59
f 8785/59 8779/59 8784/59
f 8785/2319 8791/2319 8786/2319
f 8786/2319 8780/2319 8785/2319
f 8786/3385 8792/3385 8758/3385
f 8793/3386 8787/3386 8758/3386
f 8794/2437 8788/2437 8781/2437
f 8781/2437 8787/2437 8794/2437
f 8795/59 8789/59 8782/59
f 8782/59 8788/59 8795/59
f 3224/2315 8783/2315 8789/2315
f 8789/2315 3225/2315 3224/2315
f 3230/2394 8790/2394 8784/2394
f 8784/2394 3231/2394 3230/2394
f 8790/59 8796/59 8791/59
f 8791/59 8785/59 8790/59
f 8791/2325 8797/2325 8792/2325
f 8792/2325 8786/2325 8791/2325
f 8792/3345 8798/3345 8758/3345
f 8799/3387 8793/3387 8758/3387
f 8800/3388 8794/3388 8787/3388
f 8787/3388 8793/3388 8800/3388
f 8801/59 8795/59 8788/59
f 8788/59 8794/59 8801/59
f 3225/2321 8789/2321 8795/2321
f 8795/2321 3223/2321 3225/2321
f 8790/2400 3230/2400 3039/2400
f 3042/2698 8796/2698 3039/2698
f 8796/3389 8790/3389 3039/3389
f 8796/59 8802/59 8797/59
f 8797/59 8791/59 8796/59
f 8797/3350 8803/3350 8798/3350
f 8798/3350 8792/3350 8797/3350
f 8798/3390 8804/3390 8758/3390
f 8805/3391 8799/3391 8758/3391
f 8806/3392 8800/3392 8793/3392
f 8793/3392 8799/3392 8806/3392
f 8807/59 8801/59 8794/59
f 8794/59 8800/59 8807/59
f 8801/3393 3036/3393 3035/3393
f 3223/2443 8795/2443 3035/2443
f 8795/3394 8801/3394 3035/3394
f 3043/3395 8802/3395 8796/3395
f 8796/3395 3042/3395 3043/3395
f 8802/59 8808/59 8803/59
f 8803/59 8797/59 8802/59
f 8803/2451 8809/2451 8804/2451
f 8804/2451 8798/2451 8803/2451
f 8804/3396 8810/3396 8758/3396
f 8811/3397 8805/3397 8758/3397
f 8812/2450 8806/2450 8799/2450
f 8799/2450 8805/2450 8812/2450
f 8813/59 8807/59 8800/59
f 8800/59 8806/59 8813/59
f 3036/2335 8801/2335 8807/2335
f 8807/2335 3038/2335 3036/2335
f 3041/2411 8808/2411 8802/2411
f 8802/2411 3043/2411 3041/2411
f 8808/64 8814/64 8809/64
f 8809/59 8803/59 8808/59
f 8809/2345 8815/2345 8810/2345
f 8810/2345 8804/2345 8809/2345
f 8810/3398 8816/3398 8758/3398
f 8817/3399 8811/3399 8758/3399
f 8818/3400 8812/3400 8805/3400
f 8805/3400 8811/3400 8818/3400
f 8819/59 8813/59 8806/59
f 8806/59 8812/59 8819/59
f 3038/2341 8807/2341 8813/2341
f 8813/2341 3037/2341 3038/2341
f 2831/59 3041/59 2827/59
f 8814/2352 8808/2352 3041/2352
f 2831/2352 8814/2352 3041/2352
f 8814/59 8820/59 8815/59
f 8815/59 8809/59 8814/59
f 8815/3401 8821/3401 8816/3401
f 8816/3401 8810/3401 8815/3401
f 8816/3212 8822/3212 8758/3212
f 8822/3402 8817/3402 8758/3402
f 8823/2348 8818/2348 8811/2348
f 8811/2348 8817/2348 8823/2348
f 8824/59 8819/59 8812/59
f 8812/59 8818/59 8824/59
f 3037/59 2830/59 2829/59
f 8813/2347 8819/2347 2830/2347
f 3037/2347 8813/2347 2830/2347
f 2833/2356 8820/2356 8814/2356
f 8814/2356 2831/2356 2833/2356
f 8820/64 8825/64 8821/64
f 8821/59 8815/59 8820/59
f 8821/2465 8826/2465 8822/2465
f 8822/2465 8816/2465 8821/2465
f 8826/2708 8823/2708 8817/2708
f 8817/2708 8822/2708 8826/2708
f 8827/59 8824/59 8818/59
f 8818/59 8823/59 8827/59
f 2830/2655 8819/2655 8824/2655
f 8824/2655 2832/2655 2830/2655
f 2835/2710 8825/2710 8820/2710
f 8820/2710 2833/2710 2835/2710
f 8825/59 8828/59 8826/59
f 8826/59 8821/59 8825/59
f 8828/59 8827/59 8823/59
f 8823/59 8826/59 8828/59
f 2832/2656 8824/2656 8827/2656
f 8827/2656 2834/2656 2832/2656
f 2836/2714 8828/2714 8825/2714
f 8825/2714 2835/2714 2836/2714
f 2834/2359 8827/2359 8828/2359
f 8828/2359 2836/2359 2834/2359
f 3411/18 8829/18 8830/18
f 8830/9 3412/9 3411/9
f 8829/16 3737/16 3880/16
f 3413/7 3582/7 3737/7
f 8829/27 3411/27 3413/27
f 8829/16 3413/16 3737/16
f 8831/9 8830/9 8829/9
f 8829/9 8832/9 8831/9
f 2828/7 3040/7 3228/7
f 3412/16 8830/16 3228/16
f 8830/16 2471/16 2473/16
f 2473/7 2647/7 2828/7
f 8830/16 2828/16 3228/16
f 8830/16 2473/16 2828/16
f 8832/59 3879/59 4040/59
f 8829/59 3880/59 3879/59
f 8832/59 8829/59 3879/59
f 3581/9 8831/9 8832/9
f 8832/9 3579/9 3581/9
f 2471/7 2646/7 2472/7
f 8830/59 8831/59 2646/59
f 2471/59 8830/59 2646/59
f 3579/7 3735/7 3580/7
f 4040/149 3884/149 3735/149
f 3579/149 8832/149 4040/149
f 3579/149 4040/149 3735/149
f 2646/149 2825/149 2644/149
f 8831/149 3581/149 3405/149
f 2646/149 3030/149 2825/149
f 8831/149 3405/149 3216/149
f 2646/149 3216/149 3030/149
f 2646/149 8831/149 3216/149
f 8833/3322 8834/3322 8835/3322
f 8836/3369 8833/3369 8835/3369
f 8837/3324 8838/3324 8834/3324
f 8834/3324 8833/3324 8837/3324
f 8834/3325 8839/3325 8835/3325
f 8840/3370 8836/3370 8835/3370
f 8841/3371 8837/3371 8833/3371
f 8833/3371 8836/3371 8841/3371
f 8842/59 8843/59 8838/59
f 8838/59 8837/59 8842/59
f 8838/2294 8844/2294 8839/2294
f 8839/2294 8834/2294 8838/2294
f 8839/3403 8845/3403 8835/3403
f 8846/3404 8840/3404 8835/3404
f 8847/2291 8841/2291 8836/2291
f 8836/2291 8840/2291 8847/2291
f 8848/59 8842/59 8837/59
f 8837/59 8841/59 8848/59
f 8842/3405 3577/3405 3576/3405
f 3730/3406 8843/3406 3576/3406
f 8843/3407 8842/3407 3576/3407
f 8843/59 8849/59 8844/59
f 8844/59 8838/59 8843/59
f 8844/2299 8850/2299 8845/2299
f 8845/2299 8839/2299 8844/2299
f 8845/3408 8851/3408 8835/3408
f 8852/3409 8846/3409 8835/3409
f 8853/2296 8847/2296 8840/2296
f 8840/2296 8846/2296 8853/2296
f 8854/59 8848/59 8841/59
f 8841/59 8847/59 8854/59
f 3577/2295 8842/2295 8848/2295
f 8848/2295 3578/2295 3577/2295
f 8843/3410 3730/3410 3568/3410
f 3567/3411 8849/3411 3568/3411
f 8849/3412 8843/3412 3568/3412
f 8849/59 8855/59 8850/59
f 8850/59 8844/59 8849/59
f 8850/2307 8856/2307 8851/2307
f 8851/2307 8845/2307 8850/2307
f 8851/3413 8857/3413 8835/3413
f 8858/3414 8852/3414 8835/3414
f 8859/2431 8853/2431 8846/2431
f 8846/2431 8852/2431 8859/2431
f 8860/59 8854/59 8847/59
f 8847/59 8853/59 8860/59
f 3578/59 3407/59 3406/59
f 8848/3337 8854/3337 3407/3337
f 3578/3337 8848/3337 3407/3337
f 3570/2386 8855/2386 8849/2386
f 8849/2386 3567/2386 3570/2386
f 8855/59 8861/59 8856/59
f 8856/59 8850/59 8855/59
f 8856/2691 8862/2691 8857/2691
f 8857/2691 8851/2691 8856/2691
f 8857/3415 8863/3415 8835/3415
f 8864/3416 8858/3416 8835/3416
f 8865/2635 8859/2635 8852/2635
f 8852/2635 8858/2635 8865/2635
f 8866/64 8860/64 8853/64
f 8853/59 8859/59 8866/59
f 3407/2309 8854/2309 8860/2309
f 8860/2309 3409/2309 3407/2309
f 3572/2496 8861/2496 8855/2496
f 8855/2496 3570/2496 3572/2496
f 8861/59 8867/59 8862/59
f 8862/59 8856/59 8861/59
f 8862/2495 8868/2495 8863/2495
f 8863/2495 8857/2495 8862/2495
f 8863/3417 8869/3417 8835/3417
f 8870/3418 8864/3418 8835/3418
f 8871/2316 8865/2316 8858/2316
f 8858/2316 8864/2316 8871/2316
f 8872/59 8866/59 8859/59
f 8859/59 8865/59 8872/59
f 3409/2315 8860/2315 8866/2315
f 8866/2315 3410/2315 3409/2315
f 3571/2574 8867/2574 8861/2574
f 8861/2574 3572/2574 3571/2574
f 8867/59 8873/59 8868/59
f 8868/59 8862/59 8867/59
f 8868/2501 8874/2501 8869/2501
f 8869/2501 8863/2501 8868/2501
f 8869/3419 8875/3419 8835/3419
f 8876/3420 8870/3420 8835/3420
f 8877/2322 8871/2322 8864/2322
f 8864/2322 8870/2322 8877/2322
f 8878/64 8872/64 8865/64
f 8865/59 8871/59 8878/59
f 3410/2671 8866/2671 8872/2671
f 8872/2671 3408/2671 3410/2671
f 3401/32 3571/32 3398/32
f 8873/3421 8867/3421 3571/3421
f 3401/3421 8873/3421 3571/3421
f 8873/59 8879/59 8874/59
f 8874/59 8868/59 8873/59
f 8874/2697 8880/2697 8875/2697
f 8875/2697 8869/2697 8874/2697
f 8875/3422 8881/3422 8835/3422
f 8882/3423 8876/3423 8835/3423
f 8883/2645 8877/2645 8870/2645
f 8870/2645 8876/2645 8883/2645
f 8884/64 8878/64 8871/64
f 8871/59 8877/59 8884/59
f 3408/59 3218/59 3217/59
f 8872/2672 8878/2672 3218/2672
f 3408/2672 8872/2672 3218/2672
f 3402/3424 8879/3424 8873/3424
f 8873/3424 3401/3424 3402/3424
f 8879/59 8885/59 8880/59
f 8880/59 8874/59 8879/59
f 8880/2702 8886/2702 8881/2702
f 8881/2702 8875/2702 8880/2702
f 8881/3425 8887/3425 8835/3425
f 8888/3426 8882/3426 8835/3426
f 8889/2403 8883/2403 8876/2403
f 8876/2403 8882/2403 8889/2403
f 8890/59 8884/59 8877/59
f 8877/59 8883/59 8890/59
f 3218/2674 8878/2674 8884/2674
f 8884/2674 3220/2674 3218/2674
f 3400/2580 8885/2580 8879/2580
f 8879/2580 3402/2580 3400/2580
f 8885/59 8891/59 8886/59
f 8886/59 8880/59 8885/59
f 8886/3168 8892/3168 8887/3168
f 8887/3168 8881/3168 8886/3168
f 8887/3427 8893/3427 8835/3427
f 8894/3399 8888/3399 8835/3399
f 8895/2342 8889/2342 8882/2342
f 8882/2342 8888/2342 8895/2342
f 8896/59 8890/59 8883/59
f 8883/59 8889/59 8896/59
f 3220/2612 8884/2612 8890/2612
f 8890/2612 3219/2612 3220/2612
f 3212/59 3400/59 3209/59
f 8891/2352 8885/2352 3400/2352
f 3212/2352 8891/2352 3400/2352
f 8891/59 8897/59 8892/59
f 8892/59 8886/59 8891/59
f 8892/3428 8898/3428 8893/3428
f 8893/3428 8887/3428 8892/3428
f 8893/3174 8899/3174 8835/3174
f 8899/3402 8894/3402 8835/3402
f 8900/2348 8895/2348 8888/2348
f 8888/2348 8894/2348 8900/2348
f 8901/59 8896/59 8889/59
f 8889/59 8895/59 8901/59
f 3219/59 3032/59 3031/59
f 8890/2347 8896/2347 3032/2347
f 3219/2347 8890/2347 3032/2347
f 3213/2356 8897/2356 8891/2356
f 8891/2356 3212/2356 3213/2356
f 8897/59 8902/59 8898/59
f 8898/59 8892/59 8897/59
f 8898/2709 8903/2709 8899/2709
f 8899/2709 8893/2709 8898/2709
f 8903/2708 8900/2708 8894/2708
f 8894/2708 8899/2708 8903/2708
f 8904/64 8901/64 8895/64
f 8895/59 8900/59 8904/59
f 3032/2463 8896/2463 8901/2463
f 8901/2463 3034/2463 3032/2463
f 3211/2710 8902/2710 8897/2710
f 8897/2710 3213/2710 3211/2710
f 8902/59 8905/59 8903/59
f 8903/59 8898/59 8902/59
f 8905/59 8904/59 8900/59
f 8900/59 8903/59 8905/59
f 3034/2419 8901/2419 8904/2419
f 8904/2419 3033/2419 3034/2419
f 3028/64 3211/64 3029/64
f 8905/2714 8902/2714 3211/2714
f 3028/2714 8905/2714 3211/2714
f 3033/2421 8904/2421 8905/2421
f 8905/2421 3028/2421 3033/2421
f 3727/18 8906/18 8907/18
f 8907/9 3728/9 3727/9
f 8906/16 4042/16 4200/16
f 3729/7 3881/7 4042/7
f 8906/27 3727/27 3729/27
f 8906/16 3729/16 4042/16
f 8908/9 8907/9 8906/9
f 8906/9 8909/9 8908/9
f 3210/7 3399/7 3569/7
f 3728/16 8907/16 3569/16
f 8907/16 2823/16 2822/16
f 2822/7 3025/7 3210/7
f 8907/16 3210/16 3569/16
f 8907/16 2822/16 3210/16
f 4202/59 8909/59 8906/59
f 8906/59 4200/59 4202/59
f 3733/9 8908/9 8909/9
f 8909/9 3734/9 3733/9
f 2823/59 8907/59 8908/59
f 8908/59 2824/59 2823/59
f 4043/7 3882/7 3731/7
f 3734/180 8909/180 3731/180
f 8909/149 4202/149 4043/149
f 8909/149 4043/149 3731/149
f 2824/149 3026/149 2820/149
f 3403/7 3214/7 3026/7
f 8908/149 3733/149 3573/149
f 3573/7 3403/7 3026/7
f 2824/149 8908/149 3026/149
f 8908/149 3573/149 3026/149
f 868/9 8910/9 8911/9
f 8911/18 869/18 868/18
f 438/149 531/149 434/149
f 702/7 621/7 531/7
f 868/7 786/7 702/7
f 438/149 8910/149 868/149
f 438/149 702/149 531/149
f 438/180 868/180 702/180
f 8912/18 8913/18 8911/18
f 8911/9 8910/9 8912/9
f 8911/180 870/180 869/180
f 1058/7 956/7 870/7
f 8911/149 1144/149 1058/149
f 8911/149 1058/149 870/149
f 439/59 8912/59 8910/59
f 8910/59 438/59 439/59
f 867/18 8913/18 8912/18
f 8912/9 865/9 867/9
f 1144/59 8911/59 8913/59
f 8913/59 1145/59 1144/59
f 865/7 701/7 785/7
f 437/7 530/7 620/7
f 865/7 620/7 701/7
f 865/16 8912/16 439/16
f 439/16 437/16 620/16
f 865/27 439/27 620/27
f 1145/16 955/16 1057/16
f 867/7 866/7 955/7
f 1145/16 8913/16 867/16
f 1145/16 867/16 955/16
f 252/9 8914/9 8915/9
f 8915/9 253/9 252/9
f 8914/22 459/22 545/22
f 254/7 348/7 459/7
f 8914/22 252/22 254/22
f 8914/32 254/32 459/32
f 8916/9 8915/9 8914/9
f 8914/9 8917/9 8916/9
f 253/7 95/7 160/7
f 26/7 51/7 95/7
f 11/22 10/22 26/22
f 253/22 8915/22 11/22
f 11/22 26/22 95/22
f 253/22 11/22 95/22
f 544/16 8917/16 8914/16
f 8914/16 545/16 544/16
f 259/9 8916/9 8917/9
f 8917/9 260/9 259/9
f 11/16 8915/16 8916/16
f 8916/16 12/16 11/16
f 260/7 349/7 257/7
f 544/59 460/59 349/59
f 260/59 8917/59 544/59
f 260/59 544/59 349/59
f 12/2828 27/2828 8/2828
f 96/7 54/7 27/7
f 259/7 161/7 96/7
f 12/2829 8916/2829 259/2829
f 12/2828 96/2828 27/2828
f 12/2828 259/2828 96/2828
f 8918/16 8919/16 8920/16
f 8921/16 8918/16 8920/16
f 8922/3429 8923/3429 8919/3429
f 8919/3430 8918/3430 8922/3430
f 8919/16 8924/16 8920/16
f 8925/16 8921/16 8920/16
f 8926/3431 8922/3431 8918/3431
f 8918/3432 8921/3432 8926/3432
f 8927/27 8928/27 8923/27
f 8923/16 8922/16 8927/16
f 8923/3433 8929/3433 8924/3433
f 8924/3433 8919/3433 8923/3433
f 8924/16 8930/16 8920/16
f 8931/16 8925/16 8920/16
f 8932/3434 8926/3434 8921/3434
f 8921/3435 8925/3435 8932/3435
f 8933/16 8927/16 8922/16
f 8922/16 8926/16 8933/16
f 262/2735 8928/2735 8927/2735
f 8927/2735 263/2735 262/2735
f 8928/16 8934/16 8929/16
f 8929/16 8923/16 8928/16
f 8929/3436 8935/3436 8930/3436
f 8930/3436 8924/3436 8929/3436
f 8930/16 8936/16 8920/16
f 8937/16 8931/16 8920/16
f 8938/3081 8932/3081 8925/3081
f 8925/3437 8931/3437 8938/3437
f 8939/16 8933/16 8926/16
f 8926/16 8932/16 8939/16
f 263/2729 8927/2729 8933/2729
f 8933/2729 261/2729 263/2729
f 167/149 262/149 168/149
f 8934/3438 8928/3438 262/3438
f 167/3438 8934/3438 262/3438
f 8934/16 8940/16 8935/16
f 8935/16 8929/16 8934/16
f 8935/3439 8941/3439 8936/3439
f 8936/3440 8930/3440 8935/3440
f 8936/16 8942/16 8920/16
f 8943/16 8937/16 8920/16
f 8944/3441 8938/3441 8931/3441
f 8931/3442 8937/3442 8944/3442
f 8945/16 8939/16 8932/16
f 8932/16 8938/16 8945/16
f 261/149 163/149 162/149
f 8933/3443 8939/3443 163/3443
f 261/3444 8933/3444 163/3444
f 170/3445 8940/3445 8934/3445
f 8934/3445 167/3445 170/3445
f 8940/16 8946/16 8941/16
f 8941/16 8935/16 8940/16
f 8941/3446 8947/3446 8942/3446
f 8942/3446 8936/3446 8941/3446
f 8942/16 8948/16 8920/16
f 8949/16 8943/16 8920/16
f 8950/3447 8944/3447 8937/3447
f 8937/3013 8943/3013 8950/3013
f 8951/27 8945/27 8938/27
f 8938/16 8944/16 8951/16
f 163/3448 8939/3448 8945/3448
f 8945/3449 165/3449 163/3449
f 172/2763 8946/2763 8940/2763
f 8940/2763 170/2763 172/2763
f 8946/16 8952/16 8947/16
f 8947/16 8941/16 8946/16
f 8947/3450 8953/3450 8948/3450
f 8948/3451 8942/3451 8947/3451
f 8948/16 8954/16 8920/16
f 8955/16 8949/16 8920/16
f 8956/3452 8950/3452 8943/3452
f 8943/3453 8949/3453 8956/3453
f 8957/16 8951/16 8944/16
f 8944/16 8950/16 8957/16
f 165/2754 8945/2754 8951/2754
f 8951/2754 166/2754 165/2754
f 171/3454 8952/3454 8946/3454
f 8946/3455 172/3455 171/3455
f 8952/16 8958/16 8953/16
f 8953/16 8947/16 8952/16
f 8953/3456 8959/3456 8954/3456
f 8954/3457 8948/3457 8953/3457
f 8954/16 8960/16 8920/16
f 8961/16 8955/16 8920/16
f 8962/3458 8956/3458 8949/3458
f 8949/3026 8955/3026 8962/3026
f 8963/16 8957/16 8950/16
f 8950/16 8956/16 8963/16
f 166/3025 8951/3025 8957/3025
f 8957/3025 164/3025 166/3025
f 104/16 171/16 101/16
f 8958/3459 8952/3459 171/3459
f 104/3460 8958/3460 171/3460
f 8958/16 8964/16 8959/16
f 8959/16 8953/16 8958/16
f 8959/3461 8965/3461 8960/3461
f 8960/3462 8954/3462 8959/3462
f 8960/16 8966/16 8920/16
f 8967/16 8961/16 8920/16
f 8968/3463 8962/3463 8955/3463
f 8955/3464 8961/3464 8968/3464
f 8969/16 8963/16 8956/16
f 8956/16 8962/16 8969/16
f 164/149 98/149 97/149
f 8957/3465 8963/3465 98/3465
f 164/3465 8957/3465 98/3465
f 105/3466 8964/3466 8958/3466
f 8958/3467 104/3467 105/3467
f 8964/16 8970/16 8965/16
f 8965/16 8959/16 8964/16
f 8965/3468 8971/3468 8966/3468
f 8966/3468 8960/3468 8965/3468
f 8966/27 8972/27 8920/27
f 8973/16 8967/16 8920/16
f 8974/3469 8968/3469 8961/3469
f 8961/3470 8967/3470 8974/3470
f 8975/16 8969/16 8962/16
f 8962/16 8968/16 8975/16
f 98/2877 8963/2877 8969/2877
f 8969/2877 100/2877 98/2877
f 103/2805 8970/2805 8964/2805
f 8964/3471 105/3471 103/3471
f 8970/16 8976/16 8971/16
f 8971/16 8965/16 8970/16
f 8971/3472 8977/3472 8972/3472
f 8972/3472 8966/3472 8971/3472
f 8972/16 8978/16 8920/16
f 8979/16 8973/16 8920/16
f 8980/3473 8974/3473 8967/3473
f 8967/3474 8973/3474 8980/3474
f 8981/16 8975/16 8968/16
f 8968/16 8974/16 8981/16
f 100/3475 8969/3475 8975/3475
f 8975/3475 99/3475 100/3475
f 57/16 103/16 52/16
f 8976/3127 8970/3127 103/3127
f 57/3127 8976/3127 103/3127
f 8976/16 8982/16 8977/16
f 8977/16 8971/16 8976/16
f 8977/3476 8983/3476 8978/3476
f 8978/3477 8972/3477 8977/3477
f 8978/16 8984/16 8920/16
f 8984/16 8979/16 8920/16
f 8985/3052 8980/3052 8973/3052
f 8973/3478 8979/3478 8985/3478
f 8986/16 8981/16 8974/16
f 8974/16 8980/16 8986/16
f 8981/3479 56/3479 55/3479
f 99/3480 8975/3480 55/3480
f 8975/3481 8981/3481 55/3481
f 59/3482 8982/3482 8976/3482
f 8976/3482 57/3482 59/3482
f 8982/16 8987/16 8983/16
f 8983/16 8977/16 8982/16
f 8983/3483 8988/3483 8984/3483
f 8984/3483 8978/3483 8983/3483
f 8988/3484 8985/3484 8979/3484
f 8979/3057 8984/3057 8988/3057
f 8989/16 8986/16 8980/16
f 8980/16 8985/16 8989/16
f 56/3485 8981/3485 8986/3485
f 8986/3486 58/3486 56/3486
f 61/3487 8987/3487 8982/3487
f 8982/3487 59/3487 61/3487
f 8987/16 8990/16 8988/16
f 8988/16 8983/16 8987/16
f 8990/27 8989/27 8985/27
f 8985/16 8988/16 8990/16
f 58/3488 8986/3488 8989/3488
f 8989/3489 60/3489 58/3489
f 62/3490 8990/3490 8987/3490
f 8987/3490 61/3490 62/3490
f 60/3491 8989/3491 8990/3491
f 8990/3491 62/3491 60/3491
f 255/9 8991/9 8992/9
f 8992/9 256/9 255/9
f 8991/22 461/22 546/22
f 258/7 350/7 461/7
f 8991/22 255/22 258/22
f 8991/32 258/32 461/32
f 8993/9 8992/9 8991/9
f 8991/9 8994/9 8993/9
f 256/7 102/7 169/7
f 28/7 53/7 102/7
f 6/3492 9/3492 28/3492
f 256/3493 8992/3493 6/3493
f 256/7 28/7 102/7
f 256/3493 6/3493 28/3493
f 8994/16 641/16 722/16
f 546/7 548/7 641/7
f 8994/16 8991/16 546/16
f 8994/16 546/16 641/16
f 445/9 8993/9 8994/9
f 8994/9 446/9 445/9
f 6/7 23/7 7/7
f 8993/27 48/27 23/27
f 6/16 8992/16 8993/16
f 6/27 8993/27 23/27
f 446/7 538/7 443/7
f 722/59 633/59 538/59
f 446/59 8994/59 722/59
f 446/59 722/59 538/59
f 48/3494 89/3494 44/3494
f 235/7 142/7 89/7
f 445/7 328/7 235/7
f 48/3495 8993/3495 445/3495
f 48/3494 235/3494 89/3494
f 48/3494 445/3494 235/3494
f 8995/3496 8996/3496 8997/3496
f 8998/3497 8995/3497 8997/3497
f 8999/3498 9000/3498 8996/3498
f 8996/3499 8995/3499 8999/3499
f 8996/3500 9001/3500 8997/3500
f 9002/3501 8998/3501 8997/3501
f 9003/3502 8999/3502 8995/3502
f 8995/3503 8998/3503 9003/3503
f 9004/16 9005/16 9000/16
f 9000/16 8999/16 9004/16
f 9000/3504 9006/3504 9001/3504
f 9001/3505 8996/3505 9000/3505
f 9001/3506 9007/3506 8997/3506
f 9008/3507 9002/3507 8997/3507
f 9009/3508 9003/3508 8998/3508
f 8998/3508 9002/3508 9009/3508
f 9010/16 9004/16 8999/16
f 8999/16 9003/16 9010/16
f 448/3509 9005/3509 9004/3509
f 9004/3510 449/3510 448/3510
f 9005/16 9011/16 9006/16
f 9006/16 9000/16 9005/16
f 9006/2753 9012/2753 9007/2753
f 9007/3511 9001/3511 9006/3511
f 9007/3512 9013/3512 8997/3512
f 9014/3513 9008/3513 8997/3513
f 9015/3514 9009/3514 9002/3514
f 9002/3515 9008/3515 9015/3515
f 9016/16 9010/16 9003/16
f 9003/27 9009/27 9016/27
f 449/3516 9004/3516 9010/3516
f 9010/3517 447/3517 449/3517
f 334/149 448/149 335/149
f 9011/3518 9005/3518 448/3518
f 334/3518 9011/3518 448/3518
f 9011/16 9017/16 9012/16
f 9012/16 9006/16 9011/16
f 9012/3519 9018/3519 9013/3519
f 9013/3519 9007/3519 9012/3519
f 9013/3520 9019/3520 8997/3520
f 9020/3521 9014/3521 8997/3521
f 9021/3522 9015/3522 9008/3522
f 9008/3523 9014/3523 9021/3523
f 9022/16 9016/16 9009/16
f 9009/16 9015/16 9022/16
f 9016/3524 330/3524 329/3524
f 447/3525 9010/3525 329/3525
f 9010/3526 9016/3526 329/3526
f 337/3527 9017/3527 9011/3527
f 9011/3527 334/3527 337/3527
f 9017/16 9023/16 9018/16
f 9018/16 9012/16 9017/16
f 9018/3015 9024/3015 9019/3015
f 9019/3015 9013/3015 9018/3015
f 9019/3528 9025/3528 8997/3528
f 9026/3529 9020/3529 8997/3529
f 9027/3530 9021/3530 9014/3530
f 9014/3530 9020/3530 9027/3530
f 9028/27 9022/27 9015/27
f 9015/16 9021/16 9028/16
f 330/3531 9016/3531 9022/3531
f 9022/3532 332/3532 330/3532
f 339/3533 9023/3533 9017/3533
f 9017/3533 337/3533 339/3533
f 9023/16 9029/16 9024/16
f 9024/16 9018/16 9023/16
f 9024/3022 9030/3022 9025/3022
f 9025/3022 9019/3022 9024/3022
f 9025/3534 9031/3534 8997/3534
f 9032/3535 9026/3535 8997/3535
f 9033/3536 9027/3536 9020/3536
f 9020/3536 9026/3536 9033/3536
f 9034/16 9028/16 9021/16
f 9021/16 9027/16 9034/16
f 332/3537 9022/3537 9028/3537
f 9028/3537 333/3537 332/3537
f 338/2774 9029/2774 9023/2774
f 9023/2774 339/2774 338/2774
f 9029/16 9035/16 9030/16
f 9030/16 9024/16 9029/16
f 9030/3027 9036/3027 9031/3027
f 9031/3027 9025/3027 9030/3027
f 9031/3538 9037/3538 8997/3538
f 9038/3539 9032/3539 8997/3539
f 9039/3540 9033/3540 9026/3540
f 9026/3540 9032/3540 9039/3540
f 9040/16 9034/16 9027/16
f 9027/16 9033/16 9040/16
f 333/3541 9028/3541 9034/3541
f 9034/3541 331/3541 333/3541
f 9029/3542 338/3542 240/3542
f 243/3543 9035/3543 240/3543
f 9035/3544 9029/3544 240/3544
f 9035/16 9041/16 9036/16
f 9036/16 9030/16 9035/16
f 9036/3034 9042/3034 9037/3034
f 9037/3034 9031/3034 9036/3034
f 9037/3545 9043/3545 8997/3545
f 9044/3546 9038/3546 8997/3546
f 9045/3547 9039/3547 9032/3547
f 9032/3547 9038/3547 9045/3547
f 9046/27 9040/27 9033/27
f 9033/16 9039/16 9046/16
f 331/149 237/149 236/149
f 9034/3548 9040/3548 237/3548
f 331/3549 9034/3549 237/3549
f 244/2795 9041/2795 9035/2795
f 9035/2795 243/2795 244/2795
f 9041/16 9047/16 9042/16
f 9042/16 9036/16 9041/16
f 9042/3115 9048/3115 9043/3115
f 9043/3115 9037/3115 9042/3115
f 9043/3550 9049/3550 8997/3550
f 9050/3551 9044/3551 8997/3551
f 9051/3552 9045/3552 9038/3552
f 9038/3553 9044/3553 9051/3553
f 9052/16 9046/16 9039/16
f 9039/16 9045/16 9052/16
f 237/3554 9040/3554 9046/3554
f 9046/3555 239/3555 237/3555
f 242/3556 9047/3556 9041/3556
f 9041/3556 244/3556 242/3556
f 9047/16 9053/16 9048/16
f 9048/16 9042/16 9047/16
f 9048/3557 9054/3557 9049/3557
f 9049/3558 9043/3558 9048/3558
f 9049/3559 9055/3559 8997/3559
f 9056/3560 9050/3560 8997/3560
f 9057/3561 9051/3561 9044/3561
f 9044/3562 9050/3562 9057/3562
f 9058/27 9052/27 9045/27
f 9045/16 9051/16 9058/16
f 239/3563 9046/3563 9052/3563
f 9052/3563 238/3563 239/3563
f 9047/3564 242/3564 140/3564
f 145/2814 9053/2814 140/2814
f 9053/3565 9047/3565 140/3565
f 9053/16 9059/16 9054/16
f 9054/16 9048/16 9053/16
f 9054/3566 9060/3566 9055/3566
f 9055/3567 9049/3567 9054/3567
f 9055/3568 9061/3568 8997/3568
f 9061/3569 9056/3569 8997/3569
f 9062/3570 9057/3570 9050/3570
f 9050/3570 9056/3570 9062/3570
f 9063/27 9058/27 9051/27
f 9051/16 9057/16 9063/16
f 9058/3571 144/3571 143/3571
f 238/3572 9052/3572 143/3572
f 9052/3573 9058/3573 143/3573
f 147/3574 9059/3574 9053/3574
f 9053/3574 145/3574 147/3574
f 9059/16 9064/16 9060/16
f 9060/16 9054/16 9059/16
f 9060/3575 9065/3575 9061/3575
f 9061/3576 9055/3576 9060/3576
f 9065/3577 9062/3577 9056/3577
f 9056/3578 9061/3578 9065/3578
f 9066/16 9063/16 9057/16
f 9057/16 9062/16 9066/16
f 144/3579 9058/3579 9063/3579
f 9063/3485 146/3485 144/3485
f 149/3580 9064/3580 9059/3580
f 9059/3580 147/3580 149/3580
f 9064/27 9067/27 9065/27
f 9065/16 9060/16 9064/16
f 9067/16 9066/16 9062/16
f 9062/16 9065/16 9067/16
f 146/3489 9063/3489 9066/3489
f 9066/3489 148/3489 146/3489
f 150/3581 9067/3581 9064/3581
f 9064/3490 149/3490 150/3490
f 148/3582 9066/3582 9067/3582
f 9067/3583 150/3583 148/3583
f 441/18 9068/18 9069/18
f 9069/9 442/9 441/9
f 9068/22 634/22 724/22
f 444/7 539/7 634/7
f 9068/22 441/22 444/22
f 9068/32 444/32 634/32
f 9070/9 9069/9 9068/9
f 9068/18 9071/18 9070/18
f 442/7 241/7 336/7
f 90/7 141/7 241/7
f 46/22 45/22 90/22
f 442/22 9069/22 46/22
f 46/22 90/22 241/22
f 442/22 46/22 241/22
f 723/16 9071/16 9068/16
f 9068/16 724/16 723/16
f 456/9 9070/9 9071/9
f 9071/18 454/18 456/18
f 46/16 9069/16 9070/16
f 9070/16 47/16 46/16
f 454/7 540/7 455/7
f 723/59 635/59 540/59
f 454/59 9071/59 723/59
f 454/59 723/59 540/59
f 47/59 91/59 42/59
f 245/7 153/7 91/7
f 456/7 340/7 245/7
f 47/59 9070/59 456/59
f 47/59 245/59 91/59
f 47/59 456/59 245/59
f 9072/3584 9073/3584 9074/3584
f 9075/3585 9072/3585 9074/3585
f 9076/3586 9077/3586 9073/3586
f 9073/3586 9072/3586 9076/3586
f 9073/3587 9078/3587 9074/3587
f 9079/16 9075/16 9074/16
f 9080/3588 9076/3588 9072/3588
f 9072/3589 9075/3589 9080/3589
f 9081/16 9082/16 9077/16
f 9077/16 9076/16 9081/16
f 9077/3590 9083/3590 9078/3590
f 9078/3591 9073/3591 9077/3591
f 9078/3592 9084/3592 9074/3592
f 9085/3593 9079/3593 9074/3593
f 9086/3077 9080/3077 9075/3077
f 9075/3077 9079/3077 9086/3077
f 9087/16 9081/16 9076/16
f 9076/16 9080/16 9087/16
f 503/149 452/149 451/149
f 9082/3000 9081/3000 452/3000
f 503/3000 9082/3000 452/3000
f 9082/16 9088/16 9083/16
f 9083/16 9077/16 9082/16
f 9083/3594 9089/3594 9084/3594
f 9084/3594 9078/3594 9083/3594
f 9084/3595 9090/3595 9074/3595
f 9091/3596 9085/3596 9074/3596
f 9092/3597 9086/3597 9079/3597
f 9079/3598 9085/3598 9092/3598
f 9093/16 9087/16 9080/16
f 9080/16 9086/16 9093/16
f 452/2992 9081/2992 9087/2992
f 9087/2992 453/2992 452/2992
f 404/149 503/149 402/149
f 9088/3599 9082/3599 503/3599
f 404/3599 9088/3599 503/3599
f 9088/16 9094/16 9089/16
f 9089/16 9083/16 9088/16
f 9089/3600 9095/3600 9090/3600
f 9090/3601 9084/3601 9089/3601
f 9090/16 9096/16 9074/16
f 9097/3602 9091/3602 9074/3602
f 9098/3603 9092/3603 9085/3603
f 9085/3603 9091/3603 9098/3603
f 9099/16 9093/16 9086/16
f 9086/16 9092/16 9099/16
f 9093/3604 342/3604 341/3604
f 453/3605 9087/3605 341/3605
f 9087/3606 9093/3606 341/3606
f 406/3607 9094/3607 9088/3607
f 9088/3607 404/3607 406/3607
f 9094/27 9100/27 9095/27
f 9095/16 9089/16 9094/16
f 9095/2942 9101/2942 9096/2942
f 9096/2942 9090/2942 9095/2942
f 9096/16 9102/16 9074/16
f 9103/3608 9097/3608 9074/3608
f 9104/3609 9098/3609 9091/3609
f 9091/3609 9097/3609 9104/3609
f 9105/27 9099/27 9092/27
f 9092/16 9098/16 9105/16
f 342/3610 9093/3610 9099/3610
f 9099/3610 344/3610 342/3610
f 405/2763 9100/2763 9094/2763
f 9094/2763 406/2763 405/2763
f 9100/16 9106/16 9101/16
f 9101/16 9095/16 9100/16
f 9101/3611 9107/3611 9102/3611
f 9102/3611 9096/3611 9101/3611
f 9102/16 9108/16 9074/16
f 9109/3612 9103/3612 9074/3612
f 9110/3613 9104/3613 9097/3613
f 9097/3613 9103/3613 9110/3613
f 9111/16 9105/16 9098/16
f 9098/16 9104/16 9111/16
f 344/2754 9099/2754 9105/2754
f 9105/2754 345/2754 344/2754
f 401/2774 9106/2774 9100/2774
f 9100/2774 405/2774 401/2774
f 9106/16 9112/16 9107/16
f 9107/16 9101/16 9106/16
f 9107/3614 9113/3614 9108/3614
f 9108/3614 9102/3614 9107/3614
f 9108/16 9114/16 9074/16
f 9115/3615 9109/3615 9074/3615
f 9116/2947 9110/2947 9103/2947
f 9103/2947 9109/2947 9116/2947
f 9117/16 9111/16 9104/16
f 9104/16 9110/16 9117/16
f 345/3616 9105/3616 9111/3616
f 9111/3616 343/3616 345/3616
f 308/16 401/16 306/16
f 9112/3617 9106/3617 401/3617
f 308/3617 9112/3617 401/3617
f 9112/16 9118/16 9113/16
f 9113/16 9107/16 9112/16
f 9113/3618 9119/3618 9114/3618
f 9114/3618 9108/3618 9113/3618
f 9114/16 9120/16 9074/16
f 9121/3619 9115/3619 9074/3619
f 9122/3620 9116/3620 9109/3620
f 9109/3620 9115/3620 9122/3620
f 9123/16 9117/16 9110/16
f 9110/16 9116/16 9123/16
f 9117/3621 247/3621 246/3621
f 343/3622 9111/3622 246/3622
f 9111/3623 9117/3623 246/3623
f 309/3624 9118/3624 9112/3624
f 9112/3624 308/3624 309/3624
f 9118/16 9124/16 9119/16
f 9119/16 9113/16 9118/16
f 9119/3625 9125/3625 9120/3625
f 9120/3625 9114/3625 9119/3625
f 9120/16 9126/16 9074/16
f 9127/3626 9121/3626 9074/3626
f 9128/3627 9122/3627 9115/3627
f 9115/3627 9121/3627 9128/3627
f 9129/16 9123/16 9116/16
f 9116/16 9122/16 9129/16
f 247/2877 9117/2877 9123/2877
f 9123/2877 249/2877 247/2877
f 305/3628 9124/3628 9118/3628
f 9118/3628 309/3628 305/3628
f 9124/16 9130/16 9125/16
f 9125/16 9119/16 9124/16
f 9125/3629 9131/3629 9126/3629
f 9126/3629 9120/3629 9125/3629
f 9126/27 9132/27 9074/27
f 9133/27 9127/27 9074/27
f 9134/3630 9128/3630 9121/3630
f 9121/3631 9127/3631 9134/3631
f 9135/16 9129/16 9122/16
f 9122/16 9128/16 9135/16
f 249/3632 9123/3632 9129/3632
f 9129/3632 248/3632 249/3632
f 211/16 305/16 212/16
f 9130/3633 9124/3633 305/3633
f 211/3633 9130/3633 305/3633
f 9130/16 9136/16 9131/16
f 9131/16 9125/16 9130/16
f 9131/3634 9137/3634 9132/3634
f 9132/3634 9126/3634 9131/3634
f 9132/3635 9138/3635 9074/3635
f 9138/3636 9133/3636 9074/3636
f 9139/3052 9134/3052 9127/3052
f 9127/3052 9133/3052 9139/3052
f 9140/27 9135/27 9128/27
f 9128/16 9134/16 9140/16
f 248/16 155/16 154/16
f 9129/2807 9135/2807 155/2807
f 248/2807 9129/2807 155/2807
f 214/3637 9136/3637 9130/3637
f 9130/3637 211/3637 214/3637
f 9136/16 9141/16 9137/16
f 9137/16 9131/16 9136/16
f 9137/3638 9142/3638 9138/3638
f 9138/3638 9132/3638 9137/3638
f 9142/3639 9139/3639 9133/3639
f 9133/3640 9138/3640 9142/3640
f 9143/16 9140/16 9134/16
f 9134/16 9139/16 9143/16
f 155/3641 9135/3641 9140/3641
f 9140/3641 157/3641 155/3641
f 213/3642 9141/3642 9136/3642
f 9136/3642 214/3642 213/3642
f 9141/16 9144/16 9142/16
f 9142/16 9137/16 9141/16
f 9144/16 9143/16 9139/16
f 9139/16 9142/16 9144/16
f 157/3643 9140/3643 9143/3643
f 9143/3643 156/3643 157/3643
f 151/16 213/16 152/16
f 9144/3644 9141/3644 213/3644
f 151/3644 9144/3644 213/3644
f 156/3645 9143/3645 9144/3645
f 9144/3645 151/3645 156/3645
f 505/18 9145/18 9146/18
f 9146/9 506/9 505/9
f 9145/22 685/22 777/22
f 504/7 599/7 685/7
f 9145/22 505/22 504/22
f 9145/32 504/32 685/32
f 9147/9 9146/9 9145/9
f 9145/9 9148/9 9147/9
f 506/7 307/7 403/7
f 132/7 210/7 307/7
f 87/22 85/22 132/22
f 506/22 9146/22 87/22
f 87/22 132/22 307/22
f 506/22 87/22 307/22
f 778/27 9148/27 9145/27
f 9145/27 777/27 778/27
f 507/9 9147/9 9148/9
f 9148/9 508/9 507/9
f 87/16 9146/16 9147/16
f 9147/16 86/16 87/16
f 508/7 600/7 509/7
f 778/59 686/59 600/59
f 508/59 9148/59 778/59
f 508/59 778/59 600/59
f 86/59 133/59 82/59
f 310/7 215/7 133/7
f 507/7 407/7 310/7
f 86/59 9147/59 507/59
f 86/59 310/59 133/59
f 86/59 507/59 310/59
f 9149/16 9150/16 9151/16
f 9152/16 9149/16 9151/16
f 9153/3646 9154/3646 9150/3646
f 9150/3647 9149/3647 9153/3647
f 9150/16 9155/16 9151/16
f 9156/16 9152/16 9151/16
f 9157/3648 9153/3648 9149/3648
f 9149/3649 9152/3649 9157/3649
f 9158/3650 9159/3650 9154/3650
f 9154/3651 9153/3651 9158/3651
f 9154/3652 9160/3652 9155/3652
f 9155/3652 9150/3652 9154/3652
f 9155/16 9161/16 9151/16
f 9162/16 9156/16 9151/16
f 9163/3653 9157/3653 9152/3653
f 9152/3653 9156/3653 9163/3653
f 9164/3654 9158/3654 9153/3654
f 9153/3655 9157/3655 9164/3655
f 513/3000 9159/3000 9158/3000
f 9158/3000 515/3000 513/3000
f 9159/3656 9165/3656 9160/3656
f 9160/3657 9154/3657 9159/3657
f 9160/3658 9166/3658 9161/3658
f 9161/3658 9155/3658 9160/3658
f 9161/16 9167/16 9151/16
f 9168/16 9162/16 9151/16
f 9169/3659 9163/3659 9156/3659
f 9156/3660 9162/3660 9169/3660
f 9170/3661 9164/3661 9157/3661
f 9157/3662 9163/3662 9170/3662
f 515/2992 9158/2992 9164/2992
f 9164/2992 514/2992 515/2992
f 416/149 513/149 414/149
f 9165/3663 9159/3663 513/3663
f 416/2744 9165/2744 513/2744
f 9165/16 9171/16 9166/16
f 9166/16 9160/16 9165/16
f 9166/3664 9172/3664 9167/3664
f 9167/3665 9161/3665 9166/3665
f 9167/16 9173/16 9151/16
f 9174/16 9168/16 9151/16
f 9175/3666 9169/3666 9162/3666
f 9162/2853 9168/2853 9175/2853
f 9176/3667 9170/3667 9163/3667
f 9163/3668 9169/3668 9176/3668
f 514/149 409/149 408/149
f 9164/3669 9170/3669 409/3669
f 514/3669 9164/3669 409/3669
f 418/3670 9171/3670 9165/3670
f 9165/3670 416/3670 418/3670
f 9171/3671 9177/3671 9172/3671
f 9172/3672 9166/3672 9171/3672
f 9172/2751 9178/2751 9173/2751
f 9173/2751 9167/2751 9172/2751
f 9173/16 9179/16 9151/16
f 9180/3673 9174/3673 9151/3673
f 9181/2858 9175/2858 9168/2858
f 9168/2858 9174/2858 9181/2858
f 9182/27 9176/27 9169/27
f 9169/3674 9175/3674 9182/3674
f 409/3675 9170/3675 9176/3675
f 9176/3675 411/3675 409/3675
f 417/2763 9177/2763 9171/2763
f 9171/2763 418/2763 417/2763
f 9177/3676 9183/3676 9178/3676
f 9178/3677 9172/3677 9177/3677
f 9178/3678 9184/3678 9179/3678
f 9179/3678 9173/3678 9178/3678
f 9179/16 9185/16 9151/16
f 9186/3679 9180/3679 9151/3679
f 9187/3680 9181/3680 9174/3680
f 9174/3680 9180/3680 9187/3680
f 9188/3681 9182/3681 9175/3681
f 9175/3682 9181/3682 9188/3682
f 411/2754 9176/2754 9182/2754
f 9182/2754 412/2754 411/2754
f 413/2774 9183/2774 9177/2774
f 9177/2774 417/2774 413/2774
f 9183/16 9189/16 9184/16
f 9184/16 9178/16 9183/16
f 9184/2773 9190/2773 9185/2773
f 9185/2773 9179/2773 9184/2773
f 9185/16 9191/16 9151/16
f 9192/16 9186/16 9151/16
f 9193/3683 9187/3683 9180/3683
f 9180/3683 9186/3683 9193/3683
f 9194/3684 9188/3684 9181/3684
f 9181/3685 9187/3685 9194/3685
f 412/3686 9182/3686 9188/3686
f 9188/3686 410/3686 412/3686
f 318/16 413/16 316/16
f 9189/3687 9183/3687 413/3687
f 318/3687 9189/3687 413/3687
f 9189/3688 9195/3688 9190/3688
f 9190/16 9184/16 9189/16
f 9190/3689 9196/3689 9191/3689
f 9191/3689 9185/3689 9190/3689
f 9191/16 9197/16 9151/16
f 9198/16 9192/16 9151/16
f 9199/3690 9193/3690 9186/3690
f 9186/3690 9192/3690 9199/3690
f 9200/16 9194/16 9187/16
f 9187/3691 9193/3691 9200/3691
f 410/149 312/149 311/149
f 9188/3465 9194/3465 312/3465
f 410/3465 9188/3465 312/3465
f 319/2795 9195/2795 9189/2795
f 9189/2795 318/2795 319/2795
f 9195/3692 9201/3692 9196/3692
f 9196/3693 9190/3693 9195/3693
f 9196/3694 9202/3694 9197/3694
f 9197/3694 9191/3694 9196/3694
f 9197/16 9203/16 9151/16
f 9204/16 9198/16 9151/16
f 9205/3695 9199/3695 9192/3695
f 9192/3696 9198/3696 9205/3696
f 9206/3697 9200/3697 9193/3697
f 9193/3698 9199/3698 9206/3698
f 312/2877 9194/2877 9200/2877
f 9200/2877 314/2877 312/2877
f 315/3556 9201/3556 9195/3556
f 9195/3556 319/3556 315/3556
f 9201/3699 9207/3699 9202/3699
f 9202/3700 9196/3700 9201/3700
f 9202/3701 9208/3701 9203/3701
f 9203/3701 9197/3701 9202/3701
f 9203/27 9209/27 9151/27
f 9210/16 9204/16 9151/16
f 9211/3702 9205/3702 9198/3702
f 9198/3703 9204/3703 9211/3703
f 9212/3704 9206/3704 9199/3704
f 9199/3705 9205/3705 9212/3705
f 314/3706 9200/3706 9206/3706
f 9206/3706 313/3706 314/3706
f 220/16 315/16 216/16
f 9207/3707 9201/3707 315/3707
f 220/3707 9207/3707 315/3707
f 9207/27 9213/27 9208/27
f 9208/16 9202/16 9207/16
f 9208/2967 9214/2967 9209/2967
f 9209/2967 9203/2967 9208/2967
f 9209/16 9215/16 9151/16
f 9215/16 9210/16 9151/16
f 9216/3708 9211/3708 9204/3708
f 9204/3708 9210/3708 9216/3708
f 9217/16 9212/16 9205/16
f 9205/3709 9211/3709 9217/3709
f 9212/3710 219/3710 218/3710
f 313/3711 9206/3711 218/3711
f 9206/3712 9212/3712 218/3712
f 222/3482 9213/3482 9207/3482
f 9207/3482 220/3482 222/3482
f 9213/16 9218/16 9214/16
f 9214/16 9208/16 9213/16
f 9214/3713 9219/3713 9215/3713
f 9215/3714 9209/3714 9214/3714
f 9219/3715 9216/3715 9210/3715
f 9210/3716 9215/3716 9219/3716
f 9220/3717 9217/3717 9211/3717
f 9211/16 9216/16 9220/16
f 219/3718 9212/3718 9217/3718
f 9217/3718 221/3718 219/3718
f 224/3719 9218/3719 9213/3719
f 9213/3719 222/3719 224/3719
f 9218/3720 9221/3720 9219/3720
f 9219/3721 9214/3721 9218/3721
f 9221/3722 9220/3722 9216/3722
f 9216/3723 9219/3723 9221/3723
f 221/3724 9217/3724 9220/3724
f 9220/3724 223/3724 221/3724
f 225/3644 9221/3644 9218/3644
f 9218/3070 224/3070 225/3070
f 223/3069 9220/3069 9221/3069
f 9221/3645 225/3645 223/3645
f 511/18 9222/18 9223/18
f 9223/9 512/9 511/9
f 9222/22 687/22 776/22
f 510/7 601/7 687/7
f 9222/22 511/22 510/22
f 9222/32 510/32 687/32
f 9224/9 9223/9 9222/9
f 9222/9 9225/9 9224/9
f 512/7 317/7 415/7
f 134/7 217/7 317/7
f 84/22 83/22 134/22
f 512/22 9223/22 84/22
f 84/22 134/22 317/22
f 512/22 84/22 317/22
f 9225/16 775/16 860/16
f 9222/16 776/16 775/16
f 9225/27 9222/27 775/27
f 602/9 9224/9 9225/9
f 9225/18 603/18 602/18
f 84/7 137/7 80/7
f 9223/16 9224/16 137/16
f 84/16 9223/16 137/16
f 603/7 688/7 604/7
f 860/59 779/59 688/59
f 603/59 9225/59 860/59
f 603/59 860/59 688/59
f 137/59 226/59 138/59
f 419/7 320/7 226/7
f 602/7 516/7 419/7
f 137/59 9224/59 602/59
f 137/59 419/59 226/59
f 137/59 602/59 419/59
f 9226/3725 9227/3725 9228/3725
f 9229/3726 9226/3726 9228/3726
f 9230/3727 9231/3727 9227/3727
f 9227/3727 9226/3727 9230/3727
f 9227/3728 9232/3728 9228/3728
f 9233/3729 9229/3729 9228/3729
f 9234/3730 9230/3730 9226/3730
f 9226/3730 9229/3730 9234/3730
f 9235/16 9236/16 9231/16
f 9231/16 9230/16 9235/16
f 9231/2924 9237/2924 9232/2924
f 9232/2924 9227/2924 9231/2924
f 9232/3731 9238/3731 9228/3731
f 9239/3732 9233/3732 9228/3732
f 9240/3077 9234/3077 9229/3077
f 9229/3077 9233/3077 9240/3077
f 9241/16 9235/16 9230/16
f 9230/16 9234/16 9241/16
f 691/3733 9236/3733 9235/3733
f 9235/3733 692/3733 691/3733
f 9236/27 9242/27 9237/27
f 9237/16 9231/16 9236/16
f 9237/3734 9243/3734 9238/3734
f 9238/3734 9232/3734 9237/3734
f 9238/3735 9244/3735 9228/3735
f 9245/3736 9239/3736 9228/3736
f 9246/3737 9240/3737 9233/3737
f 9233/3737 9239/3737 9246/3737
f 9247/16 9241/16 9234/16
f 9234/16 9240/16 9247/16
f 692/2729 9235/2729 9241/2729
f 9241/2729 690/2729 692/2729
f 614/149 691/149 612/149
f 9242/3738 9236/3738 691/3738
f 614/3738 9242/3738 691/3738
f 9242/16 9248/16 9243/16
f 9243/16 9237/16 9242/16
f 9243/3089 9249/3089 9244/3089
f 9244/3089 9238/3089 9243/3089
f 9244/3739 9250/3739 9228/3739
f 9251/3740 9245/3740 9228/3740
f 9252/3086 9246/3086 9239/3086
f 9239/3086 9245/3086 9252/3086
f 9253/16 9247/16 9240/16
f 9240/16 9246/16 9253/16
f 690/149 608/149 607/149
f 9241/3741 9247/3741 608/3741
f 690/3741 9241/3741 608/3741
f 616/3095 9248/3095 9242/3095
f 9242/3095 614/3095 616/3095
f 9248/27 9254/27 9249/27
f 9249/16 9243/16 9248/16
f 9249/3094 9255/3094 9250/3094
f 9250/3094 9244/3094 9249/3094
f 9250/3742 9256/3742 9228/3742
f 9257/3743 9251/3743 9228/3743
f 9258/3092 9252/3092 9245/3092
f 9245/3092 9251/3092 9258/3092
f 9259/27 9253/27 9246/27
f 9246/16 9252/16 9259/16
f 608/3091 9247/3091 9253/3091
f 9253/3091 610/3091 608/3091
f 615/3744 9254/3744 9248/3744
f 9248/3744 616/3744 615/3744
f 9254/27 9260/27 9255/27
f 9255/16 9249/16 9254/16
f 9255/3678 9261/3678 9256/3678
f 9256/3678 9250/3678 9255/3678
f 9256/3745 9262/3745 9228/3745
f 9263/3746 9257/3746 9228/3746
f 9264/3747 9258/3747 9251/3747
f 9251/3747 9257/3747 9264/3747
f 9265/16 9259/16 9252/16
f 9252/16 9258/16 9265/16
f 610/3748 9253/3748 9259/3748
f 9259/3748 609/3748 610/3748
f 611/3749 9260/3749 9254/3749
f 9254/3749 615/3749 611/3749
f 9260/16 9266/16 9261/16
f 9261/16 9255/16 9260/16
f 9261/2773 9267/2773 9262/2773
f 9262/2773 9256/2773 9261/2773
f 9262/3750 9268/3750 9228/3750
f 9269/3751 9263/3751 9228/3751
f 9270/3752 9264/3752 9257/3752
f 9257/3752 9263/3752 9270/3752
f 9271/16 9265/16 9258/16
f 9258/16 9264/16 9271/16
f 609/3753 9259/3753 9265/3753
f 9265/3753 606/3753 609/3753
f 525/16 611/16 523/16
f 9266/3754 9260/3754 611/3754
f 525/3754 9266/3754 611/3754
f 9266/16 9272/16 9267/16
f 9267/16 9261/16 9266/16
f 9267/3110 9273/3110 9268/3110
f 9268/3110 9262/3110 9267/3110
f 9268/3755 9274/3755 9228/3755
f 9275/3756 9269/3756 9228/3756
f 9276/3107 9270/3107 9263/3107
f 9263/3107 9269/3107 9276/3107
f 9277/16 9271/16 9264/16
f 9264/16 9270/16 9277/16
f 606/149 520/149 519/149
f 9265/3757 9271/3757 520/3757
f 606/3757 9265/3757 520/3757
f 526/3758 9272/3758 9266/3758
f 9266/3758 525/3758 526/3758
f 9272/16 9278/16 9273/16
f 9273/16 9267/16 9272/16
f 9273/3115 9279/3115 9274/3115
f 9274/3115 9268/3115 9273/3115
f 9274/3759 9280/3759 9228/3759
f 9281/3760 9275/3760 9228/3760
f 9282/2878 9276/2878 9269/2878
f 9269/2878 9275/2878 9282/2878
f 9283/16 9277/16 9270/16
f 9270/16 9276/16 9283/16
f 520/3761 9271/3761 9277/3761
f 9277/3761 521/3761 520/3761
f 522/3762 9278/3762 9272/3762
f 9272/3762 526/3762 522/3762
f 9278/16 9284/16 9279/16
f 9279/16 9273/16 9278/16
f 9279/3763 9285/3763 9280/3763
f 9280/3763 9274/3763 9279/3763
f 9280/3764 9286/3764 9228/3764
f 9287/3765 9281/3765 9228/3765
f 9288/3474 9282/3474 9275/3474
f 9275/3474 9281/3474 9288/3474
f 9289/16 9283/16 9276/16
f 9276/16 9282/16 9289/16
f 521/3766 9277/3766 9283/3766
f 9283/3766 518/3766 521/3766
f 425/16 522/16 421/16
f 9284/3767 9278/3767 522/3767
f 425/3767 9284/3767 522/3767
f 9284/16 9290/16 9285/16
f 9285/16 9279/16 9284/16
f 9285/3768 9291/3768 9286/3768
f 9286/3768 9280/3768 9285/3768
f 9286/3769 9292/3769 9228/3769
f 9292/3770 9287/3770 9228/3770
f 9293/3052 9288/3052 9281/3052
f 9281/3052 9287/3052 9293/3052
f 9294/16 9289/16 9282/16
f 9282/16 9288/16 9294/16
f 518/16 424/16 423/16
f 9283/2807 9289/2807 424/2807
f 518/2807 9283/2807 424/2807
f 427/2906 9290/2906 9284/2906
f 9284/2906 425/2906 427/2906
f 9290/16 9295/16 9291/16
f 9291/16 9285/16 9290/16
f 9291/3771 9296/3771 9292/3771
f 9292/3771 9286/3771 9291/3771
f 9296/3772 9293/3772 9287/3772
f 9287/3772 9292/3772 9296/3772
f 9297/16 9294/16 9288/16
f 9288/16 9293/16 9297/16
f 424/3128 9289/3128 9294/3128
f 9294/3128 426/3128 424/3128
f 429/3132 9295/3132 9290/3132
f 9290/3132 427/3132 429/3132
f 9295/16 9298/16 9296/16
f 9296/16 9291/16 9295/16
f 9298/16 9297/16 9293/16
f 9293/16 9296/16 9298/16
f 426/3131 9294/3131 9297/3131
f 9297/3131 428/3131 426/3131
f 430/3773 9298/3773 9295/3773
f 9295/3773 429/3773 430/3773
f 428/3774 9297/3774 9298/3774
f 9298/3774 430/3774 428/3774
f 693/9 9299/9 9300/9
f 9300/9 694/9 693/9
f 9299/22 861/22 952/22
f 695/7 781/7 861/7
f 9299/22 693/22 695/22
f 9299/32 695/32 861/32
f 9301/9 9300/9 9299/9
f 9299/9 9302/9 9301/9
f 694/7 524/7 613/7
f 322/7 422/7 524/7
f 232/22 231/22 322/22
f 694/22 9300/22 232/22
f 232/22 322/22 524/22
f 694/22 232/22 524/22
f 953/16 9302/16 9299/16
f 9299/16 952/16 953/16
f 696/9 9301/9 9302/9
f 9302/9 697/9 696/9
f 232/16 9300/16 9301/16
f 9301/16 233/16 232/16
f 697/7 782/7 698/7
f 953/59 862/59 782/59
f 697/59 9302/59 953/59
f 697/59 953/59 782/59
f 233/59 323/59 228/59
f 527/7 431/7 323/7
f 696/7 617/7 527/7
f 233/59 9301/59 696/59
f 233/59 527/59 323/59
f 233/59 696/59 527/59
f 4219/16 4373/16 4214/16
f 9303/16 4547/16 4373/16
f 4219/16 9303/16 4373/16
f 4221/22 9304/22 9303/22
f 9303/22 4219/22 4221/22
f 4547/100 9303/100 9304/100
f 9304/100 4545/100 4547/100
f 4220/32 9305/32 9304/32
f 9304/32 4221/32 4220/32
f 4545/100 9304/100 9305/100
f 9305/100 4546/100 4545/100
f 4222/22 9306/22 9305/22
f 9305/22 4220/22 4222/22
f 4546/100 9305/100 9306/100
f 9306/100 4544/100 4546/100
f 4544/7 4218/7 4372/7
f 9306/149 4222/149 4218/149
f 4544/149 9306/149 4218/149
f 4063/7 4223/7 4064/7
f 4550/7 4375/7 4223/7
f 4063/16 9307/16 4550/16
f 4063/16 4550/16 4223/16
f 4062/22 9308/22 9307/22
f 9307/22 4063/22 4062/22
f 4550/100 9307/100 9308/100
f 9308/100 4551/100 4550/100
f 4213/7 4062/7 4061/7
f 9309/22 9308/22 4062/22
f 4213/22 9309/22 4062/22
f 4551/100 9308/100 9309/100
f 9309/100 4552/100 4551/100
f 4216/22 9310/22 9309/22
f 9309/22 4213/22 4216/22
f 4552/100 9309/100 9310/100
f 9310/100 4549/100 4552/100
f 4549/7 4215/7 4374/7
f 9310/149 4216/149 4215/149
f 4549/149 9310/149 4215/149
f 4070/16 4226/16 4058/16
f 9311/16 4379/16 4226/16
f 4070/16 9311/16 4226/16
f 4069/22 9312/22 9311/22
f 9311/22 4070/22 4069/22
f 4379/100 9311/100 9312/100
f 9312/100 4377/100 4379/100
f 4068/22 9313/22 9312/22
f 9312/22 4069/22 4068/22
f 4377/100 9312/100 9313/100
f 9313/100 4378/100 4377/100
f 4067/22 9314/22 9313/22
f 9313/22 4068/22 4067/22
f 4378/100 9313/100 9314/100
f 9314/100 4376/100 4378/100
f 4376/7 4066/7 4225/7
f 9314/149 4067/149 4066/149
f 4376/149 9314/149 4066/149
f 3907/7 4071/7 3908/7
f 4382/7 4228/7 4071/7
f 3907/16 9315/16 4382/16
f 3907/16 4382/16 4071/16
f 3906/22 9316/22 9315/22
f 9315/22 3907/22 3906/22
f 4382/100 9315/100 9316/100
f 9316/100 4383/100 4382/100
f 4057/7 3906/7 3905/7
f 9317/32 9316/32 3906/32
f 4057/32 9317/32 3906/32
f 4383/100 9316/100 9317/100
f 9317/100 4384/100 4383/100
f 4060/22 9318/22 9317/22
f 9317/22 4057/22 4060/22
f 4384/100 9317/100 9318/100
f 9318/100 4381/100 4384/100
f 4381/7 4059/7 4227/7
f 9318/149 4060/149 4059/149
f 4381/149 9318/149 4059/149
f 3914/16 4074/16 3902/16
f 9319/16 4232/16 4074/16
f 3914/16 9319/16 4074/16
f 3913/22 9320/22 9319/22
f 9319/22 3914/22 3913/22
f 4232/100 9319/100 9320/100
f 9320/100 4230/100 4232/100
f 3912/32 9321/32 9320/32
f 9320/32 3913/32 3912/32
f 4230/100 9320/100 9321/100
f 9321/100 4231/100 4230/100
f 3911/22 9322/22 9321/22
f 9321/22 3912/22 3911/22
f 4231/100 9321/100 9322/100
f 9322/100 4229/100 4231/100
f 4229/7 3910/7 4073/7
f 9322/149 3911/149 3910/149
f 4229/149 9322/149 3910/149
f 3770/16 3915/16 3771/16
f 9323/16 4077/16 3915/16
f 3770/16 9323/16 3915/16
f 3769/22 9324/22 9323/22
f 9323/22 3770/22 3769/22
f 4077/100 9323/100 9324/100
f 9324/100 4078/100 4077/100
f 3901/7 3769/7 3768/7
f 9325/22 9324/22 3769/22
f 3901/22 9325/22 3769/22
f 9324/100 4076/100 4078/100
f 9325/100 4234/100 4076/100
f 9324/100 9325/100 4076/100
f 3904/22 9326/22 9325/22
f 9325/22 3901/22 3904/22
f 4234/100 9325/100 9326/100
f 9326/100 4235/100 4234/100
f 4235/7 3903/7 4075/7
f 9326/149 3904/149 3903/149
f 4235/149 9326/149 3903/149
f 3776/16 3917/16 3765/16
f 9327/16 4085/16 3917/16
f 3776/16 9327/16 3917/16
f 3775/22 9328/22 9327/22
f 9327/22 3776/22 3775/22
f 4085/100 9327/100 9328/100
f 9328/100 4079/100 4085/100
f 3774/22 9329/22 9328/22
f 9328/22 3775/22 3774/22
f 4079/100 9328/100 9329/100
f 9329/100 4080/100 4079/100
f 3773/22 9330/22 9329/22
f 9329/22 3774/22 3773/22
f 4080/100 9329/100 9330/100
f 9330/100 4081/100 4080/100
f 4081/7 3772/7 3916/7
f 9330/149 3773/149 3772/149
f 4081/149 9330/149 3772/149
f 3622/16 3777/16 3623/16
f 9331/16 3920/16 3777/16
f 3622/16 9331/16 3777/16
f 3621/22 9332/22 9331/22
f 9331/22 3622/22 3621/22
f 3920/100 9331/100 9332/100
f 9332/100 3921/100 3920/100
f 3764/7 3621/7 3620/7
f 9333/22 9332/22 3621/22
f 3764/22 9333/22 3621/22
f 9332/100 3919/100 3921/100
f 9333/106 4083/106 3919/106
f 9332/100 9333/100 3919/100
f 3767/22 9334/22 9333/22
f 9333/22 3764/22 3767/22
f 4083/100 9333/100 9334/100
f 9334/100 4084/100 4083/100
f 4084/7 3766/7 3918/7
f 9334/149 3767/149 3766/149
f 4084/149 9334/149 3766/149
f 3628/16 3779/16 3617/16
f 9335/16 3928/16 3779/16
f 3628/16 9335/16 3779/16
f 3627/22 9336/22 9335/22
f 9335/22 3628/22 3627/22
f 3928/100 9335/100 9336/100
f 9336/100 3922/100 3928/100
f 3626/22 9337/22 9336/22
f 9336/22 3627/22 3626/22
f 3922/100 9336/100 9337/100
f 9337/100 3923/100 3922/100
f 3625/22 9338/22 9337/22
f 9337/22 3626/22 3625/22
f 3923/100 9337/100 9338/100
f 9338/100 3924/100 3923/100
f 3924/7 3624/7 3778/7
f 9338/149 3625/149 3624/149
f 3924/149 9338/149 3624/149
f 3470/16 3629/16 3466/16
f 9339/16 3782/16 3629/16
f 3470/16 9339/16 3629/16
f 3469/22 9340/22 9339/22
f 9339/22 3470/22 3469/22
f 3782/100 9339/100 9340/100
f 9340/100 3783/100 3782/100
f 3616/7 3469/7 3468/7
f 9341/22 9340/22 3469/22
f 3616/22 9341/22 3469/22
f 9340/106 3781/106 3783/106
f 9341/100 3926/100 3781/100
f 9340/100 9341/100 3781/100
f 3619/22 9342/22 9341/22
f 9341/22 3616/22 3619/22
f 3926/100 9341/100 9342/100
f 9342/100 3927/100 3926/100
f 3927/7 3618/7 3780/7
f 9342/149 3619/149 3618/149
f 3927/149 9342/149 3618/149
f 3308/16 3471/16 3309/16
f 9343/16 3631/16 3471/16
f 3308/16 9343/16 3471/16
f 9344/22 3307/22 3463/22
f 9343/22 3308/22 3307/22
f 9344/22 9343/22 3307/22
f 3631/7 3784/7 3632/7
f 9343/100 9344/100 3784/100
f 3631/100 9343/100 3784/100
f 3465/22 9345/22 9344/22
f 9344/22 3463/22 3465/22
f 3784/100 9344/100 9345/100
f 9345/100 3785/100 3784/100
f 3464/22 9346/22 9345/22
f 9345/22 3465/22 3464/22
f 3785/100 9345/100 9346/100
f 9346/100 3786/100 3785/100
f 3786/7 3467/7 3630/7
f 9346/149 3464/149 3467/149
f 3786/149 9346/149 3467/149
f 3306/16 3473/16 3303/16
f 9347/16 3637/16 3473/16
f 3306/16 9347/16 3473/16
f 3305/22 9348/22 9347/22
f 9347/22 3306/22 3305/22
f 3637/100 9347/100 9348/100
f 9348/100 3635/100 3637/100
f 3304/22 9349/22 9348/22
f 9348/22 3305/22 3304/22
f 3635/100 9348/100 9349/100
f 9349/100 3636/100 3635/100
f 3311/22 9350/22 9349/22
f 9349/22 3304/22 3311/22
f 3636/100 9349/100 9350/100
f 9350/100 3634/100 3636/100
f 3634/7 3310/7 3472/7
f 9350/149 3311/149 3310/149
f 3634/149 9350/149 3310/149
f 3121/16 3314/16 3118/16
f 9351/16 3477/16 3314/16
f 3121/16 9351/16 3314/16
f 3120/22 9352/22 9351/22
f 9351/22 3121/22 3120/22
f 3477/100 9351/100 9352/100
f 9352/100 3475/100 3477/100
f 3119/22 9353/22 9352/22
f 9352/22 3120/22 3119/22
f 3475/100 9352/100 9353/100
f 9353/100 3476/100 3475/100
f 3124/22 9354/22 9353/22
f 9353/22 3119/22 3124/22
f 3476/100 9353/100 9354/100
f 9354/100 3474/100 3476/100
f 3474/7 3123/7 3313/7
f 9354/149 3124/149 3123/149
f 3474/149 9354/149 3123/149
f 2931/16 3127/16 2926/16
f 9355/16 3318/16 3127/16
f 2931/16 9355/16 3127/16
f 2933/22 9356/22 9355/22
f 9355/22 2931/22 2933/22
f 3318/100 9355/100 9356/100
f 9356/100 3316/100 3318/100
f 2932/22 9357/22 9356/22
f 9356/22 2933/22 2932/22
f 3316/100 9356/100 9357/100
f 9357/100 3317/100 3316/100
f 2934/22 9358/22 9357/22
f 9357/22 2932/22 2934/22
f 3317/100 9357/100 9358/100
f 9358/100 3315/100 3317/100
f 3315/7 2930/7 3126/7
f 9358/149 2934/149 2930/149
f 3315/149 9358/149 2930/149
f 2733/16 2935/16 2728/16
f 9359/16 3130/16 2935/16
f 2733/16 9359/16 2935/16
f 2732/22 9360/22 9359/22
f 9359/22 2733/22 2732/22
f 3130/100 9359/100 9360/100
f 9360/100 3131/100 3130/100
f 2925/7 2732/7 2731/7
f 9361/22 9360/22 2732/22
f 2925/22 9361/22 2732/22
f 9360/100 3129/100 3131/100
f 9361/100 3320/100 3129/100
f 9360/100 9361/100 3129/100
f 2928/22 9362/22 9361/22
f 9361/22 2925/22 2928/22
f 3320/100 9361/100 9362/100
f 9362/100 3321/100 3320/100
f 3321/7 2927/7 3128/7
f 9362/149 2928/149 2927/149
f 3321/149 9362/149 2927/149
f 2562/16 2734/16 2558/16
f 9363/16 2939/16 2734/16
f 2562/16 9363/16 2734/16
f 2561/22 9364/22 9363/22
f 9363/22 2562/22 2561/22
f 2939/100 9363/100 9364/100
f 9364/100 2940/100 2939/100
f 2727/7 2561/7 2560/7
f 9365/22 9364/22 2561/22
f 2727/22 9365/22 2561/22
f 9364/100 2941/100 2940/100
f 9365/100 3132/100 2941/100
f 9364/100 9365/100 2941/100
f 2730/22 9366/22 9365/22
f 9365/22 2727/22 2730/22
f 3132/100 9365/100 9366/100
f 9366/100 3133/100 3132/100
f 3133/7 2729/7 2936/7
f 9366/149 2730/149 2729/149
f 3133/149 9366/149 2729/149
f 2386/16 2563/16 2387/16
f 9367/16 2742/16 2563/16
f 2386/16 9367/16 2563/16
f 2385/22 9368/22 9367/22
f 9367/22 2386/22 2385/22
f 2742/100 9367/100 9368/100
f 9368/100 2741/100 2742/100
f 2557/7 2385/7 2384/7
f 9369/22 9368/22 2385/22
f 2557/22 9369/22 2385/22
f 9368/100 2736/100 2741/100
f 9369/100 2937/100 2736/100
f 9368/100 9369/100 2736/100
f 2556/22 9370/22 9369/22
f 9369/22 2557/22 2556/22
f 2937/100 9369/100 9370/100
f 9370/100 2938/100 2937/100
f 2938/7 2559/7 2735/7
f 9370/149 2556/149 2559/149
f 2938/149 9370/149 2559/149
f 2392/16 2565/16 2383/16
f 9371/16 2738/16 2565/16
f 2392/16 9371/16 2565/16
f 2391/22 9372/22 9371/22
f 9371/22 2392/22 2391/22
f 2738/100 9371/100 9372/100
f 9372/100 2739/100 2738/100
f 2390/22 9373/22 9372/22
f 9372/22 2391/22 2390/22
f 2739/100 9372/100 9373/100
f 9373/100 2740/100 2739/100
f 2389/22 9374/22 9373/22
f 9373/22 2390/22 2389/22
f 2740/100 9373/100 9374/100
f 9374/100 2743/100 2740/100
f 2743/7 2388/7 2564/7
f 9374/149 2389/149 2388/149
f 2743/149 9374/149 2388/149
f 2235/16 2395/16 2232/16
f 9375/16 2568/16 2395/16
f 2235/16 9375/16 2395/16
f 2238/22 9376/22 9375/22
f 9375/22 2235/22 2238/22
f 2568/100 9375/100 9376/100
f 9376/100 2569/100 2568/100
f 2237/22 9377/22 9376/22
f 9376/22 2238/22 2237/22
f 2569/100 9376/100 9377/100
f 9377/100 2570/100 2569/100
f 2236/22 9378/22 9377/22
f 9377/22 2237/22 2236/22
f 2570/100 9377/100 9378/100
f 9378/100 2567/100 2570/100
f 2567/7 2234/7 2394/7
f 9378/149 2236/149 2234/149
f 2567/149 9378/149 2234/149
f 2097/16 2241/16 2089/16
f 9379/16 2397/16 2241/16
f 2097/16 9379/16 2241/16
f 2096/22 9380/22 9379/22
f 9379/22 2097/22 2096/22
f 2397/100 9379/100 9380/100
f 9380/100 2398/100 2397/100
f 2095/22 9381/22 9380/22
f 9380/22 2096/22 2095/22
f 2398/100 9380/100 9381/100
f 9381/100 2399/100 2398/100
f 2094/22 9382/22 9381/22
f 9381/22 2095/22 2094/22
f 2399/100 9381/100 9382/100
f 9382/100 2401/100 2399/100
f 2401/7 2093/7 2240/7
f 9382/149 2094/149 2093/149
f 2401/149 9382/149 2093/149
f 1953/16 2098/16 1949/16
f 9383/16 2245/16 2098/16
f 1953/16 9383/16 2098/16
f 1952/22 9384/22 9383/22
f 9383/22 1953/22 1952/22
f 2245/100 9383/100 9384/100
f 9384/100 2246/100 2245/100
f 1951/22 9385/22 9384/22
f 9384/22 1952/22 1951/22
f 2246/100 9384/100 9385/100
f 9385/100 2247/100 2246/100
f 2091/7 1951/7 1954/7
f 9386/22 9385/22 1951/22
f 2091/22 9386/22 1951/22
f 9385/106 2248/106 2247/106
f 9386/100 2396/100 2248/100
f 9385/100 9386/100 2248/100
f 2396/7 2090/7 2242/7
f 9386/149 2091/149 2090/149
f 2396/149 9386/149 2090/149
f 1798/16 1955/16 1799/16
f 9387/16 2107/16 1955/16
f 1798/16 9387/16 1955/16
f 1797/22 9388/22 9387/22
f 9387/22 1798/22 1797/22
f 2107/100 9387/100 9388/100
f 9388/100 2108/100 2107/100
f 1948/7 1797/7 1796/7
f 9389/22 9388/22 1797/22
f 1948/22 9389/22 1797/22
f 9388/100 2105/100 2108/100
f 9389/100 2243/100 2105/100
f 9388/100 9389/100 2105/100
f 1947/22 9390/22 9389/22
f 9389/22 1948/22 1947/22
f 2243/100 9389/100 9390/100
f 9390/100 2244/100 2243/100
f 2244/7 1950/7 2099/7
f 9390/149 1947/149 1950/149
f 2244/149 9390/149 1950/149
f 1795/16 1957/16 1791/16
f 9391/16 2102/16 1957/16
f 1795/16 9391/16 1957/16
f 1794/22 9392/22 9391/22
f 9391/22 1795/22 1794/22
f 2102/100 9391/100 9392/100
f 9392/100 2103/100 2102/100
f 1793/22 9393/22 9392/22
f 9392/22 1794/22 1793/22
f 2103/100 9392/100 9393/100
f 9393/100 2104/100 2103/100
f 1801/22 9394/22 9393/22
f 9393/22 1793/22 1801/22
f 2104/100 9393/100 9394/100
f 9394/100 2109/100 2104/100
f 2109/7 1800/7 1956/7
f 9394/149 1801/149 1800/149
f 2109/149 9394/149 1800/149
f 1649/16 1802/16 1650/16
f 9395/16 1966/16 1802/16
f 1649/16 9395/16 1802/16
f 1648/22 9396/22 9395/22
f 9395/22 1649/22 1648/22
f 1966/100 9395/100 9396/100
f 9396/100 1967/100 1966/100
f 1790/7 1648/7 1647/7
f 9397/22 9396/22 1648/22
f 1790/22 9397/22 1648/22
f 9396/100 1964/100 1967/100
f 9397/100 2100/100 1964/100
f 9396/100 9397/100 1964/100
f 1789/22 9398/22 9397/22
f 9397/22 1790/22 1789/22
f 2100/100 9397/100 9398/100
f 9398/100 2101/100 2100/100
f 2101/7 1792/7 1958/7
f 9398/149 1789/149 1792/149
f 2101/149 9398/149 1792/149
f 1646/16 1804/16 1642/16
f 9399/16 1961/16 1804/16
f 1646/16 9399/16 1804/16
f 1645/22 9400/22 9399/22
f 9399/22 1646/22 1645/22
f 1961/100 9399/100 9400/100
f 9400/100 1962/100 1961/100
f 1644/22 9401/22 9400/22
f 9400/22 1645/22 1644/22
f 1962/100 9400/100 9401/100
f 9401/100 1963/100 1962/100
f 1652/22 9402/22 9401/22
f 9401/22 1644/22 1652/22
f 1963/100 9401/100 9402/100
f 9402/100 1968/100 1963/100
f 1968/7 1651/7 1803/7
f 9402/149 1652/149 1651/149
f 1968/149 9402/149 1651/149
f 1507/16 1653/16 1502/16
f 9403/16 1812/16 1653/16
f 1507/16 9403/16 1653/16
f 1506/22 9404/22 9403/22
f 9403/22 1507/22 1506/22
f 1812/100 9403/100 9404/100
f 9404/100 1811/100 1812/100
f 1641/7 1506/7 1505/7
f 9405/22 9404/22 1506/22
f 1641/22 9405/22 1506/22
f 9404/100 1806/100 1811/100
f 9405/100 1959/100 1806/100
f 9404/100 9405/100 1806/100
f 1640/22 9406/22 9405/22
f 9405/22 1641/22 1640/22
f 1959/100 9405/100 9406/100
f 9406/100 1960/100 1959/100
f 1960/7 1643/7 1805/7
f 9406/149 1640/149 1643/149
f 1960/149 9406/149 1643/149
f 1498/16 1655/16 1499/16
f 9407/16 1808/16 1655/16
f 1498/16 9407/16 1655/16
f 1501/22 9408/22 9407/22
f 9407/22 1498/22 1501/22
f 1808/100 9407/100 9408/100
f 9408/100 1809/100 1808/100
f 1500/22 9409/22 9408/22
f 9408/22 1501/22 1500/22
f 1809/100 9408/100 9409/100
f 9409/100 1810/100 1809/100
f 1504/22 9410/22 9409/22
f 9409/22 1500/22 1504/22
f 1810/100 9409/100 9410/100
f 9410/100 1813/100 1810/100
f 1813/7 1503/7 1654/7
f 9410/149 1504/149 1503/149
f 1813/149 9410/149 1503/149
f 1364/16 1508/16 1359/16
f 9411/16 1664/16 1508/16
f 1364/16 9411/16 1508/16
f 1363/22 9412/22 9411/22
f 9411/22 1364/22 1363/22
f 1664/100 9411/100 9412/100
f 9412/100 1662/100 1664/100
f 1495/7 1363/7 1362/7
f 9413/22 9412/22 1363/22
f 1495/22 9413/22 1363/22
f 1662/100 9412/100 9413/100
f 9413/100 1663/100 1662/100
f 1494/22 9414/22 9413/22
f 9413/22 1495/22 1494/22
f 1663/100 9413/100 9414/100
f 9414/100 1660/100 1663/100
f 1660/7 1657/7 1658/7
f 1494/7 1497/7 1657/7
f 1660/149 9414/149 1494/149
f 1660/149 1494/149 1657/149
f 1355/16 1510/16 1356/16
f 9415/16 1661/16 1510/16
f 1355/16 9415/16 1510/16
f 1358/22 9416/22 9415/22
f 9415/22 1355/22 1358/22
f 1661/100 9415/100 9416/100
f 9416/100 1665/100 1661/100
f 1357/22 9417/22 9416/22
f 9416/22 1358/22 1357/22
f 1665/100 9416/100 9417/100
f 9417/100 1667/100 1665/100
f 1361/22 9418/22 9417/22
f 9417/22 1357/22 1361/22
f 1667/100 9417/100 9418/100
f 9418/100 1666/100 1667/100
f 1666/7 1360/7 1509/7
f 9418/149 1361/149 1360/149
f 1666/149 9418/149 1360/149
f 1246/16 1365/16 1247/16
f 9419/16 1519/16 1365/16
f 1246/16 9419/16 1365/16
f 1245/22 9420/22 9419/22
f 9419/22 1246/22 1245/22
f 1519/100 9419/100 9420/100
f 9420/100 1517/100 1519/100
f 1352/7 1245/7 1244/7
f 9421/22 9420/22 1245/22
f 1352/22 9421/22 1245/22
f 1517/100 9420/100 9421/100
f 9421/100 1518/100 1517/100
f 1351/22 9422/22 9421/22
f 9421/22 1352/22 1351/22
f 1518/100 9421/100 9422/100
f 9422/100 1515/100 1518/100
f 1515/7 1512/7 1513/7
f 1351/7 1354/7 1512/7
f 1515/149 9422/149 1351/149
f 1515/149 1351/149 1512/149
f 1252/16 1367/16 1243/16
f 9423/16 1516/16 1367/16
f 1252/16 9423/16 1367/16
f 1251/22 9424/22 9423/22
f 9423/22 1252/22 1251/22
f 1516/100 9423/100 9424/100
f 9424/100 1520/100 1516/100
f 1250/22 9425/22 9424/22
f 9424/22 1251/22 1250/22
f 1520/100 9424/100 9425/100
f 9425/100 1522/100 1520/100
f 1249/22 9426/22 9425/22
f 9425/22 1250/22 1249/22
f 1522/100 9425/100 9426/100
f 9426/100 1521/100 1522/100
f 1521/7 1248/7 1366/7
f 9426/149 1249/149 1248/149
f 1521/149 9426/149 1248/149
f 1371/7 1132/7 1254/7
f 9427/32 1133/32 1132/32
f 1371/32 9427/32 1132/32
f 1372/100 9428/100 9427/100
f 9427/100 1371/100 1372/100
f 1133/7 1187/7 1130/7
f 9427/16 9428/16 1187/16
f 1133/16 9427/16 1187/16
f 1187/7 1306/7 1188/7
f 1372/7 1369/7 1306/7
f 1187/64 9428/64 1372/64
f 1187/64 1372/64 1306/64
f 1447/7 1196/7 1308/7
f 9429/32 1197/32 1196/32
f 1447/32 9429/32 1196/32
f 1446/100 9430/100 9429/100
f 9429/100 1447/100 1446/100
f 1197/16 9429/16 9430/16
f 9430/16 1199/16 1197/16
f 1199/59 1309/59 1200/59
f 9430/59 1446/59 1309/59
f 1199/64 9430/64 1309/64
f 1448/7 1201/7 1310/7
f 9431/32 1198/32 1201/32
f 1448/32 9431/32 1201/32
f 1445/100 9432/100 9431/100
f 9431/100 1448/100 1445/100
f 1198/16 9431/16 9432/16
f 9432/16 1195/16 1198/16
f 1195/59 1311/59 1191/59
f 9432/59 1445/59 1311/59
f 1195/64 9432/64 1311/64
f 1443/7 1192/7 1312/7
f 9433/32 1193/32 1192/32
f 1443/32 9433/32 1192/32
f 1444/100 9434/100 9433/100
f 9433/100 1443/100 1444/100
f 1193/16 9433/16 9434/16
f 9434/16 1194/16 1193/16
f 1194/59 1313/59 1190/59
f 9434/59 1444/59 1313/59
f 1194/64 9434/64 1313/64
f 1442/7 1185/7 1314/7
f 1304/7 1186/7 1185/7
f 1442/32 9435/32 1304/32
f 1442/32 1304/32 1185/32
f 9435/100 1595/100 9436/100
f 9435/100 1442/100 1441/100
f 9435/106 1441/106 1595/106
f 1304/16 9435/16 9436/16
f 9436/16 1305/16 1304/16
f 1305/3775 1438/3775 1302/3775
f 9436/3776 1595/3776 1438/3776
f 1305/3777 9436/3777 1438/3777
f 1734/7 1421/7 1583/7
f 9437/32 1425/32 1421/32
f 1734/32 9437/32 1421/32
f 1733/106 9438/106 9437/106
f 9437/106 1734/106 1733/106
f 1425/16 9437/16 9438/16
f 9438/16 1422/16 1425/16
f 1422/59 1584/59 1423/59
f 9438/59 1733/59 1584/59
f 1422/64 9438/64 1584/64
f 1735/7 1424/7 1585/7
f 9439/32 1426/32 1424/32
f 1735/32 9439/32 1424/32
f 1737/106 9440/106 9439/106
f 9439/106 1735/106 1737/106
f 1426/16 9439/16 9440/16
f 9440/16 1431/16 1426/16
f 1431/59 1586/59 1432/59
f 9440/59 1737/59 1586/59
f 1431/64 9440/64 1586/64
f 1736/7 1433/7 1587/7
f 9441/32 1435/32 1433/32
f 1736/32 9441/32 1433/32
f 1732/100 9442/100 9441/100
f 9441/100 1736/100 1732/100
f 1435/16 9441/16 9442/16
f 9442/16 1434/16 1435/16
f 1434/59 1588/59 1428/59
f 9442/59 1732/59 1588/59
f 1434/64 9442/64 1588/64
f 1730/7 1429/7 1589/7
f 9443/32 1430/32 1429/32
f 1730/32 9443/32 1429/32
f 1731/100 9444/100 9443/100
f 9443/100 1730/100 1731/100
f 1430/16 9443/16 9444/16
f 9444/16 1427/16 1430/16
f 1427/59 1590/59 1418/59
f 9444/59 1731/59 1590/59
f 1427/64 9444/64 1590/64
f 1729/7 1419/7 1591/7
f 9445/32 1420/32 1419/32
f 1729/32 9445/32 1419/32
f 1728/100 9446/100 9445/100
f 9445/100 1729/100 1728/100
f 1420/16 9445/16 9446/16
f 9446/16 1417/16 1420/16
f 1841/100 9447/100 9446/100
f 9446/100 1728/100 1841/100
f 1417/16 9446/16 9447/16
f 9447/16 1537/16 1417/16
f 1537/59 1680/59 1538/59
f 9447/59 1841/59 1680/59
f 1537/64 9447/64 1680/64
f 4370/22 4543/22 4368/22
f 9448/32 4711/32 4543/32
f 4370/22 9448/22 4543/22
f 4526/7 4370/7 4369/7
f 9449/149 9448/149 4370/149
f 4526/149 9449/149 4370/149
f 4711/100 9448/100 9449/100
f 9449/100 4709/100 4711/100
f 4709/7 4708/7 4710/7
f 4526/7 4528/7 4708/7
f 4709/59 9449/59 4526/59
f 4709/59 4526/59 4708/59
f 4529/22 4706/22 4530/22
f 9450/32 4884/32 4706/32
f 4529/22 9450/22 4706/22
f 4533/149 9451/149 9450/149
f 9450/149 4529/149 4533/149
f 4884/100 9450/100 9451/100
f 9451/100 4887/100 4884/100
f 4887/7 4532/7 4705/7
f 9451/59 4533/59 4532/59
f 4887/59 9451/59 4532/59
f 4534/22 4704/22 4531/22
f 9452/32 4886/32 4704/32
f 4534/22 9452/22 4704/22
f 4542/149 9453/149 9452/149
f 9452/149 4534/149 4542/149
f 4886/100 9452/100 9453/100
f 9453/100 4885/100 4886/100
f 4885/7 4541/7 4703/7
f 9453/59 4542/59 4541/59
f 4885/59 9453/59 4541/59
f 4539/22 4702/22 4540/22
f 9454/32 4883/32 4702/32
f 4539/22 9454/22 4702/22
f 4538/149 9455/149 9454/149
f 9454/149 4539/149 4538/149
f 4883/100 9454/100 9455/100
f 9455/100 4882/100 4883/100
f 4882/7 4537/7 4701/7
f 9455/59 4538/59 4537/59
f 4882/59 9455/59 4537/59
f 4696/7 4536/7 4535/7
f 4879/7 4700/7 4536/7
f 4696/22 9456/22 4879/22
f 4696/22 4879/22 4536/22
f 4699/149 9457/149 9456/149
f 9456/149 4696/149 4699/149
f 9456/100 4880/100 4879/100
f 9457/100 5073/100 4880/100
f 9456/100 9457/100 4880/100
f 5073/7 4698/7 4878/7
f 9457/3778 4699/3778 4698/3778
f 5073/3778 9457/3778 4698/3778
f 4862/22 5072/22 4858/22
f 9458/32 5251/32 5072/32
f 4862/22 9458/22 5072/22
f 4861/149 9459/149 9458/149
f 9458/149 4862/149 4861/149
f 5251/100 9458/100 9459/100
f 9459/100 5254/100 5251/100
f 5254/7 4860/7 5071/7
f 9459/59 4861/59 4860/59
f 5254/59 9459/59 4860/59
f 4863/22 5070/22 4859/22
f 9460/32 5256/32 5070/32
f 4863/22 9460/22 5070/22
f 4870/149 9461/149 9460/149
f 9460/149 4863/149 4870/149
f 5256/100 9460/100 9461/100
f 9461/100 5255/100 5256/100
f 5255/7 4869/7 5069/7
f 9461/59 4870/59 4869/59
f 5255/59 9461/59 4869/59
f 4872/22 5068/22 4868/22
f 9462/32 5253/32 5068/32
f 4872/22 9462/22 5068/22
f 4875/149 9463/149 9462/149
f 9462/149 4872/149 4875/149
f 5253/100 9462/100 9463/100
f 9463/100 5252/100 5253/100
f 5252/7 4874/7 5067/7
f 9463/59 4875/59 4874/59
f 5252/59 9463/59 4874/59
f 4876/22 5066/22 4873/22
f 9464/32 5250/32 5066/32
f 4876/22 9464/22 5066/22
f 4871/149 9465/149 9464/149
f 9464/149 4876/149 4871/149
f 5250/100 9464/100 9465/100
f 9465/100 5249/100 5250/100
f 5249/7 4867/7 5065/7
f 9465/59 4871/59 4867/59
f 5249/59 9465/59 4867/59
f 4865/22 5064/22 4866/22
f 9466/32 5246/32 5064/32
f 4865/22 9466/22 5064/22
f 4864/149 9467/149 9466/149
f 9466/149 4865/149 4864/149
f 5246/100 9466/100 9467/100
f 9467/100 5247/100 5246/100
f 5047/149 9468/149 9467/149
f 9467/149 4864/149 5047/149
f 5247/100 9467/100 9468/100
f 9468/100 5417/100 5247/100
f 5417/7 5046/7 5245/7
f 9468/59 5047/59 5046/59
f 5417/59 9468/59 5046/59
f 5679/100 9469/100 9470/100
f 9470/100 5678/100 5679/100
f 5677/100 9471/100 9469/100
f 9469/100 5679/100 5677/100
f 5376/59 9470/59 9469/59
f 9469/59 5377/59 5376/59
f 5678/7 5375/7 5539/7
f 9470/16 5376/16 5375/16
f 5678/16 9470/16 5375/16
f 5673/100 9472/100 9471/100
f 9471/100 5677/100 5673/100
f 5377/64 9469/64 9471/64
f 9471/64 5378/64 5377/64
f 5379/149 5540/149 5370/149
f 9472/149 5673/149 5540/149
f 5379/149 9472/149 5540/149
f 5378/59 9471/59 9472/59
f 9472/59 5379/59 5378/59
f 5675/100 9473/100 9474/100
f 9474/100 5672/100 5675/100
f 5674/100 9475/100 9473/100
f 9473/100 5675/100 5674/100
f 5196/59 9474/59 9473/59
f 9473/59 5197/59 5196/59
f 5672/7 5369/7 5537/7
f 5196/7 5199/7 5369/7
f 5672/16 9474/16 5196/16
f 5672/16 5196/16 5369/16
f 5676/100 9476/100 9475/100
f 9475/100 5674/100 5676/100
f 9473/59 5195/59 5197/59
f 9475/64 5372/64 5195/64
f 9473/59 9475/59 5195/59
f 5373/149 5538/149 5374/149
f 9476/149 5676/149 5538/149
f 5373/149 9476/149 5538/149
f 5372/59 9475/59 9476/59
f 9476/59 5373/59 5372/59
f 5536/100 9477/100 9478/100
f 9478/100 5535/100 5536/100
f 5534/100 9479/100 9477/100
f 9477/100 5536/100 5534/100
f 5206/59 9478/59 9477/59
f 9477/59 5202/59 5206/59
f 5206/16 5205/16 5366/16
f 5535/16 9478/16 5366/16
f 9478/16 5206/16 5366/16
f 5530/100 9480/100 9479/100
f 9479/100 5534/100 5530/100
f 5202/59 9477/59 9479/59
f 9479/59 5203/59 5202/59
f 5200/149 5367/149 5201/149
f 9480/149 5530/149 5367/149
f 5200/149 9480/149 5367/149
f 5203/59 9479/59 9480/59
f 9480/59 5200/59 5203/59
f 5532/100 9481/100 9482/100
f 9482/100 5529/100 5532/100
f 5531/100 9483/100 9481/100
f 9481/100 5532/100 5531/100
f 5006/59 9482/59 9481/59
f 9481/59 5007/59 5006/59
f 5529/7 5194/7 5364/7
f 5006/7 5009/7 5194/7
f 5529/16 9482/16 5006/16
f 5529/16 5006/16 5194/16
f 5533/100 9484/100 9483/100
f 9483/100 5531/100 5533/100
f 9481/59 5005/59 5007/59
f 9483/59 5207/59 5005/59
f 9481/64 9483/64 5005/64
f 5208/149 5365/149 5204/149
f 9484/149 5533/149 5365/149
f 5208/149 9484/149 5365/149
f 5207/59 9483/59 9484/59
f 9484/59 5208/59 5207/59
f 5360/100 9485/100 9486/100
f 9486/100 5363/100 5360/100
f 5359/100 9487/100 9485/100
f 9485/100 5360/100 5359/100
f 5016/59 9486/59 9485/59
f 9485/59 5012/59 5016/59
f 5363/7 5015/7 5191/7
f 9486/16 5016/16 5015/16
f 5363/16 9486/16 5015/16
f 5358/100 9488/100 9487/100
f 9487/100 5359/100 5358/100
f 5012/64 9485/64 9487/64
f 9487/64 5013/64 5012/64
f 5010/149 5192/149 5011/149
f 9488/149 5358/149 5192/149
f 5010/149 9488/149 5192/149
f 5013/59 9487/59 9488/59
f 9488/59 5010/59 5013/59
f 5181/100 9489/100 9490/100
f 9490/100 5182/100 5181/100
f 5361/7 5181/7 5180/7
f 9491/100 9489/100 5181/100
f 5361/100 9491/100 5181/100
f 4822/59 9490/59 9489/59
f 9489/59 4823/59 4822/59
f 5182/7 4825/7 5004/7
f 9490/16 4822/16 4825/16
f 5182/16 9490/16 4825/16
f 5362/100 9492/100 9491/100
f 9491/100 5361/100 5362/100
f 9489/59 4821/59 4823/59
f 9491/59 5017/59 4821/59
f 9489/59 9491/59 4821/59
f 5018/149 5190/149 5014/149
f 9492/149 5362/149 5190/149
f 5018/149 9492/149 5190/149
f 5017/59 9491/59 9492/59
f 9492/59 5018/59 5017/59
f 5185/100 9493/100 9494/100
f 9494/100 5189/100 5185/100
f 5184/100 9495/100 9493/100
f 9493/100 5185/100 5184/100
f 4833/59 9494/59 9493/59
f 9493/59 4826/59 4833/59
f 5189/7 4832/7 5002/7
f 9494/16 4833/16 4832/16
f 5189/16 9494/16 4832/16
f 5183/100 9496/100 9495/100
f 9495/100 5184/100 5183/100
f 4826/59 9493/59 9495/59
f 9495/59 4827/59 4826/59
f 4828/149 5003/149 4824/149
f 9496/149 5183/149 5003/149
f 4828/149 9496/149 5003/149
f 4827/59 9495/59 9496/59
f 9496/59 4828/59 4827/59
f 4992/100 9497/100 9498/100
f 9498/100 4993/100 4992/100
f 5188/7 4992/7 4991/7
f 9499/100 9497/100 4992/100
f 5188/100 9499/100 4992/100
f 4656/59 9498/59 9497/59
f 9497/59 4657/59 4656/59
f 4993/7 4659/7 4820/7
f 9498/16 4656/16 4659/16
f 4993/16 9498/16 4659/16
f 5187/100 9500/100 9499/100
f 9499/100 5188/100 5187/100
f 9497/59 4655/59 4657/59
f 9499/59 4829/59 4655/59
f 9497/59 9499/59 4655/59
f 4830/149 5001/149 4831/149
f 9500/149 5187/149 5001/149
f 4830/149 9500/149 5001/149
f 4829/59 9499/59 9500/59
f 9500/59 4830/59 4829/59
f 4996/100 9501/100 9502/100
f 9502/100 5000/100 4996/100
f 4995/100 9503/100 9501/100
f 9501/100 4996/100 4995/100
f 4667/59 9502/59 9501/59
f 9501/59 4660/59 4667/59
f 5000/7 4666/7 4818/7
f 9502/16 4667/16 4666/16
f 5000/16 9502/16 4666/16
f 4994/100 9504/100 9503/100
f 9503/100 4995/100 4994/100
f 4660/59 9501/59 9503/59
f 9503/59 4661/59 4660/59
f 4662/149 4819/149 4658/149
f 9504/149 4994/149 4819/149
f 4662/149 9504/149 4819/149
f 4661/59 9503/59 9504/59
f 9504/59 4662/59 4661/59
f 4811/100 9505/100 9506/100
f 9506/100 4812/100 4811/100
f 4999/7 4811/7 4810/7
f 9507/100 9505/100 4811/100
f 4999/100 9507/100 4811/100
f 4484/59 9506/59 9505/59
f 9505/59 4485/59 4484/59
f 4812/7 4487/7 4654/7
f 9506/16 4484/16 4487/16
f 4812/16 9506/16 4487/16
f 4998/100 9508/100 9507/100
f 9507/100 4999/100 4998/100
f 9505/59 4483/59 4485/59
f 9507/59 4663/59 4483/59
f 9505/59 9507/59 4483/59
f 4664/149 4817/149 4665/149
f 9508/149 4998/149 4817/149
f 4664/149 9508/149 4817/149
f 4663/59 9507/59 9508/59
f 9508/59 4664/59 4663/59
f 9509/100 4647/100 4815/100
f 9510/100 4648/100 4647/100
f 9509/100 9510/100 4647/100
f 4814/100 9511/100 9509/100
f 9509/100 4815/100 4814/100
f 4329/7 4488/7 4326/7
f 9510/59 9509/59 4488/59
f 4329/59 9510/59 4488/59
f 4648/7 4328/7 4482/7
f 9510/16 4329/16 4328/16
f 4648/16 9510/16 4328/16
f 4813/100 9512/100 9511/100
f 9511/100 4814/100 4813/100
f 4488/59 9509/59 9511/59
f 9511/59 4489/59 4488/59
f 4490/149 4653/149 4486/149
f 9512/149 4813/149 4653/149
f 4490/149 9512/149 4653/149
f 4489/59 9511/59 9512/59
f 9512/59 4490/59 4489/59
f 4651/100 9513/100 9514/100
f 9514/100 4652/100 4651/100
f 4650/100 9515/100 9513/100
f 9513/100 4651/100 4650/100
f 4331/59 9514/59 9513/59
f 9513/59 4332/59 4331/59
f 4652/7 4330/7 4480/7
f 9514/16 4331/16 4330/16
f 4652/16 9514/16 4330/16
f 4649/100 9516/100 9515/100
f 9515/100 4650/100 4649/100
f 4332/59 9513/59 9515/59
f 9515/59 4333/59 4332/59
f 4334/149 4481/149 4327/149
f 9516/149 4649/149 4481/149
f 4334/149 9516/149 4481/149
f 4333/59 9515/59 9516/59
f 9516/59 4334/59 4333/59
f 4479/100 9517/100 9518/100
f 9518/100 4476/100 4479/100
f 4478/100 9519/100 9517/100
f 9517/100 4479/100 4478/100
f 4169/59 9518/59 9517/59
f 9517/59 4170/59 4169/59
f 4476/7 4167/7 4323/7
f 9518/16 4169/16 4167/16
f 4476/16 9518/16 4167/16
f 4477/100 9520/100 9519/100
f 9519/100 4478/100 4477/100
f 4170/59 9517/59 9519/59
f 9519/59 4171/59 4170/59
f 4168/149 4324/149 4165/149
f 9520/149 4477/149 4324/149
f 4168/149 9520/149 4324/149
f 4171/59 9519/59 9520/59
f 9520/59 4168/59 4171/59
f 4319/100 9521/100 9522/100
f 9522/100 4322/100 4319/100
f 4318/100 9523/100 9521/100
f 9521/100 4319/100 4318/100
f 3999/59 9522/59 9521/59
f 9521/59 4000/59 3999/59
f 4322/7 3998/7 4162/7
f 9522/16 3999/16 3998/16
f 4322/16 9522/16 3998/16
f 4317/100 9524/100 9523/100
f 9523/100 4318/100 4317/100
f 4000/59 9521/59 9523/59
f 9523/59 4001/59 4000/59
f 4002/149 4163/149 3993/149
f 9524/149 4317/149 4163/149
f 4002/149 9524/149 4163/149
f 4001/59 9523/59 9524/59
f 9524/59 4002/59 4001/59
f 4156/100 9525/100 9526/100
f 9526/100 4157/100 4156/100
f 4320/7 4156/7 4155/7
f 9527/100 9525/100 4156/100
f 4320/100 9527/100 4156/100
f 3835/59 9526/59 9525/59
f 9525/59 3836/59 3835/59
f 4157/7 3838/7 3992/7
f 9526/16 3835/16 3838/16
f 4157/16 9526/16 3838/16
f 4321/100 9528/100 9527/100
f 9527/100 4320/100 4321/100
f 9525/59 3834/59 3836/59
f 9527/64 3995/64 3834/64
f 9525/59 9527/59 3834/59
f 3996/149 4161/149 3997/149
f 9528/149 4321/149 4161/149
f 3996/149 9528/149 4161/149
f 3995/59 9527/59 9528/59
f 9528/59 3996/59 3995/59
f 4006/100 9529/100 9530/100
f 9530/100 4007/100 4006/100
f 4159/7 4006/7 4005/7
f 9531/100 9529/100 4006/100
f 4159/100 9531/100 4006/100
f 3687/59 9530/59 9529/59
f 9529/59 3683/59 3687/59
f 4007/7 3686/7 3842/7
f 9530/16 3687/16 3686/16
f 4007/16 9530/16 3686/16
f 4158/100 9532/100 9531/100
f 9531/100 4159/100 4158/100
f 9529/59 3684/59 3683/59
f 9531/59 3839/59 3684/59
f 9529/59 9531/59 3684/59
f 3840/149 3991/149 3837/149
f 9532/149 4158/149 3991/149
f 3840/149 9532/149 3991/149
f 3839/59 9531/59 9532/59
f 9532/59 3840/59 3839/59
f 3849/100 9533/100 9534/100
f 9534/100 3850/100 3849/100
f 4004/7 3849/7 3848/7
f 9535/100 9533/100 3849/100
f 4004/100 9535/100 3849/100
f 3526/59 9534/59 9533/59
f 9533/59 3522/59 3526/59
f 3850/7 3525/7 3692/7
f 9534/16 3526/16 3525/16
f 3850/16 9534/16 3525/16
f 4003/100 9536/100 9535/100
f 9535/100 4004/100 4003/100
f 9533/64 3523/64 3522/64
f 9535/59 3688/59 3523/59
f 9533/59 9535/59 3523/59
f 3689/149 3841/149 3685/149
f 9536/149 4003/149 3841/149
f 3689/149 9536/149 3841/149
f 3688/59 9535/59 9536/59
f 9536/59 3689/59 3688/59
f 3845/100 9537/100 9538/100
f 9538/100 3843/100 3845/100
f 3844/100 9539/100 9537/100
f 9537/100 3845/100 3844/100
f 3531/59 9538/59 9537/59
f 9537/59 3529/59 3531/59
f 3843/7 3527/7 3690/7
f 9538/16 3531/16 3527/16
f 3843/16 9538/16 3527/16
f 3846/100 9540/100 9539/100
f 9539/100 3844/100 3846/100
f 3529/59 9537/59 9539/59
f 9539/59 3530/59 3529/59
f 3528/149 3691/149 3524/149
f 9540/149 3846/149 3691/149
f 3528/149 9540/149 3691/149
f 3530/59 9539/59 9540/59
f 9540/59 3528/59 3530/59
f 3695/100 9541/100 9542/100
f 9542/100 3693/100 3695/100
f 3694/100 9543/100 9541/100
f 9541/100 3695/100 3694/100
f 3362/59 9542/59 9541/59
f 9541/59 3358/59 3362/59
f 3693/7 3361/7 3532/7
f 9542/16 3362/16 3361/16
f 3693/16 9542/16 3361/16
f 3696/100 9544/100 9543/100
f 9543/100 3694/100 3696/100
f 3358/59 9541/59 9543/59
f 9543/59 3359/59 3358/59
f 3360/149 3533/149 3356/149
f 9544/149 3696/149 3533/149
f 3360/149 9544/149 3533/149
f 3359/59 9543/59 9544/59
f 9544/59 3360/59 3359/59
f 3539/100 9545/100 9546/100
f 9546/100 3537/100 3539/100
f 3538/100 9547/100 9545/100
f 9545/100 3539/100 3538/100
f 3178/59 9546/59 9545/59
f 9545/59 3172/59 3178/59
f 3537/7 3177/7 3364/7
f 9546/16 3178/16 3177/16
f 3537/16 9546/16 3177/16
f 3540/100 9548/100 9547/100
f 9547/100 3538/100 3540/100
f 3172/59 9545/59 9547/59
f 9547/59 3173/59 3172/59
f 3174/149 3365/149 3170/149
f 9548/149 3540/149 3365/149
f 3174/149 9548/149 3365/149
f 3173/59 9547/59 9548/59
f 9548/59 3174/59 3173/59
f 3370/100 9549/100 9550/100
f 9550/100 3371/100 3370/100
f 3369/100 9551/100 9549/100
f 9549/100 3370/100 3369/100
f 2988/59 9550/59 9549/59
f 9549/59 2989/59 2988/59
f 3371/7 2991/7 3180/7
f 9550/16 2988/16 2991/16
f 3371/16 9550/16 2991/16
f 3535/7 3369/7 3373/7
f 9552/100 9551/100 3369/100
f 3535/100 9552/100 3369/100
f 2989/59 9549/59 9551/59
f 9551/59 2986/59 2989/59
f 3175/149 3363/149 3176/149
f 9552/149 3535/149 3363/149
f 3175/149 9552/149 3363/149
f 9551/59 2987/59 2986/59
f 9552/59 3175/59 2987/59
f 9551/59 9552/59 2987/59
f 3188/100 9553/100 9554/100
f 9554/100 3189/100 3188/100
f 3368/7 3188/7 3187/7
f 9555/100 9553/100 3188/100
f 3368/100 9555/100 3188/100
f 2783/59 9554/59 9553/59
f 9553/59 2779/59 2783/59
f 3189/7 2782/7 2997/7
f 9554/16 2783/16 2782/16
f 3189/16 9554/16 2782/16
f 3367/100 9556/100 9555/100
f 9555/100 3368/100 3367/100
f 9553/59 2780/59 2779/59
f 9555/59 2992/59 2780/59
f 9553/59 9555/59 2780/59
f 2993/149 3179/149 2990/149
f 9556/149 3367/149 3179/149
f 2993/149 9556/149 3179/149
f 2992/59 9555/59 9556/59
f 9556/59 2993/59 2992/59
f 3184/100 9557/100 9558/100
f 9558/100 3185/100 3184/100
f 3183/100 9559/100 9557/100
f 9557/100 3184/100 3183/100
f 2788/59 9558/59 9557/59
f 9557/59 2789/59 2788/59
f 2788/16 2787/16 2995/16
f 3185/16 9558/16 2995/16
f 9558/16 2788/16 2995/16
f 3190/100 9560/100 9559/100
f 9559/100 3183/100 3190/100
f 2789/59 9557/59 9559/59
f 9559/59 2790/59 2789/59
f 2791/149 2996/149 2781/149
f 9560/149 3190/149 2996/149
f 2791/149 9560/149 2996/149
f 2790/59 9559/59 9560/59
f 9560/59 2791/59 2790/59
f 3005/100 9561/100 9562/100
f 9562/100 3006/100 3005/100
f 3182/7 3005/7 3004/7
f 9563/100 9561/100 3005/100
f 3182/100 9563/100 3005/100
f 2606/59 9562/59 9561/59
f 9561/59 2602/59 2606/59
f 3006/7 2605/7 2795/7
f 9562/16 2606/16 2605/16
f 3006/16 9562/16 2605/16
f 3181/100 9564/100 9563/100
f 9563/100 3182/100 3181/100
f 9561/59 2603/59 2602/59
f 9563/59 2784/59 2603/59
f 9561/59 9563/59 2603/59
f 2785/149 2994/149 2786/149
f 9564/149 3181/149 2994/149
f 2785/149 9564/149 2994/149
f 2784/59 9563/59 9564/59
f 9564/59 2785/59 2784/59
f 3001/100 9565/100 9566/100
f 9566/100 3002/100 3001/100
f 3000/100 9567/100 9565/100
f 9565/100 3001/100 3000/100
f 2611/59 9566/59 9565/59
f 9565/59 2612/59 2611/59
f 3002/7 2610/7 2793/7
f 9566/16 2611/16 2610/16
f 3002/16 9566/16 2610/16
f 3007/100 9568/100 9567/100
f 9567/100 3000/100 3007/100
f 2612/59 9565/59 9567/59
f 9567/59 2613/59 2612/59
f 2614/149 2794/149 2604/149
f 9568/149 3007/149 2794/149
f 2614/149 9568/149 2794/149
f 2613/59 9567/59 9568/59
f 9568/59 2614/59 2613/59
f 2802/100 9569/100 9570/100
f 9570/100 2803/100 2802/100
f 2999/7 2802/7 2801/7
f 9571/100 9569/100 2802/100
f 2999/100 9571/100 2802/100
f 2432/59 9570/59 9569/59
f 9569/59 2428/59 2432/59
f 2803/7 2431/7 2619/7
f 9570/16 2432/16 2431/16
f 2803/16 9570/16 2431/16
f 2998/100 9572/100 9571/100
f 9571/100 2999/100 2998/100
f 9569/59 2429/59 2428/59
f 9571/64 2607/64 2429/64
f 9569/59 9571/59 2429/59
f 2608/149 2792/149 2609/149
f 9572/149 2998/149 2792/149
f 2608/149 9572/149 2792/149
f 2607/59 9571/59 9572/59
f 9572/59 2608/59 2607/59
f 2798/100 9573/100 9574/100
f 9574/100 2796/100 2798/100
f 2797/100 9575/100 9573/100
f 9573/100 2798/100 2797/100
f 2438/59 9574/59 9573/59
f 9573/59 2439/59 2438/59
f 2796/7 2437/7 2617/7
f 9574/16 2438/16 2437/16
f 2796/16 9574/16 2437/16
f 2799/100 9576/100 9575/100
f 9575/100 2797/100 2799/100
f 2439/59 9573/59 9575/59
f 9575/59 2440/59 2439/59
f 2441/149 2618/149 2430/149
f 9576/149 2799/149 2618/149
f 2441/149 9576/149 2618/149
f 2440/59 9575/59 9576/59
f 9576/59 2441/59 2440/59
f 2629/100 9577/100 9578/100
f 9578/100 2626/100 2629/100
f 2628/100 9579/100 9577/100
f 9577/100 2629/100 2628/100
f 2275/59 9578/59 9577/59
f 9577/59 2271/59 2275/59
f 2275/16 2274/16 2446/16
f 2626/16 9578/16 2446/16
f 9578/16 2275/16 2446/16
f 2627/100 9580/100 9579/100
f 9579/100 2628/100 2627/100
f 9577/59 2272/59 2271/59
f 9579/59 2433/59 2272/59
f 9577/59 9579/59 2272/59
f 2434/7 2615/7 2435/7
f 2627/7 2625/7 2615/7
f 2434/149 9580/149 2627/149
f 2434/149 2627/149 2615/149
f 2433/59 9579/59 9580/59
f 9580/59 2434/59 2433/59
f 2622/100 9581/100 9582/100
f 9582/100 2620/100 2622/100
f 2621/100 9583/100 9581/100
f 9581/100 2622/100 2621/100
f 2281/59 9582/59 9581/59
f 9581/59 2282/59 2281/59
f 2620/7 2280/7 2444/7
f 9582/16 2281/16 2280/16
f 2620/16 9582/16 2280/16
f 2623/100 9584/100 9583/100
f 9583/100 2621/100 2623/100
f 2282/59 9581/59 9583/59
f 9583/59 2283/59 2282/59
f 2284/149 2445/149 2273/149
f 9584/149 2623/149 2445/149
f 2284/149 9584/149 2445/149
f 2283/59 9583/59 9584/59
f 9584/59 2284/59 2283/59
f 2456/100 9585/100 9586/100
f 9586/100 2453/100 2456/100
f 2455/100 9587/100 9585/100
f 9585/100 2456/100 2455/100
f 2128/59 9586/59 9585/59
f 9585/59 2124/59 2128/59
f 2453/7 2127/7 2287/7
f 9586/16 2128/16 2127/16
f 2453/16 9586/16 2127/16
f 2454/100 9588/100 9587/100
f 9587/100 2455/100 2454/100
f 9585/59 2125/59 2124/59
f 9587/59 2276/59 2125/59
f 9585/59 9587/59 2125/59
f 2277/7 2442/7 2278/7
f 2454/7 2452/7 2442/7
f 2277/149 9588/149 2454/149
f 2277/149 2454/149 2442/149
f 2276/59 9587/59 9588/59
f 9588/59 2277/59 2276/59
f 2449/100 9589/100 9590/100
f 9590/100 2447/100 2449/100
f 2448/100 9591/100 9589/100
f 9589/100 2449/100 2448/100
f 2133/59 9590/59 9589/59
f 9589/59 2131/59 2133/59
f 2133/16 2129/16 2285/16
f 2447/16 9590/16 2285/16
f 9590/16 2133/16 2285/16
f 2450/100 9592/100 9591/100
f 9591/100 2448/100 2450/100
f 2131/59 9589/59 9591/59
f 9591/59 2132/59 2131/59
f 2130/149 2286/149 2126/149
f 9592/149 2450/149 2286/149
f 2130/149 9592/149 2286/149
f 2132/59 9591/59 9592/59
f 9592/59 2130/59 2132/59
f 1981/59 2134/59 1979/59
f 9593/59 2289/59 2134/59
f 1981/64 9593/64 2134/64
f 1823/7 1981/7 1824/7
f 9594/16 9593/16 1981/16
f 1823/16 9594/16 1981/16
f 2289/100 9593/100 9594/100
f 9594/100 2288/100 2289/100
f 2288/7 1990/7 2144/7
f 1823/7 1826/7 1990/7
f 2288/32 9594/32 1823/32
f 2288/32 1823/32 1990/32
f 1827/59 1988/59 1828/59
f 9595/59 2140/59 1988/59
f 1827/64 9595/64 1988/64
f 1831/16 9596/16 9595/16
f 9595/16 1827/16 1831/16
f 2140/100 9595/100 9596/100
f 9596/100 2143/100 2140/100
f 2143/7 1830/7 1987/7
f 9596/32 1831/32 1830/32
f 2143/32 9596/32 1830/32
f 1832/59 1986/59 1829/59
f 9597/59 2142/59 1986/59
f 1832/64 9597/64 1986/64
f 1839/16 9598/16 9597/16
f 9597/16 1832/16 1839/16
f 2142/100 9597/100 9598/100
f 9598/100 2141/100 2142/100
f 2141/7 1838/7 1985/7
f 9598/32 1839/32 1838/32
f 2141/32 9598/32 1838/32
f 1836/59 1984/59 1837/59
f 9599/59 2139/59 1984/59
f 1836/64 9599/64 1984/64
f 1835/16 9600/16 9599/16
f 9599/16 1836/16 1835/16
f 2139/100 9599/100 9600/100
f 9600/100 2138/100 2139/100
f 2138/7 1834/7 1983/7
f 9600/32 1835/32 1834/32
f 2138/32 9600/32 1834/32
f 1676/7 1833/7 1677/7
f 2136/7 1982/7 1833/7
f 1676/64 9601/64 2136/64
f 1676/64 2136/64 1833/64
f 1679/16 9602/16 9601/16
f 9601/16 1676/16 1679/16
f 9601/100 1993/100 2136/100
f 9602/106 1991/106 1993/106
f 9601/100 9602/100 1993/100
f 1991/7 1678/7 1840/7
f 9602/3779 1679/3779 1678/3779
f 1991/3779 9602/3779 1678/3779
f 1535/59 1688/59 1530/59
f 9603/59 1845/59 1688/59
f 1535/64 9603/64 1688/64
f 1534/16 9604/16 9603/16
f 9603/16 1535/16 1534/16
f 1845/106 9603/106 9604/106
f 9604/106 1848/106 1845/106
f 1848/7 1533/7 1687/7
f 9604/32 1534/32 1533/32
f 1848/32 9604/32 1533/32
f 1536/59 1686/59 1532/59
f 9605/59 1850/59 1686/59
f 1536/64 9605/64 1686/64
f 1542/16 9606/16 9605/16
f 9605/16 1536/16 1542/16
f 1850/106 9605/106 9606/106
f 9606/106 1849/106 1850/106
f 1849/7 1541/7 1685/7
f 9606/32 1542/32 1541/32
f 1849/32 9606/32 1541/32
f 1544/59 1684/59 1540/59
f 9607/59 1847/59 1684/59
f 1544/64 9607/64 1684/64
f 1547/16 9608/16 9607/16
f 9607/16 1544/16 1547/16
f 1847/100 9607/100 9608/100
f 9608/100 1846/100 1847/100
f 1846/7 1546/7 1683/7
f 9608/32 1547/32 1546/32
f 1846/32 9608/32 1546/32
f 1548/59 1682/59 1545/59
f 9609/59 1844/59 1682/59
f 1548/64 9609/64 1682/64
f 1543/16 9610/16 9609/16
f 9609/16 1548/16 1543/16
f 1844/100 9609/100 9610/100
f 9610/100 1843/100 1844/100
f 1843/7 1539/7 1681/7
f 9610/32 1543/32 1539/32
f 1843/32 9610/32 1539/32
f 5791/7 5542/7 5680/7
f 9611/59 5543/59 5542/59
f 5791/59 9611/59 5542/59
f 5792/100 9612/100 9611/100
f 9611/100 5791/100 5792/100
f 5543/7 5401/7 5400/7
f 9611/149 9612/149 5401/149
f 5543/149 9611/149 5401/149
f 5401/7 5561/7 5402/7
f 5792/7 5692/7 5561/7
f 5401/22 9612/22 5792/22
f 5401/22 5792/22 5561/22
f 5699/7 5410/7 5563/7
f 9613/59 5411/59 5410/59
f 5699/59 9613/59 5410/59
f 5698/100 9614/100 9613/100
f 9613/100 5699/100 5698/100
f 5411/149 9613/149 9614/149
f 9614/149 5415/149 5411/149
f 5415/22 5564/22 5412/22
f 9614/32 5698/32 5564/32
f 5415/22 9614/22 5564/22
f 5700/7 5413/7 5565/7
f 9615/59 5414/59 5413/59
f 5700/59 9615/59 5413/59
f 5696/100 9616/100 9615/100
f 9615/100 5700/100 5696/100
f 5414/149 9615/149 9616/149
f 9616/149 5409/149 5414/149
f 5409/22 5566/22 5405/22
f 9616/32 5696/32 5566/32
f 5409/22 9616/22 5566/22
f 5694/7 5406/7 5567/7
f 9617/59 5407/59 5406/59
f 5694/59 9617/59 5406/59
f 5695/100 9618/100 9617/100
f 9617/100 5694/100 5695/100
f 5407/149 9617/149 9618/149
f 9618/149 5408/149 5407/149
f 5408/22 5568/22 5404/22
f 9618/32 5695/32 5568/32
f 5408/22 9618/22 5568/22
f 5693/7 5399/7 5569/7
f 5234/7 5233/7 5399/7
f 5693/59 9619/59 5234/59
f 5693/59 5234/59 5399/59
f 9619/100 5572/100 9620/100
f 9619/100 5693/100 5570/100
f 9619/100 5570/100 5572/100
f 5234/149 9619/149 9620/149
f 9620/149 5235/149 5234/149
f 5235/3780 5416/3780 5232/3780
f 9620/3781 5572/3781 5416/3781
f 5235/3782 9620/3782 5416/3782
f 5423/7 5049/7 5237/7
f 9621/59 5053/59 5049/59
f 5423/59 9621/59 5049/59
f 5422/100 9622/100 9621/100
f 9621/100 5423/100 5422/100
f 5053/149 9621/149 9622/149
f 9622/149 5050/149 5053/149
f 5050/22 5238/22 5051/22
f 9622/32 5422/32 5238/32
f 5050/22 9622/22 5238/22
f 5424/7 5052/7 5239/7
f 9623/59 5054/59 5052/59
f 5424/59 9623/59 5052/59
f 5426/100 9624/100 9623/100
f 9623/100 5424/100 5426/100
f 5054/149 9623/149 9624/149
f 9624/149 5059/149 5054/149
f 5059/22 5240/22 5060/22
f 9624/32 5426/32 5240/32
f 5059/22 9624/22 5240/22
f 5425/7 5061/7 5241/7
f 9625/59 5063/59 5061/59
f 5425/59 9625/59 5061/59
f 5420/100 9626/100 9625/100
f 9625/100 5425/100 5420/100
f 5063/149 9625/149 9626/149
f 9626/149 5062/149 5063/149
f 5062/22 5242/22 5056/22
f 9626/32 5420/32 5242/32
f 5062/22 9626/22 5242/22
f 5418/7 5057/7 5243/7
f 9627/59 5058/59 5057/59
f 5418/59 9627/59 5057/59
f 5419/100 9628/100 9627/100
f 9627/100 5418/100 5419/100
f 5058/149 9627/149 9628/149
f 9628/149 5055/149 5058/149
f 5055/22 5244/22 5045/22
f 9628/32 5419/32 5244/32
f 5055/22 9628/22 5244/22
# Vertices: 9628, normals: 3782, texture coordinates: 0, faces: 19252

