# File generated by ImageToStl.com - Free Image and 3D model conversion tools

mtllib fountain.mtl

o obj1
v 1.13399792 1.52267718 -1.13399803
v 2.1E-07 1.52267718 -1.60371565
v -1.7E-07 1.52267718 -9E-08
v -1.13399865 1.52267718 -1.13399751
v -1.60371554 1.52267718 1E-08
v -1.13399865 1.52267718 1.13399792
v -2.4E-07 1.52267718 1.60371513
v 1.13399834 1.52267718 1.13399792
v 1.60371513 1.52267718 1.5E-07
v 4.91651409 -1 -4.91651409
v 4.91651409 0.90733302 -4.91651409
v 6.95300102 0.90733302 3E-07
v 6.95300102 -1 3E-07
v 4.44747665 1 -4.44747665
v 6.28968199 1 2.9E-07
v 6.8137679 1 3E-07
v 4.81806141 1 -4.81806141
v 4.44747665 1 4.44747665
v 4.81806141 1 4.81806141
v -5.5E-07 1 6.28968199
v -6E-07 1 6.8137679
v -4.44747748 1 4.44747624
v -4.81806224 1 4.81806058
v -6.28968199 1 -8E-08
v -6.8137679 1 -8E-08
v -5.5E-07 1 6.28968199
v 4.44747665 1 4.44747665
v 4.44747665 0.89862829 4.44747665
v -5.5E-07 0.89862829 6.28968199
v -4.44747748 1 -4.44747624
v -4.81806224 1 -4.81806099
v 0 1 -6.28968199
v 0 1 -6.8137679
v 0 -1 -6.95300102
v 0 0.90733302 -6.95300102
v 4.91651409 0.90733302 -4.91651409
v 4.91651409 -1 -4.91651409
v -4.91651492 -1 -4.91651367
v -4.91651492 0.90733302 -4.91651367
v 4.91651409 -1 4.91651409
v 4.91651409 0.90733302 4.91651409
v -6.1E-07 0.90733302 6.95300102
v -6.1E-07 -1 6.95300102
v -4.91651492 0.90733302 4.91651326
v -4.91651492 -1 4.91651326
v -4.91651492 -1 4.91651326
v -4.91651492 0.90733302 4.91651326
v -6.95300102 0.90733302 -8E-08
v -6.95300102 -1 -8E-08
v -4.91651492 0.90733302 -4.91651367
v -4.91651492 -1 -4.91651367
v 4.91651409 0.90733302 4.91651409
v 4.91651409 -1 4.91651409
v -4.37178329 0.89862829 4.37178205
v -5.5E-07 0.89862829 6.18263442
v -5.5E-07 0.02268893 6.18263442
v -4.37178329 0.02268893 4.37178205
v 6.28968199 1 2.9E-07
v 4.44747665 1 -4.44747665
v 4.44747665 0.89862829 -4.44747665
v 6.28968199 0.89862829 2.9E-07
v -4.44747748 1 -4.44747624
v -6.28968199 1 -8E-08
v -6.28968199 0.89862829 -8E-08
v -4.44747748 0.89862829 -4.44747624
v -4.44747748 1 4.44747624
v -4.44747748 0.89862829 4.44747624
v 4.44747665 1 4.44747665
v 4.44747665 0.89862829 4.44747665
v 4.44747665 1 -4.44747665
v 0 1 -6.28968199
v 0 0.89862829 -6.28968199
v 4.44747665 0.89862829 -4.44747665
v -4.44747748 1 -4.44747624
v -4.44747748 0.89862829 -4.44747624
v -4.44747748 1 4.44747624
v -4.44747748 0.89862829 4.44747624
v 0 0.89862829 -6.18263442
v 4.37178246 0.89862829 -4.37178246
v 4.44747665 0.89862829 -4.44747665
v 0 0.89862829 -6.28968199
v 6.18263442 0.89862829 2.9E-07
v 6.28968199 0.89862829 2.9E-07
v 4.37178246 0.89862829 4.37178246
v 4.44747665 0.89862829 4.44747665
v -5.5E-07 0.89862829 6.18263442
v -5.5E-07 0.89862829 6.28968199
v -4.37178329 0.89862829 4.37178205
v -4.44747748 0.89862829 4.44747624
v -6.18263442 0.89862829 -8E-08
v -6.28968199 0.89862829 -8E-08
v -4.37178329 0.89862829 -4.37178205
v -4.44747748 0.89862829 -4.44747624
v 4.37178246 0.89862829 4.37178246
v 6.18263442 0.89862829 2.9E-07
v 6.18263442 0.02268893 2.9E-07
v 4.37178246 0.02268893 4.37178246
v 4.37178246 0.89862829 -4.37178246
v 0 0.89862829 -6.18263442
v 0 0.02268893 -6.18263442
v 4.37178246 0.02268893 -4.37178246
v 0 0.89862829 -6.18263442
v -4.37178329 0.89862829 -4.37178205
v -4.37178329 0.02268893 -4.37178205
v 0 0.02268893 -6.18263442
v -6.18263442 0.89862829 -8E-08
v -4.37178329 0.89862829 4.37178205
v -4.37178329 0.02268893 4.37178205
v -6.18263442 0.02268893 -8E-08
v -5.5E-07 0.89862829 6.18263442
v -5.5E-07 0.02268893 6.18263442
v 4.37178246 0.89862829 -4.37178246
v 4.37178246 0.02268893 -4.37178246
v 1.7E-07 -0.27665758 -2.44776261
v 1.73082945 -0.27665758 -1.73082935
v 4.37178246 0.02268893 -4.37178246
v 0 0.02268893 -6.18263442
v 2.4477622 -0.27665758 1.2E-07
v 6.18263442 0.02268893 2.9E-07
v 1.73082966 -0.27665758 1.73082935
v 4.37178246 0.02268893 4.37178246
v -3.8E-07 -0.27665758 2.44776199
v -5.5E-07 0.02268893 6.18263442
v -1.73083007 -0.27665758 1.73082904
v -4.37178329 0.02268893 4.37178205
v -2.44776261 -0.27665758 -1E-07
v -6.18263442 0.02268893 -8E-08
v -1.73083007 -0.27665758 -1.73082873
v -4.37178329 0.02268893 -4.37178205
v -1.48725997 1.37213445 -1.48725873
v -2.10330256 1.37213445 -5E-08
v -1.60371554 1.52267718 1E-08
v -1.13399865 1.52267718 -1.13399751
v -1.48725997 1.37213445 1.48725914
v -3.2E-07 1.37213445 2.10330194
v -2.4E-07 1.52267718 1.60371513
v -1.13399865 1.52267718 1.13399792
v 1.48725966 1.37213445 1.48725925
v 1.13399834 1.52267718 1.13399792
v -1.48725997 1.37213445 1.48725914
v -1.13399865 1.52267718 1.13399792
v 1.48725966 1.37213445 1.48725925
v 2.10330215 1.37213445 1.3E-07
v 1.60371513 1.52267718 1.5E-07
v 1.13399834 1.52267718 1.13399792
v 1.48725935 1.37213445 -1.48725935
v 1.9E-07 1.37213445 -2.10330256
v 2.1E-07 1.52267718 -1.60371565
v 1.13399792 1.52267718 -1.13399803
v 1.9E-07 1.37213445 -2.10330256
v 2.1E-07 1.52267718 -1.60371565
v 1.73082945 -0.27665758 -1.73082935
v 1.7E-07 -0.27665758 -2.44776261
v 1.7E-07 1.15489578 -2.44776261
v 1.73082945 1.15489578 -1.73082935
v 1.7E-07 -0.27665758 -2.44776261
v -1.73083007 -0.27665758 -1.73082873
v -1.73083007 1.15489578 -1.73082873
v 1.7E-07 1.15489578 -2.44776261
v -1.73083007 -0.27665758 1.73082904
v -3.8E-07 -0.27665758 2.44776199
v -3.8E-07 1.15489578 2.44776199
v -1.73083007 1.15489578 1.73082904
v -2.44776261 -0.27665758 -1E-07
v -2.44776261 1.15489578 -1E-07
v 1.73082966 -0.27665758 1.73082935
v 2.4477622 -0.27665758 1.2E-07
v 2.4477622 1.15489578 1.2E-07
v 1.73082966 1.15489578 1.73082935
v 1.73082966 -0.27665758 1.73082935
v 1.73082966 1.15489578 1.73082935
v -1.73083007 -0.27665758 1.73082904
v -1.73083007 1.15489578 1.73082904
v 1.73082945 -0.27665758 -1.73082935
v 1.73082945 1.15489578 -1.73082935
v 1.7E-07 1.22552252 -2.40161342
v 1.69819725 1.22552252 -1.69819714
v 1.8E-07 1.30503738 -2.27553228
v 1.6090443 1.30503738 -1.6090443
v 1.69819725 1.22552252 -1.69819714
v 2.40161301 1.22552252 1.2E-07
v 1.6090443 1.30503738 -1.6090443
v 2.27553186 1.30503738 1.3E-07
v 1.48725935 1.37213445 -1.48725935
v 1.69819756 1.22552252 1.69819714
v 1.60904471 1.30503738 1.6090443
v 1.69819756 1.22552252 1.69819714
v -3.7E-07 1.22552252 2.40161322
v 1.60904471 1.30503738 1.6090443
v -3.5E-07 1.30503738 2.27553228
v -1.69819787 1.22552252 1.69819683
v -1.60904502 1.30503738 1.60904409
v -1.69819787 1.22552252 1.69819683
v -2.40161342 1.22552252 -9E-08
v -1.60904502 1.30503738 1.60904409
v -2.27553228 1.30503738 -8E-08
v -1.69819787 1.22552252 -1.69819652
v -1.60904502 1.30503738 -1.60904368
v 1.7E-07 1.22552252 -2.40161342
v 1.8E-07 1.30503738 -2.27553228
v 1.13399792 1.52267718 -1.13399803
v 0 1 -6.8137679
v 4.81806141 1 -4.81806141
v 4.81806141 1 -4.81806141
v 6.8137679 1 3E-07
v 4.81806141 1 4.81806141
v 4.81806141 1 4.81806141
v -6E-07 1 6.8137679
v -4.81806224 1 4.81806058
v -4.81806224 1 4.81806058
v -6.8137679 1 -8E-08
v -4.81806224 1 -4.81806099
v 0 0.90733302 -6.95300102
v 0 1 -6.8137679
v 4.91651409 -1 -4.91651409
v -4.91651492 -1 -4.91651367
v 0 -1 -6.95300102
v 6.95300102 -1 3E-07
v -6.95300102 -1 -8E-08
v -4.91651492 -1 4.91651326
v 4.91651409 -1 4.91651409
v -6.1E-07 -1 6.95300102
vn 0 1 -0
vn 0.92388 0 -0.38268
vn 0.91964 0.09577 -0.38091
vn -0.38268 0 -0.92388
vn 0.38268 0 -0.92388
vn 0.38091 0.09577 -0.91964
vn -0.38091 0.09574 -0.91964
vn 0.38268 0 0.92388
vn 0.38091 0.09577 0.91964
vn -0.38268 0 0.92388
vn -0.38091 0.09574 0.91964
vn -0.92388 0 0.38268
vn -0.91964 0.09577 0.38091
vn -0.92388 0 -0.38268
vn -0.91964 0.09577 -0.38091
vn 0.92388 0 0.38268
vn 0.91964 0.09577 0.38091
vn -0.19764 0.85628 0.4772
vn -0.4772 0.85628 0.19764
vn -0.47718 0.85629 0.19765
vn -0.4772 0.85628 -0.19764
vn -0.19764 0.85628 -0.4772
vn 0.19764 0.85628 -0.4772
vn 0.4772 0.85628 -0.19764
vn 0.4772 0.85628 0.19764
vn 0.19764 0.85628 0.4772
vn 0.19765 0.85629 0.47718
vn -0.86208 0.35961 -0.35708
vn -0.84535 0.40346 -0.35015
vn -0.35708 0.35961 0.86208
vn -0.35015 0.40346 0.84535
vn 0.35708 0.35961 0.86208
vn 0.35015 0.40346 0.84535
vn -0.86208 0.35961 0.35708
vn -0.84535 0.40346 0.35015
vn 0.86208 0.35961 0.35708
vn 0.84535 0.40346 0.35015
vn 0.35708 0.35961 -0.86208
vn 0.35015 0.40346 -0.84535
vn -0.35708 0.35961 -0.86208
vn -0.35015 0.40346 -0.84535
vn 0.38231 0.04279 -0.92304
vn -0.38231 0.04279 -0.92304
vn -0.38231 0.04279 0.92304
vn -0.92304 0.04279 -0.38231
vn 0.92304 0.04279 0.38231
vn 0.38231 0.04279 0.92304
vn -0.92304 0.04279 0.38231
vn 0.92304 0.04279 -0.38231
vn 0.37868 0.14423 -0.91422
vn 0.36944 0.26085 -0.89189
vn 0.91422 0.14423 -0.37868
vn 0.89189 0.26085 -0.36944
vn 0.86208 0.35961 -0.35708
vn 0.91422 0.14423 0.37868
vn 0.89189 0.26085 0.36944
vn 0.37868 0.14423 0.91422
vn 0.36944 0.26085 0.89189
vn -0.37868 0.14423 0.91422
vn -0.36944 0.26085 0.89189
vn -0.91422 0.14423 0.37868
vn -0.89189 0.26085 0.36944
vn -0.91422 0.14423 -0.37868
vn -0.89189 0.26085 -0.36944
vn -0.37868 0.14423 -0.91422
vn -0.36944 0.26085 -0.89189
vn 0.84535 0.40346 -0.35015
vn 0.37527 0.19578 -0.906
vn 0.906 0.19578 -0.37527
vn 0.906 0.19578 0.37527
vn 0.37527 0.19578 0.906
vn -0.37527 0.19578 0.906
vn -0.906 0.19578 0.37527
vn -0.906 0.19578 -0.37527
vn -0.37527 0.19578 -0.906
vn 0 -1 -0
vt 0.32111 0.07391
vt 0.34886 0.07391
vt 0.33498 0.10741
vt 0.36848 0.09353
vt 0.36848 0.12128
vt 0.34886 0.1409
vt 0.32111 0.1409
vt 0.30149 0.12128
vt 0.30149 0.09353
vt 0.00369 0.38404
vt 0.00369 0.08707
vt 0.08875 0.09868
vt 0.08875 0.39565
vt 0.38938 0.68756
vt 0.4982 0.68756
vt 0.50274 0.69851
vt 0.38485 0.69851
vt 0.57515 0.61062
vt 0.58609 0.61515
vt 0.57515 0.5018
vt 0.58609 0.49726
vt 0.4982 0.42485
vt 0.50274 0.41391
vt 0.38938 0.42485
vt 0.38485 0.41391
vt 0.95721 0.88766
vt 0.96335 0.81025
vt 0.97911 0.80936
vt 0.97297 0.88677
vt 0.31244 0.5018
vt 0.30149 0.49726
vt 0.31244 0.61062
vt 0.30149 0.61515
vt 0.71377 0.05615
vt 0.71377 0.35312
vt 0.59348 0.35312
vt 0.59348 0.05615
vt 0.79883 0.06776
vt 0.79883 0.36473
vt 0.79883 0.38694
vt 0.79883 0.68392
vt 0.71377 0.67231
vt 0.71377 0.37533
vt 0.59348 0.67231
vt 0.59348 0.37533
vt 0.29411 0.68474
vt 0.29411 0.98172
vt 0.20905 0.97011
vt 0.20905 0.67313
vt 0.08875 0.97011
vt 0.08875 0.67313
vt 0.20905 0.09868
vt 0.20905 0.39565
vt 0.88589 0.12573
vt 0.99286 0.12573
vt 0.99286 0.26211
vt 0.88589 0.26211
vt 0.94512 0.58986
vt 0.95127 0.51245
vt 0.96702 0.51156
vt 0.96088 0.58897
vt 0.98055 0.69851
vt 0.97441 0.58986
vt 0.99017 0.58897
vt 0.99631 0.69762
vt 0.96335 0.99631
vt 0.97911 0.99542
vt 0.95127 0.69851
vt 0.96702 0.69762
vt 0.92198 0.69851
vt 0.91584 0.58986
vt 0.9316 0.58897
vt 0.93774 0.69762
vt 0.92198 0.51245
vt 0.93774 0.51156
vt 0.98055 0.51245
vt 0.99631 0.51156
vt 0.00593 0.58788
vt 0.08156 0.66351
vt 0.08064 0.66575
vt 0.00369 0.5888
vt 0.18853 0.66351
vt 0.18946 0.66575
vt 0.26417 0.58788
vt 0.2664 0.5888
vt 0.26417 0.48091
vt 0.2664 0.47998
vt 0.18853 0.40527
vt 0.18946 0.40304
vt 0.08156 0.40527
vt 0.08064 0.40304
vt 0.00593 0.48091
vt 0.00369 0.47998
vt 0.59929 0.92067
vt 0.59929 0.81371
vt 0.73568 0.81371
vt 0.73568 0.92067
vt 0.88589 0.2695
vt 0.99286 0.2695
vt 0.99286 0.40588
vt 0.88589 0.40588
vt 0.88977 0.73807
vt 0.90009 0.81371
vt 0.76371 0.81371
vt 0.75338 0.73807
vt 0.90009 0.92067
vt 0.88977 0.99631
vt 0.75338 0.99631
vt 0.76371 0.92067
vt 0.60962 0.99631
vt 0.746 0.99631
vt 0.60962 0.73807
vt 0.746 0.73807
vt 0.37949 0.29858
vt 0.40944 0.32852
vt 0.37713 0.40652
vt 0.30149 0.33089
vt 0.45179 0.32852
vt 0.4841 0.40652
vt 0.48173 0.29858
vt 0.55973 0.33089
vt 0.48173 0.25623
vt 0.55973 0.22392
vt 0.45179 0.22628
vt 0.4841 0.14828
vt 0.40944 0.22628
vt 0.37713 0.14828
vt 0.37949 0.25623
vt 0.30149 0.22392
vt 0.83914 0.67097
vt 0.87553 0.67097
vt 0.87121 0.69583
vt 0.84346 0.69583
vt 0.8092 0.37834
vt 0.84559 0.37834
vt 0.84126 0.4032
vt 0.81352 0.4032
vt 0.87132 0.38185
vt 0.86088 0.40588
vt 0.90126 0.67448
vt 0.89083 0.69851
vt 0.21941 0.36811
vt 0.2558 0.36811
vt 0.25148 0.39298
vt 0.22373 0.39298
vt 0.91046 0.97144
vt 0.94685 0.97144
vt 0.94252 0.99631
vt 0.91478 0.99631
vt 0.81341 0.67448
vt 0.82384 0.69851
vt 0.90748 0.71374
vt 0.94983 0.71374
vt 0.94983 0.93664
vt 0.90748 0.93664
vt 0.80622 0.41735
vt 0.83616 0.41326
vt 0.83616 0.63616
vt 0.80622 0.64025
vt 0.80622 0.12064
vt 0.84857 0.12064
vt 0.84857 0.34353
vt 0.80622 0.34353
vt 0.87851 0.41326
vt 0.87851 0.63616
vt 0.21643 0.11041
vt 0.25878 0.11041
vt 0.25878 0.33331
vt 0.21643 0.33331
vt 0.87851 0.12473
vt 0.87851 0.34762
vt 0.90846 0.41735
vt 0.90846 0.64025
vt 0.28873 0.1145
vt 0.28873 0.33739
vt 0.94943 0.94777
vt 0.90788 0.94777
vt 0.94834 0.96051
vt 0.90897 0.96051
vt 0.28776 0.34844
vt 0.25838 0.34443
vt 0.28513 0.36097
vt 0.25729 0.35717
vt 0.28153 0.37162
vt 0.21683 0.34443
vt 0.21792 0.35717
vt 0.87755 0.35867
vt 0.84817 0.35466
vt 0.87491 0.3712
vt 0.84708 0.3674
vt 0.80662 0.35466
vt 0.80771 0.3674
vt 0.90749 0.6513
vt 0.87811 0.64729
vt 0.90486 0.66383
vt 0.87702 0.66003
vt 0.83656 0.64729
vt 0.83765 0.66003
vt 0.80718 0.6513
vt 0.80981 0.66383
vt 0.2711 0.39565
vt 0.71257 0.36795
vt 0.59468 0.36795
vt 0.0066 0.07248
vt 0.08996 0.08385
vt 0.20784 0.08385
vt 0.79592 0.69851
vt 0.71257 0.68713
vt 0.59468 0.68713
vt 0.2912 0.99631
vt 0.20784 0.98493
vt 0.08996 0.98493
vt 0.00369 0.98172
vt 0.0066 0.99631
vt 0.30149 0.91125
vt 0.50685 0.99631
vt 0.38655 0.99631
vt 0.30149 0.79095
vt 0.59191 0.91125
vt 0.59191 0.79095
vt 0.38655 0.70589
vt 0.50685 0.70589
usemtl mat0
f 1/1/1 2/2/1 3/3/1
f 2/2/1 4/4/1 3/3/1
f 4/4/1 5/5/1 3/3/1
f 5/5/1 6/6/1 3/3/1
f 6/6/1 7/7/1 3/3/1
f 7/7/1 8/8/1 3/3/1
f 8/8/1 9/9/1 3/3/1
f 9/9/1 1/1/1 3/3/1
f 10/10/2 11/11/3 12/12/3
f 10/10/2 12/12/3 13/13/2
f 14/14/1 15/15/1 16/16/1
f 14/14/1 16/16/1 17/17/1
f 15/15/1 18/18/1 19/19/1
f 15/15/1 19/19/1 16/16/1
f 18/18/1 20/20/1 21/21/1
f 18/18/1 21/21/1 19/19/1
f 20/20/1 22/22/1 23/23/1
f 20/20/1 23/23/1 21/21/1
f 22/22/1 24/24/1 25/25/1
f 22/22/1 25/25/1 23/23/1
f 26/26/4 27/27/4 28/28/4
f 26/26/4 28/28/4 29/29/4
f 24/24/1 30/30/1 31/31/1
f 24/24/1 31/31/1 25/25/1
f 30/30/1 32/32/1 33/33/1
f 30/30/1 33/33/1 31/31/1
f 34/34/5 35/35/6 36/36/6
f 34/34/5 36/36/6 37/37/5
f 38/38/4 39/39/7 35/35/7
f 38/38/4 35/35/7 34/34/4
f 40/40/8 41/41/9 42/42/9
f 40/40/8 42/42/9 43/43/8
f 43/43/10 42/42/11 44/44/11
f 43/43/10 44/44/11 45/45/10
f 46/46/12 47/47/13 48/48/13
f 46/46/12 48/48/13 49/49/12
f 49/49/14 48/48/15 50/50/15
f 49/49/14 50/50/15 51/51/14
f 13/13/16 12/12/17 52/52/17
f 13/13/16 52/52/17 53/53/16
f 54/54/5 55/55/5 56/56/5
f 54/54/5 56/56/5 57/57/5
f 58/58/12 59/59/12 60/60/12
f 58/58/12 60/60/12 61/61/12
f 62/62/16 63/63/16 64/64/16
f 62/62/16 64/64/16 65/65/16
f 66/66/5 26/26/5 29/29/5
f 66/66/5 29/29/5 67/67/5
f 68/68/14 58/58/14 61/61/14
f 68/68/14 61/61/14 69/69/14
f 70/70/10 71/71/10 72/72/10
f 70/70/10 72/72/10 73/73/10
f 71/71/8 74/74/8 75/75/8
f 71/71/8 75/75/8 72/72/8
f 63/63/2 76/76/2 77/77/2
f 63/63/2 77/77/2 64/64/2
f 78/78/1 79/79/1 80/80/1
f 78/78/1 80/80/1 81/81/1
f 79/79/1 82/82/1 83/83/1
f 79/79/1 83/83/1 80/80/1
f 82/82/1 84/84/1 85/85/1
f 82/82/1 85/85/1 83/83/1
f 84/84/1 86/86/1 87/87/1
f 84/84/1 87/87/1 85/85/1
f 86/86/1 88/88/1 89/89/1
f 86/86/1 89/89/1 87/87/1
f 88/88/1 90/90/1 91/91/1
f 88/88/1 91/91/1 89/89/1
f 90/90/1 92/92/1 93/93/1
f 90/90/1 93/93/1 91/91/1
f 92/92/1 78/78/1 81/81/1
f 92/92/1 81/81/1 93/93/1
f 94/94/14 95/95/14 96/96/14
f 94/94/14 96/96/14 97/97/14
f 98/98/10 99/99/10 100/100/10
f 98/98/10 100/100/10 101/101/10
f 102/102/8 103/103/8 104/104/8
f 102/102/8 104/104/8 105/105/8
f 106/106/2 107/107/2 108/108/2
f 106/106/2 108/108/2 109/109/2
f 110/110/4 94/94/4 97/97/4
f 110/110/4 97/97/4 111/111/4
f 95/95/12 112/112/12 113/113/12
f 95/95/12 113/113/12 96/96/12
f 103/103/16 106/106/16 109/109/16
f 103/103/16 109/109/16 104/104/16
f 114/114/18 115/115/18 116/116/18
f 114/114/18 116/116/18 117/117/18
f 115/115/19 118/118/20 119/119/19
f 115/115/19 119/119/19 116/116/19
f 118/118/21 120/120/21 121/121/21
f 118/118/21 121/121/21 119/119/21
f 120/120/22 122/122/22 123/123/22
f 120/120/22 123/123/22 121/121/22
f 122/122/23 124/124/23 125/125/23
f 122/122/23 125/125/23 123/123/23
f 124/124/24 126/126/24 127/127/24
f 124/124/24 127/127/24 125/125/24
f 126/126/25 128/128/25 129/129/25
f 126/126/25 129/129/25 127/127/25
f 128/128/26 114/114/27 117/117/26
f 128/128/26 117/117/26 129/129/26
f 130/130/28 131/131/28 132/132/29
f 130/130/28 132/132/29 133/133/29
f 134/134/30 135/135/30 136/136/31
f 134/134/30 136/136/31 137/137/31
f 135/135/32 138/138/32 139/139/33
f 135/135/32 139/139/33 136/136/33
f 131/131/34 140/140/34 141/141/35
f 131/131/34 141/141/35 132/132/35
f 142/142/36 143/143/36 144/144/37
f 142/142/36 144/144/37 145/145/37
f 146/146/38 147/147/38 148/148/39
f 146/146/38 148/148/39 149/149/39
f 150/150/40 130/130/40 133/133/41
f 150/150/40 133/133/41 151/151/41
f 152/152/5 153/153/5 154/154/42
f 152/152/5 154/154/42 155/155/42
f 156/156/4 157/157/4 158/158/43
f 156/156/4 158/158/43 159/159/43
f 160/160/10 161/161/10 162/162/44
f 160/160/10 162/162/44 163/163/44
f 157/157/14 164/164/14 165/165/45
f 157/157/14 165/165/45 158/158/45
f 166/166/16 167/167/16 168/168/46
f 166/166/16 168/168/46 169/169/46
f 161/161/8 170/170/8 171/171/47
f 161/161/8 171/171/47 162/162/47
f 164/164/12 172/172/12 173/173/48
f 164/164/12 173/173/48 165/165/48
f 167/167/2 174/174/2 175/175/49
f 167/167/2 175/175/49 168/168/49
f 155/155/42 154/154/42 176/176/50
f 155/155/42 176/176/50 177/177/50
f 177/177/50 176/176/50 178/178/51
f 177/177/50 178/178/51 179/179/51
f 179/179/51 178/178/51 147/147/38
f 179/179/51 147/147/38 146/146/38
f 168/168/49 175/175/49 180/180/52
f 168/168/49 180/180/52 181/181/52
f 181/181/52 180/180/52 182/182/53
f 181/181/52 182/182/53 183/183/53
f 183/183/53 182/182/53 184/184/54
f 183/183/53 184/184/54 143/143/54
f 169/169/46 168/168/46 181/181/55
f 169/169/46 181/181/55 185/185/55
f 185/185/55 181/181/55 183/183/56
f 185/185/55 183/183/56 186/186/56
f 186/186/56 183/183/56 143/143/36
f 186/186/56 143/143/36 142/142/36
f 162/162/47 171/171/47 187/187/57
f 162/162/47 187/187/57 188/188/57
f 188/188/57 187/187/57 189/189/58
f 188/188/57 189/189/58 190/190/58
f 190/190/58 189/189/58 138/138/32
f 190/190/58 138/138/32 135/135/32
f 163/163/44 162/162/44 188/188/59
f 163/163/44 188/188/59 191/191/59
f 191/191/59 188/188/59 190/190/60
f 191/191/59 190/190/60 192/192/60
f 192/192/60 190/190/60 135/135/30
f 192/192/60 135/135/30 134/134/30
f 165/165/48 173/173/48 193/193/61
f 165/165/48 193/193/61 194/194/61
f 194/194/61 193/193/61 195/195/62
f 194/194/61 195/195/62 196/196/62
f 196/196/62 195/195/62 140/140/34
f 196/196/62 140/140/34 131/131/34
f 158/158/45 165/165/45 194/194/63
f 158/158/45 194/194/63 197/197/63
f 197/197/63 194/194/63 196/196/64
f 197/197/63 196/196/64 198/198/64
f 198/198/64 196/196/64 131/131/28
f 198/198/64 131/131/28 130/130/28
f 159/159/43 158/158/43 197/197/65
f 159/159/43 197/197/65 199/199/65
f 199/199/65 197/197/65 198/198/66
f 199/199/65 198/198/66 200/200/66
f 200/200/66 198/198/66 130/130/40
f 200/200/66 130/130/40 150/150/40
f 143/143/54 184/184/54 201/201/67
f 143/143/54 201/201/67 144/144/67
f 36/36/6 35/35/6 202/202/68
f 36/36/6 202/202/68 203/203/68
f 12/12/3 11/11/3 204/204/69
f 12/12/3 204/204/69 205/205/69
f 52/52/17 12/12/17 205/205/70
f 52/52/17 205/205/70 206/206/70
f 42/42/9 41/41/9 207/207/71
f 42/42/9 207/207/71 208/208/71
f 44/44/11 42/42/11 208/208/72
f 44/44/11 208/208/72 209/209/72
f 48/48/13 47/47/13 210/210/73
f 48/48/13 210/210/73 211/211/73
f 50/50/15 48/48/15 211/211/74
f 50/50/15 211/211/74 212/212/74
f 213/213/7 50/50/7 212/212/75
f 213/213/7 212/212/75 214/214/75
f 32/32/1 14/14/1 17/17/1
f 32/32/1 17/17/1 33/33/1
f 215/215/76 216/216/76 217/217/76
f 216/216/76 215/215/76 218/218/76
f 216/216/76 218/218/76 219/219/76
f 219/219/76 218/218/76 220/220/76
f 220/220/76 218/218/76 221/221/76
f 220/220/76 221/221/76 222/222/76
# Vertices: 222, normals: 76, texture coordinates: 222, faces: 206

o obj2
v -0.28356621 1.41425274 -1.42559481
v -0.28356621 1.80064133 -1.42559481
v -2E-08 1.80064133 -1.4535234
v -2E-08 1.41425274 -1.4535234
v 0.55623937 1.41425274 -1.34288049
v 0.55623937 1.80064133 -1.34288049
v 0.8075344 1.80064133 -1.20856059
v 0.8075344 1.41425274 -1.20856059
v 1.02779627 1.80064133 -1.02779627
v 1.02779627 1.41425274 -1.02779627
v 1.20856059 1.80064133 -0.80753422
v 1.20856059 1.41425274 -0.80753422
v 1.34288049 1.80064133 -0.55623919
v 1.34288049 1.41425274 -0.55623919
v 1.42559433 1.80064133 -0.28356829
v 1.42559433 1.41425274 -0.28356829
v 1.4535234 1.80064133 3E-08
v 1.4535234 1.41425274 3E-08
v 1.4535234 1.41425274 3E-08
v 1.4535234 1.80064133 3E-08
v 1.42559445 1.80064133 0.28356832
v 1.42559445 1.41425274 0.28356832
v 1.34288061 1.80064133 0.55623931
v 1.34288061 1.41425274 0.55623931
v 1.20856059 1.80064133 0.80753446
v 1.20856059 1.41425274 0.80753446
v 1.02779627 1.80064133 1.02779639
v 1.02779627 1.41425274 1.02779639
v 0.80753428 1.80064133 1.20856082
v 0.80753428 1.41425274 1.20856082
v 0.55623913 1.80064133 1.34288085
v 0.55623913 1.41425274 1.34288085
v 0.28356799 1.80064133 1.42559457
v 0.28356799 1.41425274 1.42559457
v -5E-07 1.80064133 1.45352364
v -5E-07 1.41425274 1.45352364
v -5E-07 1.41425274 1.45352364
v -5E-07 1.80064133 1.45352364
v -0.28356898 1.80064133 1.42559445
v -0.28356898 1.41425274 1.42559445
v -0.55624002 1.80064133 1.34288037
v -0.55624002 1.41425274 1.34288037
v -0.80753511 1.80064133 1.20856023
v -0.80753511 1.41425274 1.20856023
v -1.0277971 1.80064133 1.02779579
v -1.0277971 1.41425274 1.02779579
v -1.2085613 1.80064133 0.80753368
v -1.2085613 1.41425274 0.80753368
v -1.3428812 1.80064133 0.55623847
v -1.3428812 1.41425274 0.55623847
v -1.42559481 1.80064133 0.28356725
v -1.42559481 1.41425274 0.28356725
v -1.45352352 1.80064133 -1.26E-06
v -1.45352352 1.41425274 -1.26E-06
v -1.42559421 1.80064133 -0.28356975
v -1.42559421 1.41425274 -0.28356975
v -1.42559421 1.41425274 -0.28356975
v -1.42559421 1.80064133 -0.28356975
v -1.34288001 1.80064133 -0.55624068
v -1.34288001 1.41425274 -0.55624068
v -1.20855975 1.80064133 -0.80753577
v -1.20855975 1.41425274 -0.80753577
v -1.02779508 1.80064133 -1.02779758
v -1.02779508 1.41425274 -1.02779758
v -0.80753279 1.80064133 -1.20856166
v -0.80753279 1.41425274 -1.20856166
v -0.55623746 1.80064133 -1.34288132
v -0.55623746 1.41425274 -1.34288132
v -2E-08 1.41425274 -1.4535234
v -2E-08 1.80064133 -1.4535234
v 0.28356835 1.80064133 -1.42559433
v 0.28356835 1.41425274 -1.42559433
v 0.28356835 1.80064133 -1.42559433
v -2E-08 1.80064133 -1.4535234
v -8E-08 1.85986914 -1.39400911
v 0.27195749 1.85986914 -1.36722362
v 0.55623937 1.80064133 -1.34288049
v 0.53346401 1.85986914 -1.28789639
v 0.8075344 1.80064133 -1.20856059
v 0.77446979 1.85986914 -1.15907621
v 1.02779627 1.80064133 -1.02779627
v 0.98571336 1.85986914 -0.98571312
v 1.20856059 1.80064133 -0.80753422
v 1.15907621 1.85986914 -0.77446979
v 1.34288049 1.80064133 -0.55623919
v 1.28789639 1.85986914 -0.53346384
v 1.42559433 1.80064133 -0.28356829
v 1.36722362 1.85986914 -0.27195743
v 1.4535234 1.80064133 3E-08
v 1.39400911 1.85986914 6E-08
v 1.42559445 1.80064133 0.28356832
v 1.36722374 1.85986914 0.27195746
v 1.34288061 1.80064133 0.55623931
v 1.28789651 1.85986914 0.53346395
v 1.28789651 1.85986914 0.53346395
v 1.15907621 1.85986914 0.77447003
v 0.98571336 1.85986914 0.98571324
v 0.77446967 1.85986914 1.15907645
v 0.55623913 1.80064133 1.34288085
v 0.80753428 1.80064133 1.20856082
v 0.77446967 1.85986914 1.15907645
v 0.53346378 1.85986914 1.28789675
v 0.28356799 1.80064133 1.42559457
v 0.27195719 1.85986914 1.36722386
v -5E-07 1.80064133 1.45352364
v -4.7E-07 1.85986914 1.39400935
v -0.28356898 1.80064133 1.42559445
v -0.27195805 1.85986914 1.36722374
v -0.55624002 1.80064133 1.34288037
v -0.53346461 1.85986914 1.28789639
v -0.80753511 1.80064133 1.20856023
v -0.77447057 1.85986914 1.15907586
v -0.77447057 1.85986914 1.15907586
v -0.98571402 1.85986914 0.98571283
v -1.15907693 1.85986914 0.77446926
v -1.28789723 1.85986914 0.53346312
v -1.42559481 1.80064133 0.28356725
v -1.3428812 1.80064133 0.55623847
v -1.28789723 1.85986914 0.53346312
v -1.36722398 1.85986914 0.2719565
v -1.45352352 1.80064133 -1.26E-06
v -1.39400923 1.85986914 -1.14E-06
v -1.42559421 1.80064133 -0.28356975
v -1.3672235 1.85986914 -0.27195877
v -1.34288001 1.80064133 -0.55624068
v -1.28789592 1.85986914 -0.53346533
v -1.20855975 1.80064133 -0.80753577
v -1.15907514 1.85986914 -0.77447164
v -1.15907514 1.85986914 -0.77447164
v -0.98571217 1.85986914 -0.98571444
v -0.77446848 1.85986914 -1.15907717
v -0.53346229 1.85986914 -1.28789723
v -0.28356621 1.80064133 -1.42559481
v -0.55623746 1.80064133 -1.34288132
v -0.53346229 1.85986914 -1.28789723
v -0.27195552 1.85986914 -1.36722398
v -0.92202413 1.85986914 -0.61607885
v -1.02449894 1.85986914 -0.42436236
v -1.02449894 1.91849208 -0.42436236
v -0.92202413 1.91849208 -0.61607885
v -1.5E-07 1.85986914 -1.10891008
v 0.21633738 1.85986914 -1.08760273
v 0.42436138 1.85986914 -1.0244993
v 0.61607736 1.85986914 -0.92202508
v 0.78411794 1.85986914 -0.7841177
v 0.92202502 1.85986914 -0.61607736
v 1.0244993 1.85986914 -0.42436123
v 1.08760273 1.85986914 -0.21633731
v 1.10891008 1.85986914 1.1E-07
v 1.08760285 1.85986914 0.21633741
v 1.02449942 1.85986914 0.42436132
v 0.92202502 1.85986914 0.61607754
v 1.15907621 1.85986914 0.77447003
v 0.78411794 1.85986914 0.78411782
v 0.98571336 1.85986914 0.98571324
v 0.61607718 1.85986914 0.92202532
v 0.42436117 1.85986914 1.02449965
v 0.21633716 1.85986914 1.08760297
v -4E-07 1.85986914 1.10891032
v -0.21633784 1.85986914 1.08760285
v -0.4243618 1.85986914 1.02449942
v -0.61607802 1.85986914 0.92202479
v -0.78411853 1.85986914 0.78411746
v -0.98571402 1.85986914 0.98571283
v -0.92202574 1.85986914 0.61607689
v -1.15907693 1.85986914 0.77446926
v -1.02450001 1.85986914 0.42436072
v -1.08760309 1.85986914 0.21633677
v -1.10891032 1.85986914 -8.9E-07
v -1.08760273 1.85986914 -0.21633838
v -1.02449894 1.85986914 -0.42436236
v -0.92202413 1.85986914 -0.61607885
v -0.78411704 1.85986914 -0.78411871
v -0.98571217 1.85986914 -0.98571444
v -0.61607629 1.85986914 -0.9220258
v -0.77446848 1.85986914 -1.15907717
v -0.42436004 1.85986914 -1.02449989
v -0.21633577 1.85986914 -1.08760309
v -1.5E-07 1.85986914 -1.10891008
v -0.21633577 1.85986914 -1.08760309
v -0.21633577 1.91849208 -1.08760309
v -1.5E-07 1.91849208 -1.10891008
v 0.42436117 1.85986914 1.02449965
v 0.61607718 1.85986914 0.92202532
v 0.61607718 1.91849208 0.92202532
v 0.42436117 1.91849208 1.02449965
v -0.78411704 1.85986914 -0.78411871
v -0.78411704 1.91849208 -0.78411871
v 0.21633716 1.85986914 1.08760297
v 0.21633716 1.91849208 1.08760297
v -0.50312978 2.08748555 -0.50313109
v -0.39530635 2.08748555 -0.59161931
v -0.4813554 2.05519781 -0.72040123
v -0.61264974 2.05519781 -0.61265117
v -0.61607629 1.85986914 -0.9220258
v -0.61607629 1.91849208 -0.9220258
v -4E-07 1.85986914 1.10891032
v -4E-07 1.91849208 1.10891032
v 0.61607736 1.85986914 -0.92202508
v 0.42436138 1.85986914 -1.0244993
v 0.42436138 1.91849208 -1.0244993
v 0.61607736 1.91849208 -0.92202508
v -0.42436004 1.85986914 -1.02449989
v -0.42436004 1.91849208 -1.02449989
v -0.21633784 1.85986914 1.08760285
v -4E-07 1.85986914 1.10891032
v -4E-07 1.91849208 1.10891032
v -0.21633784 1.91849208 1.08760285
v 0.78411794 1.85986914 -0.7841177
v 0.78411794 1.91849208 -0.7841177
v -0.4243618 1.85986914 1.02449942
v -0.4243618 1.91849208 1.02449942
v 0.92202502 1.85986914 -0.61607736
v 0.92202502 1.91849208 -0.61607736
v -0.61607802 1.85986914 0.92202479
v -0.61607802 1.91849208 0.92202479
v 1.0244993 1.85986914 -0.42436123
v 1.0244993 1.91849208 -0.42436123
v 0.21633738 1.85986914 -1.08760273
v 0.21633738 1.91849208 -1.08760273
v -0.78411853 1.85986914 0.78411746
v -0.78411853 1.91849208 0.78411746
v 1.08760273 1.85986914 -0.21633731
v 1.08760273 1.91849208 -0.21633731
v -0.92202574 1.85986914 0.61607689
v -0.92202574 1.91849208 0.61607689
v 1.10891008 1.85986914 1.1E-07
v 1.10891008 1.91849208 1.1E-07
v -1.02450001 1.85986914 0.42436072
v -1.02450001 1.91849208 0.42436072
v 1.08760285 1.85986914 0.21633741
v 1.10891008 1.85986914 1.1E-07
v 1.10891008 1.91849208 1.1E-07
v 1.08760285 1.91849208 0.21633741
v -1.08760309 1.85986914 0.21633677
v -1.08760309 1.91849208 0.21633677
v 1.02449942 1.85986914 0.42436132
v 1.02449942 1.91849208 0.42436132
v -1.10891032 1.85986914 -8.9E-07
v -1.10891032 1.91849208 -8.9E-07
v 0.92202502 1.85986914 0.61607754
v 0.92202502 1.91849208 0.61607754
v -1.08760273 1.85986914 -0.21633838
v -1.08760273 1.91849208 -0.21633838
v 0.78411794 1.85986914 0.78411782
v 0.78411794 1.91849208 0.78411782
v -1.08760273 1.85986914 -0.21633838
v -1.08760273 1.91849208 -0.21633838
v -1.3E-07 2.82786787 -0.50235671
v -0.09800403 2.82786787 -0.49270418
v -0.12701723 3.18724561 -0.63856465
v -1.8E-07 3.18724561 -0.65107465
v -1.4E-07 2.05519781 -0.8664186
v 0.1690297 2.05519781 -0.84977055
v 0.21633738 1.91849208 -1.08760273
v -1.5E-07 1.91849208 -1.10891008
v 0.19224346 2.82786787 -0.46411699
v 0.09800486 2.82786787 -0.49270397
v 0.12701827 3.18724561 -0.63856441
v 0.24915534 3.18724561 -0.60151452
v 0.33156389 2.05519781 -0.8004663
v 0.42436138 1.91849208 -1.0244993
v 0.2790944 2.82786787 -0.4176943
v 0.3617177 3.18724561 -0.54134876
v 0.48135632 2.05519781 -0.72040069
v 0.61607736 1.91849208 -0.92202508
v 0.35521969 2.82786787 -0.35521984
v 0.46037918 3.18724561 -0.46037933
v 0.61265045 2.05519781 -0.61265039
v 0.78411794 1.91849208 -0.7841177
v 0.41769418 2.82786787 -0.27909446
v 0.5413487 3.18724561 -0.36171773
v 0.72040057 2.05519781 -0.48135626
v 0.92202502 1.91849208 -0.61607736
v 0.46411699 2.82786787 -0.19224347
v 0.60151446 3.18724561 -0.24915531
v 0.8004663 2.05519781 -0.3315638
v 1.0244993 1.91849208 -0.42436123
v 0.492704 2.82786787 -0.09800485
v 0.63856441 3.18724561 -0.12701823
v 0.84977055 2.05519781 -0.16902965
v 1.08760273 1.91849208 -0.21633731
v 0.50235653 2.82786787 1E-08
v 0.65107459 3.18724561 8E-08
v 0.8664186 2.05519781 8E-08
v 1.10891008 1.91849208 1.1E-07
v 0.49270406 2.82786787 0.09800474
v 0.50235653 2.82786787 1E-08
v 0.65107459 3.18724561 8E-08
v 0.63856447 3.18724561 0.12701818
v 0.84977061 2.05519781 0.16902965
v 1.08760285 1.91849208 0.21633741
v 0.46411708 2.82786787 0.19224326
v 0.60151458 3.18724561 0.24915516
v 0.80046642 2.05519781 0.33156377
v 1.02449942 1.91849208 0.42436132
v 0.41769418 2.82786787 0.27909437
v 0.5413487 3.18724561 0.36171773
v 0.72040063 2.05519781 0.48135638
v 0.92202502 1.91849208 0.61607754
v 0.35521975 2.82786787 0.35521972
v 0.46037924 3.18724561 0.4603793
v 0.61265045 2.05519781 0.61265033
v 0.78411794 1.91849208 0.78411782
v 0.27909434 2.82786787 0.41769424
v 0.36171761 3.18724561 0.54134881
v 0.48135623 2.05519781 0.72040087
v 0.61607718 1.91849208 0.92202532
v 0.19224334 2.82786787 0.46411705
v 0.24915519 3.18724561 0.60151464
v 0.33156374 2.05519781 0.80046654
v 0.42436117 1.91849208 1.02449965
v 0.09800486 2.82786787 0.49270391
v 0.12701827 3.18724561 0.63856441
v 0.16902956 2.05519781 0.84977067
v 0.21633716 1.91849208 1.08760297
v -1.2E-07 2.82786787 0.50235653
v -1.7E-07 3.18724561 0.65107459
v -2.8E-07 2.05519781 0.86641872
v -4E-07 1.91849208 1.10891032
v -0.09800504 2.82786787 0.49270386
v -1.2E-07 2.82786787 0.50235653
v -1.7E-07 3.18724561 0.65107459
v -0.12701854 3.18724561 0.63856435
v -0.16903004 2.05519781 0.84977055
v -0.21633784 1.91849208 1.08760285
v -0.19224364 2.82786787 0.4641169
v -0.2491556 3.18724561 0.60151446
v -0.33156419 2.05519781 0.8004663
v -0.4243618 1.91849208 1.02449942
v -0.27909464 2.82786787 0.41769391
v -0.36171806 3.18724561 0.5413484
v -0.48135683 2.05519781 0.72040039
v -0.61607802 1.91849208 0.92202479
v -0.35521996 2.82786787 0.35521954
v -0.46037954 3.18724561 0.46037909
v -0.61265087 2.05519781 0.6126501
v -0.78411853 1.91849208 0.78411746
v -0.41769454 2.82786787 0.27909395
v -0.54134917 3.18724561 0.36171716
v -0.72040123 2.05519781 0.48135591
v -0.92202574 1.91849208 0.61607689
v -0.46411717 2.82786787 0.19224319
v -0.60151482 3.18724561 0.24915506
v -0.80046684 2.05519781 0.33156341
v -1.02450001 1.91849208 0.42436072
v -0.49270403 2.82786787 0.09800439
v -0.63856459 3.18724561 0.12701774
v -0.84977078 2.05519781 0.16902913
v -1.08760309 1.91849208 0.21633677
v -0.50235665 2.82786787 -5.7E-07
v -0.65107471 3.18724561 -6.8E-07
v -0.86641878 2.05519781 -7.6E-07
v -1.10891032 1.91849208 -8.9E-07
v -0.49270383 2.82786787 -0.09800549
v -0.63856429 3.18724561 -0.12701903
v -0.84977049 2.05519781 -0.16903055
v -1.08760273 1.91849208 -0.21633838
v -0.46411675 2.82786787 -0.19224386
v -0.49270383 2.82786787 -0.09800549
v -0.63856429 3.18724561 -0.12701903
v -0.60151428 3.18724561 -0.24915582
v -0.800466 2.05519781 -0.33156464
v -1.02449894 1.91849208 -0.42436236
v -0.41769373 2.82786787 -0.27909517
v -0.5413481 3.18724561 -0.36171865
v -0.72039986 2.05519781 -0.48135746
v -0.92202413 1.91849208 -0.61607885
v -0.35521924 2.82786787 -0.35522026
v -0.46037862 3.18724561 -0.46037987
v -0.78411704 1.91849208 -0.78411871
v -0.27909386 2.82786787 -0.4176946
v -0.36171702 3.18724561 -0.54134917
v -0.61607629 1.91849208 -0.9220258
v -0.1922427 2.82786787 -0.46411732
v -0.24915437 3.18724561 -0.60151494
v -0.33156276 2.05519781 -0.80046678
v -0.42436004 1.91849208 -1.02449989
v -0.16902839 2.05519781 -0.84977084
v -0.21633577 1.91849208 -1.08760309
v -1.7E-07 2.08748555 -0.71153396
v 0.13881327 2.08748555 -0.69786203
v -1.5E-07 1.85986914 -1.10891008
v -1.5E-07 1.91849208 -1.10891008
v -0.67422539 3.917377 -7E-07
v -0.66127038 3.917377 0.13153419
v -0.58371454 4.16075444 0.11610742
v -0.59515011 4.16075444 -6.4E-07
v -0.50313079 2.08748555 0.50313026
v -0.59161925 2.08748555 0.39530659
v 0.5031305 2.08748555 0.5031305
v 0.39530697 2.08748555 0.5916189
v 0.50313044 2.08748555 -0.5031305
v 0.59161878 2.08748555 -0.39530712
v -0.69786221 2.08748555 0.13881274
v -0.71153402 2.08748555 -7.1E-07
v 0.13881324 2.08748555 0.69786203
v -2E-07 2.08748555 0.7115339
v 0.69786203 2.08748555 -0.13881323
v 0.7115339 2.08748555 8E-08
v -0.6573714 2.08748555 -0.27229267
v -0.59161818 2.08748555 -0.39530811
v -0.27229241 2.08748555 0.65737158
v -0.39530748 2.08748555 0.59161848
v 0.6573717 2.08748555 0.27229196
v 0.59161878 2.08748555 0.39530712
v 0.27229214 2.08748555 -0.65737164
v 0.39530709 2.08748555 -0.59161884
v -0.27229112 2.08748555 -0.65737206
v -0.657372 2.08748555 0.27229178
v 0.27229196 2.08748555 0.65737176
v 0.65737158 2.08748555 -0.27229208
v -1.3E-07 2.82786787 -0.50235671
v -1.8E-07 3.18724561 -0.65107465
v -0.69786191 2.08748555 -0.13881406
v -0.13881357 2.08748555 0.69786197
v 0.69786209 2.08748555 0.1388132
v -0.13881215 2.08748555 -0.69786227
v -1.8E-07 2.16156316 -0.65107465
v 0.12701827 2.16156316 -0.63856441
v 0.13047296 2.11440298 -0.65593231
v -1.8E-07 2.11440298 -0.66878283
v -1.8E-07 2.11440298 -0.66878283
v 0.13047296 2.11440298 -0.65593231
v 0.24915534 2.16156316 -0.60151452
v 0.25593191 2.11440298 -0.61787462
v 0.25593191 2.11440298 -0.61787462
v 0.3617177 2.16156316 -0.54134876
v 0.37155581 2.11440298 -0.55607253
v 0.37155581 2.11440298 -0.55607253
v 0.46037918 2.16156316 -0.46037933
v 0.47290075 2.11440298 -0.47290087
v 0.47290075 2.11440298 -0.47290087
v 0.5413487 2.16156316 -0.36171773
v 0.55607247 2.11440298 -0.37155586
v 0.55607247 2.11440298 -0.37155586
v 0.60151446 2.16156316 -0.24915531
v 0.61787474 2.11440298 -0.25593194
v 0.61787474 2.11440298 -0.25593194
v 0.63856441 2.16156316 -0.12701823
v 0.65593231 2.11440298 -0.13047291
v 0.65593231 2.11440298 -0.13047291
v 0.63856441 2.16156316 -0.12701823
v 0.65107459 2.16156316 8E-08
v 0.66878271 2.11440298 8E-08
v 0.65593231 2.11440298 -0.13047291
v 0.66878271 2.11440298 8E-08
v 0.63856447 2.16156316 0.12701818
v 0.65593231 2.11440298 0.13047285
v 0.65593231 2.11440298 0.13047285
v 0.60151458 2.16156316 0.24915516
v 0.61787474 2.11440298 0.25593179
v 0.61787474 2.11440298 0.25593179
v 0.5413487 2.16156316 0.36171773
v 0.55607247 2.11440298 0.37155586
v 0.55607247 2.11440298 0.37155586
v 0.46037924 2.16156316 0.4603793
v 0.47290081 2.11440298 0.47290084
v 0.47290081 2.11440298 0.47290084
v 0.36171761 2.16156316 0.54134881
v 0.37155569 2.11440298 0.55607259
v 0.37155569 2.11440298 0.55607259
v 0.24915519 2.16156316 0.60151464
v 0.25593179 2.11440298 0.6178748
v 0.25593179 2.11440298 0.6178748
v 0.12701827 2.16156316 0.63856441
v 0.13047296 2.11440298 0.65593231
v 0.13047296 2.11440298 0.65593231
v -1.7E-07 2.16156316 0.65107459
v -1.8E-07 2.11440298 0.66878271
v -1.8E-07 2.11440298 0.66878271
v -1.7E-07 2.16156316 0.65107459
v -0.12701854 2.16156316 0.63856435
v -0.13047321 2.11440298 0.65593219
v -1.8E-07 2.11440298 0.66878271
v -0.13047321 2.11440298 0.65593219
v -0.2491556 2.16156316 0.60151446
v -0.25593224 2.11440298 0.61787468
v -0.25593224 2.11440298 0.61787468
v -0.36171806 2.16156316 0.5413484
v -0.37155616 2.11440298 0.55607212
v -0.37155616 2.11440298 0.55607212
v -0.46037954 2.16156316 0.46037909
v -0.47290108 2.11440298 0.4729006
v -0.47290108 2.11440298 0.4729006
v -0.54134917 2.16156316 0.36171716
v -0.55607295 2.11440298 0.37155527
v -0.55607295 2.11440298 0.37155527
v -0.60151482 2.16156316 0.24915506
v -0.61787498 2.11440298 0.25593165
v -0.61787498 2.11440298 0.25593165
v -0.63856459 2.16156316 0.12701774
v -0.65593243 2.11440298 0.13047239
v -0.65593243 2.11440298 0.13047239
v -0.65107471 2.16156316 -6.8E-07
v -0.66878283 2.11440298 -6.9E-07
v -0.66878283 2.11440298 -6.9E-07
v -0.63856429 2.16156316 -0.12701903
v -0.65593219 2.11440298 -0.13047373
v -0.65593219 2.11440298 -0.13047373
v -0.63856429 2.16156316 -0.12701903
v -0.60151428 2.16156316 -0.24915582
v -0.61787438 2.11440298 -0.25593245
v -0.65593219 2.11440298 -0.13047373
v -0.61787438 2.11440298 -0.25593245
v -0.5413481 2.16156316 -0.36171865
v -0.55607188 2.11440298 -0.37155679
v -0.55607188 2.11440298 -0.37155679
v -0.46037862 2.16156316 -0.46037987
v -0.47290012 2.11440298 -0.47290137
v -0.47290012 2.11440298 -0.47290137
v -0.36171702 2.16156316 -0.54134917
v -0.37155506 2.11440298 -0.55607289
v -0.37155506 2.11440298 -0.55607289
v -0.24915437 2.16156316 -0.60151494
v -0.25593099 2.11440298 -0.61787516
v -0.25593099 2.11440298 -0.61787516
v -0.12701723 2.16156316 -0.63856465
v -0.13047189 2.11440298 -0.65593255
v -0.13047189 2.11440298 -0.65593255
v -1.8E-07 2.16156316 -0.65107465
v -1.8E-07 2.11440298 -0.66878283
v -1.2E-07 2.52094126 -0.48969674
v 0.09553503 2.52094126 -0.48028734
v 0.0901031 2.67905092 -0.45297915
v -1.1E-07 2.67905092 -0.46185356
v -0.18739797 2.52094126 -0.45242107
v -0.09553423 2.52094126 -0.48028752
v -0.09010233 2.67905092 -0.45297933
v -0.17674288 2.67905092 -0.42669731
v -0.27206039 2.52094126 -0.40716827
v -0.25659156 2.67905092 -0.3840175
v -0.34626734 2.52094126 -0.34626836
v -0.32657924 2.67905092 -0.32658023
v -0.4071674 2.52094126 -0.27206171
v -0.38401666 2.67905092 -0.25659281
v -0.45242053 2.52094126 -0.18739912
v -0.42669678 2.67905092 -0.17674398
v -0.48028719 2.52094126 -0.09553565
v -0.452979 2.67905092 -0.09010369
v -0.48969671 2.52094126 -5.6E-07
v -0.48028719 2.52094126 -0.09553565
v -0.452979 2.67905092 -0.09010369
v -0.4618535 2.67905092 -5.4E-07
v -0.48028737 2.52094126 0.09553458
v -0.45297918 2.67905092 0.09010266
v -0.45242092 2.52094126 0.18739845
v -0.42669716 2.67905092 0.17674333
v -0.40716821 2.52094126 0.27206048
v -0.38401741 2.67905092 0.25659165
v -0.34626806 2.52094126 0.34626764
v -0.32657993 2.67905092 0.32657954
v -0.27206117 2.52094126 0.40716758
v -0.2565923 2.67905092 0.38401684
v -0.1873989 2.52094126 0.45242065
v -0.17674376 2.67905092 0.4266969
v -0.09553521 2.52094126 0.48028722
v -0.09010326 2.67905092 0.452979
v -1.2E-07 2.52094126 0.48969662
v -1.1E-07 2.67905092 0.46185341
v 0.09553503 2.52094126 0.48028725
v -1.2E-07 2.52094126 0.48969662
v -1.1E-07 2.67905092 0.46185341
v 0.0901031 2.67905092 0.45297906
v 0.18739861 2.52094126 0.4524208
v 0.17674349 2.67905092 0.42669705
v 0.27206087 2.52094126 0.40716791
v 0.25659204 2.67905092 0.38401711
v 0.34626785 2.52094126 0.34626782
v 0.32657975 2.67905092 0.32657969
v 0.40716788 2.52094126 0.2720609
v 0.38401711 2.67905092 0.25659204
v 0.45242086 2.52094126 0.18739852
v 0.42669711 2.67905092 0.1767434
v 0.4802874 2.52094126 0.09553491
v 0.45297921 2.67905092 0.09010297
v 0.48969668 2.52094126 1E-08
v 0.4618535 2.67905092 -0
v 0.48028737 2.52094126 -0.09553504
v 0.4618535 2.67905092 -0
v 0.45297918 2.67905092 -0.09010312
v 0.45242077 2.52094126 -0.18739875
v 0.48028737 2.52094126 -0.09553504
v 0.42669702 2.67905092 -0.17674363
v 0.40716788 2.52094126 -0.27206099
v 0.38401711 2.67905092 -0.25659215
v 0.34626779 2.52094126 -0.34626794
v 0.32657969 2.67905092 -0.32657984
v 0.27206093 2.52094126 -0.40716797
v 0.25659207 2.67905092 -0.3840172
v 0.18739872 2.52094126 -0.45242077
v 0.1767436 2.67905092 -0.42669702
v -1.2E-07 2.52094126 -0.48969674
v -1.1E-07 2.67905092 -0.46185356
v 0.45297918 2.67905092 -0.09010312
v -0.17155783 4.39534235 0.41417694
v -0.08745949 4.39534235 0.43968791
v -0.05684748 4.62993026 0.28579122
v -0.11151028 4.62993026 0.26920941
v 0.56059778 3.917377 0.37457958
v 0.62290305 3.917377 0.25801456
v 0.54984701 4.16075444 0.22775376
v 0.49484912 4.16075444 0.33064768
v -0.66127014 3.917377 -0.13153552
v -0.58371425 4.16075444 -0.11610865
v 0.47674924 3.917377 0.47674933
v 0.4208346 4.16075444 0.42083463
v -0.62290269 3.917377 -0.25801522
v -0.66127014 3.917377 -0.13153552
v -0.58371425 4.16075444 -0.11610865
v -0.54984671 4.16075444 -0.22775438
v 0.37457943 3.917377 0.5605979
v 0.33064759 4.16075444 0.49484918
v -0.56059718 3.917377 -0.3745805
v -0.49484855 4.16075444 -0.33064854
v 0.25801456 3.917377 0.62290305
v 0.2277538 4.16075444 0.54984701
v 0.13153474 3.917377 -0.66127026
v -1.9E-07 3.917377 -0.67422539
v -1.6E-07 4.16075444 -0.59515005
v 0.11610793 4.16075444 -0.58371443
v -0.47674859 3.917377 -0.47674987
v -0.420834 4.16075444 -0.42083517
v 0.13153474 3.917377 0.66127026
v 0.11610793 4.16075444 0.58371437
v 0.25801468 3.917377 -0.62290293
v 0.22775394 4.16075444 -0.54984695
v -0.37457883 3.917377 -0.56059825
v -0.33064702 4.16075444 -0.49484959
v -1.8E-07 3.917377 0.67422527
v -1.5E-07 4.16075444 0.59514999
v 0.37457949 3.917377 -0.56059784
v 0.33064765 4.16075444 -0.49484921
v -0.25801373 3.917377 -0.62290341
v -0.22775304 4.16075444 -0.5498473
v -0.13153502 3.917377 0.66127014
v -1.8E-07 3.917377 0.67422527
v -1.5E-07 4.16075444 0.59514999
v -0.11610817 4.16075444 0.58371431
v 0.47674918 3.917377 -0.4767493
v 0.42083454 4.16075444 -0.42083469
v -0.13153367 3.917377 -0.6612705
v -0.11610697 4.16075444 -0.5837146
v -0.25801498 3.917377 0.62290293
v -0.22775416 4.16075444 0.54984683
v 0.56059778 3.917377 -0.37457955
v 0.49484912 4.16075444 -0.33064771
v -1.9E-07 3.917377 -0.67422539
v -1.6E-07 4.16075444 -0.59515005
v -0.37457991 3.917377 0.56059742
v -0.33064798 4.16075444 0.49484879
v 0.62290293 3.917377 -0.25801468
v 0.54984689 4.16075444 -0.22775392
v -0.47674954 3.917377 0.47674912
v -0.42083484 4.16075444 0.42083442
v 0.66127026 3.917377 -0.1315347
v 0.58371437 4.16075444 -0.11610792
v -0.56059831 3.917377 0.37457898
v -0.49484953 4.16075444 0.33064714
v 0.67422527 3.917377 9E-08
v 0.66127026 3.917377 -0.1315347
v 0.58371437 4.16075444 -0.11610792
v 0.59514999 4.16075444 5E-08
v -0.62290329 3.917377 0.25801441
v -0.54984719 4.16075444 0.22775365
v 0.66127026 3.917377 0.13153465
v 0.58371443 4.16075444 0.11610783
v 0.65231699 3.4306227 0.2701982
v 0.69249606 3.4306227 0.13774584
v 0.69584095 3.67399979 0.13841118
v 0.65546787 3.67399979 0.27150333
v -0.69249618 3.4306227 0.13774535
v -0.65231729 3.4306227 0.27019808
v -0.65546811 3.67399979 0.27150321
v -0.69584107 3.67399979 0.1384107
v 0.70606273 3.4306227 1E-07
v 0.70947319 3.67399979 1E-07
v -0.58707017 3.4306227 0.3922669
v -0.58990586 3.67399979 0.39416164
v 0.70606273 3.4306227 1E-07
v 0.692496 3.4306227 -0.13774586
v 0.6958409 3.67399979 -0.13841119
v 0.70947319 3.67399979 1E-07
v -0.49926203 3.4306227 0.49926159
v -0.50167358 3.67399979 0.50167316
v 0.65231681 3.4306227 -0.27019832
v 0.65546769 3.67399979 -0.27150345
v -0.39226788 3.4306227 0.58706939
v -0.39416263 3.67399979 0.58990502
v 0.58706963 3.4306227 -0.39226753
v 0.58990532 3.67399979 -0.39416224
v -0.27019867 3.4306227 0.65231693
v -0.27150381 3.67399979 0.65546775
v -2E-07 3.4306227 -0.70606279
v -0.13774478 3.4306227 -0.69249624
v -0.13841014 3.67399979 -0.69584113
v -2E-07 3.67399979 -0.70947325
v 0.49926168 3.4306227 -0.49926183
v 0.50167322 3.67399979 -0.50167334
v -0.13774621 3.4306227 0.69249594
v -0.13841157 3.67399979 0.69584084
v -0.27019733 3.4306227 -0.6523174
v -0.27150247 3.67399979 -0.65546823
v 0.39226747 3.4306227 -0.58706975
v 0.39416221 3.67399979 -0.58990538
v -1.9E-07 3.4306227 0.70606273
v -1.9E-07 3.67399979 0.70947319
v -0.39226672 3.4306227 -0.58707017
v -0.39416146 3.67399979 -0.58990586
v 0.27019837 3.4306227 -0.65231693
v 0.27150348 3.67399979 -0.65546775
v -1.9E-07 3.4306227 0.70606273
v 0.13774592 3.4306227 0.692496
v 0.13841125 3.67399979 0.6958409
v -1.9E-07 3.67399979 0.70947319
v -0.49926102 3.4306227 -0.49926236
v -0.50167257 3.67399979 -0.50167394
v 0.13774592 3.4306227 -0.69249594
v 0.13841125 3.67399979 -0.6958409
v 0.2701982 3.4306227 0.65231711
v 0.27150333 3.67399979 0.65546793
v -0.58706897 3.4306227 -0.39226851
v -0.58990473 3.67399979 -0.39416325
v -2E-07 3.4306227 -0.70606279
v -2E-07 3.67399979 -0.70947325
v 0.39226741 3.4306227 0.58706981
v 0.39416212 3.67399979 0.5899055
v -0.65231669 3.4306227 -0.27019888
v -0.65546751 3.67399979 -0.27150401
v 0.49926174 3.4306227 0.49926183
v 0.50167328 3.67399979 0.5016734
v -0.69249588 3.4306227 -0.13774672
v -0.69584078 3.67399979 -0.13841207
v 0.58706963 3.4306227 0.39226753
v 0.58990532 3.67399979 0.39416227
v -0.69249588 3.4306227 -0.13774672
v -0.70606285 3.4306227 -7.2E-07
v -0.70947331 3.67399979 -7.2E-07
v -0.69584078 3.67399979 -0.13841207
v -0.24521634 4.81480932 -0.24521713
v -0.28834397 4.81480932 -0.19266616
v -0.77312356 5.01792574 -0.51658666
v -0.65748739 5.01792574 -0.65748912
v 0.37274948 4.39534235 -0.24906336
v 0.31699735 4.39534235 -0.3169975
v 0.20604408 4.62993026 -0.20604423
v 0.24228223 4.62993026 -0.16188794
v -1.1E-07 4.39534235 -0.44830209
v -0.08745859 4.39534235 -0.43968824
v -0.05684689 4.62993026 -0.28579158
v -5E-08 4.62993026 -0.29139048
v -0.24906351 4.39534235 0.37274918
v -0.16188796 4.62993026 0.24228194
v 0.41417703 4.39534235 -0.17155771
v 0.26920956 4.62993026 -0.11151031
v -0.31699756 4.39534235 0.3169972
v -0.20604418 4.62993026 0.20604388
v 0.43968803 4.39534235 -0.08745937
v 0.2857914 4.62993026 -0.0568475
v -0.37274978 4.39534235 0.24906282
v -0.24228241 4.62993026 0.16188745
v 0.448302 4.39534235 -1E-08
v 0.43968803 4.39534235 -0.08745937
v 0.2857914 4.62993026 -0.0568475
v 0.29139036 4.62993026 -8E-08
v -0.41417724 4.39534235 0.1715574
v -0.26920968 4.62993026 0.11150996
v 0.43968806 4.39534235 0.08745919
v 0.2857914 4.62993026 0.05684724
v -0.43968815 4.39534235 0.08745889
v -0.28579143 4.62993026 0.05684705
v 0.41417712 4.39534235 0.17155747
v 0.26920965 4.62993026 0.11151
v -0.44830206 4.39534235 -5.3E-07
v -0.29139036 4.62993026 -4.2E-07
v 0.37274948 4.39534235 0.24906324
v 0.24228223 4.62993026 0.16188772
v -0.43968791 4.39534235 -0.08745991
v -0.28579128 4.62993026 -0.05684786
v 0.31699741 4.39534235 0.31699735
v 0.20604411 4.62993026 0.20604399
v -0.41417688 4.39534235 -0.17155805
v -0.43968791 4.39534235 -0.08745991
v -0.28579128 4.62993026 -0.05684786
v -0.26920944 4.62993026 -0.11151055
v 0.24906324 4.39534235 0.37274945
v 0.16188781 4.62993026 0.24228212
v -0.372749 4.39534235 -0.24906398
v -0.2422819 4.62993026 -0.16188835
v 0.17155758 4.39534235 0.41417706
v 0.11151017 4.62993026 0.2692095
v 0.08745934 4.39534235 -0.43968812
v -1.1E-07 4.39534235 -0.44830209
v -5E-08 4.62993026 -0.29139048
v 0.05684743 4.62993026 -0.28579152
v -0.31699693 4.39534235 -0.31699786
v -0.20604378 4.62993026 -0.20604448
v 0.08745934 4.39534235 0.43968797
v 0.05684743 4.62993026 0.28579125
v 0.17155766 4.39534235 -0.41417712
v 0.11151023 4.62993026 -0.26920971
v -0.24906276 4.39534235 -0.37274987
v -0.16188747 4.62993026 -0.24228254
v -1E-07 4.39534235 0.44830191
v -5E-08 4.62993026 0.29139021
v 0.24906327 4.39534235 -0.3727496
v 0.16188784 4.62993026 -0.24228236
v -0.17155698 4.39534235 -0.41417742
v -0.11150975 4.62993026 -0.26920989
v -1E-07 4.39534235 0.44830191
v -5E-08 4.62993026 0.29139021
v 0.2452167 4.81480932 -0.24521685
v 0.19266558 4.81480932 -0.2883445
v 0.51658535 5.01792574 -0.77312458
v 0.65748829 5.01792574 -0.65748835
v 0.06765512 4.81480932 0.34012523
v 0.13271022 4.81480932 0.32039103
v 0.35582978 5.01792574 0.85905021
v 0.18140054 5.01792574 0.91196251
v -7E-08 4.81480932 -0.34678894
v -0.06765451 4.81480932 -0.34012559
v -0.18139899 5.01792574 -0.91196287
v -2.5E-07 5.01792574 -0.92982906
v -0.19266516 4.81480932 -0.28834471
v -0.51658434 5.01792574 -0.77312511
v -6E-08 4.81480932 0.34678867
v -2.4E-07 5.01792574 0.92982894
v 0.1972229 4.74011707 -0.29050893
v 0.13675782 4.74011707 -0.32340315
v 0.13001257 4.78838491 -0.3138783
v 0.18874907 4.78838491 -0.28248304
v -0.13270973 4.81480932 -0.32039142
v -0.35582855 5.01792574 -0.85905051
v -0.06765521 4.81480932 0.3401252
v -0.1814009 5.01792574 0.91196239
v 0.13271029 4.81480932 -0.32039121
v 0.35583001 5.01792574 -0.85904992
v -0.13271037 4.81480932 0.32039094
v -0.35583025 5.01792574 0.85904992
v 0.28834438 4.81480932 -0.19266567
v 0.77312458 5.01792574 -0.51658529
v -0.19266571 4.81480932 0.28834406
v -0.51658583 5.01792574 0.7731241
v 0.32039109 4.81480932 -0.13271035
v 0.8590498 5.01792574 -0.35582983
v 0.06765512 4.81480932 -0.3401255
v 0.18140054 5.01792574 -0.91196263
v -0.24521683 4.81480932 0.24521652
v -0.6574887 5.01792574 0.65748823
v 0.34012538 4.81480932 -0.06765518
v 0.91196263 5.01792574 -0.18140034
v -0.28834456 4.81480932 0.19266516
v -0.77312511 5.01792574 0.51658463
v 0.34678882 4.81480932 -5E-08
v 0.929829 5.01792574 2.3E-07
v -0.32039121 4.81480932 0.13271001
v -0.85905039 5.01792574 0.3558296
v 0.34012541 4.81480932 0.06765495
v 0.91196263 5.01792574 0.18140051
v -0.34012541 4.81480932 0.06765471
v -0.91196275 5.01792574 0.18139987
v 0.32039118 4.81480932 0.13271007
v 0.85905015 5.01792574 0.35582983
v -0.34678882 4.81480932 -4.6E-07
v -0.92982912 5.01792574 -8.6E-07
v 0.28834438 4.81480932 0.19266547
v 0.77312458 5.01792574 0.51658547
v -0.34012526 4.81480932 -0.06765559
v -0.91196245 5.01792574 -0.18140149
v 0.24521673 4.81480932 0.24521665
v 0.65748835 5.01792574 0.65748858
v -0.32039094 4.81480932 -0.13271062
v -0.85904968 5.01792574 -0.35583055
v 0.19266555 4.81480932 0.28834429
v 0.51658523 5.01792574 0.77312464
v 0.17552857 4.70748544 0.26269698
v 0.22340551 4.70748544 0.22340541
v 0.25010875 4.74011707 0.24645042
v 0.19722289 4.74011707 0.29050875
v -0.29189318 4.70748544 -0.12090646
v -0.30987224 4.70748544 -0.06163787
v -0.34419286 4.74193859 -0.0684647
v -0.32422253 4.74193859 -0.13429771
v 0.2626971 4.70748544 0.17552848
v 0.29338309 4.74011707 0.19292115
v -0.31594309 4.70748544 -4.4E-07
v -0.35093611 4.74193859 -4.6E-07
v 0.29189345 4.70748544 0.12090594
v 0.32538298 4.74011707 0.13197783
v -0.30987236 4.70748544 0.06163703
v -0.34419301 4.74193859 0.06846381
v 0.30987236 4.70748544 0.06163724
v 0.34487844 4.74011707 0.06596293
v -0.29189345 4.70748544 0.12090588
v -0.32422277 4.74193859 0.1342971
v 0.31594309 4.70748544 -7E-08
v 0.35112041 4.74011707 -0.00258684
v -0.26269725 4.70748544 0.17552821
v -0.29050902 4.74011707 0.1972225
v 0.30987236 4.70748544 -0.06163749
v 0.34419298 4.74193859 -0.06846426
v -0.22340558 4.70748544 0.22340529
v -0.24814939 4.74193859 0.24814908
v 0.29189333 4.70748544 -0.12090621
v 0.32422265 4.74193859 -0.13429745
v -0.17552873 4.70748544 0.2626968
v -0.19496985 4.74193859 0.29179239
v 0.2626971 4.70748544 -0.17552872
v 0.29338309 4.74011707 -0.19292134
v -0.1209062 4.70748544 0.29189321
v -0.13429746 4.74193859 0.32422253
v -5E-08 4.70748544 -0.31594321
v -0.06163686 4.70748544 -0.30987254
v -0.06596249 4.74011707 -0.34487861
v 0.00258672 4.74011707 -0.3511205
v 0.22340548 4.70748544 -0.22340563
v 0.25010872 4.74011707 -0.2464506
v -0.0616375 4.70748544 0.30987215
v -0.0684643 4.74193859 0.3441928
v -0.12090562 4.70748544 -0.29189369
v -0.13197745 4.74011707 -0.32538319
v 0.1755286 4.70748544 -0.26269722
v 0.1972229 4.74011707 -0.29050893
v -5E-08 4.70748544 0.31594294
v -6E-08 4.74193859 0.35093597
v -0.1755282 4.70748544 -0.2626974
v -0.19496924 4.74193859 -0.29179305
v 0.12090615 4.70748544 -0.29189345
v 0.13675782 4.74011707 -0.32340315
v 0.06163743 4.70748544 0.30987218
v 0.06846422 4.74193859 0.34419283
v -0.22340514 4.70748544 -0.22340588
v -0.24814892 4.74193859 -0.24814969
v 0.06163743 4.70748544 -0.30987248
v 0.07103726 4.74011707 -0.34386921
v 0.12090608 4.70748544 0.29189327
v 0.13429731 4.74193859 0.32422259
v -0.26269671 4.70748544 -0.17552915
v -0.2917923 4.74193859 -0.19497028
v 1.11537886 5.47710705 1.66928315
v 0.76828569 5.47710705 1.85480833
v 0.80519497 5.50237679 1.94391537
v 1.16896296 5.50237679 1.74947739
v -0.13197745 4.74011707 -0.32538319
v -0.19496924 4.74193859 -0.29179305
v -0.18874866 4.78838491 -0.28248325
v -0.13001201 4.78838491 -0.31387851
v -0.0684643 4.74193859 0.3441928
v -6E-08 4.74193859 0.35093597
v -6E-08 4.78838491 0.33973917
v -0.06627992 4.78838491 0.33321115
v 0.25010872 4.74011707 -0.2464506
v 0.24023195 4.78838491 -0.2402321
v -0.06596249 4.74011707 -0.34487861
v -0.06627923 4.78838491 -0.33321154
v -0.13429746 4.74193859 0.32422253
v -0.13001263 4.78838491 0.31387803
v 0.29338309 4.74011707 -0.19292134
v 0.28248292 4.78838491 -0.18874918
v 0.00258672 4.74011707 -0.3511205
v -6E-08 4.78838491 -0.33973944
v -0.19496985 4.74193859 0.29179239
v -0.18874921 4.78838491 0.28248262
v 0.32422265 4.74193859 -0.13429745
v 0.31387818 4.78838491 -0.13001262
v -0.24814939 4.74193859 0.24814908
v -0.24023207 4.78838491 0.24023177
v 0.34419298 4.74193859 -0.06846426
v 0.33321133 4.78838491 -0.06627988
v -0.29050902 4.74011707 0.1972225
v -0.2824831 4.78838491 0.18874867
v 0.35112041 4.74011707 -0.00258684
v 0.34419298 4.74193859 -0.06846426
v 0.33321133 4.78838491 -0.06627988
v 0.33973932 4.78838491 -6E-08
v -0.32422277 4.74193859 0.1342971
v -0.3138783 4.78838491 0.13001229
v 0.34487844 4.74011707 0.06596293
v 0.33321136 4.78838491 0.06627966
v -0.34419301 4.74193859 0.06846381
v -0.33321136 4.78838491 0.06627943
v 0.32538298 4.74011707 0.13197783
v 0.31387827 4.78838491 0.13001235
v -0.35093611 4.74193859 -4.6E-07
v -0.33973932 4.78838491 -4.5E-07
v 0.29338309 4.74011707 0.19292115
v 0.28248292 4.78838491 0.18874897
v -0.34419286 4.74193859 -0.0684647
v -0.33321121 4.78838491 -0.0662803
v 0.25010875 4.74011707 0.24645042
v 0.24023198 4.78838491 0.24023189
v -0.32422253 4.74193859 -0.13429771
v -0.34419286 4.74193859 -0.0684647
v -0.33321121 4.78838491 -0.0662803
v -0.31387803 4.78838491 -0.13001288
v 0.19722289 4.74011707 0.29050875
v 0.18874905 4.78838491 0.28248283
v -0.2917923 4.74193859 -0.19497028
v -0.2824825 4.78838491 -0.18874966
v 0.13429731 4.74193859 0.32422259
v 0.13001248 4.78838491 0.31387812
v 0.07103726 4.74011707 -0.34386921
v 0.00258672 4.74011707 -0.3511205
v -6E-08 4.78838491 -0.33973944
v 0.06627984 4.78838491 -0.33321145
v -0.24814892 4.74193859 -0.24814969
v -0.24023159 4.78838491 -0.24023236
v 0.06846422 4.74193859 0.34419283
v 0.06627984 4.78838491 0.33321118
v -6E-08 4.74193859 0.35093597
v -6E-08 4.78838491 0.33973917
v -7E-08 4.81480932 -0.34678894
v 0.06765512 4.81480932 -0.3401255
v 0.06589542 4.80315661 -0.33127886
v -6E-08 4.80315661 -0.33776897
v 0.13271029 4.81480932 -0.32039121
v 0.12925848 4.80315661 -0.31205776
v 0.19266558 4.81480932 -0.2883445
v 0.18765433 4.80315661 -0.28084463
v 0.2452167 4.81480932 -0.24521685
v 0.23883861 4.80315661 -0.23883876
v 0.28834438 4.81480932 -0.19266567
v 0.28084451 4.80315661 -0.18765444
v 0.32039109 4.81480932 -0.13271035
v 0.31205767 4.80315661 -0.12925854
v 0.34012538 4.81480932 -0.06765518
v 0.33127874 4.80315661 -0.06589547
v 0.33776885 4.80315661 -6E-08
v 0.33127874 4.80315661 -0.06589547
v 0.33127874 4.80315661 -0.06589547
v 0.33776885 4.80315661 -6E-08
v 0.34678882 4.81480932 -5E-08
v 0.34012541 4.81480932 0.06765495
v 0.33127871 4.80315661 0.06589523
v 0.32039118 4.81480932 0.13271007
v 0.31205779 4.80315661 0.12925828
v 0.28834438 4.81480932 0.19266547
v 0.28084451 4.80315661 0.18765423
v 0.24521673 4.81480932 0.24521665
v 0.23883864 4.80315661 0.23883855
v 0.19266555 4.81480932 0.28834429
v 0.1876543 4.80315661 0.28084445
v 0.13271022 4.81480932 0.32039103
v 0.12925841 4.80315661 0.31205761
v 0.06765512 4.81480932 0.34012523
v 0.06589541 4.80315661 0.33127853
v -6E-08 4.80315661 0.33776867
v 0.06589541 4.80315661 0.33127853
v -6E-08 4.80315661 0.33776867
v -0.0658955 4.80315661 0.33127853
v -6E-08 4.80315661 0.33776867
v -0.0658955 4.80315661 0.33127853
v -0.06765521 4.81480932 0.3401252
v -0.13271037 4.81480932 0.32039094
v -0.12925857 4.80315661 0.31205755
v -0.19266571 4.81480932 0.28834406
v -0.18765445 4.80315661 0.28084421
v -0.24521683 4.81480932 0.24521652
v -0.23883873 4.80315661 0.23883843
v -0.28834456 4.81480932 0.19266516
v -0.28084469 4.80315661 0.18765393
v -0.32039121 4.81480932 0.13271001
v -0.31205779 4.80315661 0.1292582
v -0.34012541 4.81480932 0.06765471
v -0.33127871 4.80315661 0.065895
v -0.34678882 4.81480932 -4.6E-07
v -0.33776885 4.80315661 -4.5E-07
v -0.33127862 4.80315661 -0.06589588
v -0.33776885 4.80315661 -4.5E-07
v -0.33127862 4.80315661 -0.06589588
v -0.34012526 4.81480932 -0.06765559
v -0.32039094 4.81480932 -0.13271062
v -0.31205755 4.80315661 -0.12925881
v -0.33127862 4.80315661 -0.06589588
v -0.28834397 4.81480932 -0.19266616
v -0.28084412 4.80315661 -0.18765491
v -0.24521634 4.81480932 -0.24521713
v -0.23883826 4.80315661 -0.23883903
v -0.19266516 4.81480932 -0.28834471
v -0.18765393 4.80315661 -0.28084487
v -0.13270973 4.81480932 -0.32039142
v -0.12925795 4.80315661 -0.31205803
v -0.06765451 4.81480932 -0.34012559
v -0.0658948 4.80315661 -0.33127886
v -7E-08 4.81480932 -0.34678894
v -6E-08 4.80315661 -0.33776897
v -0.25959218 6.09510899 -0.10752507
v -0.27558148 6.09510899 -0.05481573
v -0.33484966 6.35055876 -0.06660478
v -0.31542158 6.35055876 -0.1306501
v -1.66928029 5.47710705 -1.1153816
v -1.41960621 5.47710705 -1.41960943
v -1.48780572 5.50237679 -1.48780906
v -1.74947453 5.50237679 -1.16896582
v 0.39166889 5.47710705 1.96905327
v 0.41048506 5.50237679 2.0636487
v -0.39166531 5.47710705 -1.96905351
v -5.7E-07 5.47710681 -2.00762892
v -5.7E-07 5.50237679 -2.10407782
v -0.41048142 5.50237679 -2.06364894
v -1.11537695 5.47710705 -1.66928363
v -1.16896081 5.50237679 -1.74947774
v -4.9E-07 5.47710681 2.00762939
v -5.2E-07 5.50237679 2.10407829
v 0.76828611 5.47710705 -1.85480726
v 1.1153791 5.47710705 -1.66928244
v 1.16896307 5.50237679 -1.74947655
v 0.80519545 5.50237679 -1.94391429
v -0.76828295 5.47710705 -1.85480857
v -0.80519211 5.50237679 -1.94391561
v -0.39166957 5.47710705 1.96905303
v -0.4104858 5.50237679 2.0636487
v 1.41960788 5.47710705 -1.41960788
v 1.48780751 5.50237679 -1.48780739
v -0.76828671 5.47710705 1.85480773
v -0.80519605 5.50237679 1.94391477
v 1.66928267 5.47710705 -1.11537862
v 1.74947691 5.50237679 -1.16896272
v -1.11538029 5.47710705 1.66928196
v -1.16896427 5.50237679 1.74947608
v 1.85480726 5.47710705 -0.76828545
v 1.94391429 5.50237679 -0.8051948
v 0.39166874 5.47710729 -1.96905303
v 0.41048497 5.50237679 -2.0636487
v -1.41960895 5.47710705 1.419608
v -1.48780859 5.50237679 1.48780763
v 1.96905327 5.47710705 -0.39166796
v 2.06364894 5.50237679 -0.41048422
v -1.66928399 5.47710705 1.1153779
v -1.74947822 5.50237679 1.16896188
v 2.00762916 5.47710705 8.4E-07
v 2.10407805 5.50237679 8.5E-07
v -1.85480833 5.47710705 0.76828575
v -1.94391537 5.50237679 0.80519497
v 1.96905327 5.47710705 0.39166903
v 2.0636487 5.50237679 0.41048524
v -1.96905351 5.47710705 0.39166769
v -2.06364894 5.50237679 0.41048381
v 1.85480797 5.47710705 0.76828605
v 1.94391501 5.50237679 0.80519533
v -2.00762939 5.47710681 -1.55E-06
v -2.10407829 5.50237679 -1.63E-06
v 1.66928267 5.47710705 1.11537969
v 1.74947691 5.50237679 1.16896379
v -1.96905291 5.47710705 -0.39167041
v -2.06364846 5.50237679 -0.41048676
v 1.41960824 5.47710705 1.41960895
v 1.48780775 5.50237679 1.48780847
v -1.8548069 5.47710705 -0.76828682
v -1.94391382 5.50237679 -0.80519629
v -1.75697374 5.25876665 -0.34948528
v -1.65503275 5.25876665 -0.68553782
v 1.48949063 5.25876665 0.99524629
v 1.26670754 5.25876665 1.26670825
v -1.79139543 5.25876665 -1.43E-06
v 1.65503359 5.25876665 0.68553686
v -1.75697434 5.25876665 0.3494826
v 1.7569741 5.25876665 0.34948382
v -1.65503418 5.25876665 0.68553638
v 1.79139507 5.25876665 6.6E-07
v -1.4894917 5.25876665 0.99524474
v 1.7569741 5.25876665 -0.34948307
v -1.26670837 5.25876665 1.26670754
v 1.65503299 5.25876665 -0.6855365
v -0.99524683 5.25876665 1.48948991
v 1.48949063 5.25876665 -0.99524558
v -0.68553746 5.25876665 1.65503347
v -0.34948072 5.25876665 -1.75697434
v -5E-07 5.25876665 -1.79139507
v 1.26670742 5.25876665 -1.26670742
v -0.34948435 5.25876665 1.75697386
v -0.68553418 5.25876665 -1.65503418
v 0.99524587 5.25876665 -1.48949039
v -4.8E-07 5.25876665 1.79139531
v -0.99524403 5.25876665 -1.48949146
v 0.68553698 5.25876665 -1.65503311
v 0.34948364 5.25876665 1.7569741
v -1.26670575 5.25876665 -1.26670885
v 0.34948364 5.25876665 -1.75697386
v 0.6855365 5.25876665 1.65503407
v -1.48948872 5.25876665 -0.9952482
v 0.99524564 5.25876665 1.48949099
v -5.6E-07 5.44439983 -2.11969304
v 0.41353136 5.44439983 -2.07896376
v 0.81117111 5.44439983 -1.95834088
v 1.17763853 5.44439983 -1.76246011
v 1.49884915 5.44439983 -1.49884903
v 1.76246047 5.44439983 -1.17763805
v 1.95834088 5.44439983 -0.81117052
v 2.07896399 5.44439983 -0.41353068
v 2.11969328 5.44439983 8.2E-07
v 2.07896399 5.44439983 0.4135316
v 1.95834148 5.44439983 0.811171
v 1.76246047 5.44439983 1.17763901
v 1.49884939 5.44439983 1.49885011
v 1.17763829 5.44439983 1.76246095
v 0.81117058 5.44439983 1.95834196
v 0.41353139 5.44439983 2.07896399
v -5.4E-07 5.44439983 2.11969352
v -0.4135322 5.44439983 2.07896376
v -0.81117177 5.44439983 1.95834136
v -1.1776396 5.44439983 1.76245975
v -1.49885023 5.44439983 1.49884927
v -1.76246178 5.44439983 1.17763722
v -1.95834208 5.44439983 0.81117058
v -2.07896423 5.44439983 0.41353014
v -2.11969352 5.44439983 -1.66E-06
v -2.07896352 5.44439983 -0.41353324
v -1.95834041 5.44439983 -0.81117207
v -1.76245809 5.44439983 -1.17764115
v -1.49884725 5.44439983 -1.4988507
v -1.17763627 5.44439983 -1.76246142
v -0.81116784 5.44439983 -1.95834219
v -0.41352788 5.44439983 -2.07896423
v 0.41867232 5.49818873 -2.10480928
v -5.7E-07 5.49818873 -2.14604497
v -5.7E-07 5.49818873 -2.14604497
v 0.41867232 5.49818873 -2.10480928
v 0.41978738 5.47685099 -2.11041498
v -5.7E-07 5.47685099 -2.15176058
v -5.7E-07 5.47685099 -2.15176058
v 0.41978738 5.47685099 -2.11041498
v 0.82125545 5.49818873 -1.98268652
v 0.82125545 5.49818873 -1.98268652
v 0.8234427 5.47685099 -1.98796701
v 0.8234427 5.47685099 -1.98796701
v 1.19227862 5.49818873 -1.78437078
v 1.19227862 5.49818873 -1.78437078
v 1.19545412 5.47685099 -1.78912306
v 1.17763853 5.44439983 -1.76246011
v 0.81117111 5.44439983 -1.95834088
v 1.51748252 5.49818873 -1.5174824
v 1.51748252 5.49818873 -1.5174824
v 1.52152407 5.47685099 -1.52152395
v 1.49884915 5.44439983 -1.49884903
v 1.78437114 5.49818873 -1.19227827
v 1.78437114 5.49818873 -1.19227827
v 1.78912342 5.47685099 -1.19545364
v 1.76246047 5.44439983 -1.17763805
v 1.98268652 5.49818873 -0.82125479
v 1.98268652 5.49818873 -0.82125479
v 1.98796701 5.47685099 -0.82344204
v 1.78912342 5.47685099 -1.19545364
v 1.98796701 5.47685099 -0.82344204
v 2.10480928 5.49818873 -0.41867158
v 2.10480928 5.49818873 -0.41867158
v 2.11041498 5.47685099 -0.41978666
v 2.11041498 5.47685099 -0.41978666
v 2.14604473 5.49818873 8.5E-07
v 2.10480928 5.49818873 -0.41867158
v 2.14604473 5.49818873 8.5E-07
v 2.15176034 5.47685099 8.4E-07
v 2.11041498 5.47685099 -0.41978666
v 2.15176034 5.47685099 8.4E-07
v 2.10480928 5.49818873 0.41867256
v 2.10480928 5.49818873 0.41867256
v 2.11041498 5.47685099 0.41978759
v 2.11041498 5.47685099 0.41978759
v 1.98268747 5.49818873 0.82125539
v 1.98268747 5.49818873 0.82125539
v 1.98796785 5.47685099 0.82344264
v 1.98796785 5.47685099 0.82344264
v 1.78437126 5.49818873 1.19227934
v 1.78437126 5.49818873 1.19227934
v 1.78912354 5.47685099 1.19545472
v 1.78912354 5.47685099 1.19545472
v 1.51748276 5.49818873 1.51748359
v 1.51748276 5.49818873 1.51748359
v 1.52152431 5.47685099 1.52152514
v 1.52152431 5.47685099 1.52152514
v 1.1922785 5.49818873 1.78437161
v 1.1922785 5.49818873 1.78437161
v 1.19545388 5.47685099 1.78912401
v 1.19545388 5.47685099 1.78912401
v 0.82125503 5.49818873 1.98268795
v 0.82125503 5.49818873 1.98268795
v 0.82344222 5.47685099 1.98796844
v 0.82344222 5.47685099 1.98796844
v 0.41867232 5.49818873 2.10480928
v 0.41867232 5.49818873 2.10480928
v 0.41978735 5.47685099 2.11041498
v 0.41978735 5.47685099 2.11041498
v -5.4E-07 5.49818873 2.14604545
v -5.4E-07 5.49818873 2.14604545
v -5.4E-07 5.47685099 2.15176105
v -5.4E-07 5.47685099 2.15176105
v -0.41867316 5.49818873 2.10480928
v -5.4E-07 5.49818873 2.14604545
v -0.41867316 5.49818873 2.10480928
v -0.41978821 5.47685099 2.11041498
v -5.4E-07 5.47685099 2.15176105
v -0.41978821 5.47685099 2.11041498
v -0.82125604 5.49818873 1.982687
v -0.82125604 5.49818873 1.982687
v -0.82344329 5.47685099 1.98796749
v -0.82344329 5.47685099 1.98796749
v -1.19227982 5.49818873 1.7843703
v -1.19227982 5.49818873 1.7843703
v -1.19545519 5.47685099 1.78912258
v -1.19545519 5.47685099 1.78912258
v -1.51748371 5.49818873 1.51748276
v -1.51748371 5.49818873 1.51748276
v -1.52152526 5.47685099 1.52152419
v -1.52152526 5.47685099 1.52152419
v -1.78437245 5.49818873 1.19227743
v -1.78437245 5.49818873 1.19227743
v -1.78912473 5.47685099 1.19545281
v -1.78912473 5.47685099 1.19545281
v -1.98268783 5.49818873 0.82125497
v -1.98268783 5.49818873 0.82125497
v -1.98796833 5.47685099 0.82344222
v -1.98796833 5.47685099 0.82344222
v -2.10480976 5.49818873 0.41867113
v -2.10480976 5.49818873 0.41867113
v -2.11041546 5.47685099 0.41978619
v -2.11041546 5.47685099 0.41978619
v -2.14604545 5.49818873 -1.67E-06
v -2.14604545 5.49818873 -1.67E-06
v -2.15176105 5.47685099 -1.68E-06
v -2.15176105 5.47685099 -1.68E-06
v -2.10480881 5.49818873 -0.41867417
v -2.10480881 5.49818873 -0.41867417
v -2.11041451 5.47685099 -0.41978925
v -2.11041451 5.47685099 -0.41978925
v -1.98268604 5.49818873 -0.82125634
v -2.10480881 5.49818873 -0.41867417
v -1.98268604 5.49818873 -0.82125634
v -1.98796654 5.47685099 -0.82344365
v -2.11041451 5.47685099 -0.41978925
v -1.98796654 5.47685099 -0.82344365
v -1.78436875 5.49818873 -1.19228137
v -1.78436875 5.49818873 -1.19228137
v -1.78912103 5.47685099 -1.19545674
v -1.78912103 5.47685099 -1.19545674
v -1.51748073 5.49818873 -1.51748419
v -1.51748073 5.49818873 -1.51748419
v -1.52152216 5.47685099 -1.52152562
v -1.52152216 5.47685099 -1.52152562
v -1.19227636 5.49818873 -1.78437209
v -1.19227636 5.49818873 -1.78437209
v -1.19545186 5.47685099 -1.78912437
v -1.19545186 5.47685099 -1.78912437
v -0.82125217 5.49818873 -1.98268819
v -0.82125217 5.49818873 -1.98268819
v -0.82343942 5.47685099 -1.98796868
v -0.82343942 5.47685099 -1.98796868
v -0.41866878 5.49818873 -2.10480976
v -0.41866878 5.49818873 -2.10480976
v -0.41978386 5.47685099 -2.11041546
v -0.41978386 5.47685099 -2.11041546
v -5.7E-07 5.49818873 -2.14604497
v -5.7E-07 5.47685099 -2.15176058
v -6.1E-07 5.27529502 -1.07434952
v 0.20959496 5.27529502 -1.05370617
v 0.41113567 5.27529502 -0.99256957
v 0.59687674 5.27529502 -0.89328909
v 0.75967968 5.27529502 -0.75967985
v 0.89328891 5.27529502 -0.59687656
v 0.99256957 5.27529502 -0.41113514
v 1.05370665 5.27529502 -0.20959397
v 1.07434988 5.27529502 7.8E-07
v 1.05370653 5.27529502 0.20959558
v 0.99257016 5.27529502 0.41113588
v 0.89328915 5.27529502 0.59687757
v 0.75968033 5.27529502 0.75968051
v 0.59687692 5.27529502 0.89328969
v 0.41113564 5.27529502 0.9925704
v 0.20959562 5.27529502 1.05370641
v -1.8E-07 5.27529502 1.07435
v -0.20959572 5.27529502 1.05370641
v -0.41113606 5.27529502 0.99257004
v -0.59687781 5.27529502 0.89328885
v -0.75968069 5.27529502 0.75967985
v -0.89329028 5.27529502 0.59687603
v -0.99257028 5.27529502 0.41113618
v -1.05370688 5.27529502 0.20959489
v -1.07435 5.27529502 -8E-07
v -1.05370641 5.27529502 -0.20959532
v -0.99256974 5.27529502 -0.41113502
v -0.8932876 5.27529502 -0.59687829
v -0.75967878 5.27529502 -0.75968069
v -0.59687555 5.27529502 -0.89328969
v -0.41113389 5.27529502 -0.9925704
v -0.20959263 5.27529502 -1.05370665
v -8.2E-07 5.13941574 -0.34140939
v 0.06660563 5.13941574 -0.33484918
v 0.1306521 5.13941574 -0.31542104
v 0.18967685 5.13941574 -0.28387159
v 0.24141252 5.13941574 -0.24141324
v 0.28387117 5.13941574 -0.189677
v 0.31542122 5.13941574 -0.13065106
v 0.33484966 5.13941574 -0.06660411
v 0.34140974 5.13941574 5.8E-07
v 0.33484966 5.13941574 0.06660631
v 0.31542152 5.13941574 0.13065213
v 0.28387159 5.13941574 0.18967795
v 0.24141335 5.13941574 0.24141353
v 0.18967742 5.13941574 0.28387207
v 0.13065237 5.13941574 0.31542146
v 0.06660657 5.13941574 0.33484954
v -1.4E-07 5.13941574 0.34140986
v -0.06660618 5.13941574 0.33484954
v -0.1306521 5.13941574 0.31542146
v -0.18967775 5.13941574 0.28387171
v -0.24141359 5.13941574 0.24141312
v -0.28387284 5.13941574 0.1896764
v -0.31542164 5.13941574 0.13065255
v -0.33484983 5.13941574 0.06660625
v -0.34140986 5.13941574 2.2E-07
v -0.33484966 5.13941574 -0.06660478
v -0.31542158 5.13941574 -0.1306501
v -0.2838707 5.13941574 -0.18967783
v -0.24141228 5.13941574 -0.2414133
v -0.18967631 5.13941574 -0.28387183
v -0.13065112 5.13941574 -0.3154214
v -0.06660436 5.13941574 -0.33484948
v -0.29189318 4.70748544 -0.12090646
v -0.26269671 4.70748544 -0.17552915
v 0.17552857 4.70748544 0.26269698
v 0.12090608 4.70748544 0.29189327
v -5E-08 4.70748544 -0.31594321
v 0.06163743 4.70748544 -0.30987248
v -0.22340514 4.70748544 -0.22340588
v 0.06163743 4.70748544 0.30987218
v 0.12090615 4.70748544 -0.29189345
v -0.1755282 4.70748544 -0.2626974
v -5E-08 4.70748544 0.31594294
v 0.1755286 4.70748544 -0.26269722
v -0.12090562 4.70748544 -0.29189369
v -5E-08 4.70748544 0.31594294
v -0.0616375 4.70748544 0.30987215
v 0.22340548 4.70748544 -0.22340563
v -0.06163686 4.70748544 -0.30987254
v -0.1209062 4.70748544 0.29189321
v 0.2626971 4.70748544 -0.17552872
v -5E-08 4.70748544 -0.31594321
v -0.17552873 4.70748544 0.2626968
v 0.29189333 4.70748544 -0.12090621
v -0.22340558 4.70748544 0.22340529
v 0.30987236 4.70748544 -0.06163749
v -0.26269725 4.70748544 0.17552821
v 0.29139036 4.62993026 -8E-08
v 0.31594309 4.70748544 -7E-08
v -0.29189345 4.70748544 0.12090588
v 0.31594309 4.70748544 -7E-08
v 0.30987236 4.70748544 0.06163724
v -0.30987236 4.70748544 0.06163703
v 0.29189345 4.70748544 0.12090594
v -0.31594309 4.70748544 -4.4E-07
v 0.2626971 4.70748544 0.17552848
v -0.30987224 4.70748544 -0.06163787
v 0.22340551 4.70748544 0.22340541
v -0.30987224 4.70748544 -0.06163787
v 0.15610465 6.09510899 0.23362696
v 0.19868335 6.09510899 0.19868356
v 0.24141335 6.35055876 0.24141353
v 0.18967742 6.35055876 0.28387207
v -0.23362577 6.09510899 -0.15610494
v -0.2838707 6.35055876 -0.18967783
v 0.10752699 6.09510899 0.25959212
v 0.13065237 6.35055876 0.31542146
v 0.05481648 6.09510899 -0.27558103
v -6.7E-07 6.09510899 -0.28098011
v -8.2E-07 6.35055876 -0.34140939
v 0.06660563 6.35055876 -0.33484918
v -0.19868246 6.09510899 -0.19868325
v -0.24141228 6.35055876 -0.2414133
v 0.05481725 6.09510899 0.27558145
v 0.06660657 6.35055876 0.33484954
v 0.10752676 6.09510899 -0.25959167
v 0.1306521 6.35055876 -0.31542104
v -0.15610373 6.09510899 -0.23362665
v -0.18967631 6.35055876 -0.28387183
v -1.1E-07 6.09510899 0.28098059
v -1.4E-07 6.35055876 0.34140986
v 0.15610418 6.09510899 -0.23362646
v 0.18967685 6.35055876 -0.28387159
v -0.10752596 6.09510899 -0.25959197
v -0.13065112 6.35055876 -0.3154214
v -0.05481692 6.09510899 0.27558145
v -1.1E-07 6.09510899 0.28098059
v -1.4E-07 6.35055876 0.34140986
v -0.06660618 6.35055876 0.33484954
v 0.19868267 6.09510899 -0.1986832
v 0.24141252 6.35055876 -0.24141324
v -0.05481543 6.09510899 -0.2755813
v -0.06660436 6.35055876 -0.33484948
v -0.10752676 6.09510899 0.25959212
v -0.1306521 6.35055876 0.31542146
v 0.23362616 6.09510899 -0.15610425
v 0.28387117 6.35055876 -0.189677
v -6.7E-07 6.09510899 -0.28098011
v -8.2E-07 6.35055876 -0.34140939
v -0.15610492 6.09510899 0.23362666
v -0.18967775 6.35055876 0.28387171
v 0.25959188 6.09510899 -0.10752586
v 0.31542122 6.35055876 -0.13065106
v -0.19868356 6.09510899 0.1986832
v -0.24141359 6.35055876 0.24141312
v 0.27558151 6.09510899 -0.05481518
v 0.33484966 6.35055876 -0.06660411
v -0.23362753 6.09510899 0.15610386
v -0.28387284 6.35055876 0.1896764
v 0.28098044 6.09510899 5.3E-07
v 0.34140974 6.35055876 5.8E-07
v -0.25959221 6.09510899 0.10752719
v -0.31542164 6.35055876 0.13065255
v 0.27558151 6.09510899 0.05481709
v 0.28098044 6.09510899 5.3E-07
v 0.34140974 6.35055876 5.8E-07
v 0.33484966 6.35055876 0.06660631
v -0.27558163 6.09510899 0.05481704
v -0.33484983 6.35055876 0.06660625
v 0.25959212 6.09510899 0.10752685
v 0.31542152 6.35055876 0.13065213
v -0.28098053 6.09510899 2.4E-07
v -0.34140986 6.35055876 2.2E-07
v 0.23362651 6.09510899 0.15610513
v 0.28387159 6.35055876 0.18967795
v -0.27558148 6.09510899 -0.05481573
v -0.33484966 6.35055876 -0.06660478
v 0.24141335 5.13941574 0.24141353
v 0.28387159 5.13941574 0.18967795
v 0.28387159 5.34127283 0.18967795
v 0.24141335 5.34127283 0.24141353
v 0.23362651 5.59672308 0.15610513
v 0.19868335 5.59672284 0.19868356
v 0.28387159 5.74498749 0.18967795
v 0.24141335 5.74498701 0.24141353
v 0.25238568 5.84591579 0.25238585
v 0.29677364 5.84591579 0.19829887
v 0.28387159 5.94684458 0.18967795
v 0.24141335 5.9468441 0.24141353
v -0.33484966 5.13941574 -0.06660478
v -0.34140986 5.13941574 2.2E-07
v -0.34140986 5.34127283 2.2E-07
v -0.33484966 5.34127283 -0.06660478
v -0.28098053 5.59672308 2.4E-07
v -0.27558148 5.59672284 -0.05481573
v -0.34140986 5.74498749 2.2E-07
v -0.33484966 5.74498701 -0.06660478
v -0.35006869 5.84591579 -0.069632
v -0.35692707 5.84591579 2.2E-07
v -0.34140986 5.94684458 2.2E-07
v -0.33484966 5.9468441 -0.06660478
v 0.31542152 5.13941574 0.13065213
v 0.31542152 5.34127283 0.13065213
v 0.25959212 5.59672308 0.10752685
v 0.31542152 5.74498749 0.13065213
v 0.32975754 5.84591579 0.1365903
v 0.31542152 5.94684458 0.13065213
v -0.33484983 5.13941574 0.06660625
v -0.33484983 5.34127283 0.06660625
v -0.27558163 5.59672308 0.05481704
v -0.33484983 5.74498749 0.06660625
v -0.35006887 5.84591579 0.06963351
v -0.33484983 5.94684458 0.06660625
v 0.33484966 5.13941574 0.06660631
v 0.33484966 5.34127283 0.06660631
v 0.27558151 5.59672308 0.05481709
v 0.33484966 5.74498749 0.06660631
v 0.35006869 5.84591579 0.06963358
v 0.33484966 5.94684458 0.06660631
v -0.31542164 5.13941574 0.13065255
v -0.31542164 5.34127283 0.13065255
v -0.25959221 5.59672308 0.10752719
v -0.31542164 5.74498749 0.13065255
v -0.32975766 5.84591579 0.13659073
v -0.31542164 5.94684458 0.13065255
v 0.34140974 5.13941574 5.8E-07
v 0.34140974 5.34127283 5.8E-07
v 0.28098044 5.59672308 5.3E-07
v 0.34140974 5.74498749 5.8E-07
v 0.35692692 5.84591579 5.9E-07
v 0.34140974 5.94684458 5.8E-07
v -0.28387284 5.13941574 0.1896764
v -0.28387284 5.34127283 0.1896764
v -0.23362753 5.59672308 0.15610386
v -0.28387284 5.74498749 0.1896764
v -0.29677495 5.84591579 0.19829725
v -0.28387284 5.94684458 0.1896764
v 0.34140974 5.13941574 5.8E-07
v 0.33484966 5.13941574 -0.06660411
v 0.33484966 5.34127283 -0.06660411
v 0.34140974 5.34127283 5.8E-07
v 0.33484966 5.34127283 -0.06660411
v 0.27558151 5.59672308 -0.05481518
v 0.28098044 5.59672308 5.3E-07
v 0.27558151 5.59672308 -0.05481518
v 0.33484966 5.74498749 -0.06660411
v 0.34140974 5.74498749 5.8E-07
v 0.35006869 5.84591579 -0.0696313
v 0.33484966 5.94684458 -0.06660411
v 0.27558151 6.09510899 -0.05481518
v -0.24141359 5.13941574 0.24141312
v -0.24141359 5.34127283 0.24141312
v -0.19868356 5.59672308 0.1986832
v -0.24141359 5.74498749 0.24141312
v -0.25238591 5.84591579 0.25238541
v -0.24141359 5.94684458 0.24141312
v 0.31542122 5.13941574 -0.13065106
v 0.31542122 5.34127283 -0.13065106
v 0.25959188 5.59672308 -0.10752586
v 0.31542122 5.74498749 -0.13065106
v 0.35006869 5.84591579 -0.0696313
v 0.32975721 5.84591579 -0.1365892
v 0.31542122 5.94684458 -0.13065106
v 0.33484966 5.94684458 -0.06660411
v -0.18967775 5.13941574 0.28387171
v -0.18967775 5.34127283 0.28387171
v -0.15610492 5.59672308 0.23362666
v -0.18967775 5.74498749 0.28387171
v -0.19829866 5.84591579 0.29677376
v -0.18967775 5.94684458 0.28387171
v 0.28387117 5.13941574 -0.189677
v 0.28387117 5.34127283 -0.189677
v 0.23362616 5.59672308 -0.15610425
v 0.28387117 5.74498749 -0.189677
v 0.29677323 5.84591579 -0.1982979
v 0.28387117 5.94684458 -0.189677
v -0.1306521 5.13941574 0.31542146
v -0.1306521 5.34127283 0.31542146
v -0.10752676 5.59672308 0.25959212
v -0.1306521 5.74498749 0.31542146
v -0.13659029 5.84591579 0.32975745
v -0.1306521 5.94684458 0.31542146
v -8.2E-07 5.13941574 -0.34140939
v -0.06660436 5.13941574 -0.33484948
v -0.06660436 5.34127283 -0.33484948
v -8.2E-07 5.34127283 -0.34140939
v -0.05481543 5.59672308 -0.2755813
v -6.7E-07 5.59672284 -0.28098011
v -0.06660436 5.74498749 -0.33484948
v -8.2E-07 5.74498701 -0.34140939
v -8.6E-07 5.84591579 -0.35692656
v -0.06963155 5.84591579 -0.35006851
v -0.06660436 5.94684458 -0.33484948
v -8.2E-07 5.9468441 -0.34140939
v 0.24141252 5.13941574 -0.24141324
v 0.24141252 5.34127283 -0.24141324
v 0.19868267 5.59672308 -0.1986832
v 0.24141252 5.74498749 -0.24141324
v 0.25238481 5.84591579 -0.25238556
v 0.24141252 5.94684458 -0.24141324
v -0.06660618 5.13941574 0.33484954
v -0.06660618 5.34127283 0.33484954
v -0.05481692 5.59672308 0.27558145
v -0.06660618 5.74498749 0.33484954
v -0.06963345 5.84591579 0.35006854
v -0.06660618 5.94684458 0.33484954
v -0.13065112 5.13941574 -0.3154214
v -0.13065112 5.34127283 -0.3154214
v -0.10752596 5.59672308 -0.25959197
v -0.13065112 5.74498749 -0.3154214
v -0.13658926 5.84591579 -0.32975742
v -0.13065112 5.94684458 -0.3154214
v 0.18967685 5.13941574 -0.28387159
v 0.18967685 5.34127283 -0.28387159
v 0.15610418 5.59672308 -0.23362646
v 0.18967685 5.74498749 -0.28387159
v 0.19829772 5.84591579 -0.29677367
v 0.18967685 5.94684458 -0.28387159
v -1.4E-07 5.13941574 0.34140986
v -1.4E-07 5.34127283 0.34140986
v -1.1E-07 5.59672308 0.28098059
v -1.4E-07 5.74498749 0.34140986
v -1.4E-07 5.84591579 0.35692704
v -1.4E-07 5.94684458 0.34140986
v -0.18967631 5.13941574 -0.28387183
v -0.18967631 5.34127283 -0.28387183
v -0.15610373 5.59672308 -0.23362665
v -0.18967631 5.74498749 -0.28387183
v -0.19829717 5.84591579 -0.29677391
v -0.18967631 5.94684458 -0.28387183
v 0.1306521 5.13941574 -0.31542104
v 0.1306521 5.34127283 -0.31542104
v 0.10752676 5.59672308 -0.25959167
v 0.1306521 5.74498749 -0.31542104
v 0.13659029 5.84591579 -0.32975703
v 0.1306521 5.94684458 -0.31542104
v -1.4E-07 5.13941574 0.34140986
v 0.06660657 5.13941574 0.33484954
v 0.06660657 5.34127283 0.33484954
v -1.4E-07 5.34127283 0.34140986
v 0.05481725 5.59672308 0.27558145
v -1.1E-07 5.59672308 0.28098059
v 0.06660657 5.74498749 0.33484954
v -1.4E-07 5.74498749 0.34140986
v -1.4E-07 5.84591579 0.35692704
v 0.06963386 5.84591579 0.35006854
v 0.06660657 5.94684458 0.33484954
v -1.4E-07 5.94684458 0.34140986
v -0.24141228 5.13941574 -0.2414133
v -0.24141228 5.34127283 -0.2414133
v -0.19868246 5.59672308 -0.19868325
v -0.24141228 5.74498749 -0.2414133
v -0.25238454 5.84591579 -0.25238562
v -0.24141228 5.94684458 -0.2414133
v 0.06660563 5.13941574 -0.33484918
v 0.06660563 5.34127283 -0.33484918
v 0.05481648 5.59672308 -0.27558103
v 0.06660563 5.74498749 -0.33484918
v 0.06963287 5.84591579 -0.35006821
v 0.06660563 5.94684458 -0.33484918
v 0.13065237 5.13941574 0.31542146
v 0.13065237 5.34127283 0.31542146
v 0.10752699 5.59672308 0.25959212
v 0.13065237 5.74498749 0.31542146
v 0.13659056 5.84591579 0.32975745
v 0.13065237 5.94684458 0.31542146
v -0.2838707 5.13941574 -0.18967783
v -0.2838707 5.34127283 -0.18967783
v -0.23362577 5.59672308 -0.15610494
v -0.2838707 5.74498749 -0.18967783
v -0.29677272 5.84591579 -0.19829877
v -0.2838707 5.94684458 -0.18967783
v -8.2E-07 5.13941574 -0.34140939
v -8.2E-07 5.34127283 -0.34140939
v -6.7E-07 5.59672284 -0.28098011
v -8.2E-07 5.74498701 -0.34140939
v -8.6E-07 5.84591579 -0.35692656
v -8.2E-07 5.9468441 -0.34140939
v 0.18967742 5.13941574 0.28387207
v 0.18967742 5.34127283 0.28387207
v 0.15610465 5.59672308 0.23362696
v 0.18967742 5.74498749 0.28387207
v 0.19829832 5.84591579 0.29677412
v 0.18967742 5.94684458 0.28387207
v -0.31542158 5.13941574 -0.1306501
v -0.31542158 5.34127283 -0.1306501
v -0.25959218 5.59672308 -0.10752507
v -0.31542158 5.74498749 -0.1306501
v -0.3297576 5.84591579 -0.1365882
v -0.31542158 5.94684458 -0.1306501
v -0.33484966 5.13941574 -0.06660478
v -0.33484966 5.34127283 -0.06660478
v -0.27558148 5.59672284 -0.05481573
v -0.33484966 5.74498701 -0.06660478
v -0.35006869 5.84591579 -0.069632
v -0.33484966 5.9468441 -0.06660478
v 0.35692692 5.84591579 5.9E-07
v -2.42E-06 6.649014 -0.88337862
v 0.17233846 6.649014 -0.86640441
v 0.18761641 6.649014 -0.94321215
v -2.41E-06 6.649014 -0.96169108
v -0.33484983 6.35055876 0.06660625
v -0.31542164 6.35055876 0.13065255
v -0.89007306 6.58852959 0.36868155
v -0.94489652 6.58852959 0.18795243
v -0.08599715 6.92730808 0.08599617
v -0.06756825 6.92730808 0.10112038
v -0.09962237 7.02140331 0.1490913
v -0.12679389 7.02140331 0.12679222
v 0.31542152 6.35055876 0.13065213
v 0.33484966 6.35055876 0.06660631
v 0.94489598 6.58852959 0.18795259
v 0.8900727 6.58852959 0.36868036
v -0.34140986 6.35055876 2.2E-07
v -0.96340793 6.58852959 1E-07
v 0.28387159 6.35055876 0.18967795
v 0.80104345 6.58852959 0.5352425
v -0.33484966 6.35055876 -0.06660478
v -0.94489598 6.58852959 -0.18794931
v 0.24141335 6.35055876 0.24141353
v 0.68123257 6.58852959 0.68123257
v -0.31542158 6.35055876 -0.1306501
v -0.89007288 6.58852959 -0.36867571
v 0.18967742 6.35055876 0.28387207
v 0.53524148 6.58852959 0.80104423
v -0.2838707 6.35055876 -0.18967783
v -0.80104089 6.58852959 -0.53524321
v 0.13065237 6.35055876 0.31542146
v 0.36868155 6.58852959 0.89007193
v 0.06660563 6.35055876 -0.33484918
v -8.2E-07 6.35055876 -0.34140939
v -2.35E-06 6.58852959 -0.9634071
v 0.18795116 6.58852959 -0.94489515
v -0.24141228 6.35055876 -0.2414133
v -0.68122965 6.58852959 -0.68123299
v 0.06660657 6.35055876 0.33484954
v 0.18795381 6.58852959 0.94489515
v 0.1306521 6.35055876 -0.31542104
v 0.36868078 6.58852959 -0.89007187
v -0.18967631 6.35055876 -0.28387183
v -0.53523844 6.58852959 -0.8010447
v -1.4E-07 6.35055876 0.34140986
v -4.1E-07 6.58852959 0.96340734
v 0.18967685 6.35055876 -0.28387159
v 0.53523982 6.58852959 -0.80104399
v -0.13065112 6.35055876 -0.3154214
v -0.36867806 6.58852959 -0.89007282
v -0.06660618 6.35055876 0.33484954
v -0.18795277 6.58852959 0.94489515
v 0.24141252 6.35055876 -0.24141324
v 0.68123025 6.58852959 -0.68123281
v -0.06660436 6.35055876 -0.33484948
v -0.18794763 6.58852959 -0.94489604
v -0.1306521 6.35055876 0.31542146
v -0.36868086 6.58852959 0.89007193
v 0.28387117 6.35055876 -0.189677
v 0.80104232 6.58852959 -0.53524089
v -0.18967775 6.35055876 0.28387171
v -0.53524244 6.58852959 0.80104327
v 0.31542122 6.35055876 -0.13065106
v 0.89007181 6.58852959 -0.36867842
v -0.24141359 6.35055876 0.24141312
v -0.68123335 6.58852959 0.68123138
v 0.33484966 6.35055876 -0.06660411
v 0.94489598 6.58852959 -0.18794742
v -0.28387284 6.35055876 0.1896764
v -0.80104703 6.58852959 0.53523809
v 0.34140974 6.35055876 5.8E-07
v 0.96340758 6.58852959 1.11E-06
v -0.17233495 6.649014 -0.86640531
v -0.18761282 6.649014 -0.94321299
v 0.33805528 6.649014 -0.81613517
v 0.49077836 6.649014 -0.73450279
v 0.53428644 6.649014 -0.79961717
v 0.36802411 6.649014 -0.8884865
v 0.62464142 6.649014 -0.62464428
v 0.68001676 6.649014 -0.6800195
v 0.734501 6.649014 -0.49077955
v 0.79961544 6.649014 -0.53428757
v 0.81613511 6.649014 -0.33805281
v 0.88848644 6.649014 -0.3680217
v 0.86640525 6.649014 -0.17233446
v 0.94321299 6.649014 -0.18761253
v 0.8833791 6.649014 1.21E-06
v 0.96169156 6.649014 1.15E-06
v 0.86640525 6.649014 0.17233981
v 0.94321299 6.649014 0.18761784
v 0.816136 6.649014 0.33805478
v 0.88848734 6.649014 0.36802366
v 0.7345022 6.649014 0.4907811
v 0.79961663 6.649014 0.53428918
v 0.62464392 6.649014 0.62464386
v 0.6800192 6.649014 0.68001914
v 0.49078014 6.649014 0.73450291
v 0.53428817 6.649014 0.79961741
v 0.33805609 6.649014 0.81613523
v 0.36802492 6.649014 0.8884865
v 0.17234099 6.649014 0.86640435
v 0.18761908 6.649014 0.94321209
v -3.7E-07 6.649014 0.88337886
v -4.1E-07 6.649014 0.96169132
v -0.1723399 6.649014 0.86640441
v -0.18761799 6.649014 0.94321209
v -0.33805543 6.649014 0.81613523
v -0.36802423 6.649014 0.8884865
v -0.49078107 6.649014 0.73450196
v -0.53428912 6.649014 0.7996164
v -0.62464464 6.649014 0.62464273
v -0.68001997 6.649014 0.68001801
v -0.73450583 6.649014 0.49077666
v -0.79962027 6.649014 0.53428471
v -0.81613636 6.649014 0.33805609
v -0.8884877 6.649014 0.36802492
v -0.86640573 6.649014 0.17233975
v -0.94321346 6.649014 0.18761769
v -0.88337946 6.649014 3.1E-07
v -0.96169192 6.649014 1.5E-07
v -0.86640531 6.649014 -0.17233625
v -0.94321299 6.649014 -0.18761443
v -0.81613624 6.649014 -0.33805001
v -0.88848752 6.649014 -0.36801893
v -0.73449957 6.649014 -0.49078178
v -0.79961401 6.649014 -0.5342899
v -0.624641 6.649014 -0.62464428
v -0.68001622 6.649014 -0.68001962
v -0.49077705 6.649014 -0.73450339
v -0.53428507 6.649014 -0.79961789
v -0.33805269 6.649014 -0.81613612
v -0.3680214 6.649014 -0.88848746
v -2.41E-06 6.62337208 -0.98745686
v 0.19264303 6.62337208 -0.96848279
v 0.19201446 6.60931873 -0.96532273
v -2.4E-06 6.60931873 -0.98423475
v 0.19029711 6.59656525 -0.95668906
v -2.38E-06 6.59656525 -0.97543198
v -2.38E-06 6.59656525 -0.97543198
v 0.19029711 6.59656525 -0.95668906
v 0.37788424 6.62337208 -0.91229093
v 0.3766512 6.60931873 -0.90931416
v 0.37328249 6.59656525 -0.9011814
v 0.37328249 6.59656525 -0.9011814
v 0.54860115 6.62337208 -0.82104063
v 0.54681104 6.60931873 -0.81836158
v 0.54192048 6.59656525 -0.81104231
v 0.54192048 6.59656525 -0.81104231
v 0.69823593 6.62337208 -0.69823861
v 0.6959576 6.60931873 -0.69596028
v 0.68973309 6.59656525 -0.68973571
v 0.68973309 6.59656525 -0.68973571
v 0.8210389 6.62337208 -0.54860222
v 0.81835991 6.60931873 -0.54681218
v 0.81104064 6.59656525 -0.54192162
v 0.81104064 6.59656525 -0.54192162
v 0.91229087 6.62337208 -0.37788182
v 0.9093141 6.60931873 -0.37664881
v 0.90118134 6.59656525 -0.37328011
v 0.90118134 6.59656525 -0.37328011
v 0.96848363 6.62337208 -0.1926392
v 0.96532357 6.60931873 -0.19201064
v 0.95668989 6.59656525 -0.19029333
v 0.95668989 6.59656525 -0.19029333
v 0.98745733 6.62337208 1.13E-06
v 0.98423523 6.60931873 1.12E-06
v 0.97543246 6.59656525 1.12E-06
v 0.97543246 6.59656525 1.12E-06
v 0.98745733 6.62337208 1.13E-06
v 0.96848363 6.62337208 0.19264449
v 0.96532357 6.60931873 0.19201592
v 0.98423523 6.60931873 1.12E-06
v 0.95668989 6.59656525 0.19029856
v 0.97543246 6.59656525 1.12E-06
v 0.95668989 6.59656525 0.19029856
v 0.91229177 6.62337208 0.37788379
v 0.90931499 6.60931873 0.37665078
v 0.90118223 6.59656525 0.37328207
v 0.90118223 6.59656525 0.37328207
v 0.82104009 6.62337208 0.54860383
v 0.81836104 6.60931873 0.54681373
v 0.81104177 6.59656525 0.54192317
v 0.81104177 6.59656525 0.54192317
v 0.69823831 6.62337208 0.69823831
v 0.69595993 6.60931873 0.69595993
v 0.68973535 6.59656525 0.68973535
v 0.68973535 6.59656525 0.68973535
v 0.54860282 6.62337208 0.82104087
v 0.54681271 6.60931873 0.81836182
v 0.54192215 6.59656525 0.81104255
v 0.54192215 6.59656525 0.81104255
v 0.37788501 6.62337208 0.91229099
v 0.37665197 6.60931873 0.90931416
v 0.37328327 6.59656525 0.90118146
v 0.37328327 6.59656525 0.90118146
v 0.19264574 6.62337208 0.96848273
v 0.19201714 6.60931873 0.96532261
v 0.19029978 6.59656525 0.95668894
v 0.19029978 6.59656525 0.95668894
v -4.3E-07 6.62337208 0.9874571
v -4.2E-07 6.60931873 0.98423499
v 0.19201714 6.60931873 0.96532261
v -4.2E-07 6.60931873 0.98423499
v -4.2E-07 6.59656525 0.97543222
v -4.3E-07 6.62337208 0.9874571
v -0.19264467 6.62337208 0.96848273
v -0.19201608 6.60931873 0.96532261
v -4.2E-07 6.60931873 0.98423499
v -0.19201608 6.60931873 0.96532261
v -0.19029872 6.59656525 0.95668894
v -0.37788433 6.62337208 0.91229099
v -0.37665129 6.60931873 0.90931422
v -0.37328261 6.59656525 0.90118146
v -0.19029872 6.59656525 0.95668894
v -0.37328261 6.59656525 0.90118146
v -0.54860383 6.62337208 0.82103986
v -0.54681379 6.60931873 0.81836092
v -0.54192317 6.59656525 0.81104165
v -0.54192317 6.59656525 0.81104165
v -0.69823909 6.62337208 0.69823712
v -0.69596076 6.60931873 0.69595879
v -0.68973619 6.59656525 0.68973422
v -0.68973619 6.59656525 0.68973422
v -0.82104373 6.62337208 0.54859936
v -0.81836474 6.60931873 0.54680932
v -0.81104541 6.59656525 0.54191875
v -0.81104541 6.59656525 0.54191875
v -0.91229212 6.62337208 0.37788501
v -0.90931535 6.60931873 0.37665197
v -0.90118259 6.59656525 0.37328327
v -0.90118259 6.59656525 0.37328327
v -0.96848416 6.62337208 0.19264431
v -0.96532398 6.60931873 0.19201571
v -0.95669031 6.59656525 0.19029836
v -0.95669031 6.59656525 0.19029836
v -0.98745769 6.62337208 9E-08
v -0.98423558 6.60931873 9E-08
v -0.97543281 6.59656525 9E-08
v -0.97543281 6.59656525 9E-08
v -0.96848363 6.62337208 -0.19264114
v -0.96532357 6.60931873 -0.19201258
v -0.98423558 6.60931873 9E-08
v -0.96532357 6.60931873 -0.19201258
v -0.95668989 6.59656525 -0.19029525
v -0.96848363 6.62337208 -0.19264114
v -0.91229194 6.62337208 -0.37787905
v -0.90931517 6.60931873 -0.37664604
v -0.96532357 6.60931873 -0.19201258
v -0.90118241 6.59656525 -0.37327737
v -0.95668989 6.59656525 -0.19029525
v -0.90118241 6.59656525 -0.37327737
v -0.82103747 6.62337208 -0.54860461
v -0.81835842 6.60931873 -0.5468145
v -0.81103921 6.59656525 -0.54192388
v -0.81103921 6.59656525 -0.54192388
v -0.69823533 6.62337208 -0.69823879
v -0.69595701 6.60931873 -0.6959604
v -0.68973249 6.59656525 -0.68973589
v -0.68973249 6.59656525 -0.68973589
v -0.54859972 6.62337208 -0.82104135
v -0.54680967 6.60931873 -0.81836236
v -0.54191911 6.59656525 -0.81104302
v -0.54191911 6.59656525 -0.81104302
v -0.37788147 6.62337208 -0.91229194
v -0.37664849 6.60931873 -0.90931523
v -0.37327978 6.59656525 -0.90118241
v -0.37327978 6.59656525 -0.90118241
v -0.19263941 6.62337208 -0.96848369
v -0.19201082 6.60931873 -0.96532351
v -0.19029352 6.59656525 -0.95668983
v -0.19029352 6.59656525 -0.95668983
v -2.41E-06 6.62337208 -0.98745686
v -2.4E-06 6.60931873 -0.98423475
v -2.38E-06 6.59656525 -0.97543198
v 0.19012973 6.64557934 -0.9558475
v -2.41E-06 6.64557934 -0.97457397
v 0.1919696 6.63619328 -0.96509725
v -2.41E-06 6.63619328 -0.98400486
v -2.41E-06 6.63619328 -0.98400486
v 0.1919696 6.63619328 -0.96509725
v 0.19264303 6.62337208 -0.96848279
v -2.41E-06 6.62337208 -0.98745686
v 0.37295419 6.64557934 -0.90038872
v 0.37656325 6.63619328 -0.90910172
v 0.37656325 6.63619328 -0.90910172
v 0.37788424 6.62337208 -0.91229093
v 0.54144382 6.64557934 -0.81032896
v 0.54668337 6.63619328 -0.81817049
v 0.54668337 6.63619328 -0.81817049
v 0.54860115 6.62337208 -0.82104063
v 0.68912637 6.64557934 -0.68912911
v 0.69579506 6.63619328 -0.69579774
v 0.69579506 6.63619328 -0.69579774
v 0.69823593 6.62337208 -0.69823861
v 0.81032717 6.64557934 -0.5414449
v 0.8181687 6.63619328 -0.54668444
v 0.8181687 6.63619328 -0.54668444
v 0.8210389 6.62337208 -0.54860222
v 0.90038866 6.64557934 -0.37295175
v 0.90910167 6.63619328 -0.37656081
v 0.90910167 6.63619328 -0.37656081
v 0.91229087 6.62337208 -0.37788182
v 0.95584834 6.64557934 -0.19012588
v 0.96509808 6.63619328 -0.19196577
v 0.96509808 6.63619328 -0.19196577
v 0.96848363 6.62337208 -0.1926392
v 0.97457445 6.64557934 1.14E-06
v 0.98400533 6.63619328 1.13E-06
v 0.96509808 6.63619328 -0.19196577
v 0.98400533 6.63619328 1.13E-06
v 0.98745733 6.62337208 1.13E-06
v 0.96848363 6.62337208 -0.1926392
v 0.95584834 6.64557934 0.19013119
v 0.96509808 6.63619328 0.19197106
v 0.96509808 6.63619328 0.19197106
v 0.96848363 6.62337208 0.19264449
v 0.90038955 6.64557934 0.37295371
v 0.90910256 6.63619328 0.37656277
v 0.90910256 6.63619328 0.37656277
v 0.91229177 6.62337208 0.37788379
v 0.81032836 6.64557934 0.54144651
v 0.90038955 6.64557934 0.37295371
v 0.81032836 6.64557934 0.54144651
v 0.81816995 6.63619328 0.54668605
v 0.82104009 6.62337208 0.54860383
v 0.68912882 6.64557934 0.68912876
v 0.68912882 6.64557934 0.68912876
v 0.69579744 6.63619328 0.69579744
v 0.69823831 6.62337208 0.69823831
v 0.54144549 6.64557934 0.81032914
v 0.54144549 6.64557934 0.81032914
v 0.54668504 6.63619328 0.81817067
v 0.54860282 6.62337208 0.82104087
v 0.37295496 6.64557934 0.90038872
v 0.376564 6.63619328 0.90910172
v 0.54668504 6.63619328 0.81817067
v 0.376564 6.63619328 0.90910172
v 0.37788501 6.62337208 0.91229099
v 0.19013241 6.64557934 0.95584738
v 0.19197229 6.63619328 0.96509707
v 0.19197229 6.63619328 0.96509707
v 0.19264574 6.62337208 0.96848273
v -4.2E-07 6.64557934 0.97457421
v -4.2E-07 6.63619328 0.98400509
v -4.2E-07 6.63619328 0.98400509
v -4.3E-07 6.62337208 0.9874571
v -0.19013131 6.64557934 0.95584738
v -0.19197121 6.63619328 0.96509707
v -4.2E-07 6.63619328 0.98400509
v -0.19197121 6.63619328 0.96509707
v -0.19264467 6.62337208 0.96848273
v -4.3E-07 6.62337208 0.9874571
v -0.37295425 6.64557934 0.90038872
v -0.37656331 6.63619328 0.90910172
v -0.37656331 6.63619328 0.90910172
v -0.37788433 6.62337208 0.91229099
v -0.54144645 6.64557934 0.81032813
v -0.54668605 6.63619328 0.81816965
v -0.54668605 6.63619328 0.81816965
v -0.54860383 6.62337208 0.82103986
v -0.68912953 6.64557934 0.68912756
v -0.54144645 6.64557934 0.81032813
v -0.68912953 6.64557934 0.68912756
v -0.69579816 6.63619328 0.69579619
v -0.69823909 6.62337208 0.69823712
v -0.810332 6.64557934 0.54144204
v -0.810332 6.64557934 0.54144204
v -0.81817353 6.63619328 0.54668158
v -0.82104373 6.62337208 0.54859936
v -0.90038991 6.64557934 0.37295496
v -0.90038991 6.64557934 0.37295496
v -0.90910292 6.63619328 0.37656403
v -0.91229212 6.62337208 0.37788501
v -0.95584881 6.64557934 0.19013101
v -0.9650985 6.63619328 0.19197088
v -0.90910292 6.63619328 0.37656403
v -0.9650985 6.63619328 0.19197088
v -0.96848416 6.62337208 0.19264431
v -0.9745748 6.64557934 1.2E-07
v -0.98400569 6.63619328 1E-07
v -0.98400569 6.63619328 1E-07
v -0.98745769 6.62337208 9E-08
v -0.95584834 6.64557934 -0.19012779
v -0.96509808 6.63619328 -0.1919677
v -0.96509808 6.63619328 -0.1919677
v -0.96848363 6.62337208 -0.19264114
v -0.90038979 6.64557934 -0.372949
v -0.9091028 6.63619328 -0.37655807
v -0.96509808 6.63619328 -0.1919677
v -0.9091028 6.63619328 -0.37655807
v -0.91229194 6.62337208 -0.37787905
v -0.96848363 6.62337208 -0.19264114
v -0.8103258 6.64557934 -0.54144728
v -0.81816733 6.63619328 -0.54668683
v -0.81816733 6.63619328 -0.54668683
v -0.82103747 6.62337208 -0.54860461
v -0.68912578 6.64557934 -0.68912923
v -0.8103258 6.64557934 -0.54144728
v -0.68912578 6.64557934 -0.68912923
v -0.69579446 6.63619328 -0.69579792
v -0.69823533 6.62337208 -0.69823879
v -0.54144239 6.64557934 -0.81032962
v -0.54144239 6.64557934 -0.81032962
v -0.54668194 6.63619328 -0.81817114
v -0.54859972 6.62337208 -0.82104135
v -0.37295142 6.64557934 -0.90038967
v -0.37295142 6.64557934 -0.90038967
v -0.37656045 6.63619328 -0.90910268
v -0.37788147 6.62337208 -0.91229194
v -0.19012611 6.64557934 -0.95584834
v -0.19196597 6.63619328 -0.96509802
v -0.37656045 6.63619328 -0.90910268
v -0.19196597 6.63619328 -0.96509802
v -0.19263941 6.62337208 -0.96848369
v -2.41E-06 6.63619328 -0.98400486
v -2.41E-06 6.62337208 -0.98745686
v -2.49E-06 6.49188185 -0.53134501
v 0.10366039 6.49188185 -0.52113503
v 0.20333806 6.49188185 -0.49089843
v 0.29519892 6.49188185 -0.44179767
v 0.37571591 6.49188185 -0.37571913
v 0.44179562 6.49188185 -0.29520041
v 0.49089846 6.49188185 -0.20333539
v 0.52113599 6.49188185 -0.10365583
v 0.53134549 6.49188185 1.5E-06
v 0.52113593 6.49188185 0.10366134
v 0.49089941 6.49188185 0.20333733
v 0.44179687 6.49188185 0.29520184
v 0.37571859 6.49188185 0.37571847
v 0.29520112 6.49188185 0.44179744
v 0.203339 6.49188185 0.49089852
v 0.10366228 6.49188185 0.52113509
v -2.5E-07 6.49188185 0.53134525
v -0.10366115 6.49188185 0.52113521
v -0.20333831 6.49188185 0.49089849
v -0.29520172 6.49188185 0.44179663
v -0.37571925 6.49188185 0.37571746
v -0.44180045 6.49188185 0.2951974
v -0.49089956 6.49188185 0.20333906
v -0.52113628 6.49188185 0.10366176
v -0.53134584 6.49188185 1.02E-06
v -0.52113611 6.49188185 -0.10365709
v -0.49089974 6.49188185 -0.20333244
v -0.4417944 6.49188185 -0.2952022
v -0.37571606 6.49188185 -0.37571859
v -0.2951979 6.49188185 -0.441798
v -0.203336 6.49188185 -0.49089915
v -0.10365729 6.49188185 -0.52113593
v -0.03497963 6.41398048 -0.17586648
v -2.56E-06 6.41398048 -0.17931139
v -0.06861931 6.41398048 -0.16566217
v -0.09961873 6.41398048 -0.14909261
v -0.12679112 6.41398048 -0.12679294
v -0.14908922 6.41398048 -0.09962264
v -0.16566324 6.41398048 -0.06861487
v -0.1758669 6.41398048 -0.03497793
v -0.17931223 6.41398048 1.73E-06
v -0.1758669 6.41398048 0.03498377
v -0.16566277 6.41398048 0.06862202
v -0.14909506 6.41398048 0.09961814
v -0.12679389 6.41398048 0.12679222
v -0.09962237 6.41398048 0.1490913
v -0.06862119 6.41398048 0.16566175
v -0.0349824 6.41398048 0.17586601
v -1.3E-07 6.41398048 0.17931157
v 0.03498358 6.41398048 0.17586583
v 0.0686219 6.41398048 0.16566181
v 0.0996221 6.41398048 0.14909196
v 0.1267933 6.41398048 0.12679309
v 0.14909154 6.41398048 0.09962258
v 0.16566283 6.41398048 0.06861988
v 0.17586654 6.41398048 0.03498286
v 0.17931187 6.41398048 1.79E-06
v 0.17586672 6.41398048 -0.0349772
v 0.16566181 6.41398048 -0.06861797
v 0.14909023 6.41398048 -0.0996213
v 0.12679043 6.41398048 -0.12679395
v 0.09961945 6.41398048 -0.14909256
v 0.06862083 6.41398048 -0.16566169
v 0.03498232 6.41398048 -0.17586565
v 0.0757582 7.16228962 -0.18289298
v 0.0386208 7.16228962 -0.19415829
v 0.03498206 7.23162842 -0.17586565
v 0.06862056 7.23162842 -0.16566169
v 0.11928045 6.92730808 -0.02372289
v 0.11235903 6.92730808 -0.04653952
v 0.16566181 7.02140331 -0.06861797
v 0.17586672 7.02140331 -0.0349772
v -0.10112277 6.92730808 0.06756552
v -0.14909506 7.02140331 0.09961814
v 0.1216171 6.92730808 1.38E-06
v 0.17931187 7.02140331 1.79E-06
v -0.11235971 6.92730808 0.04654261
v -0.16566277 7.02140331 0.06862202
v 0.11928033 6.92730808 0.02372707
v 0.1216171 6.92730808 1.38E-06
v 0.17931187 7.02140331 1.79E-06
v 0.17586654 7.02140331 0.03498286
v -0.1192806 6.92730808 0.02372769
v -0.1758669 7.02140331 0.03498377
v 0.11235972 6.92730808 0.04654116
v 0.16566283 7.02140331 0.06861988
v -0.12161738 6.92730808 1.35E-06
v -0.17931223 7.02140331 1.73E-06
v 0.10112035 6.92730808 0.06756854
v 0.14909154 7.02140331 0.09962258
v -0.1192806 6.92730808 -0.02372338
v -0.12161738 6.92730808 1.35E-06
v -0.17931223 7.02140331 1.73E-06
v -0.1758669 7.02140331 -0.03497793
v 0.08599672 6.92730808 0.08599675
v 0.1267933 7.02140331 0.12679309
v -0.11236004 6.92730808 -0.04653742
v -0.16566324 7.02140331 -0.06861487
v 0.06756802 6.92730808 0.10112082
v 0.0996221 7.02140331 0.14909196
v -0.10111881 6.92730808 -0.06756824
v -0.14908922 7.02140331 -0.09962264
v 0.04654234 6.92730808 0.11235922
v 0.0686219 7.02140331 0.16566181
v 0.02372651 6.92730808 -0.11927957
v -1.76E-06 6.92730808 -0.12161662
v -2.56E-06 7.02140331 -0.17931139
v 0.03498232 7.02140331 -0.17586565
v -0.08599527 6.92730808 -0.08599632
v -0.12679112 7.02140331 -0.12679294
v 0.02372736 6.92730808 0.11928003
v 0.03498358 7.02140331 0.17586583
v 0.04654161 6.92730808 -0.1123588
v 0.06862083 7.02140331 -0.16566169
v -0.06756578 6.92730808 -0.10112093
v -0.09961873 7.02140331 -0.14909261
v -1.1E-07 6.92730808 0.12161708
v -1.3E-07 7.02140331 0.17931157
v 0.06756622 6.92730808 -0.1011209
v 0.09961945 7.02140331 -0.14909256
v -0.04654063 6.92730808 -0.11235913
v -0.06861931 7.02140331 -0.16566217
v -0.02372661 6.92730808 0.11928014
v -1.1E-07 6.92730808 0.12161708
v -1.3E-07 7.02140331 0.17931157
v -0.0349824 7.02140331 0.17586601
v 0.08599477 6.92730808 -0.08599701
v 0.12679043 7.02140331 -0.12679395
v -0.02372473 6.92730808 -0.11928014
v -0.03497963 7.02140331 -0.17586648
v -0.0465419 6.92730808 0.11235917
v -0.06862119 7.02140331 0.16566175
v 0.10111947 6.92730808 -0.06756733
v 0.14909023 7.02140331 -0.0996213
v -1.76E-06 6.92730808 -0.12161662
v -2.56E-06 7.02140331 -0.17931139
v 0.07917818 6.80667496 -0.03279575
v 0.07125778 6.80667496 -0.04761381
v -0.04761464 6.80667496 0.0712586
v -0.0327976 6.80667496 0.07917846
v -1.26E-06 6.80667496 -0.08570178
v -0.01671858 6.80667496 -0.08405528
v 0.06059957 6.80667496 -0.06060101
v -0.01671991 6.80667496 0.0840556
v -0.0327967 6.80667496 -0.07917811
v 0.04761317 6.80667496 -0.07125866
v -1E-07 6.80667496 0.08570241
v -0.0476129 6.80667496 -0.07125868
v 0.03279736 6.80667496 -0.07917789
v -1E-07 6.80667496 0.08570241
v 0.0167204 6.80667496 0.08405551
v -0.06059997 6.80667496 -0.06060053
v 0.0167198 6.80667496 -0.08405488
v 0.03279787 6.80667496 0.07917849
v -0.07125736 6.80667496 -0.04761446
v -1.26E-06 6.80667496 -0.08570178
v 0.04761444 6.80667496 0.07125891
v -0.07917893 6.80667496 -0.03279426
v 0.06060094 6.80667496 0.06060115
v -0.08405578 6.80667496 -0.01671746
v 0.0712584 6.80667496 0.04761498
v -0.08405578 6.80667496 -0.01671746
v -0.08570248 6.80667496 1.1E-06
v -0.1192806 6.92730808 -0.02372338
v 0.07917867 6.80667496 0.03279721
v -0.08405578 6.80667496 0.0167208
v 0.08405555 6.80667496 0.01672036
v -0.07917871 6.80667496 0.03279824
v 0.08570225 6.80667496 1.13E-06
v -0.07126015 6.80667496 0.04761286
v 0.08570225 6.80667496 1.13E-06
v 0.08405563 6.80667496 -0.01671711
v -0.06060129 6.80667496 0.06060073
v -0.12679389 6.41398048 0.12679222
v -0.09962237 6.41398048 0.1490913
v -0.0617096 6.4964304 0.09235257
v -0.07854059 6.4964304 0.07853973
v 0.10261669 6.4964304 -0.04250417
v 0.10893796 6.4964304 -0.0216659
v -0.14909506 6.41398048 0.09961814
v -0.09235471 6.4964304 0.06170716
v 0.11107201 6.4964304 1.31E-06
v -0.16566277 6.41398048 0.06862202
v -0.10261733 6.4964304 0.04250708
v 0.17586654 6.41398048 0.03498286
v 0.17931187 6.41398048 1.79E-06
v 0.11107201 6.4964304 1.31E-06
v 0.10893786 6.4964304 0.02166981
v -0.1758669 6.41398048 0.03498377
v -0.10893814 6.4964304 0.02167037
v 0.16566283 6.41398048 0.06861988
v 0.10261731 6.4964304 0.04250575
v -0.17931223 6.41398048 1.73E-06
v -0.11107229 6.4964304 1.27E-06
v 0.14909154 6.41398048 0.09962258
v 0.09235248 6.4964304 0.06170991
v -0.11107229 6.4964304 1.27E-06
v -0.10893814 6.4964304 -0.02166635
v 0.1267933 6.41398048 0.12679309
v 0.07854018 6.4964304 0.07854027
v -0.16566324 6.41398048 -0.06861487
v -0.1758669 6.41398048 -0.03497793
v -0.10893814 6.4964304 -0.02166635
v -0.10261763 6.4964304 -0.04250224
v 0.0996221 6.41398048 0.14909196
v 0.06170938 6.4964304 0.09235296
v -0.14908922 6.41398048 -0.09962264
v -0.09235109 6.4964304 -0.06170954
v 0.0686219 6.41398048 0.16566181
v 0.04250678 6.4964304 0.10261691
v -1.61E-06 6.4964304 -0.11107154
v 0.02166925 6.4964304 -0.10893713
v -0.12679112 6.41398048 -0.12679294
v -0.07853887 6.4964304 -0.07853978
v 0.03498358 6.41398048 0.17586583
v 0.02167002 6.4964304 0.10893764
v 0.06862083 6.41398048 -0.16566169
v 0.03498232 6.41398048 -0.17586565
v 0.02166925 6.4964304 -0.10893713
v 0.04250612 6.4964304 -0.10261645
v -0.09961873 6.41398048 -0.14909261
v -0.06170735 6.4964304 -0.09235299
v 0.02167002 6.4964304 0.10893764
v -1.1E-07 6.4964304 0.11107205
v 0.09961945 6.41398048 -0.14909256
v 0.06170774 6.4964304 -0.09235294
v -0.06861931 6.41398048 -0.16566217
v -0.04250522 6.4964304 -0.10261673
v -0.02166934 6.4964304 0.10893775
v 0.12679043 6.41398048 -0.12679395
v 0.0785384 6.4964304 -0.07854041
v -0.03497963 6.41398048 -0.17586648
v -0.02166763 6.4964304 -0.10893764
v -0.06862119 6.41398048 0.16566175
v -0.0349824 6.41398048 0.17586601
v -0.02166934 6.4964304 0.10893775
v -0.04250639 6.4964304 0.10261687
v 0.14909023 6.41398048 -0.0996213
v 0.09235167 6.4964304 -0.06170871
v -2.56E-06 6.41398048 -0.17931139
v -1.61E-06 6.4964304 -0.11107154
v 0.16566181 6.41398048 -0.06861797
v 0.10261669 6.4964304 -0.04250417
v -0.05731998 6.61706448 0.05731948
v -0.04503651 6.61706448 0.06740028
v -0.04063311 6.71186924 0.06081032
v -0.05171557 6.71186924 0.05171517
v 0.07950436 6.61706448 -0.01581192
v 0.07489101 6.61706448 -0.03101997
v 0.06756859 6.71186924 -0.02798696
v 0.07173087 6.71186924 -0.01426587
v -0.06740172 6.61706448 0.04503485
v -0.06081157 6.71186924 0.04063165
v 0.08106182 6.61706448 1.1E-06
v 0.07950436 6.61706448 -0.01581192
v 0.07173087 6.71186924 -0.01426587
v 0.07313605 6.71186924 1.04E-06
v -0.07489152 6.61706448 0.03102238
v -0.06756905 6.71186924 0.02798924
v 0.07950429 6.61706448 0.01581506
v 0.07173081 6.71186924 0.0142688
v -0.07950452 6.61706448 0.01581547
v -0.07173103 6.71186924 0.01426918
v 0.07489146 6.61706448 0.03102141
v 0.067569 6.71186924 0.02798836
v -0.08106206 6.61706448 1.07E-06
v -0.07313628 6.71186924 1.02E-06
v 0.06740005 6.61706448 0.04503686
v 0.06081006 6.71186924 0.04063347
v -0.07950452 6.61706448 -0.01581225
v -0.07173103 6.71186924 -0.01426617
v 0.05731965 6.61706448 0.05731988
v 0.05171526 6.71186924 0.05171552
v -0.07489173 6.61706448 -0.03101856
v -0.07950452 6.61706448 -0.01581225
v -0.07173103 6.71186924 -0.01426617
v -0.06756926 6.71186924 -0.0279857
v 0.04503631 6.61706448 0.06740057
v 0.04063291 6.71186924 0.06081058
v -0.06739908 6.61706448 -0.0450363
v -0.06080919 6.71186924 -0.04063286
v 0.031022 6.61706448 0.07489134
v 0.02798884 6.71186924 0.06756894
v 0.01581449 6.61706448 -0.07950363
v -1.2E-06 6.61706448 -0.08106135
v -1.09E-06 6.71186924 -0.07313558
v 0.01426823 6.71186924 -0.07173017
v -0.05731873 6.61706448 -0.05731924
v -0.05171445 6.71186924 -0.05171484
v 0.01581505 6.61706448 0.07950428
v 0.01426874 6.71186924 0.07173087
v 0.03102151 6.61706448 -0.07489071
v 0.0279884 6.71186924 -0.06756827
v -0.04503486 6.61706448 -0.0674003
v -0.04063162 6.71186924 -0.06081023
v -9E-08 6.61706448 0.081062
v -9E-08 6.71186924 0.07313628
v 0.04503511 6.61706448 -0.06740027
v 0.04063183 6.71186924 -0.06081021
v -0.0310209 6.61706448 -0.07489092
v -0.02798786 6.71186924 -0.06756847
v -0.0158146 6.61706448 0.07950436
v -9E-08 6.61706448 0.081062
v -9E-08 6.71186924 0.07313628
v -0.01426834 6.71186924 0.07173094
v 0.05731836 6.61706448 -0.05731969
v 0.05171409 6.71186924 -0.05171525
v -0.01581334 6.61706448 -0.079504
v -0.01426721 6.71186924 -0.07173051
v -0.03102175 6.61706448 0.0748913
v -0.02798863 6.71186924 0.06756891
v 0.06739946 6.61706448 -0.0450357
v 0.06080953 6.71186924 -0.04063231
v -1.2E-06 6.61706448 -0.08106135
v -1.09E-06 6.71186924 -0.07313558
v 0.07313605 6.71186924 1.04E-06
v -1.1E-07 6.4964304 0.11107205
v -1.1E-07 6.4964304 0.11107205
v -1.61E-06 6.4964304 -0.11107154
v -0.10893814 6.4964304 -0.02166635
v 0.10893796 6.4964304 -0.0216659
v 0.10893796 6.4964304 -0.0216659
v -0.12679416 7.23162842 0.12679222
v -0.09962264 7.23162842 0.1490913
v -0.05492061 7.34980774 0.08219203
v -0.06989983 7.34980774 0.06989887
v -0.10998071 7.16228962 -0.16460046
v -0.13997942 7.16228962 -0.1399813
v -0.12679139 7.23162842 -0.12679294
v -0.099619 7.23162842 -0.14909261
v -3.3E-07 7.16228962 0.19796249
v 0.03862218 7.16228962 0.19415838
v 0.03498331 7.23162842 0.17586583
v -3.9E-07 7.23162842 0.17931157
v 0.10998112 7.16228962 -0.1646004
v 0.09961918 7.23162842 -0.14909256
v -0.0757569 7.16228962 -0.18289348
v -0.06861958 7.23162842 -0.16566217
v -0.03862127 7.16228962 0.19415855
v -3.3E-07 7.16228962 0.19796249
v -3.9E-07 7.23162842 0.17931157
v -0.03498266 7.23162842 0.17586601
v 0.13997829 7.16228962 -0.13998243
v 0.12679017 7.23162842 -0.12679395
v -0.03861821 7.16228962 -0.19415918
v -0.03497989 7.23162842 -0.17586648
v -0.07575898 7.16228962 0.18289292
v -0.06862146 7.23162842 0.16566175
v 0.16459759 7.16228962 -0.10998341
v 0.14908996 7.23162842 -0.0996213
v -3.02E-06 7.16228962 -0.19796243
v -2.83E-06 7.23162842 -0.17931139
v -0.10998473 7.16228962 0.16459891
v 0.18289284 7.16228962 -0.07575529
v 0.16566154 7.23162842 -0.06861797
v -0.13998248 7.16228962 0.13998038
v 0.19415921 7.16228962 -0.03861539
v 0.17586645 7.23162842 -0.0349772
v -0.16460329 7.16228962 0.10997981
v -0.14909533 7.23162842 0.09961814
v 0.1979627 7.16228962 1.92E-06
v 0.19415921 7.16228962 -0.03861539
v 0.17586645 7.23162842 -0.0349772
v 0.1793116 7.23162842 1.79E-06
v -0.18289429 7.16228962 0.07575965
v -0.16566303 7.23162842 0.06862202
v 0.19415902 7.16228962 0.03862153
v 0.17586628 7.23162842 0.03498286
v -0.19415981 7.16228962 0.03862253
v -0.17586717 7.23162842 0.03498377
v 0.18289398 7.16228962 0.07575728
v 0.16566256 7.23162842 0.06861988
v -0.19796348 7.16228962 1.86E-06
v -0.1793125 7.23162842 1.73E-06
v 0.16459902 7.16228962 0.10998471
v 0.14909127 7.23162842 0.09962258
v -0.19415981 7.16228962 -0.0386162
v -0.17586717 7.23162842 -0.03497793
v 0.13998145 7.16228962 0.13998133
v 0.12679303 7.23162842 0.12679309
v -0.18289481 7.16228962 -0.07575187
v -0.19415981 7.16228962 -0.0386162
v -0.17586717 7.23162842 -0.03497793
v -0.16566351 7.23162842 -0.06861487
v 0.10998405 7.16228962 0.16459963
v 0.09962183 7.23162842 0.14909196
v -0.16459686 7.16228962 -0.10998489
v -0.14908949 7.23162842 -0.09962264
v 0.07575938 7.16228962 0.18289298
v 0.06862164 7.23162842 0.16566181
v -3.02E-06 7.16228962 -0.19796243
v -2.83E-06 7.23162842 -0.17931139
v 0.07712834 7.09295034 0.18619764
v 0.03932011 7.09295034 0.19766656
v -0.16757086 7.09295034 -0.1119722
v -0.14250863 7.09295034 -0.14251062
v -3.01E-06 7.09295034 -0.2015394
v 0.0393187 7.09295034 -0.19766653
v 0.11197141 7.09295034 0.16757375
v -0.18619944 7.09295034 -0.07712062
v 0.14251082 7.09295034 0.14251062
v -0.19766797 7.09295034 -0.03931395
v 0.16757321 7.09295034 0.111972
v -0.1758669 7.02140331 -0.03497793
v -0.2015404 7.09295034 1.88E-06
v -0.19766797 7.09295034 -0.03931395
v 0.18619873 7.09295034 0.07712612
v -0.19766797 7.09295034 0.03932039
v 0.19766732 7.09295034 0.03931937
v -0.18619891 7.09295034 0.07712853
v 0.20153974 7.09295034 1.94E-06
v -0.16757742 7.09295034 0.11196701
v 0.19766752 7.09295034 -0.03931313
v 0.20153974 7.09295034 1.94E-06
v -0.14251174 7.09295034 0.14250967
v 0.18619758 7.09295034 -0.07712411
v -0.11197196 7.09295034 0.167573
v 0.16757174 7.09295034 -0.11197069
v -0.07712778 7.09295034 0.18619758
v -0.03931592 7.09295034 -0.19766745
v -3.01E-06 7.09295034 -0.2015394
v 0.1425076 7.09295034 -0.14251176
v -0.03931904 7.09295034 0.19766676
v -0.07712568 7.09295034 -0.18619817
v 0.11196842 7.09295034 -0.16757455
v -2.7E-07 7.09295034 0.20153946
v -0.11196787 7.09295034 -0.16757461
v 0.07712713 7.09295034 -0.18619764
v -2.7E-07 7.09295034 0.20153946
v 0.19766752 7.09295034 -0.03931313
v 0.03782933 7.34980774 -0.09132656
v 0.01928493 7.34980774 -0.09695184
v 0.02149429 7.36417198 -0.10805879
v 0.04216314 7.36417198 -0.10178904
v 0.09132662 7.34980774 -0.03782783
v 0.09695241 7.34980774 -0.01928217
v -0.08219412 7.34980774 0.05491819
v 0.09695241 7.34980774 -0.01928217
v 0.09885165 7.34980774 1.23E-06
v -0.09132764 7.34980774 0.03783051
v 0.09695229 7.34980774 0.01928576
v -0.09695303 7.34980774 0.01928625
v 0.09132713 7.34980774 0.03782935
v -0.09885239 7.34980774 1.19E-06
v 0.08219163 7.34980774 0.05492066
v -0.09695306 7.34980774 -0.01928256
v 0.06989894 7.34980774 0.06989936
v -0.09695306 7.34980774 -0.01928256
v -0.09132795 7.34980774 -0.03782611
v 0.05491986 7.34980774 0.08219238
v -0.08219095 7.34980774 -0.05492023
v 0.03782992 7.34980774 0.09132712
v -1.71E-06 7.34980774 -0.09885142
v -0.06989833 7.34980774 -0.0698988
v 0.01928562 7.34980774 0.09695245
v -0.0549186 7.34980774 -0.08219227
v -3.7E-07 7.34980774 0.09885203
v 0.0549184 7.34980774 -0.08219224
v -0.03782909 7.34980774 -0.09132681
v -3.7E-07 7.34980774 0.09885203
v -0.01928557 7.34980774 0.09695254
v 0.06989738 7.34980774 -0.06989937
v -0.01928404 7.34980774 -0.0969523
v -0.03783013 7.34980774 0.09132707
v 0.08219094 7.34980774 -0.05491951
v -1.71E-06 7.34980774 -0.09885142
v 0.10178933 7.36417198 -0.04216157
v 0.09160702 7.36417198 -0.0612113
v 0.14114639 7.36193752 -0.09431344
v 0.15683505 7.36193752 -0.06496198
v -0.07790586 7.36417198 -0.0779065
v -0.06121003 7.36417198 -0.0916083
v -3.7E-07 7.34980774 0.09885203
v 0.01928562 7.34980774 0.09695245
v 0.02149508 7.36417198 0.10805944
v -3.5E-07 7.36417198 0.11017663
v 0.06120995 7.36417198 -0.0916083
v -0.04216274 7.36417198 -0.10178928
v -0.01928557 7.34980774 0.09695254
v -0.0214949 7.36417198 0.1080595
v 0.07790497 7.36417198 -0.0779072
v -0.02149316 7.36417198 -0.10805923
v -0.0214949 7.36417198 0.1080595
v -0.04216393 7.36417198 0.10178953
v 0.09160702 7.36417198 -0.0612113
v -1.85E-06 7.36417198 -0.11017594
v -0.06121226 7.36417198 0.09160788
v 0.10178933 7.36417198 -0.04216157
v -0.07790745 7.36417198 0.07790636
v 0.10805955 7.36417198 -0.02149124
v -0.09161008 7.36417198 0.06120946
v 0.09885165 7.34980774 1.23E-06
v 0.09695241 7.34980774 -0.01928217
v 0.10805955 7.36417198 -0.02149124
v 0.11017627 7.36417198 1.3E-06
v -0.10178989 7.36417198 0.04216423
v 0.11017627 7.36417198 1.3E-06
v 0.10805929 7.36417198 0.0214951
v -0.10805973 7.36417198 0.02149559
v 0.10178971 7.36417198 0.04216305
v -0.11017673 7.36417198 1.27E-06
v 0.09160762 7.36417198 0.06121235
v -0.09695306 7.34980774 -0.01928256
v -0.09885239 7.34980774 1.19E-06
v -0.11017673 7.36417198 1.27E-06
v -0.10805991 7.36417198 -0.02149163
v 0.07790664 7.36417198 0.07790699
v -0.10805991 7.36417198 -0.02149163
v -0.10179054 7.36417198 -0.04215958
v 0.06121157 7.36417198 0.09160832
v -0.0916068 7.36417198 -0.06121203
v 0.04216382 7.36417198 0.10178959
v -1.85E-06 7.36417198 -0.11017594
v 0.02149508 7.36417198 0.10805944
v -1.85E-06 7.36417198 -0.11017594
v -0.02149316 7.36417198 -0.10805923
v -0.0331162 7.361938 -0.16649625
v -2.72E-06 7.361938 -0.1697576
v 0.04216314 7.36417198 -0.10178904
v 0.02149429 7.36417198 -0.10805879
v 0.03311816 7.361938 -0.16649547
v 0.06496438 7.361938 -0.15683514
v -0.07790745 7.36417198 0.07790636
v -0.06121226 7.36417198 0.09160788
v -0.09431478 7.361938 0.14114775
v -0.12003862 7.361938 0.12003677
v 0.16649619 7.361938 -0.03311358
v -0.09161008 7.36417198 0.06120946
v -0.14115155 7.361938 0.09431048
v 0.16975778 7.361938 1.72E-06
v -0.10178989 7.36417198 0.04216423
v -0.15683651 7.36193848 0.06496586
v 0.10805929 7.36417198 0.0214951
v 0.16649601 7.361938 0.03311899
v -0.10805973 7.36417198 0.02149559
v -0.16649701 7.361938 0.03311985
v 0.10178971 7.36417198 0.04216305
v 0.15683596 7.361938 0.06496381
v -0.16975875 7.361938 1.66E-06
v 0.09160762 7.36417198 0.06121235
v 0.1411476 7.361938 0.09431468
v -0.16649702 7.361938 -0.03311428
v 0.07790664 7.36417198 0.07790699
v 0.1200374 7.361938 0.12003751
v -0.10179054 7.36417198 -0.04215958
v -0.15683705 7.361938 -0.06495907
v 0.06121157 7.36417198 0.09160832
v 0.0943139 7.361938 0.1411483
v -0.0916068 7.36417198 -0.06121203
v -0.14114606 7.361938 -0.09431475
v 0.04216382 7.36417198 0.10178959
v 0.06496541 7.361938 0.15683535
v -0.07790586 7.36417198 -0.0779065
v -0.12003598 7.361938 -0.12003738
v 0.03311935 7.361938 0.16649573
v -0.02863381 7.42819405 -0.01185545
v -0.03039727 7.42819405 -0.00604211
v -0.02071809 7.45385122 -0.00411795
v -0.01951617 7.45385122 -0.00808015
v -0.06121003 7.36417198 -0.0916083
v -0.09431133 7.361938 -0.14114894
v -4.2E-07 7.361938 0.16975789
v 0.06120995 7.36417198 -0.0916083
v 0.09431139 7.361938 -0.14114882
v -0.04216274 7.36417198 -0.10178928
v -0.06496356 7.361938 -0.15683562
v -0.03311884 7.361938 0.1664959
v 0.07790497 7.36417198 -0.0779072
v 0.12003471 7.361938 -0.1200383
v -0.04216393 7.36417198 0.10178953
v -0.06496536 7.361938 0.15683533
v -3.62E-06 7.38303518 -0.16746876
v 0.03267168 7.38303518 -0.16425049
v 0.03839151 7.35998154 -0.19300605
v -3.63E-06 7.35998154 -0.19678766
v -3.21E-06 7.35375309 -0.19402735
v 0.03785297 7.35375309 -0.19029878
v -0.03785064 7.35375309 -0.19029969
v 0.06408877 7.38303518 -0.1547204
v 0.07530864 7.35998154 -0.18180755
v 0.07425217 7.35375309 -0.17925741
v 0.07530864 7.35998154 -0.18180755
v 0.10932814 7.35998154 -0.16362371
v 0.10937993 7.35583735 -0.16370107
v 0.0753442 7.35583735 -0.1818936
v 0.09303945 7.38303518 -0.13924593
v 0.10932814 7.35998154 -0.16362371
v 0.10779472 7.35375309 -0.16132848
v 0.13914706 7.35998154 -0.13915202
v 0.13921306 7.35583735 -0.1392177
v 0.11841547 7.38303518 -0.11842036
v 0.13914706 7.35998154 -0.13915202
v 0.13719554 7.35375309 -0.13719988
v 0.16362025 7.35998154 -0.10933103
v 0.16369781 7.35583735 -0.10938262
v 0.13924247 7.38303518 -0.09304235
v 0.16362025 7.35998154 -0.10933103
v 0.16132541 7.35375309 -0.10779719
v 0.18180725 7.35998154 -0.07530552
v 0.1818933 7.35583735 -0.07534124
v 0.15472011 7.38303518 -0.06408563
v 0.18180725 7.35998154 -0.07530552
v 0.17925711 7.35375309 -0.07424936
v 0.19300686 7.35998154 -0.0383856
v 0.19309814 7.35583735 -0.03840403
v 0.16425125 7.38303518 -0.0326659
v 0.19300686 7.35998154 -0.0383856
v 0.19029953 7.35375309 -0.03784763
v 0.19300686 7.35998154 -0.0383856
v 0.19678774 7.35998154 2.12E-06
v 0.19688086 7.35583735 2.03E-06
v 0.19309814 7.35583735 -0.03840403
v 0.16746882 7.38303518 2.11E-06
v 0.19678774 7.35998154 2.12E-06
v 0.19402744 7.35375309 1.94E-06
v 0.19300665 7.35998154 0.03839236
v 0.19309798 7.35583735 0.03841051
v 0.1642511 7.38303518 0.0326725
v 0.19300665 7.35998154 0.03839236
v 0.19029938 7.35375309 0.03785382
v 0.18180846 7.35998154 0.07530767
v 0.18189448 7.35583735 0.07534332
v 0.15472129 7.38303518 0.06408784
v 0.18180846 7.35998154 0.07530767
v 0.17925824 7.35375309 0.07425138
v 0.16362193 7.35998154 0.1093323
v 0.16369942 7.35583735 0.1093839
v 0.13924414 7.38303518 0.09304356
v 0.16362193 7.35998154 0.1093323
v 0.16132694 7.35375309 0.10779849
v 0.13915063 7.35998154 0.13915065
v 0.13921645 7.35583735 0.13921648
v 0.11841899 7.38303518 0.1184191
v 0.13915063 7.35998154 0.13915065
v 0.13719875 7.35375309 0.13719881
v 0.10933146 7.35998154 0.16362269
v 0.10938309 7.35583735 0.16370016
v 0.09304269 7.38303518 0.13924491
v 0.10933146 7.35998154 0.16362269
v 0.1077977 7.35375309 0.16132767
v 0.07530998 7.35998154 0.18180746
v 0.07534547 7.35583735 0.18189354
v 0.06409007 7.38303518 0.15472035
v 0.07530998 7.35998154 0.18180746
v 0.07425337 7.35375309 0.17925739
v 0.038393 7.35998154 0.19300601
v 0.0384111 7.35583735 0.1930974
v 0.03267309 7.38303518 0.16425055
v 0.038393 7.35998154 0.19300601
v 0.03785435 7.35375309 0.19029886
v -5.8E-07 7.35998154 0.19678764
v -5.3E-07 7.35583735 0.1968808
v -6.2E-07 7.38303518 0.16746873
v -5.8E-07 7.35998154 0.19678764
v -4.9E-07 7.35375309 0.19402742
v -5.8E-07 7.35998154 0.19678764
v -0.03839227 7.35998154 0.19300628
v -0.03841041 7.35583735 0.19309765
v -5.3E-07 7.35583735 0.1968808
v -0.03267239 7.38303518 0.16425073
v -0.03839227 7.35998154 0.19300628
v -0.0378537 7.35375309 0.19029909
v -0.07530983 7.35998154 0.18180741
v -0.07534534 7.35583735 0.18189351
v -0.06408993 7.38303518 0.15472031
v -0.07530983 7.35998154 0.18180741
v -0.07425327 7.35375309 0.17925738
v -0.10933255 7.35998154 0.1636219
v -0.10938413 7.35583735 0.16369942
v -0.09304379 7.38303518 0.13924417
v -0.10933255 7.35998154 0.1636219
v -0.10779871 7.35375309 0.16132699
v -0.13915218 7.35998154 0.13914961
v -0.13921793 7.35583735 0.1392155
v -0.11842055 7.38303518 0.11841802
v -0.13915218 7.35998154 0.13914961
v -0.13720016 7.35375309 0.13719788
v -0.16362709 7.35998154 0.10932678
v -0.16370434 7.35583735 0.10937868
v -0.13924922 7.38303518 0.0930382
v -0.16362709 7.35998154 0.10932678
v -0.16133162 7.35375309 0.10779358
v -0.18180917 7.35998154 0.07531033
v -0.1818952 7.35583735 0.07534587
v -0.15472209 7.38303518 0.06409042
v -0.18180917 7.35998154 0.07531033
v -0.17925897 7.35375309 0.0742538
v -0.19300789 7.35998154 0.03839352
v -0.19309917 7.35583735 0.03841161
v -0.16425233 7.38303518 0.03267366
v -0.19300789 7.35998154 0.03839352
v -0.19030054 7.35375309 0.03785486
v -0.19678901 7.35998154 2.11E-06
v -0.19688208 7.35583735 2E-06
v -0.1674701 7.38303518 2.15E-06
v -0.19678901 7.35998154 2.11E-06
v -0.19402862 7.35375309 1.89E-06
v -0.19300792 7.35998154 -0.03838649
v -0.19309919 7.35583735 -0.03840489
v -0.16425236 7.38303518 -0.03266673
v -0.19300792 7.35998154 -0.03838649
v -0.19030052 7.35375309 -0.03784846
v -0.19300792 7.35998154 -0.03838649
v -0.18180978 7.35998154 -0.07530168
v -0.18189573 7.35583735 -0.0753376
v -0.19309919 7.35583735 -0.03840489
v -0.15472263 7.38303518 -0.06408191
v -0.18180978 7.35998154 -0.07530168
v -0.17925943 7.35375309 -0.07424593
v -0.16361983 7.35998154 -0.10933263
v -0.16369741 7.35583735 -0.10938419
v -0.13924214 7.38303518 -0.0930438
v -0.16361983 7.35998154 -0.10933263
v -0.16132505 7.35375309 -0.10779873
v -0.13914876 7.35998154 -0.13915071
v -0.13921465 7.35583735 -0.13921651
v -0.11841723 7.38303518 -0.11841904
v -0.13914876 7.35998154 -0.13915071
v -0.13719703 7.35375309 -0.13719881
v -0.10932804 7.35998154 -0.16362379
v -0.10937984 7.35583735 -0.16370118
v -0.09303944 7.38303518 -0.13924599
v -0.10932804 7.35998154 -0.16362379
v -0.10779464 7.35375309 -0.1613286
v -0.07530753 7.35998154 -0.18180813
v -0.07534314 7.35583735 -0.18189415
v -0.06408775 7.38303518 -0.15472096
v -0.07530753 7.35998154 -0.18180813
v -0.07425117 7.35375309 -0.17925793
v -0.03838895 7.35998154 -0.19300705
v -0.0384072 7.35583735 -0.19309834
v -0.03266928 7.38303518 -0.16425152
v -0.03838895 7.35998154 -0.19300705
v -3.63E-06 7.35998154 -0.19678766
v 0.03839151 7.35998154 -0.19300605
v 0.03840966 7.35583735 -0.19309738
v -3.43E-06 7.35583735 -0.19688077
v -3.43E-06 7.35583735 -0.19688077
v 0.03840966 7.35583735 -0.19309738
v 0.0753442 7.35583735 -0.1818936
v 0.10937993 7.35583735 -0.16370107
v 0.13921306 7.35583735 -0.1392177
v 0.16369781 7.35583735 -0.10938262
v 0.1818933 7.35583735 -0.07534124
v 0.19309814 7.35583735 -0.03840403
v 0.19688086 7.35583735 2.03E-06
v 0.19309798 7.35583735 0.03841051
v 0.18189448 7.35583735 0.07534332
v 0.16369942 7.35583735 0.1093839
v 0.13921645 7.35583735 0.13921648
v 0.10938309 7.35583735 0.16370016
v 0.07534547 7.35583735 0.18189354
v 0.0384111 7.35583735 0.1930974
v -5.3E-07 7.35583735 0.1968808
v -0.03841041 7.35583735 0.19309765
v -0.07534534 7.35583735 0.18189351
v -0.10938413 7.35583735 0.16369942
v -0.13921793 7.35583735 0.1392155
v -0.16370434 7.35583735 0.10937868
v -0.1818952 7.35583735 0.07534587
v -0.19309917 7.35583735 0.03841161
v -0.19688208 7.35583735 2E-06
v -0.19309919 7.35583735 -0.03840489
v -0.18189573 7.35583735 -0.0753376
v -0.16369741 7.35583735 -0.10938419
v -0.13921465 7.35583735 -0.13921651
v -0.10937984 7.35583735 -0.16370118
v -0.07534314 7.35583735 -0.18189415
v -0.0384072 7.35583735 -0.19309834
v -3.63E-06 7.35998154 -0.19678766
v -3.43E-06 7.35583735 -0.19688077
v -3.77E-06 7.38303518 -0.04086003
v 0.00797181 7.38303518 -0.04007448
v 0.01563798 7.38303518 -0.03774903
v 0.02269939 7.38303518 -0.03397463
v 0.02888934 7.38303518 -0.02889466
v 0.03397097 7.38303518 -0.02270261
v 0.03774893 7.38303518 -0.01563453
v 0.04007531 7.38303518 -0.00796555
v 0.04086007 7.38303518 2.28E-06
v 0.0400751 7.38303518 0.00797229
v 0.03775012 7.38303518 0.01563665
v 0.03397281 7.38303518 0.02270354
v 0.02889305 7.38303518 0.02889324
v 0.02270269 7.38303518 0.03397355
v 0.01563914 7.38303518 0.03774905
v 0.00797284 7.38303518 0.04007459
v -6E-07 7.38303518 0.04085995
v -0.00797202 7.38303518 0.04007481
v -0.01563887 7.38303518 0.03774909
v -0.0227038 7.38303518 0.03397281
v -0.02889466 7.38303518 0.0288921
v -0.03397787 7.38303518 0.02269822
v -0.0377509 7.38303518 0.01563931
v -0.04007629 7.38303518 0.00797357
v -0.04086135 7.38303518 2.59E-06
v -0.04007644 7.38303518 -0.00796627
v -0.03775146 7.38303518 -0.01563074
v -0.03397086 7.38303518 -0.02270374
v -0.0288914 7.38303518 -0.02889306
v -0.02269952 7.38303518 -0.03397458
v -0.01563693 7.38303518 -0.03774961
v -0.00796947 7.38303518 -0.04007547
v 0.01721939 7.42819405 0.02576837
v 0.02191465 7.42819405 0.02191506
v 0.01493624 7.45385122 0.01493687
v 0.01173608 7.45385122 0.01756318
v -0.02576631 7.42819405 -0.01722017
v -0.01756176 7.45385122 -0.0117366
v 0.01186184 7.42819405 0.028632
v 0.00808453 7.45385122 0.01951496
v 0.00604632 7.42819405 -0.03039551
v -2.98E-06 7.42819405 -0.03099133
v -2.2E-06 7.45385122 -0.02112263
v 0.00412084 7.45385122 -0.02071654
v -0.02191365 7.42819405 -0.02191464
v -0.01493589 7.45385122 -0.01493622
v 0.00604711 7.42819405 0.03039587
v 0.00412137 7.45385122 0.02071716
v 0.01186095 7.42819405 -0.02863171
v 0.00808393 7.45385122 -0.01951438
v -0.01721723 7.42819405 -0.02576886
v -0.01173495 7.45385122 -0.01756315
v -5.8E-07 7.42819405 0.03099156
v -5.6E-07 7.45385122 0.02112316
v 0.01721688 7.42819405 -0.0257689
v 0.01173438 7.45385122 -0.01756317
v -0.01186041 7.42819405 -0.02863215
v -0.00808389 7.45385122 -0.01951468
v -0.00604673 7.42819405 0.03039604
v -5.8E-07 7.42819405 0.03099156
v -5.6E-07 7.45385122 0.02112316
v -0.00412145 7.45385122 0.02071728
v 0.02191183 7.42819405 -0.02191585
v 0.01493432 7.45385122 -0.01493704
v -0.0060448 7.42819405 -0.03039626
v -0.00412013 7.45385122 -0.02071705
v -0.01186188 7.42819405 0.02863203
v -0.00808489 7.45385122 0.01951498
v 0.02576614 7.42819405 -0.01721931
v 0.01756131 7.45385122 -0.01173601
v -2.98E-06 7.42819405 -0.03099133
v -2.2E-06 7.45385122 -0.02112263
v -0.01722048 7.42819405 0.0257678
v -0.01173716 7.45385122 0.0175628
v 0.02863164 7.42819405 -0.01185832
v 0.01951436 7.45385122 -0.00808211
v -0.02191611 7.42819405 0.02191419
v -0.01493757 7.45385122 0.01493628
v 0.03039616 7.42819405 -0.00604156
v 0.020717 7.45385122 -0.00411757
v -0.02577162 7.42819405 0.01721627
v -0.01756538 7.45385122 0.01173431
v 0.03099138 7.42819405 1.87E-06
v 0.03039616 7.42819405 -0.00604156
v 0.020717 7.45385122 -0.00411757
v 0.02112269 7.45385122 1.46E-06
v -0.02863339 7.42819405 0.01186223
v -0.01951588 7.45385122 0.00808515
v 0.030396 7.42819405 0.00604696
v 0.02071689 7.45385122 0.00412162
v -0.03039715 7.42819405 0.00604793
v -0.02071801 7.45385122 0.00412228
v 0.02863254 7.42819405 0.01186021
v 0.01951497 7.45385122 0.00808377
v -0.0309926 7.42819405 2.1E-06
v -0.02112385 7.45385122 1.62E-06
v 0.02576753 7.42819405 0.0172203
v 0.01756226 7.45385122 0.01173706
v -0.03039727 7.42819405 -0.00604211
v -0.02071809 7.45385122 -0.00411795
v 0.6958409 3.67399979 -0.13841119
v 0.02889305 7.38303518 0.02889324
v 0.03397281 7.38303518 0.02270354
v -0.04007644 7.38303518 -0.00796627
v -0.04086135 7.38303518 2.59E-06
v 0.03775012 7.38303518 0.01563665
v -0.04007629 7.38303518 0.00797357
v 0.0400751 7.38303518 0.00797229
v -0.0377509 7.38303518 0.01563931
v 0.04086007 7.38303518 2.28E-06
v -0.03397787 7.38303518 0.02269822
v 0.04007531 7.38303518 -0.00796555
v -0.02889466 7.38303518 0.0288921
v 0.04007531 7.38303518 -0.00796555
v 0.03774893 7.38303518 -0.01563453
v -0.0227038 7.38303518 0.03397281
v 0.03397097 7.38303518 -0.02270261
v -0.01563887 7.38303518 0.03774909
v -3.77E-06 7.38303518 -0.04086003
v -0.00796947 7.38303518 -0.04007547
v 0.02888934 7.38303518 -0.02889466
v -0.00797202 7.38303518 0.04007481
v -0.01563693 7.38303518 -0.03774961
v 0.02269939 7.38303518 -0.03397463
v -6E-07 7.38303518 0.04085995
v -0.02269952 7.38303518 -0.03397458
v 0.01563798 7.38303518 -0.03774903
v -6E-07 7.38303518 0.04085995
v 0.00797284 7.38303518 0.04007459
v -0.0288914 7.38303518 -0.02889306
v 0.00797181 7.38303518 -0.04007448
v 0.01563914 7.38303518 0.03774905
v -0.03397086 7.38303518 -0.02270374
v -3.77E-06 7.38303518 -0.04086003
v 0.02270269 7.38303518 0.03397355
v -0.03775146 7.38303518 -0.01563074
v -0.04007644 7.38303518 -0.00796627
v 0.28356835 1.41425274 -1.42559433
v -0.28356621 1.41425274 -1.42559481
v -2E-08 1.41425274 -1.4535234
v -0.55623746 1.41425274 -1.34288132
v 0.55623937 1.41425274 -1.34288049
v -0.80753279 1.41425274 -1.20856166
v 0.8075344 1.41425274 -1.20856059
v -1.02779508 1.41425274 -1.02779758
v 1.02779627 1.41425274 -1.02779627
v -1.20855975 1.41425274 -0.80753577
v 1.20856059 1.41425274 -0.80753422
v -1.34288001 1.41425274 -0.55624068
v 1.34288049 1.41425274 -0.55623919
v -1.42559421 1.41425274 -0.28356975
v 1.42559433 1.41425274 -0.28356829
v -1.45352352 1.41425274 -1.26E-06
v 1.4535234 1.41425274 3E-08
v -1.42559481 1.41425274 0.28356725
v 1.42559445 1.41425274 0.28356832
v -1.3428812 1.41425274 0.55623847
v 1.34288061 1.41425274 0.55623931
v -1.2085613 1.41425274 0.80753368
v 1.20856059 1.41425274 0.80753446
v -1.0277971 1.41425274 1.02779579
v 1.02779627 1.41425274 1.02779639
v -0.80753511 1.41425274 1.20856023
v 0.80753428 1.41425274 1.20856082
v -0.55624002 1.41425274 1.34288037
v 0.55623913 1.41425274 1.34288085
v -0.28356898 1.41425274 1.42559445
v 0.28356799 1.41425274 1.42559457
v -5E-07 1.41425274 1.45352364
v -0.00412013 7.45385122 -0.02071705
v 0.00412084 7.45385122 -0.02071654
v -2.2E-06 7.45385122 -0.02112263
v -0.00808389 7.45385122 -0.01951468
v 0.00808393 7.45385122 -0.01951438
v -0.01173495 7.45385122 -0.01756315
v 0.01173438 7.45385122 -0.01756317
v 0.01493432 7.45385122 -0.01493704
v -0.01493589 7.45385122 -0.01493622
v 0.01756131 7.45385122 -0.01173601
v -0.01756176 7.45385122 -0.0117366
v -0.01951617 7.45385122 -0.00808015
v 0.01951436 7.45385122 -0.00808211
v 0.020717 7.45385122 -0.00411757
v -0.02071809 7.45385122 -0.00411795
v -0.02112385 7.45385122 1.62E-06
v 0.02112269 7.45385122 1.46E-06
v 0.02071689 7.45385122 0.00412162
v -0.02071801 7.45385122 0.00412228
v 0.01951497 7.45385122 0.00808377
v -0.01951588 7.45385122 0.00808515
v 0.01756226 7.45385122 0.01173706
v -0.01756538 7.45385122 0.01173431
v -0.01493757 7.45385122 0.01493628
v 0.01493624 7.45385122 0.01493687
v -0.01173716 7.45385122 0.0175628
v 0.01173608 7.45385122 0.01756318
v -0.00808489 7.45385122 0.01951498
v 0.00808453 7.45385122 0.01951496
v 0.00412137 7.45385122 0.02071716
v -0.00412145 7.45385122 0.02071728
v -5.6E-07 7.45385122 0.02112316
vn -0.19508 0 -0.98079
vn -0.1808 0.37554 -0.909
vn 0 0.37554 -0.92681
vn 0 0 -1
vn 0.38268 0 -0.92388
vn 0.35467 0.37554 -0.85626
vn 0.51489 0.37554 -0.77062
vn 0.55557 0 -0.83147
vn 0.65535 0.37554 -0.65535
vn 0.70711 0 -0.70711
vn 0.77062 0.37554 -0.51489
vn 0.83147 0 -0.55557
vn 0.85626 0.37554 -0.35467
vn 0.92388 0 -0.38268
vn 0.909 0.37554 -0.1808
vn 0.98079 0 -0.19508
vn 0.92681 0.37554 -0
vn 1 0 -0
vn 0.909 0.37554 0.1808
vn 0.98079 0 0.19508
vn 0.85626 0.37554 0.35467
vn 0.92388 0 0.38268
vn 0.77062 0.37554 0.51489
vn 0.83147 0 0.55557
vn 0.65535 0.37554 0.65535
vn 0.70711 0 0.70711
vn 0.51489 0.37554 0.77062
vn 0.55557 0 0.83147
vn 0.35467 0.37554 0.85626
vn 0.38268 0 0.92388
vn 0.1808 0.37554 0.909
vn 0.19508 0 0.98079
vn 0 0.37554 0.92681
vn 0 0 1
vn -0.1808 0.37554 0.909
vn -0.19508 0 0.98079
vn -0.35467 0.37554 0.85626
vn -0.38268 0 0.92388
vn -0.51489 0.37554 0.77062
vn -0.55557 0 0.83147
vn -0.65535 0.37554 0.65535
vn -0.70711 0 0.70711
vn -0.77062 0.37554 0.51489
vn -0.83147 0 0.55557
vn -0.85626 0.37554 0.35467
vn -0.92388 0 0.38268
vn -0.909 0.37554 0.1808
vn -0.98079 0 0.19508
vn -0.92681 0.37554 -0
vn -1 0 -0
vn -0.909 0.37554 -0.1808
vn -0.98079 0 -0.19508
vn -0.85626 0.37554 -0.35467
vn -0.92388 0 -0.38268
vn -0.77062 0.37554 -0.51489
vn -0.83147 0 -0.55557
vn -0.65535 0.37554 -0.65535
vn -0.70711 0 -0.70711
vn -0.51489 0.37554 -0.77062
vn -0.55557 0 -0.83147
vn -0.35467 0.37554 -0.85626
vn -0.38268 0 -0.92388
vn 0.1808 0.37554 -0.909
vn 0.19508 0 -0.98079
vn 0 0.91583 -0.40157
vn 0.07834 0.91583 -0.39385
vn 0.15367 0.91583 -0.371
vn 0.2231 0.91583 -0.33388
vn 0.28395 0.91583 -0.28395
vn 0.33388 0.91583 -0.2231
vn 0.371 0.91583 -0.15367
vn 0.39385 0.91583 -0.07834
vn 0.40157 0.91583 -0
vn 0.39385 0.91583 0.07834
vn 0.371 0.91583 0.15367
vn 0.33388 0.91583 0.2231
vn 0.28395 0.91583 0.28395
vn 0.2231 0.91583 0.33388
vn 0.15367 0.91583 0.371
vn 0.07834 0.91583 0.39385
vn 0 0.91583 0.40157
vn -0.07834 0.91583 0.39385
vn -0.15367 0.91583 0.371
vn -0.2231 0.91583 0.33388
vn -0.28395 0.91583 0.28395
vn -0.33388 0.91583 0.2231
vn -0.371 0.91583 0.15367
vn -0.39385 0.91583 0.07834
vn -0.40157 0.91583 -0
vn -0.39385 0.91583 -0.07834
vn -0.371 0.91583 -0.15367
vn -0.33388 0.91583 -0.2231
vn -0.28395 0.91583 -0.28395
vn -0.2231 0.91583 -0.33388
vn -0.15367 0.91583 -0.371
vn -0.07834 0.91583 -0.39385
vn -0.80476 0.49118 -0.33333
vn -0.72426 0.49118 -0.48392
vn 0 1 -0
vn -0.16993 0.49118 -0.85432
vn 0 0.49118 -0.87106
vn 0.48392 0.49118 0.72426
vn 0.33333 0.49118 0.80476
vn -0.61593 0.49117 -0.61593
vn 0.16993 0.49118 0.85432
vn -0.25792 0.93111 -0.25792
vn -0.20265 0.9311 -0.3033
vn -0.20005 0.93292 -0.29939
vn -0.25459 0.93294 -0.25459
vn -0.48392 0.49118 -0.72426
vn 0 0.49118 0.87106
vn 0.33333 0.49118 -0.80476
vn 0.48392 0.49118 -0.72426
vn -0.33333 0.49118 -0.80476
vn -0.16993 0.49118 0.85432
vn 0.61593 0.49117 -0.61593
vn -0.33333 0.49118 0.80476
vn 0.72426 0.49118 -0.48392
vn -0.48392 0.49118 0.72426
vn 0.80476 0.49118 -0.33333
vn 0.16993 0.49118 -0.85432
vn -0.61593 0.49117 0.61593
vn 0.85432 0.49118 -0.16993
vn -0.72426 0.49118 0.48392
vn 0.87106 0.49118 -0
vn -0.80476 0.49118 0.33333
vn 0.85432 0.49118 0.16993
vn -0.85432 0.49118 0.16993
vn 0.80476 0.49118 0.33333
vn -0.87106 0.49118 -0
vn 0.72426 0.49118 0.48392
vn -0.85432 0.49118 -0.16993
vn 0.61593 0.49117 0.61593
vn 0 -0.32436 -0.94594
vn -0.18452 -0.32436 -0.92776
vn -0.18604 -0.30095 -0.93532
vn 0 -0.30095 -0.95364
vn 0 0.93293 -0.36006
vn 0.07022 0.93292 -0.35316
vn 0.36198 -0.32435 -0.87394
vn 0.18452 -0.32436 -0.92776
vn 0.18604 -0.30095 -0.93532
vn 0.36494 -0.30095 -0.88105
vn 0.13779 0.93293 -0.33265
vn 0.52554 -0.32436 -0.78651
vn 0.52981 -0.30095 -0.79292
vn 0.20005 0.93292 -0.29939
vn 0.66888 -0.32435 -0.66888
vn 0.67433 -0.30095 -0.67433
vn 0.25459 0.93294 -0.25459
vn 0.78651 -0.32436 -0.52554
vn 0.79292 -0.30095 -0.52981
vn 0.29939 0.93292 -0.20005
vn 0.87394 -0.32435 -0.36198
vn 0.88105 -0.30095 -0.36494
vn 0.33265 0.93293 -0.13779
vn 0.92776 -0.32436 -0.18452
vn 0.93532 -0.30095 -0.18604
vn 0.35316 0.93292 -0.07022
vn 0.94594 -0.32436 -0
vn 0.95364 -0.30095 -0
vn 0.36006 0.93293 -0
vn 0.92776 -0.32436 0.18452
vn 0.93532 -0.30095 0.18604
vn 0.35316 0.93292 0.07022
vn 0.87394 -0.32435 0.36198
vn 0.88105 -0.30095 0.36494
vn 0.33265 0.93293 0.13779
vn 0.78651 -0.32436 0.52554
vn 0.79292 -0.30095 0.52981
vn 0.29939 0.93292 0.20005
vn 0.66888 -0.32435 0.66888
vn 0.67433 -0.30095 0.67433
vn 0.25459 0.93294 0.25459
vn 0.52554 -0.32436 0.78651
vn 0.52981 -0.30095 0.79292
vn 0.20005 0.93292 0.29939
vn 0.36198 -0.32435 0.87394
vn 0.36494 -0.30095 0.88105
vn 0.13779 0.93293 0.33265
vn 0.18452 -0.32436 0.92776
vn 0.18604 -0.30095 0.93532
vn 0.07022 0.93292 0.35316
vn 0 -0.32436 0.94594
vn 0 -0.30095 0.95364
vn 0 0.93293 0.36006
vn -0.18452 -0.32436 0.92776
vn -0.18604 -0.30095 0.93532
vn -0.07022 0.93292 0.35316
vn -0.36198 -0.32435 0.87394
vn -0.36494 -0.30095 0.88105
vn -0.13779 0.93293 0.33265
vn -0.52554 -0.32436 0.78651
vn -0.52981 -0.30095 0.79292
vn -0.20005 0.93292 0.29939
vn -0.66888 -0.32435 0.66888
vn -0.67433 -0.30095 0.67433
vn -0.25459 0.93294 0.25459
vn -0.78651 -0.32436 0.52554
vn -0.79292 -0.30095 0.52981
vn -0.29939 0.93292 0.20005
vn -0.87394 -0.32435 0.36198
vn -0.88105 -0.30095 0.36494
vn -0.33265 0.93293 0.13779
vn -0.92776 -0.32436 0.18452
vn -0.93532 -0.30095 0.18604
vn -0.35316 0.93292 0.07022
vn -0.94594 -0.32436 -0
vn -0.95364 -0.30095 -0
vn -0.36006 0.93293 -0
vn -0.92776 -0.32436 -0.18452
vn -0.93532 -0.30095 -0.18604
vn -0.35316 0.93292 -0.07022
vn -0.87394 -0.32435 -0.36198
vn -0.88105 -0.30095 -0.36494
vn -0.33265 0.93293 -0.13779
vn -0.78651 -0.32436 -0.52554
vn -0.79292 -0.30095 -0.52981
vn -0.29939 0.93292 -0.20005
vn -0.66888 -0.32435 -0.66888
vn -0.67433 -0.30095 -0.67433
vn -0.52554 -0.32436 -0.78651
vn -0.52981 -0.30095 -0.79292
vn -0.36198 -0.32435 -0.87394
vn -0.36494 -0.30095 -0.88105
vn -0.13779 0.93293 -0.33265
vn -0.07022 0.93292 -0.35316
vn 0 0.9311 -0.36476
vn 0.07114 0.93111 -0.35774
vn -0.97417 0.22581 -0
vn -0.95546 0.22581 0.19004
vn -0.89006 0.42006 0.17704
vn -0.90749 0.42007 -0
vn -0.25792 0.93111 0.25792
vn -0.3033 0.9311 0.20265
vn 0.25792 0.93111 0.25792
vn 0.20265 0.9311 0.3033
vn 0.25792 0.93111 -0.25792
vn 0.3033 0.9311 -0.20265
vn -0.35774 0.93111 0.07114
vn -0.36476 0.9311 -0
vn 0.07114 0.93111 0.35774
vn 0 0.9311 0.36476
vn 0.35774 0.93111 -0.07114
vn 0.36476 0.9311 -0
vn -0.33699 0.9311 -0.13959
vn -0.3033 0.9311 -0.20265
vn -0.13959 0.9311 0.33699
vn -0.20265 0.9311 0.3033
vn 0.33699 0.9311 0.13959
vn 0.3033 0.9311 0.20265
vn 0.13959 0.9311 -0.33699
vn 0.20265 0.9311 -0.3033
vn -0.13959 0.9311 -0.33699
vn -0.33699 0.9311 0.13959
vn 0.13959 0.9311 0.33699
vn 0.33699 0.9311 -0.13959
vn -0.35774 0.93111 -0.07114
vn -0.07114 0.93111 0.35774
vn 0.35774 0.93111 0.07114
vn -0.07114 0.93111 -0.35774
vn 0 0.38009 -0.92495
vn 0.18043 0.38009 -0.90718
vn 0.14958 0.64186 -0.75209
vn 0 0.64185 -0.76683
vn 0.35396 0.38009 -0.85454
vn 0.29345 0.64186 -0.70845
vn 0.51387 0.38008 -0.76907
vn 0.42602 0.64186 -0.63759
vn 0.65404 0.38009 -0.65404
vn 0.54223 0.64185 -0.54223
vn 0.76907 0.38008 -0.51387
vn 0.63759 0.64186 -0.42602
vn 0.85454 0.38009 -0.35396
vn 0.70845 0.64186 -0.29345
vn 0.90718 0.38009 -0.18043
vn 0.75209 0.64186 -0.14958
vn 0.92495 0.38009 -0
vn 0.76683 0.64185 -0
vn 0.90718 0.38009 0.18043
vn 0.75209 0.64186 0.14958
vn 0.85454 0.38009 0.35396
vn 0.70845 0.64186 0.29345
vn 0.76907 0.38008 0.51387
vn 0.63759 0.64186 0.42602
vn 0.65404 0.38009 0.65404
vn 0.54223 0.64185 0.54223
vn 0.51387 0.38008 0.76907
vn 0.42602 0.64186 0.63759
vn 0.35396 0.38009 0.85454
vn 0.29345 0.64186 0.70845
vn 0.18043 0.38009 0.90718
vn 0.14958 0.64186 0.75209
vn 0 0.38009 0.92495
vn 0 0.64185 0.76683
vn -0.18043 0.38009 0.90718
vn -0.14958 0.64186 0.75209
vn -0.35396 0.38009 0.85454
vn -0.29345 0.64186 0.70845
vn -0.51387 0.38008 0.76907
vn -0.42602 0.64186 0.63759
vn -0.65404 0.38009 0.65404
vn -0.54223 0.64185 0.54223
vn -0.76907 0.38008 0.51387
vn -0.63759 0.64186 0.42602
vn -0.85454 0.38009 0.35396
vn -0.70845 0.64186 0.29345
vn -0.90718 0.38009 0.18043
vn -0.75209 0.64186 0.14958
vn -0.92495 0.38009 -0
vn -0.76683 0.64185 -0
vn -0.90718 0.38009 -0.18043
vn -0.75209 0.64186 -0.14958
vn -0.85454 0.38009 -0.35396
vn -0.70845 0.64186 -0.29345
vn -0.76907 0.38008 -0.51387
vn -0.63759 0.64186 -0.42602
vn -0.65404 0.38009 -0.65404
vn -0.54223 0.64185 -0.54223
vn -0.51387 0.38008 -0.76907
vn -0.42602 0.64186 -0.63759
vn -0.35396 0.38009 -0.85454
vn -0.29345 0.64186 -0.70845
vn -0.18043 0.38009 -0.90718
vn -0.14958 0.64186 -0.75209
vn 0 0.29598 -0.9552
vn 0.18635 0.29597 -0.93684
vn 0.19487 -0.04633 -0.97974
vn 0 -0.04633 -0.99893
vn -0.36553 0.29597 -0.88249
vn -0.18635 0.29597 -0.93684
vn -0.19487 -0.04633 -0.97974
vn -0.38225 -0.04633 -0.9229
vn -0.53066 0.29597 -0.79423
vn -0.55496 -0.04633 -0.83058
vn -0.67542 0.29598 -0.67542
vn -0.70635 -0.04633 -0.70635
vn -0.79423 0.29597 -0.53066
vn -0.83058 -0.0463 -0.55496
vn -0.88249 0.29597 -0.36553
vn -0.9229 -0.0463 -0.38225
vn -0.93684 0.29597 -0.18635
vn -0.97974 -0.04633 -0.19487
vn -0.9552 0.29598 -0
vn -0.99893 -0.04633 -0
vn -0.93684 0.29597 0.18635
vn -0.97974 -0.04633 0.19487
vn -0.88249 0.29597 0.36553
vn -0.9229 -0.04633 0.38225
vn -0.79423 0.29597 0.53066
vn -0.83058 -0.0463 0.55496
vn -0.67542 0.29598 0.67542
vn -0.70635 -0.0463 0.70635
vn -0.53066 0.29597 0.79423
vn -0.55496 -0.0463 0.83058
vn -0.36553 0.29597 0.88249
vn -0.38225 -0.04633 0.9229
vn -0.18635 0.29597 0.93684
vn -0.19487 -0.04633 0.97974
vn 0 0.29598 0.9552
vn 0 -0.04633 0.99893
vn 0.18635 0.29597 0.93684
vn 0.19487 -0.04633 0.97974
vn 0.36553 0.29597 0.88249
vn 0.38225 -0.04633 0.9229
vn 0.53066 0.29597 0.79423
vn 0.55496 -0.0463 0.83058
vn 0.67542 0.29598 0.67542
vn 0.70635 -0.04633 0.70635
vn 0.79423 0.29597 0.53066
vn 0.83058 -0.0463 0.55496
vn 0.88249 0.29597 0.36553
vn 0.9229 -0.04633 0.38225
vn 0.93684 0.29597 0.18635
vn 0.97974 -0.0463 0.19487
vn 0.9552 0.29598 -0
vn 0.99893 -0.0463 -0
vn 0.93684 0.29597 -0.18635
vn 0.97974 -0.04633 -0.19487
vn 0.88249 0.29597 -0.36553
vn 0.9229 -0.04633 -0.38225
vn 0.79423 0.29597 -0.53066
vn 0.83058 -0.0463 -0.55496
vn 0.67542 0.29598 -0.67542
vn 0.70635 -0.04633 -0.70635
vn 0.53066 0.29597 -0.79423
vn 0.55496 -0.04633 -0.83058
vn 0.36553 0.29597 -0.88249
vn 0.38225 -0.0463 -0.9229
vn -0.32137 0.54291 0.77587
vn -0.16383 0.54291 0.82366
vn -0.19303 0.1449 0.97043
vn -0.37865 0.1449 0.91413
vn 0.80999 0.22581 0.54123
vn 0.90002 0.22581 0.37279
vn 0.83842 0.42006 0.34728
vn 0.75455 0.42007 0.50418
vn -0.95546 0.22581 -0.19004
vn -0.89006 0.42006 -0.17704
vn 0.68884 0.22581 0.68884
vn 0.6417 0.42007 0.6417
vn -0.90002 0.22581 -0.37279
vn -0.83842 0.42006 -0.34728
vn 0.54123 0.22581 0.80999
vn 0.50418 0.42007 0.75455
vn -0.80999 0.22581 -0.54123
vn -0.75455 0.42007 -0.50418
vn 0.37279 0.22581 0.90002
vn 0.34728 0.42006 0.83842
vn 0.19004 0.22581 -0.95546
vn 0 0.22581 -0.97417
vn 0 0.42007 -0.90749
vn 0.17704 0.42006 -0.89006
vn -0.68884 0.22581 -0.68884
vn -0.6417 0.42007 -0.6417
vn 0.19004 0.22581 0.95546
vn 0.17704 0.42006 0.89006
vn 0.37279 0.22581 -0.90002
vn 0.34728 0.42006 -0.83842
vn -0.54123 0.22581 -0.80999
vn -0.50418 0.42007 -0.75455
vn 0 0.22581 0.97417
vn 0 0.42007 0.90749
vn 0.54123 0.22581 -0.80999
vn 0.50418 0.42007 -0.75455
vn -0.37279 0.22581 -0.90002
vn -0.34728 0.42006 -0.83842
vn -0.19004 0.22581 0.95546
vn -0.17704 0.42006 0.89006
vn 0.68884 0.22581 -0.68884
vn 0.6417 0.42007 -0.6417
vn -0.19004 0.22581 -0.95546
vn -0.17704 0.42006 -0.89006
vn -0.37279 0.22581 0.90002
vn -0.34728 0.42006 0.83842
vn 0.80999 0.22581 -0.54123
vn 0.75455 0.42007 -0.50418
vn -0.54123 0.22581 0.80999
vn -0.50418 0.42007 0.75455
vn 0.90002 0.22581 -0.37279
vn 0.83842 0.42006 -0.34728
vn -0.68884 0.22581 0.68884
vn -0.6417 0.42007 0.6417
vn 0.95546 0.22581 -0.19004
vn 0.89006 0.42006 -0.17704
vn -0.80999 0.22581 0.54123
vn -0.75455 0.42007 0.50418
vn 0.97417 0.22581 -0
vn 0.90749 0.42007 -0
vn -0.90002 0.22581 0.37279
vn -0.83842 0.42006 0.34728
vn 0.95546 0.22581 0.19004
vn 0.89006 0.42006 0.17704
vn 0.91753 -0.11707 0.38005
vn 0.97404 -0.11707 0.19373
vn 0.97874 0.06452 0.19468
vn 0.92195 0.06452 0.38189
vn -0.97404 -0.11707 0.19373
vn -0.91753 -0.11707 0.38005
vn -0.92195 0.06452 0.38189
vn -0.97874 0.06452 0.19468
vn 0.99312 -0.11707 -0
vn 0.99792 0.06452 -0
vn -0.82575 -0.11707 0.55175
vn -0.82973 0.06452 0.55442
vn 0.97404 -0.11707 -0.19373
vn 0.97874 0.06452 -0.19468
vn -0.70224 -0.11707 0.70224
vn -0.70563 0.06452 0.70563
vn 0.91753 -0.11707 -0.38005
vn 0.92195 0.06452 -0.38189
vn -0.55175 -0.11707 0.82575
vn -0.55442 0.06452 0.82973
vn 0.82575 -0.11707 -0.55175
vn 0.82973 0.06452 -0.55442
vn -0.38005 -0.11707 0.91753
vn -0.38189 0.06452 0.92195
vn 0 -0.11707 -0.99312
vn -0.19373 -0.11707 -0.97404
vn -0.19468 0.06452 -0.97874
vn 0 0.06452 -0.99792
vn 0.70224 -0.11707 -0.70224
vn 0.70563 0.06452 -0.70563
vn -0.19373 -0.11707 0.97404
vn -0.19468 0.06452 0.97874
vn -0.38005 -0.11707 -0.91753
vn -0.38189 0.06452 -0.92195
vn 0.55175 -0.11707 -0.82575
vn 0.55442 0.06452 -0.82973
vn 0 -0.11707 0.99312
vn 0 0.06452 0.99792
vn -0.55175 -0.11707 -0.82575
vn -0.55442 0.06452 -0.82973
vn 0.38005 -0.11707 -0.91753
vn 0.38189 0.06452 -0.92195
vn 0.19373 -0.11707 0.97404
vn 0.19468 0.06452 0.97874
vn -0.70224 -0.11707 -0.70224
vn -0.70563 0.06452 -0.70563
vn 0.19373 -0.11707 -0.97404
vn 0.19468 0.06452 -0.97874
vn 0.38005 -0.11707 0.91753
vn 0.38189 0.06452 0.92195
vn -0.82575 -0.11707 -0.55175
vn -0.82973 0.06452 -0.55442
vn 0.55175 -0.11707 0.82575
vn 0.55442 0.06452 0.82973
vn -0.91753 -0.11707 -0.38005
vn -0.92195 0.06452 -0.38189
vn 0.70224 -0.11707 0.70224
vn 0.70563 0.06452 0.70563
vn -0.97404 -0.11707 -0.19373
vn -0.97874 0.06452 -0.19468
vn 0.82575 -0.11707 0.55175
vn 0.82973 0.06452 0.55442
vn -0.99312 -0.11707 -0
vn -0.99792 0.06452 -0
vn -0.4045 -0.82022 -0.4045
vn -0.47564 -0.82023 -0.31779
vn -0.24733 -0.95473 -0.16526
vn -0.21034 -0.95473 -0.21034
vn 0.69826 0.54292 -0.46656
vn 0.59382 0.54291 -0.59382
vn 0.69964 0.1449 -0.69964
vn 0.8227 0.1449 -0.5497
vn 0 0.5429 -0.83979
vn -0.16383 0.54291 -0.82366
vn -0.193 0.1449 -0.97044
vn 0 0.1449 -0.98945
vn -0.46656 0.54292 0.69826
vn -0.5497 0.1449 0.8227
vn 0.77587 0.54291 -0.32137
vn 0.91414 0.1449 -0.37862
vn -0.59382 0.54291 0.59382
vn -0.69964 0.1449 0.69964
vn 0.82366 0.54291 -0.16383
vn 0.97043 0.1449 -0.19303
vn -0.69826 0.54292 0.46656
vn -0.8227 0.1449 0.5497
vn 0.83979 0.5429 -0
vn 0.98945 0.1449 -0
vn -0.77587 0.54291 0.32137
vn -0.91414 0.1449 0.37862
vn 0.82366 0.54291 0.16383
vn 0.97043 0.1449 0.19303
vn -0.82366 0.54291 0.16383
vn -0.97043 0.1449 0.19303
vn 0.77587 0.54291 0.32137
vn 0.91413 0.1449 0.37865
vn -0.83979 0.5429 -0
vn -0.98945 0.1449 -0
vn 0.69826 0.54292 0.46656
vn 0.8227 0.1449 0.5497
vn -0.82366 0.54291 -0.16383
vn -0.97043 0.1449 -0.19303
vn 0.59382 0.54291 0.59382
vn 0.69964 0.1449 0.69964
vn -0.77587 0.54291 -0.32137
vn -0.91413 0.1449 -0.37865
vn 0.46656 0.54292 0.69826
vn 0.5497 0.1449 0.8227
vn -0.69826 0.54292 -0.46656
vn -0.8227 0.1449 -0.5497
vn 0.32137 0.54291 0.77587
vn 0.37862 0.1449 0.91414
vn 0.16383 0.54291 -0.82366
vn 0.19303 0.1449 -0.97043
vn -0.59382 0.54291 -0.59382
vn -0.69964 0.1449 -0.69964
vn 0.16383 0.54291 0.82366
vn 0.19303 0.1449 0.97043
vn 0.32137 0.54291 -0.77587
vn 0.37865 0.1449 -0.91413
vn -0.46656 0.54292 -0.69826
vn -0.5497 0.1449 -0.8227
vn 0 0.5429 0.83979
vn 0 0.1449 0.98945
vn 0.46656 0.54292 -0.69826
vn 0.5497 0.1449 -0.8227
vn -0.32137 0.54291 -0.77587
vn -0.37862 0.1449 -0.91414
vn 0.4045 -0.82022 -0.4045
vn 0.31779 -0.82023 -0.47564
vn 0.16526 -0.95473 -0.24733
vn 0.21034 -0.95473 -0.21034
vn 0.11158 -0.82022 0.56106
vn 0.21891 -0.82023 0.5285
vn 0.11381 -0.95473 0.27483
vn 0.05802 -0.95474 0.29173
vn 0 -0.82022 -0.57204
vn -0.11158 -0.82022 -0.56106
vn -0.05802 -0.95474 -0.29173
vn 0 -0.95474 -0.29744
vn -0.31779 -0.82023 -0.47564
vn -0.16526 -0.95473 -0.24733
vn 0 -0.82022 0.57204
vn 0 -0.95474 0.29744
vn 0.53842 -0.28297 -0.79374
vn 0.37322 -0.28297 -0.88353
vn 0.37655 0.18171 -0.9084
vn 0.54654 0.18171 -0.81748
vn -0.21891 -0.82023 -0.5285
vn -0.11381 -0.95473 -0.27483
vn -0.11158 -0.82022 0.56106
vn -0.05802 -0.95474 0.29173
vn 0.21891 -0.82023 -0.5285
vn 0.11384 -0.95473 -0.27483
vn -0.21891 -0.82023 0.5285
vn -0.11384 -0.95473 0.27483
vn 0.47564 -0.82023 -0.31779
vn 0.24733 -0.95473 -0.16526
vn -0.31779 -0.82023 0.47564
vn -0.16526 -0.95473 0.24733
vn 0.5285 -0.82023 -0.21891
vn 0.27483 -0.95473 -0.11384
vn 0.11158 -0.82022 -0.56106
vn 0.05802 -0.95474 -0.29173
vn -0.4045 -0.82022 0.4045
vn -0.21034 -0.95473 0.21034
vn 0.56106 -0.82022 -0.11158
vn 0.29173 -0.95474 -0.05802
vn -0.47564 -0.82023 0.31779
vn -0.24733 -0.95473 0.16526
vn 0.57204 -0.82022 -0
vn 0.29744 -0.95474 -0
vn -0.5285 -0.82023 0.21891
vn -0.27483 -0.95473 0.11381
vn 0.56106 -0.82022 0.11158
vn 0.29173 -0.95474 0.05802
vn -0.56106 -0.82022 0.11158
vn -0.29173 -0.95474 0.05802
vn 0.5285 -0.82023 0.21891
vn 0.27483 -0.95473 0.11384
vn -0.57204 -0.82022 -0
vn -0.29744 -0.95474 -0
vn 0.47564 -0.82023 0.31779
vn 0.24733 -0.95473 0.16526
vn -0.56106 -0.82022 -0.11158
vn -0.29173 -0.95474 -0.05802
vn 0.4045 -0.82022 0.4045
vn 0.21034 -0.95473 0.21034
vn -0.5285 -0.82023 -0.21891
vn -0.27483 -0.95473 -0.11384
vn 0.31779 -0.82023 0.47564
vn 0.16526 -0.95473 0.24733
vn 0.46514 -0.53885 0.70234
vn 0.59413 -0.54261 0.59379
vn 0.68293 -0.28298 0.67344
vn 0.53561 -0.28267 0.79575
vn -0.7838 -0.52939 -0.32467
vn -0.83208 -0.52939 -0.16551
vn -0.9452 -0.26692 -0.188
vn -0.89036 -0.26692 -0.36879
vn 0.69856 -0.54261 0.46646
vn 0.80119 -0.28297 0.52728
vn -0.84838 -0.52939 -0
vn -0.96372 -0.26692 -0
vn 0.77614 -0.54261 0.32122
vn 0.88866 -0.28298 0.36083
vn -0.83208 -0.52939 0.16551
vn -0.9452 -0.26692 0.188
vn 0.8239 -0.5426 0.16361
vn 0.94198 -0.28298 0.18052
vn -0.78332 -0.53205 0.32146
vn -0.8909 -0.26722 0.36726
vn 0.84169 -0.53995 -0.00302
vn 0.95915 -0.28276 -0.00858
vn -0.70217 -0.53621 0.46843
vn -0.79475 -0.28248 0.5372
vn 0.82918 -0.53293 -0.16865
vn 0.9445 -0.26695 -0.19148
vn -0.59573 -0.53292 0.60092
vn -0.67894 -0.26695 0.68394
vn 0.78315 -0.53292 -0.32042
vn 0.89171 -0.26695 -0.3655
vn -0.47134 -0.52939 0.7054
vn -0.5354 -0.26692 0.80131
vn 0.70154 -0.53994 -0.46508
vn 0.80226 -0.28276 -0.52576
vn -0.32467 -0.52939 0.7838
vn -0.36879 -0.26692 0.89036
vn 0.00021 -0.54261 -0.83999
vn -0.16361 -0.5426 -0.8239
vn -0.18052 -0.28298 -0.94198
vn 0.00668 -0.28298 -0.9591
vn 0.59413 -0.54261 -0.59379
vn 0.68292 -0.28297 -0.67346
vn -0.16551 -0.52939 0.83208
vn -0.188 -0.26692 0.9452
vn -0.32552 -0.53885 -0.77697
vn -0.36407 -0.28267 -0.88744
vn 0.46689 -0.5426 -0.69828
vn 0 -0.52939 0.84838
vn 0 -0.26692 0.96372
vn -0.47268 -0.53204 -0.70249
vn -0.53671 -0.26723 -0.80033
vn 0.32167 -0.5426 -0.77596
vn 0.16551 -0.52939 0.83208
vn 0.188 -0.26692 0.9452
vn -0.59989 -0.52939 -0.59989
vn -0.68145 -0.26692 -0.68145
vn 0.1641 -0.5426 -0.82381
vn 0.19367 -0.28297 -0.93937
vn 0.32146 -0.53205 0.78332
vn 0.36726 -0.26722 0.8909
vn -0.7054 -0.52939 -0.47134
vn -0.80131 -0.26692 -0.5354
vn -0.12983 0.9723 -0.19434
vn -0.08942 0.97231 -0.21592
vn -0.02573 0.99773 -0.06217
vn -0.03739 0.99773 -0.05594
vn -0.54544 0.1829 -0.81795
vn -0.37609 0.18168 -0.9086
vn 0 0.18412 0.9829
vn -0.19175 0.18412 0.96402
vn 0.69553 0.18171 -0.69514
vn -0.19157 0.18171 -0.96451
vn -0.37614 0.18412 0.90808
vn 0.81708 0.18287 -0.54675
vn 0.00024 0.18171 -0.98335
vn -0.54608 0.18412 0.81725
vn 0.90808 0.18412 -0.37614
vn -0.69502 0.18412 0.69502
vn 0.96402 0.18412 -0.19175
vn -0.81785 0.18281 0.54562
vn 0.98314 0.18287 0.00064
vn -0.90795 0.1829 0.37707
vn 0.96451 0.18171 0.19157
vn -0.96402 0.18412 0.19175
vn 0.90861 0.18171 0.37605
vn -0.9829 0.18412 -0
vn 0.81777 0.18171 0.54611
vn -0.96402 0.18412 -0.19175
vn 0.69553 0.18171 0.69514
vn -0.90808 0.18412 -0.37614
vn 0.5465 0.18168 0.81751
vn -0.81725 0.18412 -0.54608
vn 0.37707 0.1829 0.90795
vn 0.19209 0.18171 -0.96441
vn -0.69502 0.18412 -0.69502
vn 0.19175 0.18412 0.96402
vn 0.18803 -0.26628 -0.94538
vn 0 -0.26628 -0.9639
vn 0.36886 -0.26628 -0.89053
vn 0.53551 -0.26628 -0.80145
vn 0.68158 -0.26628 -0.68158
vn 0.80145 -0.26628 -0.53551
vn 0.89053 -0.26628 -0.36886
vn 0.94538 -0.26628 -0.18803
vn 0.9639 -0.26628 -0
vn 0.94538 -0.26628 0.18803
vn 0.89053 -0.26628 0.36886
vn 0.80145 -0.26628 0.53551
vn 0.68158 -0.26628 0.68158
vn 0.53551 -0.26628 0.80145
vn 0.36886 -0.26628 0.89053
vn 0.18803 -0.26628 0.94538
vn 0 -0.26628 0.9639
vn -0.18803 -0.26628 0.94538
vn -0.36886 -0.26628 0.89053
vn -0.53551 -0.26628 0.80145
vn -0.68158 -0.26628 0.68158
vn -0.80145 -0.26628 0.53551
vn -0.89053 -0.26628 0.36886
vn -0.94538 -0.26628 0.18803
vn -0.9639 -0.26628 -0
vn -0.94538 -0.26628 -0.18803
vn -0.89053 -0.26628 -0.36886
vn -0.80145 -0.26628 -0.53551
vn -0.68158 -0.26628 -0.68158
vn -0.53551 -0.26628 -0.80145
vn -0.36886 -0.26628 -0.89053
vn -0.18803 -0.26628 -0.94538
vn -0.92101 0.07877 -0.38149
vn -0.97774 0.07877 -0.19447
vn -0.72514 -0.67332 -0.14424
vn -0.68307 -0.67333 -0.28292
vn 0.19434 0.9723 0.12983
vn 0.16526 0.97231 0.16526
vn 0.04758 0.99773 0.04758
vn 0.05594 0.99773 0.03739
vn -0.0456 0.9723 -0.22923
vn -0.01312 0.99773 -0.06598
vn 0.0456 0.9723 0.22923
vn 0 0.97231 0.23371
vn 0 0.99773 0.06729
vn 0.01312 0.99773 0.06598
vn 0.12983 0.9723 0.19434
vn 0.03739 0.99773 0.05594
vn 0 0.97231 -0.23371
vn 0 0.99773 -0.06729
vn -0.08942 0.97231 0.21592
vn -0.12983 0.9723 0.19434
vn -0.03739 0.99773 0.05594
vn -0.02573 0.99773 0.06217
vn 0.08942 0.97231 0.21592
vn 0.02573 0.99773 0.06217
vn 0.0456 0.9723 -0.22923
vn 0.01312 0.99773 -0.06598
vn -0.16526 0.97231 0.16526
vn -0.04758 0.99773 0.04758
vn 0.08942 0.97231 -0.21592
vn 0.02573 0.99773 -0.06217
vn -0.19434 0.9723 0.12983
vn -0.05594 0.99773 0.03739
vn 0.12986 0.9723 -0.19434
vn 0.03739 0.99773 -0.05594
vn -0.21592 0.97231 0.08942
vn -0.06217 0.99773 0.02573
vn -0.0456 0.9723 0.22923
vn -0.01312 0.99773 0.06598
vn 0.16526 0.97231 -0.16526
vn 0.04758 0.99773 -0.04758
vn -0.22923 0.9723 0.0456
vn -0.06598 0.99773 0.01312
vn 0.19434 0.9723 -0.12983
vn 0.05594 0.99773 -0.03739
vn -0.23371 0.97231 -0
vn -0.06729 0.99773 -0
vn 0.21592 0.97231 -0.08942
vn 0.06217 0.99773 -0.02573
vn -0.22923 0.9723 -0.0456
vn -0.06598 0.99773 -0.01312
vn 0.22923 0.9723 -0.0456
vn 0.06598 0.99773 -0.01312
vn -0.21592 0.97231 -0.08942
vn -0.06217 0.99773 -0.02573
vn 0.23371 0.97231 -0
vn 0.06729 0.99773 -0
vn -0.19434 0.9723 -0.12983
vn -0.05594 0.99773 -0.03739
vn 0.22923 0.9723 0.0456
vn 0.06598 0.99773 0.01312
vn -0.16526 0.97231 -0.16526
vn -0.04758 0.99773 -0.04758
vn 0.21592 0.97231 0.08942
vn 0.06217 0.99773 0.02573
vn -0.38241 -0.92086 -0.07605
vn -0.36022 -0.92086 -0.14921
vn 0.3242 -0.92085 0.21662
vn 0.27571 -0.92085 0.27571
vn -0.38991 -0.92085 -0
vn 0.36022 -0.92086 0.14921
vn -0.38241 -0.92086 0.07605
vn 0.38241 -0.92086 0.07605
vn -0.36022 -0.92086 0.14921
vn 0.38991 -0.92085 -0
vn -0.3242 -0.92085 0.21662
vn 0.38241 -0.92086 -0.07605
vn -0.27571 -0.92085 0.27571
vn 0.36022 -0.92086 -0.14921
vn -0.21662 -0.92085 0.3242
vn 0.3242 -0.92085 -0.21662
vn -0.14921 -0.92086 0.36022
vn -0.07605 -0.92086 -0.38241
vn 0 -0.92085 -0.38991
vn 0.27571 -0.92085 -0.27571
vn -0.07605 -0.92086 0.38241
vn -0.14921 -0.92086 -0.36022
vn 0.21662 -0.92085 -0.3242
vn 0 -0.92085 0.38991
vn -0.21662 -0.92085 -0.3242
vn 0.14921 -0.92086 -0.36022
vn 0.07605 -0.92086 0.38241
vn -0.27571 -0.92085 -0.27571
vn 0.07605 -0.92086 -0.38241
vn 0.14921 -0.92086 0.36022
vn -0.3242 -0.92085 -0.21662
vn 0.21662 -0.92085 0.3242
vn 0 -0.79013 -0.61294
vn 0.11957 -0.79013 -0.60116
vn 0.23454 -0.79014 -0.56628
vn 0.34053 -0.79013 -0.50963
vn 0.4334 -0.79014 -0.4334
vn 0.50963 -0.79013 -0.34053
vn 0.56628 -0.79014 -0.23454
vn 0.60116 -0.79013 -0.11957
vn 0.61294 -0.79013 -0
vn 0.60116 -0.79013 0.11957
vn 0.56628 -0.79014 0.23454
vn 0.50963 -0.79013 0.34053
vn 0.4334 -0.79014 0.4334
vn 0.34053 -0.79013 0.50963
vn 0.23454 -0.79014 0.56628
vn 0.11957 -0.79013 0.60116
vn 0 -0.79013 0.61294
vn -0.11957 -0.79013 0.60116
vn -0.23454 -0.79014 0.56628
vn -0.34053 -0.79013 0.50963
vn -0.4334 -0.79014 0.4334
vn -0.50963 -0.79013 0.34053
vn -0.56628 -0.79014 0.23454
vn -0.60116 -0.79013 0.11957
vn -0.61294 -0.79013 -0
vn -0.60116 -0.79013 -0.11957
vn -0.56628 -0.79014 -0.23454
vn -0.50963 -0.79013 -0.34053
vn -0.4334 -0.79014 -0.4334
vn -0.34053 -0.79013 -0.50963
vn -0.23454 -0.79014 -0.56628
vn -0.11957 -0.79013 -0.60116
vn 0.13016 0.74487 -0.65439
vn 0 0.74487 -0.6672
vn 0.18894 -0.24861 -0.95
vn 0 -0.24861 -0.9686
vn 0.25533 0.74489 -0.6164
vn 0.37065 -0.24861 -0.89488
vn 0.37066 0.74489 -0.55475
vn 0.53812 -0.24861 -0.80537
vn 0.47177 0.74489 -0.47177
vn 0.68491 -0.24861 -0.68491
vn 0.55475 0.74489 -0.37066
vn 0.80537 -0.24861 -0.53812
vn 0.6164 0.74489 -0.25533
vn 0.89488 -0.24861 -0.37065
vn 0.65437 0.74489 -0.13017
vn 0.95 -0.24861 -0.18894
vn 0.6672 0.74487 -0
vn 0.9686 -0.24861 -0
vn 0.65437 0.74489 0.13017
vn 0.95 -0.24861 0.18894
vn 0.6164 0.74489 0.25533
vn 0.89488 -0.24861 0.37065
vn 0.55475 0.74489 0.37066
vn 0.80537 -0.24861 0.53812
vn 0.47177 0.74489 0.47177
vn 0.68491 -0.24861 0.68491
vn 0.37066 0.74489 0.55475
vn 0.53812 -0.24861 0.80537
vn 0.25533 0.74489 0.6164
vn 0.37065 -0.24861 0.89488
vn 0.13016 0.74487 0.65439
vn 0.18894 -0.24861 0.95
vn 0 0.74489 0.66719
vn 0 -0.24861 0.9686
vn -0.13017 0.74489 0.65437
vn -0.18894 -0.24861 0.95
vn -0.25533 0.74489 0.6164
vn -0.37065 -0.24861 0.89488
vn -0.37069 0.74488 0.55475
vn -0.53812 -0.24861 0.80537
vn -0.47177 0.74489 0.47177
vn -0.68491 -0.24861 0.68491
vn -0.55475 0.74489 0.37066
vn -0.80537 -0.24861 0.53812
vn -0.6164 0.74489 0.25533
vn -0.89488 -0.24861 0.37065
vn -0.65437 0.74489 0.13017
vn -0.95 -0.24861 0.18894
vn -0.6672 0.74487 -0
vn -0.9686 -0.24861 -0
vn -0.65437 0.74489 -0.13017
vn -0.95 -0.24861 -0.18894
vn -0.6164 0.74489 -0.25533
vn -0.89488 -0.24861 -0.37065
vn -0.55475 0.74489 -0.37066
vn -0.80537 -0.24861 -0.53812
vn -0.47177 0.74489 -0.47177
vn -0.68491 -0.24861 -0.68491
vn -0.37066 0.74489 -0.55475
vn -0.53812 -0.24861 -0.80537
vn -0.25533 0.74489 -0.6164
vn -0.37065 -0.24861 -0.89488
vn -0.13017 0.74489 -0.65437
vn -0.18894 -0.24861 -0.95
vn 0 0.98026 0.19773
vn -0.03858 0.98026 0.19392
vn -0.07566 0.98026 0.18265
vn -0.10984 0.98026 0.1644
vn -0.13981 0.98026 0.13981
vn -0.1644 0.98026 0.10984
vn -0.18265 0.98026 0.07566
vn -0.19392 0.98026 0.03858
vn -0.19773 0.98026 -0
vn -0.19392 0.98026 -0.03855
vn -0.18265 0.98026 -0.07566
vn -0.1644 0.98026 -0.10984
vn -0.13981 0.98026 -0.13981
vn -0.10984 0.98026 -0.1644
vn -0.07566 0.98026 -0.18265
vn -0.03858 0.98026 -0.19392
vn 0 0.98026 -0.19773
vn 0.03858 0.98026 -0.19392
vn 0.07566 0.98026 -0.18265
vn 0.10984 0.98026 -0.1644
vn 0.13981 0.98026 -0.13981
vn 0.1644 0.98026 -0.10984
vn 0.18265 0.98026 -0.07566
vn 0.19392 0.98026 -0.03855
vn 0.19773 0.98026 -0
vn 0.19392 0.98026 0.03858
vn 0.18265 0.98026 0.07566
vn 0.1644 0.98026 0.10984
vn 0.13981 0.98026 0.13981
vn 0.10984 0.98026 0.1644
vn 0.07566 0.98026 0.18265
vn 0.03858 0.98026 0.19392
vn 0 0.98325 0.18226
vn -0.03555 0.98325 0.17878
vn -0.06974 0.98325 0.1684
vn -0.10126 0.98325 0.15156
vn -0.12888 0.98325 0.12888
vn -0.15156 0.98325 0.10126
vn -0.1684 0.98325 0.06974
vn -0.17878 0.98325 0.03555
vn -0.18226 0.98325 -0
vn -0.17878 0.98325 -0.03555
vn -0.1684 0.98325 -0.06974
vn -0.15156 0.98325 -0.10126
vn -0.12888 0.98325 -0.12888
vn -0.10126 0.98325 -0.15156
vn -0.06974 0.98325 -0.1684
vn -0.03555 0.98325 -0.17878
vn 0 0.98325 -0.18226
vn 0.03555 0.98325 -0.17878
vn 0.06974 0.98325 -0.1684
vn 0.10126 0.98325 -0.15156
vn 0.12888 0.98325 -0.12888
vn 0.15156 0.98325 -0.10126
vn 0.1684 0.98325 -0.06974
vn 0.17878 0.98325 -0.03555
vn 0.18226 0.98325 -0
vn 0.17878 0.98325 0.03555
vn 0.1684 0.98325 0.06974
vn 0.15156 0.98325 0.10126
vn 0.12888 0.98325 0.12888
vn 0.10126 0.98325 0.15156
vn 0.06974 0.98325 0.1684
vn 0.03555 0.98325 0.17878
vn 0.55383 0.07877 0.8289
vn 0.70491 0.07877 0.70491
vn 0.5228 -0.67332 0.5228
vn 0.41076 -0.67332 0.61475
vn -0.8289 0.07877 -0.55383
vn -0.61475 -0.67332 -0.41076
vn 0.38149 0.07877 0.92101
vn 0.28292 -0.67333 0.68307
vn 0.19447 0.07877 -0.97774
vn 0 0.07877 -0.99689
vn 0 -0.67331 -0.73936
vn 0.14424 -0.67332 -0.72514
vn -0.70491 0.07877 -0.70491
vn -0.5228 -0.67332 -0.5228
vn 0.19447 0.07877 0.97774
vn 0.14424 -0.67332 0.72514
vn 0.38149 0.07877 -0.92101
vn 0.28292 -0.67333 -0.68307
vn -0.55383 0.07877 -0.8289
vn -0.41076 -0.67332 -0.61475
vn 0 0.07877 0.99689
vn 0 -0.67331 0.73936
vn 0.55383 0.07877 -0.8289
vn 0.41076 -0.67332 -0.61475
vn -0.38149 0.07877 -0.92101
vn -0.28292 -0.67333 -0.68307
vn -0.19447 0.07877 0.97774
vn -0.14424 -0.67332 0.72514
vn 0.70491 0.07877 -0.70491
vn 0.5228 -0.67332 -0.5228
vn -0.19447 0.07877 -0.97774
vn -0.14424 -0.67332 -0.72514
vn -0.38149 0.07877 0.92101
vn -0.28292 -0.67333 0.68307
vn 0.8289 0.07877 -0.55383
vn 0.61475 -0.67332 -0.41076
vn -0.55383 0.07877 0.8289
vn -0.41076 -0.67332 0.61475
vn 0.92101 0.07877 -0.38149
vn 0.68307 -0.67333 -0.28292
vn -0.70491 0.07877 0.70491
vn -0.5228 -0.67332 0.5228
vn 0.97774 0.07877 -0.19447
vn 0.72514 -0.67332 -0.14424
vn -0.8289 0.07877 0.55383
vn -0.61475 -0.67332 0.41076
vn 0.99689 0.07877 -0
vn 0.73936 -0.67331 -0
vn -0.92101 0.07877 0.38149
vn -0.68307 -0.67333 0.28292
vn 0.97774 0.07877 0.19447
vn 0.72514 -0.67332 0.14424
vn -0.97774 0.07877 0.19447
vn -0.72514 -0.67332 0.14424
vn 0.92101 0.07877 0.38149
vn 0.68307 -0.67333 0.28292
vn -0.99689 0.07877 -0
vn -0.73936 -0.67331 -0
vn 0.8289 0.07877 0.55383
vn 0.61475 -0.67332 0.41076
vn 0.82595 0.11506 0.55188
vn 0.70241 0.11506 0.70241
vn 0.8289 -0.07877 0.55383
vn 0.70491 -0.07877 0.70491
vn 0.80182 -0.26466 0.53576
vn 0.68189 -0.26466 0.68189
vn 0.80182 0.26466 0.53576
vn 0.68189 0.26466 0.68189
vn -0.99336 0.11506 -0
vn -0.97427 0.11506 -0.1938
vn -0.99689 -0.07877 -0
vn -0.97774 -0.07877 -0.19447
vn -0.96434 -0.26466 -0
vn -0.94581 -0.26466 -0.18812
vn -0.96434 0.26466 -0
vn -0.94581 0.26466 -0.18812
vn 0.91774 0.11506 0.38015
vn 0.92101 -0.07877 0.38149
vn 0.89094 -0.26466 0.36903
vn 0.89094 0.26466 0.36903
vn -0.97427 0.11506 0.1938
vn -0.97774 -0.07877 0.19447
vn -0.94581 -0.26466 0.18812
vn -0.94581 0.26466 0.18812
vn 0.97427 0.11506 0.1938
vn 0.97774 -0.07877 0.19447
vn 0.94581 -0.26466 0.18812
vn 0.94581 0.26466 0.18812
vn -0.91774 0.11506 0.38015
vn -0.92101 -0.07877 0.38149
vn -0.89094 -0.26466 0.36903
vn -0.89094 0.26466 0.36903
vn 0.99336 0.11506 -0
vn 0.99689 -0.07877 -0
vn 0.96434 -0.26466 -0
vn 0.96434 0.26466 -0
vn -0.82595 0.11506 0.55188
vn -0.8289 -0.07877 0.55383
vn -0.80182 -0.26466 0.53576
vn -0.80182 0.26466 0.53576
vn 0.97427 0.11506 -0.1938
vn 0.97774 -0.07877 -0.19447
vn 0.94581 -0.26466 -0.18812
vn 0.94581 0.26466 -0.18812
vn -0.70241 0.11506 0.70241
vn -0.70491 -0.07877 0.70491
vn -0.68189 -0.26466 0.68189
vn -0.68189 0.26466 0.68189
vn 0.91774 0.11506 -0.38015
vn 0.92101 -0.07877 -0.38149
vn 0.89094 -0.26466 -0.36903
vn 0.89094 0.26466 -0.36903
vn -0.55188 0.11506 0.82595
vn -0.55383 -0.07877 0.8289
vn -0.53576 -0.26466 0.80182
vn -0.53576 0.26466 0.80182
vn 0.82595 0.11506 -0.55188
vn 0.8289 -0.07877 -0.55383
vn 0.80182 -0.26466 -0.53576
vn 0.80182 0.26466 -0.53576
vn -0.38015 0.11506 0.91774
vn -0.38149 -0.07877 0.92101
vn -0.36903 -0.26466 0.89094
vn -0.36903 0.26466 0.89094
vn -0.1938 0.11506 -0.97427
vn 0 0.11506 -0.99336
vn -0.19447 -0.07877 -0.97774
vn 0 -0.07877 -0.99689
vn -0.18812 -0.26466 -0.94581
vn 0 -0.26466 -0.96434
vn -0.18812 0.26466 -0.94581
vn 0 0.26466 -0.96434
vn 0.70241 0.11506 -0.70241
vn 0.70491 -0.07877 -0.70491
vn 0.68189 -0.26466 -0.68189
vn 0.68189 0.26466 -0.68189
vn -0.1938 0.11506 0.97427
vn -0.19447 -0.07877 0.97774
vn -0.18812 -0.26466 0.94581
vn -0.18812 0.26466 0.94581
vn -0.38015 0.11506 -0.91774
vn -0.38149 -0.07877 -0.92101
vn -0.36903 -0.26466 -0.89094
vn -0.36903 0.26466 -0.89094
vn 0.55188 0.11506 -0.82595
vn 0.55383 -0.07877 -0.8289
vn 0.53576 -0.26466 -0.80182
vn 0.53576 0.26466 -0.80182
vn 0 0.11506 0.99336
vn 0 -0.07877 0.99689
vn 0 -0.26466 0.96434
vn 0 0.26466 0.96434
vn -0.55188 0.11506 -0.82595
vn -0.55383 -0.07877 -0.8289
vn -0.53576 -0.26466 -0.80182
vn -0.53576 0.26466 -0.80182
vn 0.38015 0.11506 -0.91774
vn 0.38149 -0.07877 -0.92101
vn 0.36903 -0.26466 -0.89094
vn 0.36903 0.26466 -0.89094
vn 0.1938 0.11506 0.97427
vn 0.19447 -0.07877 0.97774
vn 0.18812 -0.26466 0.94581
vn 0.18812 0.26466 0.94581
vn -0.70241 0.11506 -0.70241
vn -0.70491 -0.07877 -0.70491
vn -0.68189 -0.26466 -0.68189
vn -0.68189 0.26466 -0.68189
vn 0.1938 0.11506 -0.97427
vn 0.19447 -0.07877 -0.97774
vn 0.18812 -0.26466 -0.94581
vn 0.18812 0.26466 -0.94581
vn 0.38015 0.11506 0.91774
vn 0.38149 -0.07877 0.92101
vn 0.36903 -0.26466 0.89094
vn 0.36903 0.26466 0.89094
vn -0.82595 0.11506 -0.55188
vn -0.8289 -0.07877 -0.55383
vn -0.80182 -0.26466 -0.53576
vn -0.80182 0.26466 -0.53576
vn 0.55188 0.11506 0.82595
vn 0.55383 -0.07877 0.8289
vn 0.53576 -0.26466 0.80182
vn 0.53576 0.26466 0.80182
vn -0.91774 0.11506 -0.38015
vn -0.92101 -0.07877 -0.38149
vn -0.89094 -0.26466 -0.36903
vn -0.89094 0.26466 -0.36903
vn 0 0.98064 0.19584
vn -0.03818 0.98064 0.19209
vn 0.02689 0.99045 -0.1352
vn 0 0.99045 -0.13785
vn -0.42943 -0.88541 0.17786
vn -0.45586 -0.88542 0.09067
vn -0.64477 -0.41054 0.64477
vn -0.5066 -0.41052 0.75817
vn -0.50672 -0.41 0.75838
vn -0.64494 -0.41 0.64494
vn 0.45586 -0.88542 0.09067
vn 0.42941 -0.88542 0.17787
vn -0.4648 -0.88541 -0
vn 0.38646 -0.88542 0.25822
vn -0.45586 -0.88542 -0.09067
vn 0.32866 -0.88542 0.32866
vn -0.42943 -0.88541 -0.17786
vn 0.25822 -0.88542 0.38646
vn -0.38646 -0.88542 -0.25822
vn 0.17786 -0.88541 0.42943
vn 0 -0.88541 -0.4648
vn 0.09067 -0.88542 -0.45586
vn -0.32866 -0.88542 -0.32866
vn 0.09067 -0.88542 0.45586
vn 0.17786 -0.88541 -0.42943
vn -0.25822 -0.88542 -0.38646
vn 0 -0.88541 0.4648
vn 0.25822 -0.88542 -0.38646
vn -0.17786 -0.88541 -0.42943
vn -0.09067 -0.88542 0.45586
vn 0.32866 -0.88542 -0.32866
vn -0.09067 -0.88542 -0.45586
vn -0.17786 -0.88541 0.42943
vn 0.38646 -0.88542 -0.25822
vn -0.25822 -0.88542 0.38646
vn 0.42943 -0.88541 -0.17786
vn -0.32866 -0.88542 0.32866
vn 0.45586 -0.88542 -0.09067
vn -0.38646 -0.88542 0.25822
vn 0.4648 -0.88541 -0
vn 0.03818 0.98064 0.19209
vn -0.02689 0.99045 -0.1352
vn -0.07492 0.98064 0.18092
vn -0.1088 0.98064 0.16282
vn 0.07657 0.99045 -0.11463
vn 0.05274 0.99045 -0.12735
vn -0.13847 0.98064 0.13847
vn 0.09748 0.99045 -0.09748
vn -0.16282 0.98064 0.1088
vn 0.11463 0.99045 -0.07657
vn -0.18092 0.98064 0.07492
vn 0.12735 0.99045 -0.05274
vn -0.19209 0.98064 0.03818
vn 0.1352 0.99045 -0.02689
vn -0.19584 0.98064 -0
vn 0.13785 0.99045 -0
vn -0.19209 0.98064 -0.03818
vn 0.1352 0.99045 0.02689
vn -0.18092 0.98064 -0.07492
vn 0.12735 0.99045 0.05274
vn -0.16282 0.98064 -0.1088
vn 0.11463 0.99045 0.07657
vn -0.13847 0.98064 -0.13847
vn 0.09748 0.99045 0.09748
vn -0.1088 0.98064 -0.16282
vn 0.07657 0.99045 0.11463
vn -0.07492 0.98064 -0.18092
vn 0.05274 0.99045 0.12735
vn -0.03818 0.98064 -0.19209
vn 0.02689 0.99045 0.1352
vn 0 0.98064 -0.19584
vn 0 0.99045 0.13785
vn 0.03818 0.98064 -0.19209
vn -0.02689 0.99045 0.1352
vn 0.07492 0.98064 -0.18092
vn -0.05274 0.99045 0.12735
vn 0.1088 0.98064 -0.16282
vn -0.07657 0.99045 0.11463
vn 0.13847 0.98064 -0.13847
vn -0.09748 0.99045 0.09748
vn 0.16282 0.98064 -0.1088
vn -0.11463 0.99045 0.07657
vn 0.18092 0.98064 -0.07492
vn -0.12735 0.99045 0.05274
vn 0.19209 0.98064 -0.03818
vn -0.1352 0.99045 0.02689
vn 0.19584 0.98064 -0
vn -0.13785 0.99045 -0
vn 0.19209 0.98064 0.03818
vn -0.1352 0.99045 -0.02689
vn 0.18092 0.98064 0.07492
vn -0.12735 0.99045 -0.05274
vn 0.16282 0.98064 0.1088
vn -0.11463 0.99045 -0.07657
vn 0.13847 0.98064 0.13847
vn -0.09748 0.99045 -0.09748
vn 0.1088 0.98064 0.16282
vn -0.07657 0.99045 -0.11463
vn 0.07492 0.98064 0.18092
vn -0.05274 0.99045 -0.12735
vn 0 -0.22346 -0.97471
vn 0.19014 -0.22346 -0.95599
vn 0.1789 -0.3987 -0.89946
vn 0 -0.39869 -0.91708
vn 0.13804 -0.70658 -0.69404
vn 0 -0.70659 -0.70763
vn 0.373 -0.22346 -0.90052
vn 0.35094 -0.3987 -0.84728
vn 0.2708 -0.70659 -0.65376
vn 0.54153 -0.22346 -0.81044
vn 0.50949 -0.39871 -0.76253
vn 0.39312 -0.70658 -0.58838
vn 0.68924 -0.22346 -0.68921
vn 0.64847 -0.3987 -0.64847
vn 0.50037 -0.70659 -0.50037
vn 0.81045 -0.22347 -0.54151
vn 0.76253 -0.39871 -0.50949
vn 0.58836 -0.7066 -0.39313
vn 0.90052 -0.22346 -0.373
vn 0.84728 -0.3987 -0.35094
vn 0.65376 -0.70659 -0.2708
vn 0.95599 -0.22346 -0.19014
vn 0.89946 -0.3987 -0.1789
vn 0.69404 -0.70658 -0.13804
vn 0.97471 -0.22346 -0
vn 0.91708 -0.39869 -0
vn 0.70763 -0.70659 -0
vn 0.95599 -0.22346 0.19014
vn 0.89947 -0.39868 0.17891
vn 0.69404 -0.70658 0.13804
vn 0.90052 -0.22346 0.373
vn 0.84728 -0.3987 0.35094
vn 0.65376 -0.70659 0.2708
vn 0.81045 -0.22347 0.54151
vn 0.76253 -0.39871 0.50949
vn 0.58836 -0.7066 0.39313
vn 0.68923 -0.22346 0.68923
vn 0.64847 -0.3987 0.64847
vn 0.50037 -0.70659 0.50037
vn 0.54153 -0.22346 0.81044
vn 0.50949 -0.39871 0.76253
vn 0.39312 -0.70658 0.58838
vn 0.373 -0.22346 0.90052
vn 0.35094 -0.3987 0.84728
vn 0.2708 -0.70659 0.65376
vn 0.19014 -0.22346 0.95599
vn 0.1789 -0.3987 0.89946
vn 0.13804 -0.70658 0.69404
vn 0 -0.22346 0.97471
vn 0 -0.39869 0.91708
vn 0 -0.70659 0.70763
vn -0.19014 -0.22346 0.95599
vn -0.1789 -0.3987 0.89946
vn -0.13804 -0.70658 0.69404
vn -0.373 -0.22346 0.90052
vn -0.35094 -0.3987 0.84728
vn -0.2708 -0.70659 0.65376
vn -0.54153 -0.22346 0.81044
vn -0.50949 -0.39871 0.76253
vn -0.39312 -0.70658 0.58838
vn -0.68923 -0.22346 0.68923
vn -0.64847 -0.3987 0.64847
vn -0.50037 -0.70659 0.50037
vn -0.81044 -0.22346 0.54153
vn -0.76253 -0.39871 0.50949
vn -0.58838 -0.70658 0.39312
vn -0.90052 -0.22346 0.373
vn -0.84728 -0.3987 0.35094
vn -0.65376 -0.70659 0.2708
vn -0.95599 -0.22346 0.19014
vn -0.89946 -0.3987 0.1789
vn -0.69404 -0.70658 0.13804
vn -0.97471 -0.22346 -0
vn -0.91708 -0.39869 -0
vn -0.70763 -0.70659 -0
vn -0.95599 -0.22346 -0.19014
vn -0.89946 -0.3987 -0.1789
vn -0.69404 -0.70658 -0.13804
vn -0.90052 -0.22346 -0.373
vn -0.84728 -0.3987 -0.35094
vn -0.65376 -0.70659 -0.2708
vn -0.81045 -0.22347 -0.54151
vn -0.76253 -0.39871 -0.50949
vn -0.58838 -0.70658 -0.39312
vn -0.68923 -0.22346 -0.68923
vn -0.64847 -0.3987 -0.64847
vn -0.50037 -0.70659 -0.50037
vn -0.54153 -0.22346 -0.81044
vn -0.50949 -0.39871 -0.76253
vn -0.39313 -0.7066 -0.58836
vn -0.37298 -0.22346 -0.90053
vn -0.35094 -0.3987 -0.84728
vn -0.2708 -0.70659 -0.65376
vn -0.19014 -0.22346 -0.95599
vn -0.1789 -0.3987 -0.89946
vn -0.13804 -0.70658 -0.69404
vn 0.09955 0.85997 -0.50054
vn 0 0.85997 -0.51034
vn 0.16953 0.49465 -0.8524
vn 0 0.49465 -0.86909
vn 0.18836 0.25996 -0.94707
vn 0 0.25996 -0.96562
vn 0.19529 0.85996 -0.47152
vn 0.33257 0.49466 -0.80294
vn 0.36953 0.25996 -0.89211
vn 0.28352 0.85997 -0.42434
vn 0.48284 0.49465 -0.72263
vn 0.53647 0.25997 -0.80288
vn 0.36089 0.85997 -0.36086
vn 0.61454 0.49466 -0.61454
vn 0.6828 0.25996 -0.6828
vn 0.42434 0.85997 -0.28352
vn 0.72263 0.49465 -0.48284
vn 0.80288 0.25997 -0.53647
vn 0.47149 0.85997 -0.19529
vn 0.80294 0.49466 -0.33257
vn 0.89211 0.25996 -0.36953
vn 0.50054 0.85997 -0.09955
vn 0.8524 0.49465 -0.16953
vn 0.94707 0.25996 -0.18836
vn 0.51037 0.85996 -0
vn 0.86909 0.49465 -0
vn 0.96562 0.25996 -0
vn 0.50054 0.85997 0.09955
vn 0.8524 0.49465 0.16953
vn 0.94707 0.25996 0.18836
vn 0.47149 0.85997 0.19529
vn 0.80294 0.49466 0.33257
vn 0.89211 0.25996 0.36953
vn 0.42434 0.85997 0.28352
vn 0.72263 0.49465 0.48284
vn 0.80288 0.25997 0.53647
vn 0.36089 0.85997 0.36086
vn 0.61454 0.49466 0.61454
vn 0.6828 0.25996 0.6828
vn 0.28352 0.85997 0.42434
vn 0.48284 0.49465 0.72263
vn 0.53647 0.25997 0.80288
vn 0.19529 0.85996 0.47152
vn 0.33257 0.49466 0.80294
vn 0.36953 0.25996 0.89211
vn 0.09955 0.85997 0.50054
vn 0.16953 0.49465 0.8524
vn 0.18836 0.25996 0.94707
vn 0 0.85997 0.51034
vn 0 0.49465 0.86909
vn 0 0.25996 0.96562
vn -0.09955 0.85997 0.50054
vn -0.16953 0.49465 0.8524
vn -0.18836 0.25996 0.94707
vn -0.19529 0.85996 0.47152
vn -0.33257 0.49466 0.80294
vn -0.36953 0.25996 0.89211
vn -0.28352 0.85997 0.42434
vn -0.48284 0.49465 0.72263
vn -0.53647 0.25997 0.80288
vn -0.36089 0.85997 0.36086
vn -0.61454 0.49466 0.61454
vn -0.68281 0.25996 0.68278
vn -0.42434 0.85997 0.28352
vn -0.72263 0.49465 0.48284
vn -0.80289 0.25996 0.53646
vn -0.47149 0.85997 0.19529
vn -0.80294 0.49466 0.33257
vn -0.89211 0.25996 0.36953
vn -0.50054 0.85997 0.09955
vn -0.8524 0.49465 0.16953
vn -0.94707 0.25996 0.18836
vn -0.51037 0.85996 -0
vn -0.86909 0.49465 -0
vn -0.96562 0.25996 -0
vn -0.50054 0.85997 -0.09955
vn -0.8524 0.49465 -0.16953
vn -0.94707 0.25996 -0.18836
vn -0.47149 0.85997 -0.19529
vn -0.80294 0.49466 -0.33257
vn -0.89211 0.25996 -0.36953
vn -0.42434 0.85997 -0.28352
vn -0.72263 0.49465 -0.48284
vn -0.80289 0.25996 -0.53646
vn -0.36089 0.85997 -0.36086
vn -0.61454 0.49466 -0.61454
vn -0.6828 0.25996 -0.6828
vn -0.28352 0.85997 -0.42434
vn -0.48284 0.49465 -0.72263
vn -0.53647 0.25997 -0.80288
vn -0.19529 0.85996 -0.47152
vn -0.33257 0.49466 -0.80294
vn -0.36953 0.25996 -0.89211
vn -0.09955 0.85997 -0.50054
vn -0.16953 0.49465 -0.8524
vn -0.18836 0.25996 -0.94707
vn 0 0.94773 0.31907
vn -0.06223 0.94773 0.31294
vn -0.12211 0.94773 0.29478
vn -0.17725 0.94773 0.2653
vn -0.22562 0.94773 0.22562
vn -0.2653 0.94773 0.17725
vn -0.29478 0.94773 0.12211
vn -0.31294 0.94773 0.06223
vn -0.31907 0.94773 -0
vn -0.31294 0.94773 -0.06223
vn -0.29478 0.94773 -0.12211
vn -0.2653 0.94773 -0.17725
vn -0.22562 0.94773 -0.22562
vn -0.17725 0.94773 -0.2653
vn -0.12211 0.94773 -0.29478
vn -0.06223 0.94773 -0.31294
vn 0 0.94773 -0.31907
vn 0.06223 0.94773 -0.31294
vn 0.12211 0.94773 -0.29478
vn 0.17725 0.94773 -0.2653
vn 0.22562 0.94773 -0.22562
vn 0.2653 0.94773 -0.17725
vn 0.29478 0.94773 -0.12211
vn 0.31294 0.94773 -0.06223
vn 0.31907 0.94773 -0
vn 0.31294 0.94773 0.06223
vn 0.29478 0.94773 0.12211
vn 0.2653 0.94773 0.17725
vn 0.22562 0.94773 0.22562
vn 0.17725 0.94773 0.2653
vn 0.12211 0.94773 0.29478
vn 0.06223 0.94773 0.31294
vn -0.05756 0.95548 -0.28938
vn 0 0.95548 -0.29506
vn -0.11292 0.95548 -0.27259
vn -0.16392 0.95548 -0.24535
vn -0.20863 0.95548 -0.20863
vn -0.24535 0.95548 -0.16392
vn -0.2726 0.95548 -0.11292
vn -0.28942 0.95547 -0.05756
vn -0.29506 0.95548 -0
vn -0.28938 0.95548 0.05756
vn -0.27259 0.95548 0.11292
vn -0.24534 0.95548 0.16392
vn -0.20863 0.95548 0.20863
vn -0.16392 0.95548 0.24534
vn -0.11292 0.95548 0.27259
vn -0.05756 0.95548 0.28939
vn 0 0.95548 0.29506
vn 0.05756 0.95547 0.28942
vn 0.11292 0.95548 0.27259
vn 0.16392 0.95548 0.24534
vn 0.20863 0.95548 0.20863
vn 0.24534 0.95548 0.16392
vn 0.27259 0.95548 0.11292
vn 0.28938 0.95548 0.05756
vn 0.29506 0.95548 -0
vn 0.28938 0.95548 -0.05756
vn 0.2726 0.95548 -0.11292
vn 0.24535 0.95548 -0.16392
vn 0.20863 0.95548 -0.20863
vn 0.16392 0.95548 -0.24534
vn 0.11292 0.95548 -0.27259
vn 0.05756 0.95548 -0.28938
vn 0.37801 0.1555 -0.91265
vn 0.1927 0.15549 -0.96886
vn 0.17765 0.4132 -0.89314
vn 0.34847 0.4132 -0.84133
vn 0.89433 -0.41051 -0.1779
vn 0.84244 -0.41051 -0.34895
vn 0.84267 -0.41 -0.34902
vn 0.89456 -0.41 -0.17793
vn -0.75816 -0.41055 0.50659
vn -0.75838 -0.41 0.50672
vn 0.91184 -0.41054 -0
vn 0.91209 -0.40999 -0
vn -0.84244 -0.41054 0.34892
vn -0.84267 -0.41 0.34902
vn 0.89432 -0.41054 0.17789
vn 0.89456 -0.41 0.17793
vn -0.89433 -0.41054 0.17786
vn -0.89456 -0.41 0.17793
vn 0.84243 -0.41054 0.34895
vn 0.84267 -0.41 0.34902
vn -0.91184 -0.41054 -0
vn -0.91209 -0.40999 -0
vn 0.75816 -0.41055 0.50659
vn 0.75838 -0.41 0.50672
vn -0.89433 -0.41051 -0.1779
vn -0.89456 -0.41 -0.17793
vn 0.64477 -0.41054 0.64477
vn 0.64494 -0.41 0.64494
vn -0.84244 -0.41051 -0.34895
vn -0.84267 -0.41 -0.34902
vn 0.50658 -0.41054 0.75818
vn 0.50672 -0.41 0.75838
vn -0.75819 -0.41051 -0.50659
vn -0.75838 -0.41 -0.50672
vn 0.34893 -0.41051 0.84245
vn 0.34902 -0.41 0.84267
vn 0.17787 -0.41052 -0.89434
vn 0 -0.41054 -0.91184
vn 0 -0.40999 -0.91209
vn 0.17793 -0.41 -0.89456
vn -0.64478 -0.41051 -0.64478
vn -0.64494 -0.41 -0.64494
vn 0.1779 -0.41051 0.89433
vn 0.17793 -0.41 0.89456
vn 0.34892 -0.41054 -0.84244
vn 0.34902 -0.41 -0.84267
vn -0.50658 -0.41054 -0.75818
vn -0.50672 -0.41 -0.75838
vn 0 -0.41051 0.91185
vn 0 -0.40999 0.91209
vn 0.50659 -0.41055 -0.75816
vn 0.50672 -0.41 -0.75838
vn -0.34892 -0.41054 -0.84244
vn -0.34902 -0.41 -0.84267
vn -0.1779 -0.41051 0.89433
vn -0.17793 -0.41 0.89456
vn 0.64478 -0.41051 -0.64478
vn 0.64494 -0.41 -0.64494
vn -0.17786 -0.41054 -0.89433
vn -0.17793 -0.41 -0.89456
vn -0.34893 -0.41051 0.84245
vn -0.34902 -0.41 0.84267
vn 0.75819 -0.41051 -0.50659
vn 0.75838 -0.41 -0.50672
vn 0.90328 -0.21 -0.37414
vn 0.81293 -0.21 -0.54318
vn -0.54317 -0.21003 0.81293
vn -0.37413 -0.21003 0.90328
vn 0 -0.21003 -0.9777
vn -0.19071 -0.21003 -0.95891
vn 0.69135 -0.21003 -0.69132
vn -0.19075 -0.21 0.95891
vn -0.37413 -0.21003 -0.90328
vn 0.54317 -0.21003 -0.81293
vn 0 -0.21003 0.9777
vn -0.54317 -0.21003 -0.81293
vn 0.37413 -0.21003 -0.90328
vn 0.19071 -0.21003 0.95891
vn -0.69134 -0.21001 -0.69134
vn 0.19071 -0.21003 -0.95891
vn 0.37413 -0.21003 0.90328
vn -0.81293 -0.21 -0.54318
vn 0.54317 -0.21003 0.81293
vn -0.90328 -0.21003 -0.37413
vn 0.69133 -0.21004 0.69133
vn -0.95891 -0.21003 -0.19074
vn 0.81293 -0.21003 0.54317
vn -0.9777 -0.21003 -0
vn 0.90328 -0.21003 0.37413
vn -0.95891 -0.21003 0.19071
vn 0.95891 -0.21003 0.19071
vn -0.90328 -0.21003 0.37413
vn 0.9777 -0.21003 -0
vn -0.81293 -0.21003 0.54317
vn 0.95891 -0.21003 -0.19071
vn -0.69135 -0.21003 0.69132
vn -0.49432 0.45642 0.73982
vn -0.62916 0.45642 0.62916
vn 0.82204 0.45642 -0.3405
vn 0.87267 0.45642 -0.17356
vn -0.73982 0.45642 0.49432
vn 0.88977 0.45641 -0
vn -0.82204 0.45642 0.3405
vn 0.87267 0.45642 0.17356
vn -0.87267 0.45642 0.17356
vn 0.82204 0.45642 0.3405
vn -0.88977 0.45641 -0
vn 0.73982 0.45642 0.49432
vn -0.87267 0.45642 -0.17356
vn 0.62916 0.45642 0.62916
vn -0.82204 0.45642 -0.3405
vn 0.49432 0.45642 0.73982
vn -0.73982 0.45642 -0.49432
vn 0.3405 0.45642 0.82204
vn 0 0.45641 -0.88977
vn 0.17356 0.45642 -0.87267
vn -0.62916 0.45642 -0.62916
vn 0.17356 0.45642 0.87267
vn 0.3405 0.45642 -0.82204
vn -0.49432 0.45642 -0.73982
vn 0 0.45641 0.88977
vn 0.49432 0.45642 -0.73982
vn -0.3405 0.45642 -0.82204
vn -0.17359 0.45642 0.87267
vn 0.62916 0.45642 -0.62916
vn -0.17356 0.45642 -0.87267
vn -0.3405 0.45642 0.82204
vn 0.73982 0.45642 -0.49432
vn -0.69757 0.16367 0.69757
vn -0.54806 0.16367 0.82027
vn -0.5554 -0.02432 0.83123
vn -0.7069 -0.02432 0.7069
vn 0.96756 0.16368 -0.19246
vn 0.91142 0.16367 -0.37752
vn 0.92361 -0.02432 -0.38256
vn 0.9805 -0.02432 -0.19502
vn -0.82027 0.16367 0.54806
vn -0.83123 -0.02432 0.5554
vn 0.98651 0.16367 -0
vn 0.9997 -0.02432 -0
vn -0.91142 0.16367 0.37752
vn -0.92361 -0.02432 0.38256
vn 0.96756 0.16368 0.19246
vn 0.9805 -0.02432 0.19502
vn -0.96756 0.16368 0.19246
vn -0.9805 -0.02432 0.19502
vn 0.91142 0.16367 0.37752
vn 0.92361 -0.02432 0.38256
vn -0.98651 0.16367 -0
vn -0.9997 -0.02432 -0
vn 0.82027 0.16367 0.54806
vn 0.83123 -0.02432 0.5554
vn -0.96756 0.16368 -0.19246
vn -0.9805 -0.02432 -0.19502
vn 0.69757 0.16367 0.69757
vn 0.7069 -0.02432 0.7069
vn -0.91142 0.16367 -0.37752
vn -0.92361 -0.02432 -0.38256
vn 0.54806 0.16367 0.82027
vn 0.5554 -0.02432 0.83123
vn -0.82027 0.16367 -0.54806
vn -0.83122 -0.02432 -0.55542
vn 0.37752 0.16367 0.91142
vn 0.38256 -0.02432 0.92361
vn 0.19246 0.16368 -0.96756
vn 0 0.16367 -0.98651
vn 0 -0.02432 -0.9997
vn 0.19502 -0.02432 -0.9805
vn -0.69757 0.16367 -0.69757
vn -0.7069 -0.02432 -0.7069
vn 0.19246 0.16368 0.96756
vn 0.19502 -0.02432 0.9805
vn 0.37752 0.16367 -0.91142
vn 0.38256 -0.02432 -0.92361
vn -0.54806 0.16367 -0.82027
vn -0.5554 -0.02432 -0.83123
vn 0 0.16367 0.98651
vn 0 -0.02432 0.9997
vn 0.54806 0.16367 -0.82027
vn 0.5554 -0.02432 -0.83123
vn -0.37752 0.16367 -0.91142
vn -0.38256 -0.02432 -0.92361
vn -0.19246 0.16368 0.96756
vn -0.19502 -0.02432 0.9805
vn 0.69757 0.16367 -0.69757
vn 0.7069 -0.02432 -0.7069
vn -0.19246 0.16368 -0.96756
vn -0.19502 -0.02432 -0.9805
vn -0.37752 0.16367 0.91142
vn -0.38256 -0.02432 0.92361
vn 0.82027 0.16367 -0.54806
vn 0.83123 -0.02432 -0.5554
vn -0.64392 0.4132 0.64392
vn -0.50591 0.4132 0.75718
vn -0.55521 -0.03629 0.83092
vn -0.70664 -0.03629 0.70664
vn -0.5488 0.1555 -0.82137
vn -0.69851 0.1555 -0.69851
vn -0.64392 0.4132 -0.64392
vn -0.50591 0.4132 -0.75718
vn 0 0.15549 0.98784
vn 0.1927 0.15549 0.96886
vn 0.17765 0.4132 0.89314
vn 0 0.4132 0.91064
vn 0.5488 0.1555 -0.82137
vn 0.50591 0.4132 -0.75718
vn -0.37801 0.1555 -0.91265
vn -0.34847 0.4132 -0.84133
vn -0.1927 0.15549 0.96886
vn -0.17765 0.4132 0.89314
vn 0.69851 0.1555 -0.69851
vn 0.64392 0.4132 -0.64392
vn -0.1927 0.15549 -0.96886
vn -0.17765 0.4132 -0.89314
vn -0.37801 0.1555 0.91265
vn -0.34847 0.4132 0.84133
vn 0.82137 0.1555 -0.5488
vn 0.75718 0.4132 -0.50591
vn 0 0.15549 -0.98784
vn 0 0.4132 -0.91064
vn -0.5488 0.1555 0.82137
vn 0.91265 0.1555 -0.37801
vn 0.84133 0.4132 -0.34847
vn -0.69851 0.1555 0.69851
vn 0.96886 0.15549 -0.1927
vn 0.89314 0.4132 -0.17765
vn -0.82137 0.1555 0.5488
vn -0.75718 0.4132 0.50591
vn 0.98784 0.15549 -0
vn 0.91064 0.4132 -0
vn -0.91265 0.1555 0.37801
vn -0.84133 0.4132 0.34847
vn 0.96886 0.15549 0.1927
vn 0.89314 0.4132 0.17765
vn -0.96886 0.15549 0.1927
vn -0.89314 0.4132 0.17765
vn 0.91265 0.1555 0.37801
vn 0.84133 0.4132 0.34847
vn -0.98784 0.15549 -0
vn -0.91064 0.4132 -0
vn 0.82137 0.1555 0.5488
vn 0.75718 0.4132 0.50591
vn -0.96886 0.15549 -0.1927
vn -0.89314 0.4132 -0.17765
vn 0.69851 0.1555 0.69851
vn 0.64392 0.4132 0.64392
vn -0.91265 0.1555 -0.37801
vn -0.84133 0.4132 -0.34847
vn 0.5488 0.1555 0.82137
vn 0.50591 0.4132 0.75718
vn -0.82137 0.1555 -0.5488
vn -0.75718 0.4132 -0.50591
vn 0.37801 0.1555 0.91265
vn 0.34847 0.4132 0.84133
vn 0.37975 -0.12317 0.91685
vn 0.19358 -0.12318 0.97332
vn -0.82515 -0.12318 -0.55133
vn -0.70172 -0.12317 -0.70172
vn 0 -0.12317 -0.99239
vn 0.19358 -0.12318 -0.97332
vn 0.55133 -0.12318 0.82515
vn -0.91685 -0.12317 -0.37975
vn 0.70172 -0.12317 0.70172
vn -0.97332 -0.12318 -0.19358
vn 0.82515 -0.12318 0.55133
vn -0.99239 -0.12317 -0
vn 0.91685 -0.12317 0.37975
vn -0.97332 -0.12318 0.19358
vn 0.97332 -0.12318 0.19358
vn -0.91685 -0.12317 0.37975
vn 0.99239 -0.12317 -0
vn -0.82515 -0.12318 0.55133
vn 0.97332 -0.12318 -0.19358
vn -0.70172 -0.12317 0.70172
vn 0.91685 -0.12317 -0.37975
vn -0.55133 -0.12318 0.82515
vn 0.82515 -0.12318 -0.55133
vn -0.37975 -0.12317 0.91685
vn -0.19358 -0.12318 -0.97332
vn 0.70172 -0.12317 -0.70172
vn -0.19358 -0.12318 0.97332
vn -0.37975 -0.12317 -0.91685
vn 0.55133 -0.12318 -0.82515
vn 0 -0.12317 0.99239
vn -0.55133 -0.12318 -0.82515
vn 0.37975 -0.12317 -0.91685
vn 0.38244 -0.03629 -0.92327
vn 0.19495 -0.03629 -0.98014
vn 0.07715 -0.91843 -0.38798
vn 0.15137 -0.91843 -0.36546
vn 0.92327 -0.03629 -0.38244
vn 0.98014 -0.03629 -0.19495
vn -0.83092 -0.03626 0.55521
vn 0.99934 -0.03629 -0
vn -0.92327 -0.03626 0.38244
vn 0.98014 -0.03629 0.19495
vn -0.98014 -0.03629 0.19495
vn 0.92327 -0.03629 0.38244
vn -0.99934 -0.03626 -0
vn 0.83092 -0.03629 0.55521
vn -0.98014 -0.03629 -0.19495
vn 0.70664 -0.03629 0.70664
vn -0.92327 -0.03629 -0.38244
vn 0.55521 -0.03629 0.83092
vn -0.83092 -0.03629 -0.55521
vn 0.38244 -0.03629 0.92327
vn 0 -0.03629 -0.99934
vn -0.70664 -0.03629 -0.70664
vn 0.19495 -0.03629 0.98014
vn -0.55521 -0.03629 -0.83092
vn 0 -0.03629 0.99934
vn 0.55521 -0.03629 -0.83092
vn -0.38244 -0.03629 -0.92327
vn -0.19495 -0.03629 0.98014
vn 0.70664 -0.03629 -0.70664
vn -0.19495 -0.03629 -0.98014
vn -0.38244 -0.03629 0.92327
vn 0.83092 -0.03629 -0.55521
vn 0.36546 -0.91843 -0.15137
vn 0.3289 -0.91844 -0.21977
vn -0.15714 -0.98198 0.10499
vn -0.17463 -0.98197 0.07233
vn -0.27971 -0.91844 -0.27971
vn -0.21977 -0.91844 -0.3289
vn 0.07715 -0.91844 0.38796
vn 0 -0.91843 0.39558
vn 0.21977 -0.91844 -0.3289
vn -0.15137 -0.91843 -0.36546
vn -0.07718 -0.91844 0.38796
vn 0.27971 -0.91844 -0.27971
vn -0.07715 -0.91843 -0.38798
vn -0.15137 -0.91843 0.36546
vn 0 -0.91843 -0.39558
vn -0.21977 -0.91844 0.3289
vn -0.27971 -0.91844 0.27971
vn 0.38796 -0.91844 -0.07715
vn -0.3289 -0.91844 0.21977
vn 0.39556 -0.91844 -0
vn -0.36546 -0.91843 0.15137
vn 0.38796 -0.91844 0.07715
vn -0.38798 -0.91843 0.07715
vn 0.36546 -0.91843 0.15137
vn -0.39558 -0.91843 -0
vn 0.3289 -0.91844 0.21977
vn -0.38798 -0.91843 -0.07715
vn 0.27971 -0.91844 0.27971
vn -0.36546 -0.91843 -0.15137
vn 0.21977 -0.91844 0.3289
vn -0.3289 -0.91844 -0.21977
vn 0.15137 -0.91843 0.36546
vn 0.03687 -0.98198 0.18537
vn 0 -0.98198 0.189
vn -0.03687 -0.98198 0.18537
vn -0.07233 -0.98197 0.17463
vn 0.10502 -0.98198 -0.15714
vn 0.13364 -0.98198 -0.13364
vn -0.18537 -0.98198 0.03687
vn 0.15714 -0.98198 -0.10502
vn -0.189 -0.98198 -0
vn 0.17463 -0.98197 -0.07233
vn -0.18537 -0.98198 -0.03687
vn 0.18537 -0.98198 -0.03687
vn -0.17463 -0.98197 -0.07233
vn 0.189 -0.98198 -0
vn -0.15717 -0.98197 -0.10502
vn 0.18537 -0.98198 0.03687
vn -0.13364 -0.98198 -0.13364
vn 0.17463 -0.98197 0.07233
vn -0.10502 -0.98198 -0.15714
vn 0.15714 -0.98198 0.10502
vn -0.07233 -0.98197 -0.17463
vn 0.13364 -0.98198 0.13364
vn -0.03687 -0.98198 -0.18537
vn -0.88536 0.28575 -0.36672
vn -0.93988 0.28578 -0.18696
vn -0.57791 0.80797 -0.11494
vn -0.54437 0.80797 -0.22548
vn 0.10502 -0.98198 0.15714
vn 0 -0.98198 -0.189
vn -0.10502 -0.98198 0.15714
vn 0.07233 -0.98197 0.17463
vn 0.03687 -0.98198 -0.18537
vn -0.13364 -0.98198 0.13364
vn 0.07233 -0.98197 -0.17463
vn 0 0.93858 -0.34505
vn 0.0673 0.93859 -0.3384
vn 0.17549 0.43673 -0.88231
vn 0 0.43672 -0.8996
vn 0 -0.98366 -0.18003
vn 0.03513 -0.98366 -0.17655
vn -0.0351 -0.98367 -0.17655
vn 0.13203 0.93859 -0.31877
vn 0.34425 0.43673 -0.83112
vn 0.06891 -0.98366 -0.1663
vn 0.49978 0.43673 -0.74799
vn 0.50113 -0.43173 -0.74999
vn 0.34518 -0.43173 -0.83334
vn 0.19169 0.93859 -0.28688
vn 0.10001 -0.98367 -0.14967
vn 0.63611 0.43673 -0.63611
vn 0.6378 -0.43173 -0.63783
vn 0.24397 0.93859 -0.24397
vn 0.1273 -0.98366 -0.1273
vn 0.74799 0.43673 -0.49978
vn 0.74999 -0.43173 -0.50113
vn 0.28688 0.93859 -0.19169
vn 0.14967 -0.98367 -0.10001
vn 0.83112 0.43673 -0.34425
vn 0.83335 -0.43172 -0.34517
vn 0.31877 0.93859 -0.13203
vn 0.16633 -0.98366 -0.06888
vn 0.88231 0.43673 -0.17549
vn 0.88469 -0.43169 -0.17597
vn 0.3384 0.93859 -0.0673
vn 0.17658 -0.98366 -0.0351
vn 0.8996 0.43672 -0
vn 0.902 -0.43173 -0
vn 0.34505 0.93858 -0
vn 0.18 -0.98367 -0
vn 0.88231 0.43673 0.17549
vn 0.88466 -0.43175 0.17597
vn 0.3384 0.93859 0.0673
vn 0.17652 -0.98367 0.0351
vn 0.83112 0.43673 0.34425
vn 0.83334 -0.43173 0.34518
vn 0.31877 0.93859 0.13203
vn 0.1663 -0.98367 0.06888
vn 0.74799 0.43673 0.49978
vn 0.75001 -0.43173 0.5011
vn 0.28688 0.93859 0.19169
vn 0.1497 -0.98366 0.10001
vn 0.63614 0.43673 0.63608
vn 0.63785 -0.43172 0.63778
vn 0.24397 0.93859 0.24397
vn 0.1273 -0.98366 0.1273
vn 0.49981 0.43673 0.74797
vn 0.50115 -0.43172 0.74997
vn 0.19169 0.93859 0.28688
vn 0.10001 -0.98367 0.14967
vn 0.34425 0.43673 0.83112
vn 0.34517 -0.43172 0.83335
vn 0.13203 0.93859 0.31877
vn 0.06888 -0.98366 0.16633
vn 0.17549 0.43673 0.88231
vn 0.17594 -0.43172 0.88468
vn 0.0673 0.93859 0.3384
vn 0.0351 -0.98367 0.17655
vn 0 0.43673 0.89959
vn 0 -0.43172 0.90201
vn 0 0.93858 0.34505
vn 0 -0.98366 0.18003
vn -0.17552 0.43673 0.88231
vn -0.17597 -0.43172 0.88468
vn -0.0673 0.93859 0.3384
vn -0.0351 -0.98367 0.17655
vn -0.34425 0.43673 0.83112
vn -0.34517 -0.43172 0.83335
vn -0.13203 0.93859 0.31877
vn -0.06888 -0.98366 0.16633
vn -0.49978 0.43673 0.74799
vn -0.50112 -0.43172 0.75
vn -0.19169 0.93859 0.28688
vn -0.10001 -0.98367 0.14967
vn -0.63611 0.43673 0.63611
vn -0.6378 -0.43173 0.63783
vn -0.24397 0.93859 0.24397
vn -0.1273 -0.98366 0.1273
vn -0.748 0.4367 0.49979
vn -0.74998 -0.43175 0.50112
vn -0.28688 0.93859 0.19169
vn -0.14967 -0.98367 0.10001
vn -0.83112 0.43673 0.34425
vn -0.83333 -0.43176 0.34517
vn -0.31877 0.93859 0.13203
vn -0.1663 -0.98367 0.06888
vn -0.88232 0.43671 0.17549
vn -0.88467 -0.43173 0.17598
vn -0.3384 0.93859 0.0673
vn -0.17655 -0.98367 0.0351
vn -0.89961 0.4367 -0
vn -0.90199 -0.43175 -0
vn -0.34505 0.93858 -0
vn -0.18 -0.98367 -0
vn -0.88231 0.43673 -0.17549
vn -0.88468 -0.43172 -0.17597
vn -0.3384 0.93859 -0.0673
vn -0.17658 -0.98366 -0.0351
vn -0.83112 0.43673 -0.34425
vn -0.83335 -0.43172 -0.34517
vn -0.31877 0.93859 -0.13203
vn -0.1663 -0.98367 -0.06888
vn -0.74799 0.43673 -0.49978
vn -0.75 -0.43172 -0.50112
vn -0.28688 0.93859 -0.19169
vn -0.14967 -0.98367 -0.10001
vn -0.63611 0.43673 -0.63611
vn -0.63782 -0.43172 -0.63782
vn -0.24397 0.93859 -0.24397
vn -0.1273 -0.98366 -0.1273
vn -0.49978 0.43673 -0.74799
vn -0.5011 -0.43173 -0.75001
vn -0.19169 0.93859 -0.28688
vn -0.10001 -0.98367 -0.14967
vn -0.34425 0.43673 -0.83112
vn -0.34517 -0.43172 -0.83335
vn -0.13203 0.93859 -0.31877
vn -0.06888 -0.98366 -0.16633
vn -0.17549 0.43673 -0.88231
vn -0.17598 -0.43173 -0.88467
vn -0.0673 0.93859 -0.3384
vn 0.17597 -0.43172 -0.88468
vn 0 -0.43173 -0.902
vn 0 0.79839 -0.60215
vn 0.11747 0.79838 -0.59058
vn 0.23042 0.79839 -0.55631
vn 0.33452 0.79839 -0.50067
vn 0.42578 0.79839 -0.42578
vn 0.50067 0.79839 -0.33452
vn 0.55631 0.79839 -0.23042
vn 0.59058 0.79838 -0.11747
vn 0.60215 0.79839 -0
vn 0.59058 0.79838 0.11747
vn 0.55631 0.79839 0.23042
vn 0.50067 0.79839 0.33452
vn 0.42578 0.79839 0.42578
vn 0.33452 0.79839 0.50067
vn 0.23042 0.79839 0.55631
vn 0.11747 0.79838 0.59058
vn 0 0.79839 0.60215
vn -0.11747 0.79838 0.59058
vn -0.23042 0.79839 0.55631
vn -0.33452 0.79839 0.50067
vn -0.42578 0.79839 0.42578
vn -0.50067 0.79839 0.33452
vn -0.55631 0.79839 0.23042
vn -0.59058 0.79838 0.11747
vn -0.60215 0.79839 -0
vn -0.59058 0.79838 -0.11747
vn -0.55631 0.79839 -0.23042
vn -0.50067 0.79839 -0.33452
vn -0.42578 0.79839 -0.42578
vn -0.33452 0.79839 -0.50067
vn -0.23045 0.79838 -0.55631
vn -0.11747 0.79838 -0.59058
vn 0.5324 0.28578 0.79679
vn 0.67762 0.28578 0.67762
vn 0.41665 0.80797 0.41665
vn 0.32735 0.80797 0.48993
vn -0.7968 0.28575 -0.53241
vn -0.48993 0.80797 -0.32735
vn 0.36672 0.28578 0.88535
vn 0.22548 0.80797 0.54437
vn 0.18696 0.28578 -0.93988
vn 0 0.28578 -0.9583
vn 0 0.80796 -0.58923
vn 0.11494 0.80797 -0.57791
vn -0.67762 0.28575 -0.67762
vn -0.41665 0.80797 -0.41665
vn 0.18693 0.28575 0.9399
vn 0.11494 0.80797 0.57791
vn 0.36672 0.28578 -0.88535
vn 0.22548 0.80797 -0.54437
vn -0.5324 0.28578 -0.79679
vn -0.32735 0.80797 -0.48993
vn 0 0.28575 0.9583
vn 0 0.80796 0.58923
vn 0.5324 0.28578 -0.79679
vn 0.32735 0.80797 -0.48993
vn -0.36672 0.28578 -0.88535
vn -0.22548 0.80797 -0.54437
vn -0.18696 0.28575 0.93989
vn -0.11497 0.80796 0.57791
vn 0.67762 0.28578 -0.67762
vn 0.41665 0.80797 -0.41665
vn -0.18693 0.28578 -0.93989
vn -0.11494 0.80797 -0.57791
vn -0.36672 0.28575 0.88536
vn -0.22548 0.80797 0.54437
vn 0.7968 0.28575 -0.53241
vn 0.48993 0.80797 -0.32735
vn -0.5324 0.28578 0.79679
vn -0.32735 0.80797 0.48993
vn 0.88536 0.28575 -0.36672
vn 0.54437 0.80797 -0.22548
vn -0.67762 0.28578 0.67762
vn -0.41665 0.80797 0.41665
vn 0.9399 0.28575 -0.18693
vn 0.57791 0.80797 -0.11494
vn -0.79679 0.28578 0.5324
vn -0.48993 0.80797 0.32735
vn 0.9583 0.28578 -0
vn 0.58923 0.80796 -0
vn -0.88535 0.28578 0.36672
vn -0.54437 0.80797 0.22548
vn 0.93989 0.28578 0.18693
vn 0.57791 0.80797 0.11494
vn -0.93989 0.28578 0.18693
vn -0.57791 0.80797 0.11494
vn 0.88535 0.28578 0.36672
vn 0.54437 0.80797 0.22548
vn -0.9583 0.28578 -0
vn -0.58923 0.80796 -0
vn 0.79679 0.28578 0.5324
vn 0.48993 0.80797 0.32735
vn 0 -1 -0
vt 0.20194 0.25366
vt 0.23976 0.25366
vt 0.24042 0.27688
vt 0.2026 0.27688
vt 0.19169 0.22775
vt 0.15386 0.22788
vt 0.15358 0.2005
vt 0.19141 0.20037
vt 0.15348 0.17258
vt 0.19131 0.17246
vt 0.15358 0.1452
vt 0.19141 0.14507
vt 0.15386 0.11941
vt 0.19169 0.11928
vt 0.15432 0.09619
vt 0.19215 0.09607
vt 0.15493 0.07645
vt 0.19277 0.07632
vt 0.10227 0.07646
vt 0.14009 0.07646
vt 0.13942 0.09967
vt 0.1016 0.09967
vt 0.13897 0.12546
vt 0.10114 0.12546
vt 0.13873 0.15284
vt 0.10091 0.15284
vt 0.13873 0.18076
vt 0.10091 0.18076
vt 0.13897 0.20814
vt 0.10114 0.20814
vt 0.13942 0.23393
vt 0.1016 0.23393
vt 0.14009 0.25714
vt 0.10227 0.25714
vt 0.14093 0.27688
vt 0.10311 0.27688
vt 0.6321 0.06105
vt 0.66992 0.06105
vt 0.66907 0.08079
vt 0.63125 0.08079
vt 0.66841 0.104
vt 0.63059 0.104
vt 0.66795 0.12979
vt 0.63013 0.12979
vt 0.66771 0.15717
vt 0.62989 0.15717
vt 0.66771 0.18509
vt 0.62989 0.18509
vt 0.66795 0.21247
vt 0.63013 0.21247
vt 0.66841 0.23826
vt 0.63059 0.23826
vt 0.66907 0.26147
vt 0.63125 0.26147
vt 0.66992 0.28121
vt 0.6321 0.28121
vt 0.2026 0.09619
vt 0.24042 0.09619
vt 0.23976 0.1194
vt 0.20194 0.11941
vt 0.2393 0.1452
vt 0.20148 0.1452
vt 0.23907 0.17258
vt 0.20124 0.17258
vt 0.23907 0.20049
vt 0.20124 0.20049
vt 0.2393 0.22787
vt 0.20148 0.22787
vt 0.19277 0.27675
vt 0.15493 0.27688
vt 0.15432 0.25367
vt 0.19215 0.25354
vt 0.67756 0.52175
vt 0.65782 0.54149
vt 0.65412 0.53698
vt 0.67305 0.51805
vt 0.69307 0.49854
vt 0.68793 0.49579
vt 0.70375 0.47275
vt 0.69817 0.47105
vt 0.7092 0.44537
vt 0.70339 0.44479
vt 0.7092 0.41745
vt 0.70339 0.41802
vt 0.70375 0.39007
vt 0.69817 0.39176
vt 0.69307 0.36428
vt 0.68793 0.36703
vt 0.67756 0.34107
vt 0.67305 0.34477
vt 0.65782 0.32133
vt 0.65412 0.32583
vt 0.63461 0.30582
vt 0.63186 0.31096
vt 0.145 0.12715
vt 0.14478 0.15341
vt 0.14478 0.18019
vt 0.145 0.20645
vt 0.52614 0.29513
vt 0.55352 0.28969
vt 0.55409 0.29549
vt 0.52783 0.30071
vt 0.50035 0.30582
vt 0.5031 0.31096
vt 0.47714 0.32133
vt 0.48083 0.32583
vt 0.4574 0.34107
vt 0.4619 0.34477
vt 0.44189 0.36428
vt 0.44703 0.36703
vt 0.4312 0.39007
vt 0.43678 0.39176
vt 0.67399 0.13148
vt 0.67376 0.15774
vt 0.67376 0.18451
vt 0.67399 0.21077
vt 0.44189 0.49854
vt 0.4312 0.47275
vt 0.43678 0.47105
vt 0.44703 0.49579
vt 0.4574 0.52175
vt 0.4619 0.51805
vt 0.47714 0.54149
vt 0.48083 0.53698
vt 0.50035 0.557
vt 0.5031 0.55186
vt 0.52614 0.56768
vt 0.52783 0.5621
vt 0.24534 0.14689
vt 0.24511 0.17315
vt 0.24511 0.19992
vt 0.24534 0.22618
vt 0.63461 0.557
vt 0.60882 0.56768
vt 0.60712 0.5621
vt 0.63186 0.55186
vt 0.68264 0.07866
vt 0.68299 0.05898
vt 0.68873 0.05898
vt 0.68838 0.07866
vt 0.6364 0.51539
vt 0.65146 0.50033
vt 0.66329 0.48262
vt 0.67144 0.46295
vt 0.6756 0.44206
vt 0.6756 0.42076
vt 0.67144 0.39987
vt 0.66329 0.38019
vt 0.65146 0.36249
vt 0.6364 0.34743
vt 0.61869 0.33559
vt 0.59901 0.32744
vt 0.60712 0.30071
vt 0.57813 0.32329
vt 0.58086 0.29549
vt 0.55683 0.32329
vt 0.53594 0.32744
vt 0.51626 0.33559
vt 0.49855 0.34743
vt 0.48349 0.36249
vt 0.47166 0.38019
vt 0.46351 0.39987
vt 0.45936 0.42076
vt 0.43156 0.41802
vt 0.45936 0.44206
vt 0.43156 0.4448
vt 0.46351 0.46295
vt 0.47166 0.48262
vt 0.48349 0.50033
vt 0.49855 0.51539
vt 0.51626 0.52722
vt 0.53594 0.53537
vt 0.55683 0.53953
vt 0.55409 0.56733
vt 0.57813 0.53953
vt 0.58086 0.56733
vt 0.59901 0.53537
vt 0.61869 0.52722
vt 0.6835 0.17912
vt 0.68299 0.16141
vt 0.68873 0.16141
vt 0.68924 0.17912
vt 0.94275 0.53489
vt 0.94249 0.51521
vt 0.94822 0.51524
vt 0.94849 0.53491
vt 0.68247 0.09955
vt 0.6882 0.09955
vt 0.94319 0.5526
vt 0.94892 0.55262
vt 0.81896 0.39019
vt 0.80556 0.39285
vt 0.80116 0.37833
vt 0.81748 0.37509
vt 0.68247 0.12085
vt 0.6882 0.12085
vt 0.94377 0.56766
vt 0.94951 0.56768
vt 0.96827 0.93747
vt 0.96849 0.95836
vt 0.96275 0.95838
vt 0.96253 0.93749
vt 0.68264 0.14173
vt 0.68838 0.14173
vt 0.41314 0.08149
vt 0.41379 0.06643
vt 0.41952 0.06643
vt 0.41888 0.08149
vt 0.9682 0.91617
vt 0.96246 0.91619
vt 0.41263 0.0992
vt 0.41837 0.0992
vt 0.96827 0.89529
vt 0.96253 0.8953
vt 0.41228 0.11887
vt 0.41802 0.11887
vt 0.96849 0.87561
vt 0.96275 0.87563
vt 0.96884 0.97803
vt 0.9631 0.97805
vt 0.4121 0.13976
vt 0.41784 0.13976
vt 0.96884 0.8579
vt 0.9631 0.85792
vt 0.4121 0.16106
vt 0.41784 0.16106
vt 0.96931 0.84283
vt 0.96357 0.84285
vt 0.41228 0.18195
vt 0.41802 0.18195
vt 0.94319 0.43246
vt 0.94377 0.41475
vt 0.9495 0.41478
vt 0.94892 0.43249
vt 0.41263 0.20163
vt 0.41837 0.20163
vt 0.94275 0.45214
vt 0.94849 0.45216
vt 0.41314 0.21933
vt 0.41888 0.21933
vt 0.94249 0.47302
vt 0.94822 0.47305
vt 0.41379 0.23439
vt 0.41952 0.23439
vt 0.9424 0.49432
vt 0.94813 0.49435
vt 0.6835 0.04128
vt 0.68924 0.04128
vt 0.07956 0.20587
vt 0.07154 0.2061
vt 0.07841 0.17148
vt 0.0888 0.17118
vt 0.76018 0.40571
vt 0.75093 0.41955
vt 0.72998 0.40835
vt 0.74181 0.39064
vt 0.88596 0.92602
vt 0.87705 0.92615
vt 0.87018 0.89052
vt 0.88173 0.89035
vt 0.74457 0.43492
vt 0.72183 0.42802
vt 0.89543 0.92596
vt 0.894 0.89027
vt 0.74132 0.45124
vt 0.71768 0.44891
vt 0.90507 0.92596
vt 0.9065 0.89027
vt 0.74132 0.46788
vt 0.71768 0.47021
vt 0.91454 0.92602
vt 0.91877 0.89035
vt 0.74457 0.4842
vt 0.72183 0.4911
vt 0.92345 0.92615
vt 0.93032 0.89052
vt 0.75093 0.49958
vt 0.72998 0.51078
vt 0.93147 0.92634
vt 0.94072 0.89076
vt 0.76018 0.51341
vt 0.74181 0.52848
vt 0.9383 0.92657
vt 0.94956 0.89107
vt 0.77195 0.52518
vt 0.75687 0.54354
vt 0.32634 0.23365
vt 0.31832 0.23338
vt 0.30922 0.19865
vt 0.31962 0.19899
vt 0.78578 0.53442
vt 0.77458 0.55538
vt 0.33525 0.23384
vt 0.33117 0.19925
vt 0.80116 0.54079
vt 0.79426 0.56353
vt 0.34472 0.23396
vt 0.34344 0.1994
vt 0.81748 0.54404
vt 0.81515 0.56768
vt 0.35436 0.234
vt 0.35594 0.19946
vt 0.83412 0.54404
vt 0.83645 0.56768
vt 0.36383 0.23396
vt 0.3682 0.1994
vt 0.85044 0.54079
vt 0.85733 0.56353
vt 0.37274 0.23384
vt 0.37976 0.19925
vt 0.86581 0.53442
vt 0.87701 0.55538
vt 0.38076 0.23365
vt 0.39016 0.19899
vt 0.87965 0.52518
vt 0.89472 0.54354
vt 0.38759 0.23338
vt 0.399 0.19865
vt 0.89141 0.51341
vt 0.90978 0.52848
vt 0.31867 0.49779
vt 0.31185 0.4975
vt 0.30058 0.46272
vt 0.30942 0.4631
vt 0.90066 0.49958
vt 0.92161 0.51078
vt 0.32669 0.49802
vt 0.31982 0.4634
vt 0.90703 0.4842
vt 0.92976 0.4911
vt 0.3356 0.49818
vt 0.33137 0.46361
vt 0.91027 0.46788
vt 0.93392 0.47021
vt 0.34507 0.49826
vt 0.34364 0.46371
vt 0.91027 0.45124
vt 0.93392 0.44891
vt 0.35472 0.49826
vt 0.35614 0.46371
vt 0.90703 0.43492
vt 0.92976 0.42802
vt 0.36418 0.49818
vt 0.36841 0.46361
vt 0.90066 0.41955
vt 0.92161 0.40835
vt 0.37309 0.49802
vt 0.37996 0.4634
vt 0.89141 0.40571
vt 0.90978 0.39064
vt 0.38111 0.49779
vt 0.39036 0.4631
vt 0.87965 0.39394
vt 0.89472 0.37558
vt 0.38794 0.4975
vt 0.3992 0.46272
vt 0.86581 0.3847
vt 0.87701 0.36375
vt 0.02514 0.2061
vt 0.01711 0.20587
vt 0.00787 0.17118
vt 0.01827 0.17148
vt 0.85044 0.37833
vt 0.85733 0.3556
vt 0.03405 0.20626
vt 0.02982 0.17169
vt 0.83412 0.37509
vt 0.83645 0.35144
vt 0.04351 0.20634
vt 0.04208 0.17179
vt 0.81515 0.35144
vt 0.05316 0.20634
vt 0.05459 0.17179
vt 0.79426 0.3556
vt 0.06262 0.20626
vt 0.06685 0.17169
vt 0.78578 0.3847
vt 0.77458 0.36375
vt 0.77195 0.39394
vt 0.75687 0.37558
vt 0.77191 0.41534
vt 0.76432 0.4267
vt 0.96931 0.99574
vt 0.96357 0.99576
vt 0.3918 0.39171
vt 0.38103 0.39202
vt 0.37738 0.3679
vt 0.38688 0.36763
vt 0.89517 0.45273
vt 0.89251 0.43933
vt 0.83263 0.52894
vt 0.84603 0.52627
vt 0.75642 0.4664
vt 0.75909 0.4798
vt 0.87968 0.41534
vt 0.87002 0.40567
vt 0.87002 0.51345
vt 0.87968 0.50379
vt 0.77191 0.50379
vt 0.78157 0.51345
vt 0.84603 0.39285
vt 0.83263 0.39019
vt 0.89251 0.4798
vt 0.89517 0.4664
vt 0.80556 0.52627
vt 0.81896 0.52894
vt 0.75909 0.43933
vt 0.75642 0.45273
vt 0.79294 0.39808
vt 0.88728 0.4267
vt 0.85866 0.52104
vt 0.76432 0.49242
vt 0.86903 0.92634
vt 0.85978 0.89076
vt 0.85866 0.39808
vt 0.88728 0.49242
vt 0.79294 0.52104
vt 0.78157 0.40567
vt 0.85978 0.99119
vt 0.87018 0.99095
vt 0.86936 0.99551
vt 0.85868 0.99576
vt 0.77515 0.418
vt 0.76801 0.42868
vt 0.88173 0.99078
vt 0.88123 0.99534
vt 0.7631 0.44054
vt 0.894 0.9907
vt 0.89383 0.99526
vt 0.76059 0.45314
vt 0.9065 0.9907
vt 0.90667 0.99526
vt 0.76059 0.46598
vt 0.91877 0.99078
vt 0.91927 0.99534
vt 0.7631 0.47858
vt 0.93032 0.99095
vt 0.93114 0.99551
vt 0.76801 0.49045
vt 0.94072 0.99119
vt 0.94182 0.99576
vt 0.77515 0.50113
vt 0.29996 0.29863
vt 0.3088 0.29905
vt 0.30768 0.30372
vt 0.2986 0.30329
vt 0.78423 0.51021
vt 0.3192 0.29939
vt 0.31836 0.30407
vt 0.79491 0.51735
vt 0.33075 0.29964
vt 0.33022 0.30433
vt 0.80678 0.52226
vt 0.34301 0.2998
vt 0.34282 0.30449
vt 0.81937 0.52477
vt 0.35552 0.29985
vt 0.35567 0.30454
vt 0.83222 0.52477
vt 0.36778 0.2998
vt 0.36826 0.30449
vt 0.84482 0.52226
vt 0.37933 0.29964
vt 0.38013 0.30433
vt 0.85668 0.51735
vt 0.38973 0.29939
vt 0.39081 0.30407
vt 0.86736 0.51021
vt 0.39857 0.29905
vt 0.3999 0.30372
vt 0.87645 0.50113
vt 0.30058 0.56312
vt 0.30942 0.5635
vt 0.30832 0.56817
vt 0.29924 0.56778
vt 0.88358 0.49045
vt 0.31982 0.5638
vt 0.319 0.56848
vt 0.8885 0.47858
vt 0.33137 0.564
vt 0.33087 0.56869
vt 0.891 0.46598
vt 0.34364 0.56411
vt 0.34347 0.5688
vt 0.891 0.45314
vt 0.35614 0.56411
vt 0.35631 0.5688
vt 0.8885 0.44054
vt 0.36841 0.564
vt 0.36891 0.56869
vt 0.88358 0.42868
vt 0.37996 0.5638
vt 0.38078 0.56848
vt 0.87645 0.418
vt 0.39036 0.5635
vt 0.39146 0.56817
vt 0.86736 0.40891
vt 0.3992 0.56312
vt 0.40054 0.56778
vt 0.85668 0.40178
vt 0.00787 0.27158
vt 0.01827 0.27188
vt 0.01745 0.27656
vt 0.00677 0.27625
vt 0.84482 0.39686
vt 0.02982 0.27208
vt 0.02932 0.27677
vt 0.83222 0.39436
vt 0.04208 0.27219
vt 0.04191 0.27688
vt 0.81937 0.39436
vt 0.05459 0.27219
vt 0.05476 0.27688
vt 0.80678 0.39686
vt 0.06685 0.27208
vt 0.06736 0.27677
vt 0.79491 0.40178
vt 0.07841 0.27188
vt 0.07922 0.27656
vt 0.78423 0.40891
vt 0.0888 0.27158
vt 0.0899 0.27625
vt 0.86982 0.95642
vt 0.87764 0.95624
vt 0.87892 0.94084
vt 0.87155 0.94102
vt 0.06226 0.23626
vt 0.07095 0.2361
vt 0.06967 0.22052
vt 0.06147 0.22067
vt 0.05304 0.23633
vt 0.05277 0.22074
vt 0.04363 0.23633
vt 0.0439 0.22074
vt 0.03441 0.23626
vt 0.0352 0.22067
vt 0.02572 0.2361
vt 0.02701 0.22052
vt 0.0179 0.23588
vt 0.01963 0.22031
vt 0.38033 0.5278
vt 0.38698 0.52751
vt 0.38487 0.51196
vt 0.3786 0.51223
vt 0.37251 0.52802
vt 0.37122 0.51244
vt 0.36382 0.52817
vt 0.36303 0.51259
vt 0.35459 0.52825
vt 0.35433 0.51266
vt 0.34519 0.52825
vt 0.34546 0.51266
vt 0.33596 0.52817
vt 0.33676 0.51259
vt 0.32727 0.52802
vt 0.32856 0.51244
vt 0.31945 0.5278
vt 0.32119 0.51223
vt 0.3128 0.52751
vt 0.31491 0.51196
vt 0.37985 0.26365
vt 0.3865 0.26339
vt 0.38446 0.24783
vt 0.37819 0.24807
vt 0.37203 0.26384
vt 0.37081 0.24825
vt 0.36334 0.26395
vt 0.36261 0.24836
vt 0.35412 0.26399
vt 0.35391 0.2484
vt 0.34471 0.26395
vt 0.34504 0.24836
vt 0.33549 0.26384
vt 0.33634 0.24825
vt 0.3268 0.26365
vt 0.32815 0.24807
vt 0.31898 0.26339
vt 0.32077 0.24783
vt 0.31233 0.26308
vt 0.93523 0.94123
vt 0.92896 0.94102
vt 0.92287 0.95624
vt 0.93069 0.95642
vt 0.92158 0.94085
vt 0.91418 0.95612
vt 0.91339 0.94073
vt 0.90495 0.95605
vt 0.90469 0.94067
vt 0.89555 0.95605
vt 0.89582 0.94067
vt 0.88632 0.95612
vt 0.88712 0.94073
vt 0.07877 0.23588
vt 0.07704 0.22031
vt 0.3145 0.24753
vt 0.32919 0.3444
vt 0.32203 0.34419
vt 0.33178 0.32072
vt 0.33643 0.32085
vt 0.34352 0.12803
vt 0.33082 0.12787
vt 0.33317 0.10374
vt 0.34438 0.10388
vt 0.40095 0.39132
vt 0.39496 0.36728
vt 0.35646 0.12809
vt 0.35581 0.10393
vt 0.0172 0.1001
vt 0.00643 0.09979
vt 0.01135 0.07571
vt 0.02085 0.07598
vt 0.36916 0.12803
vt 0.36702 0.10388
vt 0.02916 0.10031
vt 0.03141 0.07617
vt 0.38113 0.12787
vt 0.37758 0.10374
vt 0.86911 0.81896
vt 0.85835 0.81921
vt 0.86326 0.79559
vt 0.87276 0.79537
vt 0.04186 0.10042
vt 0.04262 0.07627
vt 0.3919 0.12761
vt 0.38708 0.10351
vt 0.88108 0.81879
vt 0.88332 0.79522
vt 0.05481 0.10042
vt 0.05405 0.07627
vt 0.40105 0.12725
vt 0.39517 0.10319
vt 0.89378 0.8187
vt 0.89454 0.79514
vt 0.06751 0.10031
vt 0.06526 0.07617
vt 0.30799 0.39171
vt 0.29883 0.39132
vt 0.30482 0.36728
vt 0.3129 0.36763
vt 0.90672 0.8187
vt 0.90597 0.79514
vt 0.07947 0.1001
vt 0.07582 0.07598
vt 0.31875 0.39202
vt 0.3224 0.3679
vt 0.91943 0.81879
vt 0.91718 0.79522
vt 0.09024 0.09979
vt 0.08533 0.07571
vt 0.33072 0.39223
vt 0.33297 0.36809
vt 0.93139 0.81896
vt 0.92774 0.79537
vt 0.34342 0.39234
vt 0.34418 0.36819
vt 0.94216 0.81921
vt 0.93724 0.79559
vt 0.35637 0.39234
vt 0.35561 0.36819
vt 0.30809 0.12725
vt 0.29893 0.12682
vt 0.30502 0.10281
vt 0.3131 0.10319
vt 0.36907 0.39223
vt 0.36682 0.36809
vt 0.31885 0.12761
vt 0.32261 0.10351
vt 0.32971 0.17564
vt 0.31718 0.17536
vt 0.31712 0.15155
vt 0.32971 0.15183
vt 0.3825 0.43978
vt 0.36997 0.44
vt 0.37007 0.4162
vt 0.38266 0.41597
vt 0.30591 0.17499
vt 0.30579 0.15118
vt 0.35667 0.44012
vt 0.3567 0.41631
vt 0.95372 0.86712
vt 0.94413 0.86679
vt 0.94435 0.84295
vt 0.95398 0.84328
vt 0.34311 0.44012
vt 0.34308 0.41631
vt 0.93286 0.86653
vt 0.93302 0.84268
vt 0.32981 0.44
vt 0.32971 0.4162
vt 0.92033 0.86635
vt 0.92043 0.8425
vt 0.31728 0.43978
vt 0.31713 0.41597
vt 0.09222 0.14754
vt 0.08094 0.14786
vt 0.0811 0.12405
vt 0.09243 0.12373
vt 0.90703 0.86625
vt 0.90706 0.84241
vt 0.30601 0.43946
vt 0.3058 0.41565
vt 0.06842 0.14808
vt 0.06851 0.12428
vt 0.89347 0.86625
vt 0.89344 0.84241
vt 0.29642 0.43905
vt 0.29616 0.41523
vt 0.05512 0.1482
vt 0.05515 0.12439
vt 0.88017 0.86635
vt 0.88007 0.8425
vt 0.40326 0.17499
vt 0.39367 0.17536
vt 0.39399 0.15155
vt 0.40362 0.15118
vt 0.04155 0.1482
vt 0.04152 0.12439
vt 0.86764 0.86653
vt 0.86748 0.84268
vt 0.3824 0.17564
vt 0.38266 0.15183
vt 0.02826 0.14808
vt 0.02816 0.12428
vt 0.85637 0.86679
vt 0.85615 0.84295
vt 0.36987 0.17581
vt 0.37007 0.152
vt 0.01573 0.14786
vt 0.01557 0.12405
vt 0.35657 0.17586
vt 0.3567 0.15206
vt 0.00445 0.14754
vt 0.00424 0.12373
vt 0.34301 0.17581
vt 0.34308 0.152
vt 0.40336 0.43905
vt 0.39378 0.43946
vt 0.39399 0.41565
vt 0.40362 0.41523
vt 0.63455 0.81977
vt 0.64121 0.81977
vt 0.6468 0.87662
vt 0.62895 0.87662
vt 0.913 0.77272
vt 0.90456 0.77266
vt 0.90305 0.75022
vt 0.90854 0.75026
vt 0.0762 0.05227
vt 0.06904 0.05248
vt 0.06179 0.02893
vt 0.06645 0.0288
vt 0.33714 0.34454
vt 0.3416 0.32094
vt 0.92096 0.77284
vt 0.91371 0.75034
vt 0.34559 0.34461
vt 0.34709 0.32099
vt 0.92812 0.773
vt 0.91836 0.75044
vt 0.3542 0.34461
vt 0.35269 0.32099
vt 0.32233 0.07979
vt 0.31624 0.07951
vt 0.32822 0.05618
vt 0.33218 0.05636
vt 0.36264 0.34454
vt 0.35818 0.32094
vt 0.32949 0.08003
vt 0.33683 0.05652
vt 0.3706 0.3444
vt 0.36335 0.32085
vt 0.33744 0.0802
vt 0.342 0.05663
vt 0.37775 0.34419
vt 0.368 0.32072
vt 0.34588 0.08031
vt 0.34749 0.0567
vt 0.38384 0.34393
vt 0.37196 0.32055
vt 0.35449 0.08035
vt 0.35309 0.05672
vt 0.02763 0.05248
vt 0.02047 0.05227
vt 0.03023 0.0288
vt 0.03488 0.02893
vt 0.36294 0.08031
vt 0.35857 0.0567
vt 0.03559 0.05262
vt 0.04005 0.02902
vt 0.37089 0.0802
vt 0.36374 0.05663
vt 0.87955 0.77284
vt 0.87239 0.773
vt 0.88214 0.75044
vt 0.8868 0.75034
vt 0.04403 0.05269
vt 0.04554 0.02907
vt 0.37805 0.08003
vt 0.3684 0.05652
vt 0.8875 0.77272
vt 0.89197 0.75026
vt 0.05264 0.05269
vt 0.05114 0.02907
vt 0.38414 0.07979
vt 0.37236 0.05636
vt 0.89595 0.77266
vt 0.89746 0.75022
vt 0.06109 0.05262
vt 0.05662 0.02902
vt 0.31594 0.34393
vt 0.32782 0.32055
vt 0.60406 0.78263
vt 0.60406 0.78929
vt 0.54722 0.79489
vt 0.54722 0.77703
vt 0.65943 0.7597
vt 0.65389 0.756
vt 0.68082 0.70562
vt 0.69567 0.71554
vt 0.61161 0.80752
vt 0.61632 0.81222
vt 0.58008 0.85638
vt 0.56746 0.84375
vt 0.62801 0.81847
vt 0.61143 0.87314
vt 0.66414 0.76441
vt 0.7083 0.72817
vt 0.20854 0.06921
vt 0.20856 0.07583
vt 0.20387 0.07573
vt 0.20386 0.06933
vt 0.62186 0.81593
vt 0.59493 0.8663
vt 0.66784 0.76994
vt 0.71822 0.74302
vt 0.60536 0.79582
vt 0.5507 0.81241
vt 0.67039 0.7761
vt 0.72505 0.75952
vt 0.60536 0.7761
vt 0.5507 0.75952
vt 0.67169 0.78263
vt 0.72854 0.77703
vt 0.60791 0.76994
vt 0.55753 0.74302
vt 0.60791 0.80198
vt 0.55753 0.8289
vt 0.67169 0.78929
vt 0.72854 0.79489
vt 0.61161 0.76441
vt 0.56746 0.72817
vt 0.67039 0.79582
vt 0.72505 0.81241
vt 0.61632 0.7597
vt 0.58008 0.71554
vt 0.66784 0.80198
vt 0.71822 0.8289
vt 0.62186 0.756
vt 0.59493 0.70562
vt 0.66414 0.80752
vt 0.7083 0.84375
vt 0.62801 0.75345
vt 0.61143 0.69879
vt 0.65943 0.81222
vt 0.69567 0.85638
vt 0.63455 0.75215
vt 0.62895 0.6953
vt 0.65389 0.81593
vt 0.68082 0.8663
vt 0.64121 0.75215
vt 0.6468 0.6953
vt 0.64774 0.81847
vt 0.66432 0.87314
vt 0.64774 0.75345
vt 0.66432 0.69879
vt 0.72108 0.11226
vt 0.72226 0.11821
vt 0.71903 0.11945
vt 0.71768 0.11285
vt 0.77584 0.08964
vt 0.77155 0.08535
vt 0.77373 0.0827
vt 0.77849 0.08747
vt 0.72458 0.12382
vt 0.72166 0.12567
vt 0.76651 0.08197
vt 0.76813 0.07895
vt 0.72794 0.12887
vt 0.72544 0.13125
vt 0.7609 0.07964
vt 0.7619 0.07636
vt 0.73223 0.13317
vt 0.73024 0.13599
vt 0.75495 0.07845
vt 0.75529 0.07504
vt 0.73727 0.13654
vt 0.73587 0.1397
vt 0.74889 0.07845
vt 0.7483 0.07504
vt 0.74288 0.13887
vt 0.74188 0.14215
vt 0.74293 0.07963
vt 0.74194 0.07635
vt 0.74883 0.14006
vt 0.74849 0.14347
vt 0.73733 0.08194
vt 0.73571 0.07892
vt 0.75489 0.14006
vt 0.75498 0.14352
vt 0.73228 0.08531
vt 0.7301 0.08266
vt 0.77917 0.12388
vt 0.7815 0.11827
vt 0.78473 0.11952
vt 0.78209 0.12573
vt 0.76085 0.13889
vt 0.7616 0.14226
vt 0.72798 0.0896
vt 0.72533 0.08742
vt 0.78269 0.11232
vt 0.7861 0.11291
vt 0.76646 0.13657
vt 0.76785 0.13973
vt 0.72461 0.09464
vt 0.72158 0.09302
vt 0.7827 0.10625
vt 0.78611 0.10592
vt 0.7715 0.1332
vt 0.77349 0.13603
vt 0.72228 0.10024
vt 0.719 0.09924
vt 0.78152 0.1003
vt 0.7848 0.09931
vt 0.7758 0.12892
vt 0.7783 0.1313
vt 0.72109 0.10619
vt 0.71768 0.10585
vt 0.7792 0.09469
vt 0.78223 0.09308
vt 0.3062 0.95999
vt 0.33826 0.93856
vt 0.34426 0.94587
vt 0.31066 0.96832
vt 0.93325 0.07631
vt 0.93337 0.06945
vt 0.93797 0.06935
vt 0.93802 0.07575
vt 0.9429 0.35788
vt 0.94311 0.35312
vt 0.94769 0.35397
vt 0.94749 0.35858
vt 0.20857 0.06246
vt 0.20388 0.06281
vt 0.93337 0.08252
vt 0.93813 0.08178
vt 0.94274 0.36349
vt 0.94733 0.36401
vt 0.20865 0.05586
vt 0.20395 0.05641
vt 0.93353 0.0881
vt 0.93828 0.0872
vt 0.94263 0.36972
vt 0.94722 0.37003
vt 0.20858 0.04988
vt 0.20406 0.05038
vt 0.94258 0.37633
vt 0.94717 0.37643
vt 0.20873 0.04427
vt 0.20421 0.04495
vt 0.9424 0.38282
vt 0.94717 0.38296
vt 0.91746 0.03951
vt 0.91783 0.03495
vt 0.92241 0.0358
vt 0.92221 0.04041
vt 0.94263 0.38968
vt 0.94722 0.38936
vt 0.91729 0.04509
vt 0.92206 0.04584
vt 0.94274 0.3959
vt 0.94733 0.39539
vt 0.91718 0.0513
vt 0.92195 0.05187
vt 0.9429 0.40151
vt 0.94749 0.40081
vt 0.91712 0.0579
vt 0.92189 0.05827
vt 0.94311 0.40627
vt 0.94769 0.40543
vt 0.91712 0.06465
vt 0.92189 0.06479
vt 0.93354 0.04988
vt 0.9337 0.04427
vt 0.93828 0.04497
vt 0.93813 0.05039
vt 0.91717 0.07127
vt 0.92195 0.07119
vt 0.93343 0.0561
vt 0.93802 0.05642
vt 0.91747 0.07773
vt 0.92206 0.07722
vt 0.20862 0.08208
vt 0.20873 0.08771
vt 0.20404 0.08718
vt 0.20394 0.08176
vt 0.93337 0.06271
vt 0.93797 0.06282
vt 0.91763 0.08334
vt 0.92221 0.08264
vt 0.91783 0.0881
vt 0.92241 0.08726
vt 0.20143 0.08761
vt 0.20133 0.08207
vt 0.2025 0.08166
vt 0.2026 0.08706
vt 0.20126 0.07592
vt 0.20244 0.07567
vt 0.20124 0.06939
vt 0.20242 0.06931
vt 0.20127 0.06273
vt 0.20244 0.06282
vt 0.20134 0.0562
vt 0.20251 0.05646
vt 0.20145 0.05004
vt 0.20262 0.05046
vt 0.2016 0.0445
vt 0.20277 0.04507
vt 0.61688 0.76038
vt 0.6123 0.76497
vt 0.92386 0.03595
vt 0.92366 0.04053
vt 0.92477 0.03997
vt 0.92462 0.04551
vt 0.92351 0.04593
vt 0.92451 0.05166
vt 0.9234 0.05192
vt 0.92445 0.0582
vt 0.92335 0.05828
vt 0.92445 0.06486
vt 0.92335 0.06477
vt 0.92451 0.07139
vt 0.9234 0.07113
vt 0.92462 0.07754
vt 0.92351 0.07713
vt 0.92477 0.08308
vt 0.92366 0.08252
vt 0.66346 0.76497
vt 0.65887 0.76038
vt 0.92386 0.08711
vt 0.66706 0.77036
vt 0.94914 0.35412
vt 0.94894 0.3587
vt 0.95005 0.35814
vt 0.94989 0.36368
vt 0.94879 0.3641
vt 0.94978 0.36983
vt 0.94868 0.37009
vt 0.94973 0.37637
vt 0.94862 0.37645
vt 0.94973 0.38303
vt 0.94862 0.38294
vt 0.94978 0.38956
vt 0.94868 0.3893
vt 0.94989 0.39571
vt 0.94879 0.3953
vt 0.95005 0.40125
vt 0.94894 0.40069
vt 0.65348 0.81515
vt 0.65887 0.81154
vt 0.94914 0.40528
vt 0.94085 0.04453
vt 0.94069 0.05007
vt 0.93958 0.05049
vt 0.93974 0.04509
vt 0.94058 0.05622
vt 0.93947 0.05648
vt 0.94052 0.06275
vt 0.93942 0.06284
vt 0.94052 0.06941
vt 0.93942 0.06933
vt 0.94058 0.07595
vt 0.93947 0.07569
vt 0.94069 0.0821
vt 0.93958 0.08168
vt 0.94085 0.08764
vt 0.93974 0.08708
vt 0.9279 0.64014
vt 0.92342 0.64001
vt 0.91966 0.6152
vt 0.92511 0.61536
vt 0.1942 0.59077
vt 0.15638 0.59829
vt 0.15364 0.58925
vt 0.19328 0.58137
vt 0.36553 0.9113
vt 0.37283 0.91729
vt 0.06144 0.66174
vt 0.04001 0.6938
vt 0.03168 0.68934
vt 0.05413 0.65574
vt 0.12076 0.61305
vt 0.11631 0.60472
vt 0.38695 0.87924
vt 0.39528 0.88369
vt 0.01774 0.76724
vt 0.01774 0.8058
vt 0.00833 0.80672
vt 0.00833 0.76631
vt 0.0887 0.63447
vt 0.08271 0.62717
vt 0.40171 0.84362
vt 0.41075 0.84636
vt 0.02526 0.84362
vt 0.01622 0.84636
vt 0.40923 0.8058
vt 0.41863 0.80672
vt 0.04001 0.87924
vt 0.03168 0.88369
vt 0.40923 0.76724
vt 0.41863 0.76631
vt 0.06144 0.9113
vt 0.05413 0.91729
vt 0.02526 0.72942
vt 0.01622 0.72668
vt 0.40171 0.72942
vt 0.41075 0.72668
vt 0.0887 0.93856
vt 0.08271 0.94587
vt 0.38695 0.6938
vt 0.39528 0.68934
vt 0.12076 0.95999
vt 0.11631 0.96832
vt 0.36553 0.66174
vt 0.37283 0.65574
vt 0.15638 0.97474
vt 0.15364 0.98378
vt 0.33826 0.63447
vt 0.34426 0.62717
vt 0.1942 0.98226
vt 0.19328 0.99167
vt 0.3062 0.61305
vt 0.31066 0.60472
vt 0.23276 0.98226
vt 0.23369 0.99167
vt 0.27058 0.59829
vt 0.27332 0.58925
vt 0.27058 0.97474
vt 0.27332 0.98378
vt 0.23276 0.59077
vt 0.23369 0.58137
vt 0.72061 0.94075
vt 0.68882 0.95391
vt 0.62067 0.6113
vt 0.65508 0.6113
vt 0.74922 0.92163
vt 0.58693 0.61801
vt 0.77355 0.8973
vt 0.55514 0.63118
vt 0.79266 0.8687
vt 0.52653 0.65029
vt 0.80583 0.83691
vt 0.50221 0.67462
vt 0.81254 0.80316
vt 0.48309 0.70323
vt 0.81254 0.76876
vt 0.46992 0.73501
vt 0.80583 0.73501
vt 0.52653 0.92163
vt 0.50221 0.8973
vt 0.46321 0.76876
vt 0.79266 0.70323
vt 0.55514 0.94075
vt 0.46321 0.80316
vt 0.77355 0.67462
vt 0.58693 0.95391
vt 0.46992 0.83691
vt 0.74922 0.65029
vt 0.62067 0.96062
vt 0.48309 0.8687
vt 0.72061 0.63118
vt 0.65508 0.96062
vt 0.68882 0.61801
vt 0.47734 0.91771
vt 0.45472 0.88386
vt 0.43915 0.84625
vt 0.4312 0.80632
vt 0.4312 0.76561
vt 0.43915 0.72568
vt 0.45473 0.68806
vt 0.47734 0.65421
vt 0.50613 0.62543
vt 0.53998 0.60281
vt 0.57759 0.58723
vt 0.61752 0.57929
vt 0.65823 0.57929
vt 0.69816 0.58723
vt 0.73577 0.60281
vt 0.76962 0.62543
vt 0.79841 0.65422
vt 0.82103 0.68807
vt 0.83661 0.72568
vt 0.84455 0.76561
vt 0.84455 0.80632
vt 0.83661 0.84625
vt 0.82103 0.88386
vt 0.79841 0.91771
vt 0.76962 0.94649
vt 0.73577 0.96911
vt 0.69816 0.98469
vt 0.65823 0.99263
vt 0.61752 0.99263
vt 0.57759 0.98469
vt 0.53998 0.96911
vt 0.50613 0.94649
vt 0.01228 0.72548
vt 0.02805 0.6874
vt 0.98128 0.34261
vt 0.98049 0.30834
vt 0.98256 0.3086
vt 0.98335 0.34296
vt 0.47491 0.9197
vt 0.45195 0.88534
vt 0.00424 0.76591
vt 0.97994 0.27026
vt 0.98201 0.27042
vt 0.43614 0.84716
vt 0.00424 0.80713
vt 0.97966 0.22984
vt 0.98173 0.22989
vt 0.98502 0.22958
vt 0.98529 0.26951
vt 0.01228 0.84755
vt 0.97966 0.18862
vt 0.98173 0.18856
vt 0.98502 0.18887
vt 0.02805 0.88563
vt 0.97994 0.14819
vt 0.98201 0.14803
vt 0.98529 0.14894
vt 0.05095 0.9199
vt 0.98049 0.11011
vt 0.98256 0.10985
vt 0.43614 0.72476
vt 0.45195 0.68658
vt 0.0801 0.94905
vt 0.98128 0.07584
vt 0.98335 0.07548
vt 0.47491 0.65222
vt 0.11437 0.97195
vt 0.97691 0.40858
vt 0.97566 0.43773
vt 0.97355 0.43737
vt 0.9748 0.40814
vt 0.50414 0.623
vt 0.15245 0.98772
vt 0.97468 0.472
vt 0.97257 0.47173
vt 0.5385 0.60004
vt 0.19287 0.99576
vt 0.974 0.51008
vt 0.97189 0.50992
vt 0.57668 0.58422
vt 0.23409 0.99576
vt 0.97366 0.55051
vt 0.97154 0.55045
vt 0.61721 0.57616
vt 0.27452 0.98772
vt 0.97366 0.59172
vt 0.97154 0.59178
vt 0.65854 0.57616
vt 0.31259 0.97195
vt 0.974 0.63215
vt 0.97189 0.63231
vt 0.69907 0.58422
vt 0.34687 0.94905
vt 0.97468 0.67023
vt 0.97257 0.67049
vt 0.73725 0.60004
vt 0.37601 0.9199
vt 0.97566 0.70449
vt 0.97355 0.70485
vt 0.77162 0.623
vt 0.39891 0.88563
vt 0.97691 0.73363
vt 0.9748 0.73407
vt 0.80084 0.65222
vt 0.41468 0.84755
vt 0.41747 0.24331
vt 0.41622 0.27245
vt 0.41411 0.2721
vt 0.41537 0.24287
vt 0.8238 0.68658
vt 0.42272 0.80713
vt 0.41524 0.30672
vt 0.41313 0.30646
vt 0.83961 0.72477
vt 0.42272 0.76591
vt 0.41456 0.3448
vt 0.41245 0.34464
vt 0.84767 0.7653
vt 0.41468 0.72548
vt 0.41421 0.38523
vt 0.4121 0.38517
vt 0.84767 0.80662
vt 0.39891 0.6874
vt 0.41421 0.42645
vt 0.4121 0.4265
vt 0.83961 0.84716
vt 0.37601 0.65313
vt 0.41456 0.46687
vt 0.41245 0.46703
vt 0.8238 0.88534
vt 0.34687 0.62399
vt 0.41524 0.50495
vt 0.41313 0.50521
vt 0.80084 0.9197
vt 0.31259 0.60109
vt 0.41622 0.53922
vt 0.41411 0.53958
vt 0.77161 0.94892
vt 0.27452 0.58532
vt 0.41747 0.56836
vt 0.41537 0.5688
vt 0.73725 0.97188
vt 0.23409 0.57728
vt 0.98951 0.46694
vt 0.98852 0.50121
vt 0.98641 0.50095
vt 0.9874 0.46659
vt 0.69907 0.9877
vt 0.19287 0.57728
vt 0.98785 0.53929
vt 0.98573 0.53913
vt 0.65854 0.99576
vt 0.15245 0.58532
vt 0.9875 0.57972
vt 0.98539 0.57966
vt 0.61721 0.99576
vt 0.11437 0.60109
vt 0.9875 0.62094
vt 0.98539 0.62099
vt 0.57668 0.9877
vt 0.0801 0.62399
vt 0.98785 0.66136
vt 0.98573 0.66152
vt 0.5385 0.97188
vt 0.05095 0.65313
vt 0.98852 0.69944
vt 0.98641 0.69971
vt 0.50414 0.94892
vt 0.98951 0.73371
vt 0.9874 0.73407
vt 0.12065 0.7369
vt 0.11276 0.75596
vt 0.10873 0.7762
vt 0.10873 0.79684
vt 0.11276 0.81707
vt 0.12065 0.83614
vt 0.13212 0.85329
vt 0.14671 0.86788
vt 0.16386 0.87935
vt 0.18293 0.88724
vt 0.20316 0.89127
vt 0.2238 0.89127
vt 0.24404 0.88724
vt 0.2631 0.87935
vt 0.28026 0.86788
vt 0.29485 0.85329
vt 0.30631 0.83614
vt 0.31421 0.81707
vt 0.31823 0.79684
vt 0.31823 0.7762
vt 0.31421 0.75596
vt 0.30631 0.7369
vt 0.29485 0.71974
vt 0.28026 0.70515
vt 0.2631 0.69369
vt 0.24404 0.68579
vt 0.2238 0.68177
vt 0.20316 0.68177
vt 0.18293 0.68579
vt 0.16386 0.69369
vt 0.14671 0.70515
vt 0.13212 0.71974
vt 0.18398 0.77075
vt 0.18147 0.77681
vt 0.18019 0.78324
vt 0.18019 0.7898
vt 0.18147 0.79623
vt 0.18398 0.80229
vt 0.18763 0.80774
vt 0.19226 0.81237
vt 0.19771 0.81602
vt 0.20377 0.81853
vt 0.2102 0.81981
vt 0.21676 0.81981
vt 0.22319 0.81853
vt 0.22925 0.81602
vt 0.2347 0.81237
vt 0.23934 0.80774
vt 0.24298 0.80229
vt 0.24549 0.79623
vt 0.24677 0.7898
vt 0.24677 0.78324
vt 0.24549 0.77681
vt 0.24298 0.77075
vt 0.23934 0.7653
vt 0.2347 0.76066
vt 0.22925 0.75702
vt 0.22319 0.75451
vt 0.21676 0.75323
vt 0.2102 0.75323
vt 0.20377 0.75451
vt 0.19771 0.75702
vt 0.19226 0.76066
vt 0.18763 0.7653
vt 0.03375 0.02143
vt 0.03935 0.02153
vt 0.3593 0.04921
vt 0.36491 0.04914
vt 0.88062 0.74279
vt 0.88566 0.74267
vt 0.0453 0.02158
vt 0.36996 0.04901
vt 0.89127 0.74259
vt 0.05137 0.02158
vt 0.37425 0.04885
vt 0.89722 0.74255
vt 0.05732 0.02153
vt 0.32596 0.31302
vt 0.33025 0.31321
vt 0.90329 0.74255
vt 0.06293 0.02143
vt 0.3353 0.31335
vt 0.90924 0.74259
vt 0.06797 0.02129
vt 0.34091 0.31345
vt 0.91484 0.74267
vt 0.34686 0.3135
vt 0.91989 0.74279
vt 0.35293 0.3135
vt 0.92232 0.75058
vt 0.92418 0.74293
vt 0.35888 0.31345
vt 0.33068 0.04885
vt 0.33573 0.04901
vt 0.36448 0.31335
vt 0.34133 0.04914
vt 0.36953 0.31321
vt 0.34729 0.04921
vt 0.37382 0.31302
vt 0.35335 0.04924
vt 0.0287 0.02129
vt 0.95225 0.24914
vt 0.94695 0.24916
vt 0.94764 0.22441
vt 0.95407 0.22439
vt 0.93289 0.64022
vt 0.93117 0.61546
vt 0.95723 0.24907
vt 0.96013 0.2243
vt 0.95721 0.19013
vt 0.9617 0.19001
vt 0.96554 0.21517
vt 0.96009 0.21532
vt 0.93818 0.64027
vt 0.9376 0.61552
vt 0.96172 0.24896
vt 0.96558 0.22417
vt 0.95223 0.19022
vt 0.95403 0.21542
vt 0.94358 0.64027
vt 0.94416 0.61552
vt 0.96553 0.24882
vt 0.97022 0.22399
vt 0.94693 0.19028
vt 0.9476 0.21549
vt 0.94887 0.64022
vt 0.95059 0.61546
vt 0.86572 0.64001
vt 0.86191 0.63984
vt 0.85733 0.615
vt 0.86197 0.6152
vt 0.94154 0.19029
vt 0.94104 0.21551
vt 0.95386 0.64014
vt 0.95665 0.61536
vt 0.87021 0.64014
vt 0.86742 0.61536
vt 0.93624 0.19028
vt 0.93461 0.21549
vt 0.95835 0.64001
vt 0.9621 0.6152
vt 0.8752 0.64022
vt 0.87348 0.61546
vt 0.93126 0.19022
vt 0.92855 0.21542
vt 0.88049 0.64027
vt 0.87991 0.61552
vt 0.92677 0.19013
vt 0.9231 0.21532
vt 0.88588 0.64027
vt 0.88647 0.61552
vt 0.92295 0.19001
vt 0.91846 0.21517
vt 0.89118 0.64022
vt 0.8929 0.61546
vt 0.93128 0.24896
vt 0.92679 0.24882
vt 0.92314 0.22399
vt 0.92859 0.22417
vt 0.89616 0.64014
vt 0.89895 0.61536
vt 0.93626 0.24907
vt 0.93465 0.2243
vt 0.90065 0.64001
vt 0.90441 0.6152
vt 0.94156 0.24914
vt 0.94108 0.22439
vt 0.90447 0.63984
vt 0.90904 0.615
vt 0.94714 0.34296
vt 0.94058 0.34293
vt 0.94066 0.32318
vt 0.94722 0.3232
vt 0.94135 0.29792
vt 0.94675 0.29795
vt 0.94083 0.28366
vt 0.94739 0.28369
vt 0.94758 0.27387
vt 0.94072 0.27385
vt 0.94091 0.2639
vt 0.94747 0.26393
vt 0.90904 0.73355
vt 0.90441 0.73375
vt 0.90441 0.71399
vt 0.90904 0.71379
vt 0.90065 0.68879
vt 0.90447 0.68863
vt 0.90441 0.67447
vt 0.90904 0.67427
vt 0.91022 0.66444
vt 0.90537 0.66465
vt 0.90441 0.65472
vt 0.90904 0.65452
vt 0.93415 0.34285
vt 0.93423 0.32309
vt 0.93606 0.29786
vt 0.9344 0.28358
vt 0.934 0.27376
vt 0.93448 0.26382
vt 0.89895 0.73391
vt 0.89895 0.71415
vt 0.89616 0.68892
vt 0.89895 0.67463
vt 0.89967 0.66481
vt 0.89895 0.65487
vt 0.92809 0.34272
vt 0.92817 0.32296
vt 0.93107 0.29775
vt 0.92834 0.28345
vt 0.92767 0.27362
vt 0.92843 0.26369
vt 0.8929 0.73401
vt 0.8929 0.71425
vt 0.89118 0.68901
vt 0.8929 0.67474
vt 0.89334 0.66492
vt 0.8929 0.65498
vt 0.92264 0.34254
vt 0.92272 0.32278
vt 0.92658 0.2976
vt 0.92289 0.28327
vt 0.92197 0.27343
vt 0.92297 0.26351
vt 0.88646 0.73407
vt 0.88646 0.71431
vt 0.88588 0.68905
vt 0.88647 0.67479
vt 0.88661 0.66498
vt 0.88647 0.65503
vt 0.91806 0.09658
vt 0.9227 0.09673
vt 0.92276 0.11649
vt 0.91813 0.11635
vt 0.91809 0.32256
vt 0.92277 0.29742
vt 0.92279 0.14121
vt 0.9266 0.14133
vt 0.9229 0.15602
vt 0.91826 0.15588
vt 0.91712 0.27321
vt 0.91834 0.26329
vt 0.92298 0.24864
vt 0.87991 0.73407
vt 0.87991 0.71431
vt 0.88049 0.68905
vt 0.87991 0.67479
vt 0.87976 0.66498
vt 0.87991 0.65503
vt 0.92815 0.09684
vt 0.92822 0.1166
vt 0.93109 0.14142
vt 0.92835 0.15613
vt 0.92197 0.16595
vt 0.92767 0.16606
vt 0.92842 0.17589
vt 0.92297 0.17579
vt 0.87348 0.73401
vt 0.87348 0.71425
vt 0.8752 0.68901
vt 0.87348 0.67474
vt 0.87304 0.66492
vt 0.87348 0.65498
vt 0.93421 0.0969
vt 0.93428 0.11667
vt 0.93608 0.14148
vt 0.93441 0.1562
vt 0.934 0.16613
vt 0.93448 0.17596
vt 0.86742 0.73391
vt 0.86742 0.71415
vt 0.87021 0.68892
vt 0.86742 0.67463
vt 0.8667 0.66481
vt 0.86742 0.65487
vt 0.9621 0.73375
vt 0.95665 0.73391
vt 0.95665 0.71415
vt 0.9621 0.71399
vt 0.95386 0.68892
vt 0.95835 0.68879
vt 0.95665 0.67463
vt 0.9621 0.67447
vt 0.96307 0.66465
vt 0.95737 0.66481
vt 0.95665 0.65487
vt 0.9621 0.65472
vt 0.94064 0.09692
vt 0.94071 0.11669
vt 0.94137 0.1415
vt 0.94084 0.15622
vt 0.94073 0.16615
vt 0.94091 0.17598
vt 0.86197 0.73375
vt 0.86197 0.71399
vt 0.86572 0.68879
vt 0.86197 0.67447
vt 0.861 0.66465
vt 0.86197 0.65472
vt 0.95059 0.73401
vt 0.95059 0.71425
vt 0.94887 0.68901
vt 0.95059 0.67474
vt 0.95103 0.66492
vt 0.95059 0.65498
vt 0.9472 0.0969
vt 0.94726 0.11667
vt 0.94677 0.14148
vt 0.9474 0.1562
vt 0.94758 0.16613
vt 0.94747 0.17596
vt 0.85733 0.73355
vt 0.85733 0.71379
vt 0.86191 0.68863
vt 0.85733 0.67427
vt 0.85615 0.66444
vt 0.85733 0.65452
vt 0.94416 0.73407
vt 0.94416 0.71431
vt 0.94358 0.68905
vt 0.94416 0.67479
vt 0.94431 0.66498
vt 0.94416 0.65503
vt 0.95363 0.09684
vt 0.9537 0.1166
vt 0.95206 0.14142
vt 0.95383 0.15613
vt 0.9543 0.16606
vt 0.9539 0.17589
vt 0.96972 0.34254
vt 0.96508 0.34272
vt 0.96516 0.32296
vt 0.9698 0.32278
vt 0.96151 0.29775
vt 0.96533 0.2976
vt 0.96533 0.28345
vt 0.96997 0.28327
vt 0.97118 0.27343
vt 0.96634 0.27362
vt 0.96541 0.26369
vt 0.97005 0.26351
vt 0.9376 0.73407
vt 0.9376 0.71431
vt 0.93818 0.68905
vt 0.9376 0.67479
vt 0.93745 0.66498
vt 0.9376 0.65503
vt 0.95969 0.09673
vt 0.95975 0.11649
vt 0.95705 0.14133
vt 0.95989 0.15602
vt 0.96064 0.16595
vt 0.95995 0.17579
vt 0.95963 0.34285
vt 0.95971 0.32309
vt 0.95703 0.29786
vt 0.95988 0.28358
vt 0.96064 0.27376
vt 0.95996 0.26382
vt 0.93117 0.73401
vt 0.93117 0.71425
vt 0.93289 0.68901
vt 0.93117 0.67474
vt 0.93073 0.66492
vt 0.93117 0.65498
vt 0.96514 0.09658
vt 0.9652 0.11635
vt 0.96153 0.14121
vt 0.96534 0.15588
vt 0.96634 0.1658
vt 0.96541 0.17564
vt 0.95357 0.34293
vt 0.95365 0.32318
vt 0.95204 0.29792
vt 0.95382 0.28366
vt 0.9543 0.27385
vt 0.9539 0.2639
vt 0.92511 0.73391
vt 0.92511 0.71415
vt 0.9279 0.68892
vt 0.92511 0.67463
vt 0.9244 0.66481
vt 0.92511 0.65487
vt 0.91966 0.73375
vt 0.91966 0.71399
vt 0.92342 0.68879
vt 0.91966 0.67447
vt 0.9187 0.66465
vt 0.91966 0.65472
vt 0.91712 0.1658
vt 0.75871 0.18012
vt 0.74672 0.19212
vt 0.74079 0.18725
vt 0.75385 0.17419
vt 0.55217 0.16488
vt 0.54753 0.16025
vt 0.58619 0.11314
vt 0.59927 0.12622
vt 0.26791 0.22639
vt 0.26562 0.22637
vt 0.26398 0.21739
vt 0.26736 0.21742
vt 0.49302 0.18938
vt 0.4943 0.19581
vt 0.43599 0.2135
vt 0.43238 0.19535
vt 0.55581 0.17033
vt 0.60955 0.14161
vt 0.49302 0.18282
vt 0.43238 0.17685
vt 0.55832 0.17639
vt 0.61663 0.1587
vt 0.4943 0.17639
vt 0.43599 0.1587
vt 0.5596 0.18282
vt 0.62024 0.17685
vt 0.49681 0.17033
vt 0.44307 0.14161
vt 0.5596 0.18938
vt 0.62024 0.19535
vt 0.50045 0.16488
vt 0.45335 0.12622
vt 0.53602 0.21811
vt 0.54208 0.2156
vt 0.5708 0.26935
vt 0.55371 0.27643
vt 0.55832 0.19581
vt 0.61663 0.2135
vt 0.50509 0.16025
vt 0.46643 0.11314
vt 0.52959 0.21939
vt 0.53556 0.28004
vt 0.55581 0.20187
vt 0.60955 0.2306
vt 0.51054 0.1566
vt 0.48181 0.10286
vt 0.52303 0.21939
vt 0.51706 0.28004
vt 0.55217 0.20732
vt 0.59927 0.24598
vt 0.5166 0.15409
vt 0.49891 0.09578
vt 0.5166 0.21811
vt 0.49891 0.27643
vt 0.54753 0.21196
vt 0.58619 0.25907
vt 0.52303 0.15281
vt 0.51706 0.09217
vt 0.51054 0.2156
vt 0.48181 0.26935
vt 0.52959 0.15281
vt 0.53556 0.09217
vt 0.50509 0.21196
vt 0.46643 0.25907
vt 0.53602 0.15409
vt 0.55371 0.09578
vt 0.50045 0.20732
vt 0.45335 0.24598
vt 0.54208 0.1566
vt 0.5708 0.10286
vt 0.49681 0.20187
vt 0.44307 0.2306
vt 0.77282 0.17069
vt 0.7692 0.16393
vt 0.73729 0.20622
vt 0.7308 0.2219
vt 0.72346 0.21967
vt 0.73052 0.20261
vt 0.72749 0.23854
vt 0.71985 0.23779
vt 0.72749 0.2555
vt 0.71985 0.25626
vt 0.7308 0.27214
vt 0.72346 0.27437
vt 0.73729 0.28782
vt 0.73052 0.29144
vt 0.74672 0.30193
vt 0.74079 0.30679
vt 0.75871 0.31392
vt 0.75385 0.31985
vt 0.77282 0.32335
vt 0.7692 0.33012
vt 0.7885 0.32984
vt 0.78627 0.33718
vt 0.80514 0.33315
vt 0.80438 0.34079
vt 0.8221 0.33315
vt 0.82285 0.34079
vt 0.83874 0.32984
vt 0.84097 0.33718
vt 0.85442 0.32335
vt 0.85803 0.33012
vt 0.86852 0.31392
vt 0.87339 0.31985
vt 0.88052 0.30193
vt 0.88645 0.30679
vt 0.88995 0.28782
vt 0.89671 0.29144
vt 0.89644 0.27214
vt 0.90378 0.27437
vt 0.89975 0.2555
vt 0.90738 0.25626
vt 0.89975 0.23854
vt 0.90738 0.23779
vt 0.89644 0.2219
vt 0.90378 0.21967
vt 0.88995 0.20622
vt 0.89671 0.20261
vt 0.88052 0.19212
vt 0.88645 0.18725
vt 0.86852 0.18012
vt 0.87339 0.17419
vt 0.85442 0.17069
vt 0.85803 0.16393
vt 0.83874 0.1642
vt 0.84097 0.15686
vt 0.8221 0.16089
vt 0.82285 0.15325
vt 0.80514 0.16089
vt 0.80438 0.15325
vt 0.7885 0.1642
vt 0.78627 0.15686
vt 0.89099 0.14352
vt 0.89057 0.12775
vt 0.89196 0.1276
vt 0.89237 0.14331
vt 0.89323 0.12719
vt 0.89364 0.14276
vt 0.57136 0.27038
vt 0.55405 0.27755
vt 0.89026 0.11023
vt 0.89165 0.11014
vt 0.89292 0.10988
vt 0.53568 0.28121
vt 0.89007 0.09163
vt 0.89146 0.0916
vt 0.89273 0.09151
vt 0.51694 0.28121
vt 0.89 0.07267
vt 0.89139 0.07269
vt 0.89267 0.07277
vt 0.49857 0.27755
vt 0.89007 0.05407
vt 0.89146 0.05415
vt 0.89273 0.0544
vt 0.48126 0.27038
vt 0.89026 0.03654
vt 0.89165 0.03669
vt 0.89292 0.03709
vt 0.46568 0.25998
vt 0.89057 0.02077
vt 0.89196 0.02097
vt 0.89323 0.02151
vt 0.45244 0.24673
vt 0.89099 0.00736
vt 0.89237 0.0076
vt 0.89364 0.00826
vt 0.44203 0.23115
vt 0.88153 0.00736
vt 0.88101 0.02313
vt 0.87964 0.02327
vt 0.88016 0.00756
vt 0.87843 0.02367
vt 0.87894 0.0081
vt 0.43486 0.21384
vt 0.88062 0.04065
vt 0.87926 0.04074
vt 0.87804 0.04098
vt 0.4312 0.19547
vt 0.88038 0.05925
vt 0.87902 0.05928
vt 0.87781 0.05936
vt 0.4312 0.17674
vt 0.8803 0.07822
vt 0.87894 0.07818
vt 0.87773 0.07809
vt 0.43486 0.15836
vt 0.88038 0.09682
vt 0.87902 0.09672
vt 0.87781 0.09646
vt 0.44203 0.14105
vt 0.88062 0.11434
vt 0.87926 0.11418
vt 0.87804 0.11377
vt 0.45244 0.12548
vt 0.88101 0.13011
vt 0.87964 0.1299
vt 0.87843 0.12935
vt 0.46568 0.11223
vt 0.88153 0.14352
vt 0.88016 0.14327
vt 0.46514 0.11156
vt 0.48085 0.10106
vt 0.48126 0.10182
vt 0.96206 0.41811
vt 0.96148 0.43152
vt 0.96012 0.43173
vt 0.96069 0.41836
vt 0.49832 0.09383
vt 0.49857 0.09465
vt 0.96103 0.44729
vt 0.95967 0.44744
vt 0.95845 0.44785
vt 0.9589 0.43227
vt 0.51694 0.091
vt 0.96072 0.46482
vt 0.95935 0.46491
vt 0.95814 0.46516
vt 0.53568 0.091
vt 0.96056 0.48342
vt 0.9592 0.48345
vt 0.95798 0.48353
vt 0.55405 0.09465
vt 0.96056 0.50238
vt 0.9592 0.50235
vt 0.95798 0.50227
vt 0.57136 0.10182
vt 0.96072 0.52098
vt 0.95935 0.52089
vt 0.95814 0.52064
vt 0.58694 0.11223
vt 0.96103 0.5385
vt 0.95967 0.53835
vt 0.95845 0.53795
vt 0.60018 0.12548
vt 0.96148 0.55427
vt 0.96012 0.55407
vt 0.9589 0.55352
vt 0.61059 0.14105
vt 0.96206 0.56768
vt 0.96069 0.56744
vt 0.61135 0.14065
vt 0.61859 0.15811
vt 0.61776 0.15836
vt 0.90562 0.02077
vt 0.90517 0.03654
vt 0.9038 0.03669
vt 0.90425 0.02097
vt 0.90259 0.0371
vt 0.90304 0.02152
vt 0.62141 0.17674
vt 0.90486 0.05406
vt 0.90349 0.05415
vt 0.90228 0.0544
vt 0.62141 0.19547
vt 0.9047 0.07266
vt 0.90333 0.07269
vt 0.90212 0.07278
vt 0.61776 0.21384
vt 0.9047 0.09163
vt 0.90333 0.0916
vt 0.90212 0.09151
vt 0.61059 0.23115
vt 0.90486 0.11023
vt 0.90349 0.11014
vt 0.90228 0.10989
vt 0.60018 0.24673
vt 0.90517 0.12775
vt 0.9038 0.1276
vt 0.90259 0.12719
vt 0.58693 0.25998
vt 0.90562 0.14352
vt 0.90425 0.14332
vt 0.90304 0.14277
vt 0.73981 0.18645
vt 0.75305 0.17321
vt 0.7391 0.18586
vt 0.75246 0.1725
vt 0.99451 0.34275
vt 0.99415 0.32703
vt 0.9954 0.32719
vt 0.99576 0.34296
vt 0.72941 0.20201
vt 0.7286 0.20158
vt 0.9939 0.30958
vt 0.99514 0.30967
vt 0.72225 0.2193
vt 0.72136 0.21904
vt 0.99377 0.29104
vt 0.99502 0.29107
vt 0.7186 0.23766
vt 0.71768 0.23757
vt 0.99377 0.27214
vt 0.99502 0.27211
vt 0.7186 0.25638
vt 0.71768 0.25647
vt 0.9939 0.25361
vt 0.99514 0.25351
vt 0.72225 0.27474
vt 0.72136 0.27501
vt 0.99415 0.23614
vt 0.9954 0.23598
vt 0.72941 0.29203
vt 0.7286 0.29247
vt 0.99451 0.22043
vt 0.99576 0.22021
vt 0.73981 0.30759
vt 0.7391 0.30818
vt 0.98055 0.84645
vt 0.97998 0.85982
vt 0.97871 0.8596
vt 0.97928 0.84619
vt 0.75305 0.32083
vt 0.75246 0.32154
vt 0.97953 0.87553
vt 0.97826 0.87537
vt 0.76861 0.33123
vt 0.76817 0.33204
vt 0.97922 0.89299
vt 0.97795 0.8929
vt 0.7859 0.33839
vt 0.98017 0.89326
vt 0.98002 0.91162
vt 0.97906 0.91153
vt 0.97779 0.9115
vt 0.80426 0.34204
vt 0.98002 0.93034
vt 0.97906 0.93043
vt 0.97779 0.93046
vt 0.82298 0.34204
vt 0.98017 0.9487
vt 0.97922 0.94896
vt 0.97795 0.94906
vt 0.84134 0.33839
vt 0.8416 0.33928
vt 0.82307 0.34296
vt 0.97953 0.96642
vt 0.97826 0.96658
vt 0.85863 0.33123
vt 0.85906 0.33204
vt 0.97998 0.98214
vt 0.97871 0.98235
vt 0.87419 0.32083
vt 0.87478 0.32154
vt 0.98055 0.9955
vt 0.97928 0.99576
vt 0.88743 0.30759
vt 0.88814 0.30818
vt 0.70048 0.02981
vt 0.69991 0.04318
vt 0.69864 0.04296
vt 0.69922 0.02955
vt 0.89783 0.29203
vt 0.89864 0.29247
vt 0.69946 0.05889
vt 0.69819 0.05873
vt 0.90499 0.27474
vt 0.90587 0.27501
vt 0.69915 0.07635
vt 0.69788 0.07625
vt 0.90864 0.25638
vt 0.7001 0.07662
vt 0.69995 0.09498
vt 0.69899 0.09489
vt 0.69772 0.09485
vt 0.90864 0.23766
vt 0.69995 0.1137
vt 0.69899 0.11379
vt 0.69772 0.11382
vt 0.90499 0.2193
vt 0.7001 0.13205
vt 0.69915 0.13232
vt 0.69788 0.13242
vt 0.89783 0.20201
vt 0.89864 0.20158
vt 0.90587 0.21904
vt 0.69946 0.14978
vt 0.69819 0.14994
vt 0.88743 0.18645
vt 0.88814 0.18586
vt 0.69991 0.1655
vt 0.69864 0.16571
vt 0.87419 0.17321
vt 0.87478 0.1725
vt 0.70048 0.17886
vt 0.69922 0.17912
vt 0.85863 0.16281
vt 0.85906 0.162
vt 0.99122 0.87323
vt 0.99077 0.88894
vt 0.9895 0.88878
vt 0.98995 0.87301
vt 0.84134 0.15565
vt 0.8416 0.15477
vt 0.99046 0.9064
vt 0.98919 0.9063
vt 0.82298 0.152
vt 0.99141 0.90667
vt 0.99126 0.92503
vt 0.9903 0.92494
vt 0.98903 0.9249
vt 0.80426 0.152
vt 0.99126 0.94374
vt 0.9903 0.94384
vt 0.98903 0.94387
vt 0.7859 0.15565
vt 0.99141 0.9621
vt 0.99046 0.96237
vt 0.98919 0.96247
vt 0.76861 0.16281
vt 0.76817 0.162
vt 0.78563 0.15477
vt 0.99077 0.97983
vt 0.9895 0.97999
vt 0.99122 0.99555
vt 0.98995 0.99576
vt 0.78059 0.20678
vt 0.77338 0.214
vt 0.76771 0.22248
vt 0.7638 0.23191
vt 0.76181 0.24192
vt 0.76181 0.25212
vt 0.7638 0.26213
vt 0.76771 0.27156
vt 0.77338 0.28005
vt 0.78059 0.28726
vt 0.78908 0.29293
vt 0.79851 0.29684
vt 0.80852 0.29883
vt 0.81872 0.29883
vt 0.82873 0.29684
vt 0.83816 0.29293
vt 0.84664 0.28726
vt 0.85386 0.28005
vt 0.85953 0.27156
vt 0.86343 0.26213
vt 0.86543 0.25212
vt 0.86543 0.24192
vt 0.86343 0.23191
vt 0.85953 0.22248
vt 0.85386 0.214
vt 0.84664 0.20678
vt 0.83816 0.20111
vt 0.82873 0.1972
vt 0.81872 0.19521
vt 0.80852 0.19521
vt 0.79851 0.1972
vt 0.78908 0.20111
vt 0.80534 0.23153
vt 0.80247 0.23344
vt 0.80852 0.23021
vt 0.8119 0.22954
vt 0.81534 0.22954
vt 0.81872 0.23021
vt 0.8219 0.23153
vt 0.82476 0.23344
vt 0.8272 0.23588
vt 0.82911 0.23874
vt 0.83043 0.24192
vt 0.8311 0.2453
vt 0.8311 0.24874
vt 0.83043 0.25212
vt 0.82911 0.2553
vt 0.8272 0.25817
vt 0.82476 0.2606
vt 0.8219 0.26251
vt 0.81872 0.26383
vt 0.81534 0.2645
vt 0.8119 0.2645
vt 0.80852 0.26383
vt 0.80534 0.26251
vt 0.80247 0.2606
vt 0.80004 0.25817
vt 0.79813 0.2553
vt 0.79681 0.25212
vt 0.79614 0.24874
vt 0.79614 0.2453
vt 0.79681 0.24192
vt 0.79813 0.23874
vt 0.80004 0.23588
vt 0.81548 0.12402
vt 0.819 0.12397
vt 0.81813 0.13071
vt 0.81495 0.13075
vt 0.80229 0.10069
vt 0.80424 0.10074
vt 0.80157 0.11012
vt 0.79871 0.11006
vt 0.27025 0.22639
vt 0.2708 0.21742
vt 0.80064 0.10063
vt 0.79627 0.10997
vt 0.27254 0.22637
vt 0.27418 0.21739
vt 0.26346 0.12445
vt 0.26152 0.1244
vt 0.25793 0.11537
vt 0.2608 0.11546
vt 0.2747 0.22633
vt 0.27736 0.21734
vt 0.26562 0.12449
vt 0.26398 0.11551
vt 0.27664 0.22628
vt 0.28022 0.21725
vt 0.26791 0.12451
vt 0.26736 0.11554
vt 0.68868 0.23069
vt 0.68702 0.23065
vt 0.68247 0.22169
vt 0.6849 0.22174
vt 0.27025 0.12451
vt 0.2708 0.11554
vt 0.69062 0.2307
vt 0.68777 0.22177
vt 0.27254 0.12449
vt 0.27418 0.11551
vt 0.69278 0.2307
vt 0.69095 0.22176
vt 0.2747 0.12445
vt 0.27736 0.11546
vt 0.81547 0.10074
vt 0.81741 0.10069
vt 0.821 0.11006
vt 0.81813 0.11012
vt 0.69507 0.23067
vt 0.69433 0.22171
vt 0.27664 0.1244
vt 0.28022 0.11537
vt 0.81331 0.10077
vt 0.81495 0.11017
vt 0.6974 0.23062
vt 0.69777 0.22164
vt 0.27829 0.12433
vt 0.28266 0.11527
vt 0.81102 0.10078
vt 0.81158 0.11019
vt 0.69969 0.23055
vt 0.70115 0.22154
vt 0.26152 0.22628
vt 0.25987 0.2262
vt 0.2555 0.21715
vt 0.25793 0.21725
vt 0.80869 0.10078
vt 0.80813 0.11019
vt 0.70185 0.23047
vt 0.70433 0.22142
vt 0.26346 0.22633
vt 0.2608 0.21734
vt 0.80639 0.10077
vt 0.80475 0.11017
vt 0.70379 0.23037
vt 0.70719 0.22128
vt 0.80589 0.08882
vt 0.80742 0.08884
vt 0.26664 0.23803
vt 0.26512 0.23801
vt 0.7018 0.24211
vt 0.70043 0.24218
vt 0.80903 0.08885
vt 0.26375 0.23797
vt 0.69891 0.24224
vt 0.81068 0.08885
vt 0.26259 0.23792
vt 0.6973 0.24228
vt 0.81229 0.08884
vt 0.27557 0.13604
vt 0.2744 0.13609
vt 0.69565 0.24232
vt 0.81381 0.08882
vt 0.27304 0.13613
vt 0.69404 0.24234
vt 0.81518 0.08879
vt 0.27152 0.13615
vt 0.69252 0.24234
vt 0.2699 0.13617
vt 0.69115 0.24233
vt 0.26826 0.13617
vt 0.27557 0.23792
vt 0.27441 0.23797
vt 0.27829 0.2262
vt 0.26664 0.13615
vt 0.27304 0.23801
vt 0.26512 0.13613
vt 0.27152 0.23803
vt 0.26375 0.13609
vt 0.2699 0.23805
vt 0.80336 0.08875
vt 0.80453 0.08879
vt 0.26826 0.23805
vt 0.26736 0.27688
vt 0.26398 0.27685
vt 0.26592 0.2685
vt 0.26801 0.26852
vt 0.80321 0.25018
vt 0.80402 0.25215
vt 0.2708 0.27688
vt 0.27015 0.26852
vt 0.80521 0.25392
vt 0.27418 0.27685
vt 0.27224 0.2685
vt 0.2608 0.17491
vt 0.25793 0.17483
vt 0.26217 0.16654
vt 0.26395 0.16659
vt 0.27736 0.27679
vt 0.27421 0.26847
vt 0.26398 0.17497
vt 0.26592 0.16662
vt 0.28022 0.27671
vt 0.27598 0.26842
vt 0.26736 0.175
vt 0.26801 0.16664
vt 0.82203 0.24012
vt 0.82052 0.23861
vt 0.2708 0.175
vt 0.27015 0.16664
vt 0.689 0.28121
vt 0.68614 0.28119
vt 0.69021 0.27281
vt 0.69198 0.27282
vt 0.27418 0.17497
vt 0.27224 0.16662
vt 0.69219 0.2812
vt 0.69395 0.27281
vt 0.27736 0.17491
vt 0.27421 0.16659
vt 0.80672 0.23861
vt 0.80521 0.24012
vt 0.69556 0.28116
vt 0.69605 0.27279
vt 0.28022 0.17483
vt 0.27598 0.16654
vt 0.81495 0.05069
vt 0.81814 0.05065
vt 0.81498 0.05852
vt 0.81301 0.05854
vt 0.69901 0.28109
vt 0.69818 0.27275
vt 0.81875 0.25662
vt 0.82052 0.25543
vt 0.81158 0.05072
vt 0.81092 0.05856
vt 0.70238 0.28099
vt 0.70027 0.27268
vt 0.82203 0.25392
vt 0.80813 0.05072
vt 0.80879 0.05856
vt 0.70556 0.28086
vt 0.70224 0.27261
vt 0.2608 0.27679
vt 0.25793 0.27671
vt 0.26218 0.26842
vt 0.26395 0.26847
vt 0.80475 0.05069
vt 0.80669 0.05854
vt 0.70842 0.28072
vt 0.70401 0.27252
vt 0.80157 0.05065
vt 0.80472 0.05852
vt 0.2683 0.25659
vt 0.26677 0.25657
vt 0.267 0.24726
vt 0.26838 0.24727
vt 0.80481 0.07021
vt 0.80611 0.07024
vt 0.80648 0.0795
vt 0.80531 0.07947
vt 0.26986 0.25659
vt 0.26978 0.24727
vt 0.26404 0.15463
vt 0.26294 0.15459
vt 0.26354 0.14528
vt 0.26453 0.14533
vt 0.27138 0.25657
vt 0.27116 0.24726
vt 0.26533 0.15467
vt 0.2657 0.14536
vt 0.27282 0.25655
vt 0.27246 0.24724
vt 0.26677 0.1547
vt 0.267 0.14538
vt 0.27412 0.25651
vt 0.27362 0.24721
vt 0.2683 0.15471
vt 0.26838 0.1454
vt 0.27522 0.25646
vt 0.27462 0.24716
vt 0.26986 0.15471
vt 0.26978 0.1454
vt 0.69312 0.26088
vt 0.69182 0.26087
vt 0.69212 0.25155
vt 0.69329 0.25156
vt 0.27138 0.1547
vt 0.27116 0.14538
vt 0.69456 0.26087
vt 0.69459 0.25156
vt 0.27282 0.15467
vt 0.27246 0.14536
vt 0.8136 0.07024
vt 0.81489 0.07021
vt 0.8144 0.07947
vt 0.81323 0.0795
vt 0.69609 0.26085
vt 0.69597 0.25154
vt 0.27412 0.15463
vt 0.27362 0.14533
vt 0.81216 0.07026
vt 0.81193 0.07951
vt 0.69764 0.26082
vt 0.69737 0.25151
vt 0.27522 0.15459
vt 0.27462 0.14528
vt 0.81063 0.07027
vt 0.81056 0.07952
vt 0.69917 0.26078
vt 0.69875 0.25147
vt 0.26404 0.25651
vt 0.26294 0.25646
vt 0.26354 0.24716
vt 0.26453 0.24721
vt 0.80907 0.07027
vt 0.80915 0.07952
vt 0.70061 0.26072
vt 0.70005 0.25142
vt 0.26534 0.25655
vt 0.2657 0.24724
vt 0.80755 0.07026
vt 0.80777 0.07951
vt 0.7019 0.26066
vt 0.70121 0.25136
vt 0.80431 0.07943
vt 0.26067 0.26835
vt 0.27749 0.16647
vt 0.81676 0.05847
vt 0.27749 0.26835
vt 0.26067 0.16647
vt 0.80295 0.05847
vt 0.26736 0.19684
vt 0.26398 0.19681
vt 0.26627 0.18492
vt 0.26813 0.18494
vt 0.69766 0.20793
vt 0.69386 0.20801
vt 0.6939 0.20114
vt 0.69734 0.20107
vt 0.28407 0.10153
vt 0.28138 0.10164
vt 0.28022 0.0948
vt 0.28266 0.09469
vt 0.81176 0.12405
vt 0.81158 0.13077
vt 0.70139 0.20782
vt 0.70072 0.20097
vt 0.25678 0.20352
vt 0.25409 0.20341
vt 0.2555 0.19657
vt 0.25793 0.19668
vt 0.80795 0.12405
vt 0.80813 0.13077
vt 0.7049 0.20768
vt 0.7039 0.20085
vt 0.25994 0.20361
vt 0.2608 0.19676
vt 0.80422 0.12402
vt 0.80475 0.13075
vt 0.70806 0.20753
vt 0.70676 0.20071
vt 0.26345 0.20368
vt 0.80071 0.12397
vt 0.80157 0.13071
vt 0.26718 0.20371
vt 0.79755 0.1239
vt 0.79871 0.13064
vt 0.27098 0.20371
vt 0.2708 0.19684
vt 0.25678 0.10164
vt 0.25409 0.10153
vt 0.2555 0.09469
vt 0.25793 0.0948
vt 0.27471 0.20368
vt 0.27418 0.19681
vt 0.25994 0.10173
vt 0.2608 0.09488
vt 0.27822 0.20361
vt 0.27736 0.19676
vt 0.26345 0.1018
vt 0.26398 0.09493
vt 0.28138 0.20352
vt 0.28022 0.19668
vt 0.26718 0.10183
vt 0.26736 0.09496
vt 0.28407 0.20341
vt 0.28266 0.19657
vt 0.27098 0.10183
vt 0.2708 0.09496
vt 0.68662 0.20807
vt 0.68346 0.20804
vt 0.68447 0.20117
vt 0.68734 0.20119
vt 0.27471 0.1018
vt 0.27418 0.09493
vt 0.69013 0.20805
vt 0.69052 0.20118
vt 0.27822 0.10173
vt 0.27736 0.09488
vt 0.82216 0.1239
vt 0.821 0.13064
vt 0.27839 0.10853
vt 0.28161 0.10844
vt 0.69017 0.21486
vt 0.69397 0.21481
vt 0.82238 0.11712
vt 0.81916 0.11719
vt 0.27481 0.1086
vt 0.6866 0.21487
vt 0.27102 0.10863
vt 0.68338 0.21484
vt 0.26714 0.10863
vt 0.28266 0.21715
vt 0.28161 0.21032
vt 0.28434 0.2102
vt 0.26335 0.1086
vt 0.27839 0.21041
vt 0.25977 0.10853
vt 0.27481 0.21048
vt 0.25655 0.10844
vt 0.27102 0.21051
vt 0.79733 0.11712
vt 0.79459 0.11702
vt 0.26714 0.21051
vt 0.80055 0.11719
vt 0.26335 0.21048
vt 0.80412 0.11724
vt 0.25977 0.21041
vt 0.70521 0.21448
vt 0.70842 0.21432
vt 0.80792 0.11727
vt 0.25655 0.21032
vt 0.70163 0.21462
vt 0.81179 0.11727
vt 0.25382 0.2102
vt 0.69784 0.21473
vt 0.81559 0.11724
vt 0.28434 0.10833
vt 0.25382 0.10833
vt 0.81266 0.14206
vt 0.81442 0.14204
vt 0.81494 0.14348
vt 0.81299 0.14351
vt 0.80529 0.14204
vt 0.80371 0.142
vt 0.27003 0.18494
vt 0.26159 0.08291
vt 0.26293 0.08297
vt 0.27189 0.18492
vt 0.26451 0.08301
vt 0.27364 0.18489
vt 0.26627 0.08304
vt 0.27522 0.18485
vt 0.26813 0.08306
vt 0.27657 0.18479
vt 0.27003 0.08306
vt 0.68923 0.18924
vt 0.69081 0.18925
vt 0.27189 0.08304
vt 0.69256 0.18925
vt 0.27364 0.08301
vt 0.816 0.142
vt 0.69442 0.18922
vt 0.27522 0.08297
vt 0.69632 0.18918
vt 0.27656 0.08291
vt 0.8108 0.14207
vt 0.69818 0.18913
vt 0.26159 0.18479
vt 0.26294 0.18485
vt 0.8089 0.14207
vt 0.69994 0.18906
vt 0.26451 0.18489
vt 0.80704 0.14206
vt 0.70151 0.18898
vt 0.84321 0.13267
vt 0.84497 0.13384
vt 0.84222 0.13899
vt 0.8395 0.13718
vt 0.69429 0.18787
vt 0.6964 0.18782
vt 0.84549 0.11578
vt 0.84391 0.11684
vt 0.84321 0.11598
vt 0.84497 0.1148
vt 0.81091 0.14352
vt 0.69848 0.18776
vt 0.84724 0.11506
vt 0.84692 0.11399
vt 0.8088 0.14352
vt 0.70043 0.18769
vt 0.26223 0.18348
vt 0.26399 0.18353
vt 0.80672 0.14351
vt 0.70219 0.1876
vt 0.26595 0.18356
vt 0.80476 0.14348
vt 0.26802 0.18358
vt 0.803 0.14344
vt 0.27014 0.18358
vt 0.84151 0.12889
vt 0.84257 0.13047
vt 0.84171 0.13117
vt 0.84054 0.12941
vt 0.27221 0.18356
vt 0.26223 0.0816
vt 0.26399 0.08165
vt 0.27417 0.18353
vt 0.26595 0.08168
vt 0.27593 0.18348
vt 0.26802 0.0817
vt 0.85932 0.12151
vt 0.8586 0.11976
vt 0.85958 0.11923
vt 0.86039 0.12119
vt 0.27014 0.0817
vt 0.6885 0.18788
vt 0.69026 0.1879
vt 0.27221 0.08168
vt 0.69221 0.18789
vt 0.27417 0.08165
vt 0.8167 0.14344
vt 0.27593 0.0816
vt 0.85514 0.13384
vt 0.8569 0.13267
vt 0.86061 0.13718
vt 0.8579 0.13899
vt 0.85111 0.13507
vt 0.85319 0.13465
vt 0.85488 0.14024
vt 0.85169 0.14087
vt 0.85319 0.11399
vt 0.85111 0.11358
vt 0.85169 0.10777
vt 0.85488 0.10841
vt 0.8372 0.13487
vt 0.85514 0.1148
vt 0.8579 0.10966
vt 0.83539 0.13216
vt 0.8569 0.11598
vt 0.86061 0.11147
vt 0.83973 0.12746
vt 0.83414 0.12915
vt 0.8584 0.11748
vt 0.86291 0.11377
vt 0.83931 0.12538
vt 0.8335 0.12595
vt 0.86472 0.11648
vt 0.83931 0.12326
vt 0.8335 0.12269
vt 0.86597 0.11949
vt 0.83973 0.12119
vt 0.83414 0.1195
vt 0.8608 0.12326
vt 0.86661 0.12269
vt 0.84054 0.11923
vt 0.83539 0.11648
vt 0.8608 0.12538
vt 0.86661 0.12595
vt 0.84171 0.11748
vt 0.8372 0.11377
vt 0.86039 0.12746
vt 0.86597 0.12915
vt 0.8395 0.11147
vt 0.9084 0.60204
vt 0.90791 0.60203
vt 0.90852 0.59949
vt 0.90886 0.5995
vt 0.85958 0.12941
vt 0.86472 0.13216
vt 0.84222 0.10966
vt 0.849 0.13507
vt 0.84843 0.14087
vt 0.8584 0.13117
vt 0.86291 0.13487
vt 0.84523 0.10841
vt 0.84692 0.13465
vt 0.84523 0.14024
vt 0.849 0.11358
vt 0.84843 0.10777
vt 0.84231 0.09193
vt 0.84528 0.09316
vt 0.84445 0.09591
vt 0.84096 0.09446
vt 0.85902 0.14109
vt 0.85557 0.14251
vt 0.86212 0.13902
vt 0.84844 0.09379
vt 0.84816 0.09665
vt 0.85192 0.14324
vt 0.88362 0.59988
vt 0.88359 0.59617
vt 0.884 0.59617
vt 0.88402 0.59988
vt 0.85165 0.09379
vt 0.85194 0.09665
vt 0.84819 0.14324
vt 0.88359 0.59239
vt 0.884 0.59239
vt 0.85481 0.09316
vt 0.85564 0.09591
vt 0.84454 0.14251
vt 0.88362 0.58869
vt 0.88402 0.58868
vt 0.85778 0.09193
vt 0.85913 0.09446
vt 0.8411 0.14109
vt 0.88367 0.58519
vt 0.88407 0.58519
vt 0.86046 0.09014
vt 0.86228 0.09236
vt 0.838 0.13902
vt 0.88374 0.58205
vt 0.88415 0.58205
vt 0.86273 0.08787
vt 0.86495 0.08969
vt 0.83536 0.13638
vt 0.86604 0.57671
vt 0.86593 0.57938
vt 0.86552 0.57937
vt 0.86564 0.5767
vt 0.86452 0.08519
vt 0.86705 0.08655
vt 0.83329 0.13328
vt 0.86584 0.58252
vt 0.86543 0.58252
vt 0.86575 0.08222
vt 0.8685 0.08306
vt 0.83186 0.12984
vt 0.86578 0.58601
vt 0.86537 0.58601
vt 0.86638 0.07907
vt 0.86923 0.07935
vt 0.83114 0.12619
vt 0.86575 0.58972
vt 0.86534 0.58972
vt 0.86638 0.07585
vt 0.86923 0.07557
vt 0.83114 0.12246
vt 0.86575 0.5935
vt 0.86534 0.5935
vt 0.86575 0.0727
vt 0.8685 0.07186
vt 0.83186 0.1188
vt 0.86578 0.59721
vt 0.86537 0.59721
vt 0.86452 0.06973
vt 0.86705 0.06837
vt 0.83329 0.11536
vt 0.86584 0.6007
vt 0.86543 0.6007
vt 0.86273 0.06705
vt 0.86495 0.06523
vt 0.83536 0.11226
vt 0.86593 0.60384
vt 0.86552 0.60385
vt 0.86046 0.06478
vt 0.86228 0.06256
vt 0.838 0.10963
vt 0.86604 0.60651
vt 0.86564 0.60652
vt 0.85778 0.06299
vt 0.85914 0.06046
vt 0.84109 0.10756
vt 0.85686 0.57671
vt 0.85674 0.57938
vt 0.85634 0.57937
vt 0.85645 0.5767
vt 0.85481 0.06176
vt 0.85564 0.05901
vt 0.84454 0.10613
vt 0.85665 0.58252
vt 0.85625 0.58252
vt 0.85165 0.06113
vt 0.85194 0.05827
vt 0.84819 0.10541
vt 0.85659 0.58601
vt 0.85619 0.58601
vt 0.84844 0.06113
vt 0.84816 0.05827
vt 0.85192 0.10541
vt 0.85656 0.58972
vt 0.85615 0.58972
vt 0.84528 0.06176
vt 0.84445 0.05901
vt 0.85557 0.10613
vt 0.85656 0.5935
vt 0.85615 0.5935
vt 0.84231 0.06299
vt 0.84096 0.06046
vt 0.85902 0.10756
vt 0.85659 0.59721
vt 0.85619 0.59721
vt 0.83964 0.06478
vt 0.83782 0.06256
vt 0.86212 0.10963
vt 0.85665 0.6007
vt 0.85625 0.6007
vt 0.83736 0.06705
vt 0.83514 0.06523
vt 0.86475 0.11226
vt 0.85674 0.60384
vt 0.85634 0.60385
vt 0.83558 0.06973
vt 0.83304 0.06837
vt 0.86682 0.11536
vt 0.85686 0.60651
vt 0.85645 0.60652
vt 0.83435 0.0727
vt 0.8316 0.07186
vt 0.86825 0.1188
vt 0.87511 0.58205
vt 0.87502 0.58519
vt 0.87462 0.58519
vt 0.87471 0.58205
vt 0.83372 0.07585
vt 0.83086 0.07557
vt 0.86897 0.12246
vt 0.87496 0.58869
vt 0.87455 0.58868
vt 0.83372 0.07907
vt 0.83086 0.07935
vt 0.86897 0.12619
vt 0.87493 0.59239
vt 0.87452 0.59239
vt 0.83435 0.08222
vt 0.8316 0.08306
vt 0.86825 0.12984
vt 0.87493 0.59617
vt 0.87452 0.59617
vt 0.83558 0.08519
vt 0.83304 0.08655
vt 0.86682 0.13328
vt 0.87496 0.59988
vt 0.87455 0.59988
vt 0.83736 0.08787
vt 0.83514 0.08969
vt 0.86475 0.13638
vt 0.87502 0.60337
vt 0.87462 0.60338
vt 0.83964 0.09014
vt 0.83782 0.09236
vt 0.88374 0.60651
vt 0.88367 0.60337
vt 0.88407 0.60338
vt 0.88415 0.60652
vt 0.85915 0.14133
vt 0.85566 0.14278
vt 0.85195 0.14352
vt 0.84817 0.14352
vt 0.84446 0.14278
vt 0.84096 0.14133
vt 0.83782 0.13923
vt 0.83514 0.13656
vt 0.83304 0.13342
vt 0.8316 0.12992
vt 0.83086 0.12621
vt 0.83086 0.12243
vt 0.8316 0.11872
vt 0.83304 0.11523
vt 0.83515 0.11209
vt 0.83782 0.10941
vt 0.84096 0.10731
vt 0.84446 0.10586
vt 0.84817 0.10513
vt 0.85195 0.10513
vt 0.85566 0.10586
vt 0.85915 0.10731
vt 0.86229 0.10941
vt 0.86497 0.11209
vt 0.86707 0.11523
vt 0.86851 0.11872
vt 0.86925 0.12243
vt 0.86925 0.12621
vt 0.86851 0.12992
vt 0.86707 0.13342
vt 0.86497 0.13656
vt 0.86229 0.13923
vt 0.87511 0.60651
vt 0.87471 0.60652
vt 0.84816 0.08099
vt 0.84888 0.08129
vt 0.84965 0.08144
vt 0.85044 0.08144
vt 0.85121 0.08129
vt 0.85193 0.08099
vt 0.85259 0.08055
vt 0.85314 0.08
vt 0.85358 0.07935
vt 0.85388 0.07862
vt 0.85403 0.07785
vt 0.85403 0.07707
vt 0.85388 0.0763
vt 0.85358 0.07557
vt 0.85314 0.07492
vt 0.85259 0.07437
vt 0.85193 0.07393
vt 0.85121 0.07363
vt 0.85044 0.07348
vt 0.84965 0.07348
vt 0.84888 0.07363
vt 0.84816 0.07393
vt 0.84751 0.07437
vt 0.84695 0.07492
vt 0.84652 0.07557
vt 0.84622 0.0763
vt 0.84606 0.07707
vt 0.84606 0.07785
vt 0.84622 0.07862
vt 0.84652 0.07935
vt 0.84695 0.08
vt 0.84751 0.08055
vt 0.8966 0.58653
vt 0.89602 0.58653
vt 0.89592 0.58398
vt 0.89632 0.58398
vt 0.90895 0.60205
vt 0.90923 0.5995
vt 0.89715 0.58652
vt 0.8967 0.58397
vt 0.91126 0.58852
vt 0.91176 0.5885
vt 0.91115 0.59099
vt 0.91081 0.591
vt 0.90954 0.60206
vt 0.90963 0.59951
vt 0.89765 0.5865
vt 0.89703 0.58396
vt 0.91071 0.58852
vt 0.91043 0.591
vt 0.91013 0.60206
vt 0.91004 0.59951
vt 0.89807 0.58649
vt 0.89732 0.58395
vt 0.91013 0.58853
vt 0.91004 0.59101
vt 0.91072 0.60205
vt 0.91043 0.5995
vt 0.89379 0.60203
vt 0.89337 0.60201
vt 0.89412 0.59947
vt 0.89441 0.59949
vt 0.90954 0.58853
vt 0.90963 0.59101
vt 0.91127 0.60204
vt 0.91081 0.5995
vt 0.89429 0.60204
vt 0.89474 0.5995
vt 0.90895 0.58852
vt 0.90923 0.591
vt 0.91176 0.60203
vt 0.91115 0.59949
vt 0.89484 0.60205
vt 0.89512 0.5995
vt 0.9084 0.58852
vt 0.90886 0.591
vt 0.89542 0.60206
vt 0.89552 0.59951
vt 0.90791 0.5885
vt 0.90852 0.59099
vt 0.89602 0.60206
vt 0.89592 0.59951
vt 0.89379 0.5865
vt 0.89337 0.58649
vt 0.89412 0.58395
vt 0.89441 0.58396
vt 0.8966 0.60205
vt 0.89632 0.5995
vt 0.89429 0.58652
vt 0.89474 0.58397
vt 0.89715 0.60204
vt 0.8967 0.5995
vt 0.89484 0.58653
vt 0.89512 0.58398
vt 0.89765 0.60203
vt 0.89703 0.59949
vt 0.89542 0.58653
vt 0.89552 0.58398
vt 0.89807 0.60201
vt 0.89732 0.59947
vt 0.29616 0.15073
vt 0.89611 0.59099
vt 0.89533 0.59099
vt 0.89881 0.60646
vt 0.89826 0.60648
vt 0.89456 0.59099
vt 0.89761 0.6065
vt 0.89383 0.59097
vt 0.89688 0.60651
vt 0.89318 0.59096
vt 0.89611 0.60652
vt 0.89263 0.59093
vt 0.89533 0.60652
vt 0.90729 0.58411
vt 0.90795 0.58412
vt 0.89456 0.60651
vt 0.90867 0.58413
vt 0.89383 0.6065
vt 0.91237 0.60648
vt 0.91172 0.6065
vt 0.90944 0.58414
vt 0.89318 0.60648
vt 0.911 0.60651
vt 0.91023 0.58414
vt 0.89263 0.60646
vt 0.91023 0.60652
vt 0.911 0.58413
vt 0.89881 0.59093
vt 0.89826 0.59096
vt 0.90944 0.60652
vt 0.91172 0.58412
vt 0.89761 0.59097
vt 0.90867 0.60651
vt 0.91237 0.58411
vt 0.89688 0.59099
vt 0.90795 0.6065
vt 0.90729 0.60648
vt 0.15992 0.28536
vt 0.10462 0.2908
vt 0.132 0.28536
vt 0.07883 0.30149
vt 0.1873 0.2908
vt 0.05562 0.317
vt 0.21309 0.30149
vt 0.03588 0.33674
vt 0.2363 0.317
vt 0.02037 0.35995
vt 0.25604 0.33674
vt 0.00969 0.38574
vt 0.27155 0.35995
vt 0.00424 0.41312
vt 0.28223 0.38574
vt 0.00424 0.44103
vt 0.28768 0.41312
vt 0.00969 0.46841
vt 0.28768 0.44103
vt 0.02037 0.49421
vt 0.28223 0.46841
vt 0.03588 0.51742
vt 0.27155 0.49421
vt 0.05562 0.53716
vt 0.25604 0.51742
vt 0.07883 0.55267
vt 0.2363 0.53716
vt 0.10462 0.56335
vt 0.21309 0.55267
vt 0.132 0.5688
vt 0.1873 0.56335
vt 0.15992 0.5688
vt 0.22058 0.08406
vt 0.21987 0.08367
vt 0.22024 0.08383
vt 0.22087 0.08434
vt 0.21947 0.0836
vt 0.22109 0.08468
vt 0.21907 0.0836
vt 0.21867 0.08367
vt 0.22125 0.08505
vt 0.21829 0.08383
vt 0.22133 0.08545
vt 0.22133 0.08586
vt 0.21796 0.08406
vt 0.21767 0.08434
vt 0.22125 0.08626
vt 0.22109 0.08663
vt 0.21744 0.08468
vt 0.21729 0.08505
vt 0.22087 0.08697
vt 0.21721 0.08545
vt 0.22058 0.08725
vt 0.21721 0.08586
vt 0.22024 0.08748
vt 0.21987 0.08764
vt 0.21729 0.08626
vt 0.21947 0.08771
vt 0.21744 0.08663
vt 0.21907 0.08771
vt 0.21767 0.08697
vt 0.21796 0.08725
vt 0.21867 0.08764
vt 0.21829 0.08748
usemtl mat1
f 223/223/77 224/224/78 225/225/79
f 223/223/77 225/225/79 226/226/80
f 227/227/81 228/228/82 229/229/83
f 227/227/81 229/229/83 230/230/84
f 230/230/84 229/229/83 231/231/85
f 230/230/84 231/231/85 232/232/86
f 232/232/86 231/231/85 233/233/87
f 232/232/86 233/233/87 234/234/88
f 234/234/88 233/233/87 235/235/89
f 234/234/88 235/235/89 236/236/90
f 236/236/90 235/235/89 237/237/91
f 236/236/90 237/237/91 238/238/92
f 238/238/92 237/237/91 239/239/93
f 238/238/92 239/239/93 240/240/94
f 241/241/94 242/242/93 243/243/95
f 241/241/94 243/243/95 244/244/96
f 244/244/96 243/243/95 245/245/97
f 244/244/96 245/245/97 246/246/98
f 246/246/98 245/245/97 247/247/99
f 246/246/98 247/247/99 248/248/100
f 248/248/100 247/247/99 249/249/101
f 248/248/100 249/249/101 250/250/102
f 250/250/102 249/249/101 251/251/103
f 250/250/102 251/251/103 252/252/104
f 252/252/104 251/251/103 253/253/105
f 252/252/104 253/253/105 254/254/106
f 254/254/106 253/253/105 255/255/107
f 254/254/106 255/255/107 256/256/108
f 256/256/108 255/255/107 257/257/109
f 256/256/108 257/257/109 258/258/110
f 259/259/110 260/260/109 261/261/111
f 259/259/110 261/261/111 262/262/112
f 262/262/112 261/261/111 263/263/113
f 262/262/112 263/263/113 264/264/114
f 264/264/114 263/263/113 265/265/115
f 264/264/114 265/265/115 266/266/116
f 266/266/116 265/265/115 267/267/117
f 266/266/116 267/267/117 268/268/118
f 268/268/118 267/267/117 269/269/119
f 268/268/118 269/269/119 270/270/120
f 270/270/120 269/269/119 271/271/121
f 270/270/120 271/271/121 272/272/122
f 272/272/122 271/271/121 273/273/123
f 272/272/122 273/273/123 274/274/124
f 274/274/124 273/273/123 275/275/125
f 274/274/124 275/275/125 276/276/126
f 276/276/126 275/275/125 277/277/127
f 276/276/126 277/277/127 278/278/128
f 279/279/128 280/280/127 281/281/129
f 279/279/128 281/281/129 282/282/130
f 282/282/130 281/281/129 283/283/131
f 282/282/130 283/283/131 284/284/132
f 284/284/132 283/283/131 285/285/133
f 284/284/132 285/285/133 286/286/134
f 286/286/134 285/285/133 287/287/135
f 286/286/134 287/287/135 288/288/136
f 288/288/136 287/287/135 289/289/137
f 288/288/136 289/289/137 290/290/138
f 290/290/138 289/289/137 224/224/78
f 290/290/138 224/224/78 223/223/77
f 291/291/80 292/292/79 293/293/139
f 291/291/80 293/293/139 294/294/140
f 294/294/140 293/293/139 228/228/82
f 294/294/140 228/228/82 227/227/81
f 295/295/139 296/296/79 297/297/141
f 295/295/139 297/297/141 298/298/142
f 299/299/82 295/295/139 298/298/142
f 299/299/82 298/298/142 300/300/143
f 301/301/83 299/299/82 300/300/143
f 301/301/83 300/300/143 302/302/144
f 303/303/85 301/301/83 302/302/144
f 303/303/85 302/302/144 304/304/145
f 305/305/87 303/303/85 304/304/145
f 305/305/87 304/304/145 306/306/146
f 307/307/89 305/305/87 306/306/146
f 307/307/89 306/306/146 308/308/147
f 309/309/91 307/307/89 308/308/147
f 309/309/91 308/308/147 310/310/148
f 311/311/93 309/309/91 310/310/148
f 311/311/93 310/310/148 312/312/149
f 313/313/95 311/311/93 312/312/149
f 313/313/95 312/312/149 314/314/150
f 315/315/97 313/313/95 314/314/150
f 315/315/97 314/314/150 316/316/151
f 247/247/99 245/245/97 317/317/151
f 247/247/99 317/317/151 318/318/152
f 249/249/101 247/247/99 318/318/152
f 249/249/101 318/318/152 319/319/153
f 251/251/103 249/249/101 319/319/153
f 251/251/103 319/319/153 320/320/154
f 321/321/105 322/322/103 323/323/154
f 321/321/105 323/323/154 324/324/155
f 325/325/107 321/321/105 324/324/155
f 325/325/107 324/324/155 326/326/156
f 327/327/109 325/325/107 326/326/156
f 327/327/109 326/326/156 328/328/157
f 329/329/111 327/327/109 328/328/157
f 329/329/111 328/328/157 330/330/158
f 331/331/113 329/329/111 330/330/158
f 331/331/113 330/330/158 332/332/159
f 333/333/115 331/331/113 332/332/159
f 333/333/115 332/332/159 334/334/160
f 267/267/117 265/265/115 335/335/160
f 267/267/117 335/335/160 336/336/161
f 269/269/119 267/267/117 336/336/161
f 269/269/119 336/336/161 337/337/162
f 271/271/121 269/269/119 337/337/162
f 271/271/121 337/337/162 338/338/163
f 339/339/123 340/340/121 341/341/163
f 339/339/123 341/341/163 342/342/164
f 343/343/125 339/339/123 342/342/164
f 343/343/125 342/342/164 344/344/165
f 345/345/127 343/343/125 344/344/165
f 345/345/127 344/344/165 346/346/166
f 347/347/129 345/345/127 346/346/166
f 347/347/129 346/346/166 348/348/167
f 349/349/131 347/347/129 348/348/167
f 349/349/131 348/348/167 350/350/168
f 285/285/133 283/283/131 351/351/168
f 285/285/133 351/351/168 352/352/169
f 287/287/135 285/285/133 352/352/169
f 287/287/135 352/352/169 353/353/170
f 289/289/137 287/287/135 353/353/170
f 289/289/137 353/353/170 354/354/171
f 355/355/78 356/356/137 357/357/171
f 355/355/78 357/357/171 358/358/172
f 296/296/79 355/355/78 358/358/172
f 296/296/79 358/358/172 297/297/141
f 359/359/132 360/360/130 361/361/173
f 359/359/132 361/361/173 362/362/174
f 363/363/175 364/364/175 298/298/142
f 363/363/175 298/298/142 297/297/141
f 364/364/175 365/365/175 300/300/143
f 364/364/175 300/300/143 298/298/142
f 365/365/175 366/366/175 302/302/144
f 365/365/175 302/302/144 300/300/143
f 366/366/175 367/367/175 304/304/145
f 366/366/175 304/304/145 302/302/144
f 367/367/175 368/368/175 306/306/146
f 367/367/175 306/306/146 304/304/145
f 368/368/175 369/369/175 308/308/147
f 368/368/175 308/308/147 306/306/146
f 369/369/175 370/370/175 310/310/148
f 369/369/175 310/310/148 308/308/147
f 370/370/175 371/371/175 312/312/149
f 370/370/175 312/312/149 310/310/148
f 371/371/175 372/372/175 314/314/150
f 371/371/175 314/314/150 312/312/149
f 372/372/175 373/373/175 316/316/151
f 372/372/175 316/316/151 314/314/150
f 373/373/175 374/374/175 375/375/152
f 373/373/175 375/375/152 316/316/151
f 374/374/175 376/376/175 377/377/153
f 374/374/175 377/377/153 375/375/152
f 376/376/175 378/378/175 323/323/154
f 376/376/175 323/323/154 377/377/153
f 378/378/175 379/379/175 324/324/155
f 378/378/175 324/324/155 323/323/154
f 379/379/175 380/380/175 326/326/156
f 379/379/175 326/326/156 324/324/155
f 380/380/175 381/381/175 328/328/157
f 380/380/175 328/328/157 326/326/156
f 381/381/175 382/382/175 330/330/158
f 381/381/175 330/330/158 328/328/157
f 382/382/175 383/383/175 332/332/159
f 382/382/175 332/332/159 330/330/158
f 383/383/175 384/384/175 334/334/160
f 383/383/175 334/334/160 332/332/159
f 384/384/175 385/385/175 386/386/161
f 384/384/175 386/386/161 334/334/160
f 385/385/175 387/387/175 388/388/162
f 385/385/175 388/388/162 386/386/161
f 387/387/175 389/389/175 341/341/163
f 387/387/175 341/341/163 388/388/162
f 389/389/175 390/390/175 342/342/164
f 389/389/175 342/342/164 341/341/163
f 390/390/175 391/391/175 344/344/165
f 390/390/175 344/344/165 342/342/164
f 391/391/175 392/392/175 346/346/166
f 391/391/175 346/346/166 344/344/165
f 392/392/175 393/393/175 348/348/167
f 392/392/175 348/348/167 346/346/166
f 393/393/175 394/394/175 350/350/168
f 393/393/175 350/350/168 348/348/167
f 394/394/175 395/395/175 396/396/169
f 394/394/175 396/396/169 350/350/168
f 395/395/175 397/397/175 398/398/170
f 395/395/175 398/398/170 396/396/169
f 397/397/175 399/399/175 357/357/171
f 397/397/175 357/357/171 398/398/170
f 399/399/175 400/400/175 358/358/172
f 399/399/175 358/358/172 357/357/171
f 400/400/175 363/363/175 297/297/141
f 400/400/175 297/297/141 358/358/172
f 401/401/80 402/402/77 403/403/176
f 401/401/80 403/403/176 404/404/177
f 405/405/106 406/406/104 407/407/178
f 405/405/106 407/407/178 408/408/179
f 409/409/134 359/359/132 362/362/174
f 409/409/134 362/362/174 410/410/180
f 411/411/108 405/405/106 408/408/179
f 411/411/108 408/408/179 412/412/181
f 413/413/182 414/414/183 415/415/184
f 413/413/182 415/415/184 416/416/185
f 417/417/136 409/409/134 410/410/180
f 417/417/136 410/410/180 418/418/186
f 419/419/110 411/411/108 412/412/181
f 419/419/110 412/412/181 420/420/187
f 421/421/84 422/422/81 423/423/188
f 421/421/84 423/423/188 424/424/189
f 425/425/138 417/417/136 418/418/186
f 425/425/138 418/418/186 426/426/190
f 427/427/112 428/428/110 429/429/187
f 427/427/112 429/429/187 430/430/191
f 431/431/86 421/421/84 424/424/189
f 431/431/86 424/424/189 432/432/192
f 402/402/77 425/425/138 426/426/190
f 402/402/77 426/426/190 403/403/176
f 433/433/114 427/427/112 430/430/191
f 433/433/114 430/430/191 434/434/193
f 435/435/88 431/431/86 432/432/192
f 435/435/88 432/432/192 436/436/194
f 437/437/116 433/433/114 434/434/193
f 437/437/116 434/434/193 438/438/195
f 439/439/90 435/435/88 436/436/194
f 439/439/90 436/436/194 440/440/196
f 422/422/81 441/441/140 442/442/197
f 422/422/81 442/442/197 423/423/188
f 443/443/118 437/437/116 438/438/195
f 443/443/118 438/438/195 444/444/198
f 445/445/92 439/439/90 440/440/196
f 445/445/92 440/440/196 446/446/199
f 447/447/120 443/443/118 444/444/198
f 447/447/120 444/444/198 448/448/200
f 449/449/94 445/445/92 446/446/199
f 449/449/94 446/446/199 450/450/201
f 451/451/122 447/447/120 448/448/200
f 451/451/122 448/448/200 452/452/202
f 453/453/96 454/454/94 455/455/201
f 453/453/96 455/455/201 456/456/203
f 457/457/124 451/451/122 452/452/202
f 457/457/124 452/452/202 458/458/204
f 459/459/98 453/453/96 456/456/203
f 459/459/98 456/456/203 460/460/205
f 461/461/126 457/457/124 458/458/204
f 461/461/126 458/458/204 462/462/206
f 463/463/100 459/459/98 460/460/205
f 463/463/100 460/460/205 464/464/207
f 465/465/128 461/461/126 462/462/206
f 465/465/128 462/462/206 466/466/208
f 467/467/102 463/463/100 464/464/207
f 467/467/102 464/464/207 468/468/209
f 360/360/130 469/469/128 470/470/208
f 360/360/130 470/470/208 361/361/173
f 406/406/104 467/467/102 468/468/209
f 406/406/104 468/468/209 407/407/178
f 471/471/210 472/472/211 473/473/212
f 471/471/210 473/473/212 474/474/213
f 475/475/214 476/476/215 477/477/197
f 475/475/214 477/477/197 478/478/177
f 479/479/216 480/480/217 481/481/218
f 479/479/216 481/481/218 482/482/219
f 476/476/215 483/483/220 484/484/188
f 476/476/215 484/484/188 477/477/197
f 485/485/221 479/479/216 482/482/219
f 485/485/221 482/482/219 486/486/222
f 483/483/220 487/487/223 488/488/189
f 483/483/220 488/488/189 484/484/188
f 489/489/224 485/485/221 486/486/222
f 489/489/224 486/486/222 490/490/225
f 487/487/223 491/491/226 492/492/192
f 487/487/223 492/492/192 488/488/189
f 493/493/227 489/489/224 490/490/225
f 493/493/227 490/490/225 494/494/228
f 491/491/226 495/495/229 496/496/194
f 491/491/226 496/496/194 492/492/192
f 497/497/230 493/493/227 494/494/228
f 497/497/230 494/494/228 498/498/231
f 495/495/229 499/499/232 500/500/196
f 495/495/229 500/500/196 496/496/194
f 501/501/233 497/497/230 498/498/231
f 501/501/233 498/498/231 502/502/234
f 499/499/232 503/503/235 504/504/199
f 499/499/232 504/504/199 500/500/196
f 505/505/236 501/501/233 502/502/234
f 505/505/236 502/502/234 506/506/237
f 503/503/235 507/507/238 508/508/201
f 503/503/235 508/508/201 504/504/199
f 509/509/239 510/510/236 511/511/237
f 509/509/239 511/511/237 512/512/240
f 507/507/238 513/513/241 514/514/203
f 507/507/238 514/514/203 508/508/201
f 515/515/242 509/509/239 512/512/240
f 515/515/242 512/512/240 516/516/243
f 513/513/241 517/517/244 518/518/205
f 513/513/241 518/518/205 514/514/203
f 519/519/245 515/515/242 516/516/243
f 519/519/245 516/516/243 520/520/246
f 517/517/244 521/521/247 522/522/207
f 517/517/244 522/522/207 518/518/205
f 523/523/248 519/519/245 520/520/246
f 523/523/248 520/520/246 524/524/249
f 521/521/247 525/525/250 526/526/209
f 521/521/247 526/526/209 522/522/207
f 527/527/251 523/523/248 524/524/249
f 527/527/251 524/524/249 528/528/252
f 525/525/250 529/529/253 530/530/178
f 525/525/250 530/530/178 526/526/209
f 531/531/254 527/527/251 528/528/252
f 531/531/254 528/528/252 532/532/255
f 529/529/253 533/533/256 534/534/179
f 529/529/253 534/534/179 530/530/178
f 535/535/257 531/531/254 532/532/255
f 535/535/257 532/532/255 536/536/258
f 533/533/256 537/537/259 538/538/181
f 533/533/256 538/538/181 534/534/179
f 539/539/260 535/535/257 536/536/258
f 539/539/260 536/536/258 540/540/261
f 537/537/259 541/541/262 542/542/187
f 537/537/259 542/542/187 538/538/181
f 543/543/263 544/544/260 545/545/261
f 543/543/263 545/545/261 546/546/264
f 541/541/262 547/547/265 548/548/191
f 541/541/262 548/548/191 542/542/187
f 549/549/266 543/543/263 546/546/264
f 549/549/266 546/546/264 550/550/267
f 547/547/265 551/551/268 552/552/193
f 547/547/265 552/552/193 548/548/191
f 553/553/269 549/549/266 550/550/267
f 553/553/269 550/550/267 554/554/270
f 551/551/268 555/555/271 556/556/195
f 551/551/268 556/556/195 552/552/193
f 557/557/272 553/553/269 554/554/270
f 557/557/272 554/554/270 558/558/273
f 555/555/271 559/559/274 560/560/198
f 555/555/271 560/560/198 556/556/195
f 561/561/275 557/557/272 558/558/273
f 561/561/275 558/558/273 562/562/276
f 559/559/274 563/563/277 564/564/200
f 559/559/274 564/564/200 560/560/198
f 565/565/278 561/561/275 562/562/276
f 565/565/278 562/562/276 566/566/279
f 563/563/277 567/567/280 568/568/202
f 563/563/277 568/568/202 564/564/200
f 569/569/281 565/565/278 566/566/279
f 569/569/281 566/566/279 570/570/282
f 567/567/280 571/571/283 572/572/204
f 567/567/280 572/572/204 568/568/202
f 573/573/284 569/569/281 570/570/282
f 573/573/284 570/570/282 574/574/285
f 571/571/283 575/575/286 576/576/206
f 571/571/283 576/576/206 572/572/204
f 577/577/287 573/573/284 574/574/285
f 577/577/287 574/574/285 578/578/288
f 575/575/286 579/579/289 580/580/208
f 575/575/286 580/580/208 576/576/206
f 581/581/290 582/582/287 583/583/288
f 581/581/290 583/583/288 584/584/291
f 579/579/289 585/585/292 586/586/173
f 579/579/289 586/586/173 580/580/208
f 587/587/293 581/581/290 584/584/291
f 587/587/293 584/584/291 588/588/294
f 585/585/292 589/589/295 590/590/174
f 585/585/292 590/590/174 586/586/173
f 591/591/296 587/587/293 588/588/294
f 591/591/296 588/588/294 592/592/297
f 589/589/295 416/416/185 593/593/180
f 589/589/295 593/593/180 590/590/174
f 594/594/298 591/591/296 592/592/297
f 594/594/298 592/592/297 595/595/299
f 416/416/185 415/415/184 596/596/186
f 416/416/185 596/596/186 593/593/180
f 597/597/300 594/594/298 595/595/299
f 597/597/300 595/595/299 598/598/301
f 415/415/184 599/599/302 600/600/190
f 415/415/184 600/600/190 596/596/186
f 472/472/211 597/597/300 598/598/301
f 472/472/211 598/598/301 473/473/212
f 599/599/302 601/601/303 602/602/176
f 599/599/302 602/602/176 600/600/190
f 603/603/304 604/604/305 476/476/215
f 603/603/304 476/476/215 475/475/214
f 601/601/303 475/475/214 478/478/177
f 601/601/303 478/478/177 602/602/176
f 441/441/140 605/605/80 606/606/177
f 441/441/140 606/606/177 442/442/197
f 607/607/306 608/608/307 609/609/308
f 607/607/306 609/609/308 610/610/309
f 611/611/310 612/612/311 563/563/277
f 611/611/310 563/563/277 559/559/274
f 613/613/312 614/614/313 529/529/253
f 613/613/312 529/529/253 525/525/250
f 615/615/314 616/616/315 495/495/229
f 615/615/314 495/495/229 491/491/226
f 617/617/316 618/618/317 575/575/286
f 617/617/316 575/575/286 571/571/283
f 619/619/318 620/620/319 541/541/262
f 619/619/318 541/541/262 537/537/259
f 621/621/320 622/622/321 507/507/238
f 621/621/320 507/507/238 503/503/235
f 623/623/322 624/624/323 589/589/295
f 623/623/322 589/589/295 585/585/292
f 625/625/324 626/626/325 555/555/271
f 625/625/324 555/555/271 551/551/268
f 627/627/326 628/628/327 521/521/247
f 627/627/326 521/521/247 517/517/244
f 629/629/328 630/630/329 487/487/223
f 629/629/328 487/487/223 483/483/220
f 414/414/183 631/631/330 599/599/302
f 414/414/183 599/599/302 415/415/184
f 612/612/311 632/632/331 567/567/280
f 612/612/311 567/567/280 563/563/277
f 614/614/313 633/633/332 533/533/256
f 614/614/313 533/533/256 529/529/253
f 616/616/315 634/634/333 499/499/232
f 616/616/315 499/499/232 495/495/229
f 480/480/217 635/635/210 636/636/213
f 480/480/217 636/636/213 481/481/218
f 618/618/317 637/637/334 579/579/289
f 618/618/317 579/579/289 575/575/286
f 620/620/319 638/638/335 547/547/265
f 620/620/319 547/547/265 541/541/262
f 622/622/321 639/639/336 513/513/241
f 622/622/321 513/513/241 507/507/238
f 624/624/323 413/413/182 416/416/185
f 624/624/323 416/416/185 589/589/295
f 626/626/325 611/611/310 559/559/274
f 626/626/325 559/559/274 555/555/271
f 628/628/327 613/613/312 525/525/250
f 628/628/327 525/525/250 521/521/247
f 630/630/329 615/615/314 491/491/226
f 630/630/329 491/491/226 487/487/223
f 631/631/330 640/640/337 601/601/303
f 631/631/330 601/601/303 599/599/302
f 632/632/331 617/617/316 571/571/283
f 632/632/331 571/571/283 567/567/280
f 633/633/332 619/619/318 537/537/259
f 633/633/332 537/537/259 533/533/256
f 634/634/333 621/621/320 503/503/235
f 634/634/333 503/503/235 499/499/232
f 604/604/305 629/629/328 483/483/220
f 604/604/305 483/483/220 476/476/215
f 637/637/334 623/623/322 585/585/292
f 637/637/334 585/585/292 579/579/289
f 638/638/335 625/625/324 551/551/268
f 638/638/335 551/551/268 547/547/265
f 639/639/336 627/627/326 517/517/244
f 639/639/336 517/517/244 513/513/241
f 641/641/338 642/642/339 643/643/340
f 641/641/338 643/643/340 644/644/341
f 645/645/341 646/646/340 604/604/305
f 645/645/341 604/604/305 603/603/304
f 642/642/339 647/647/342 648/648/343
f 642/642/339 648/648/343 643/643/340
f 646/646/340 649/649/343 629/629/328
f 646/646/340 629/629/328 604/604/305
f 647/647/342 650/650/344 651/651/345
f 647/647/342 651/651/345 648/648/343
f 649/649/343 652/652/345 630/630/329
f 649/649/343 630/630/329 629/629/328
f 650/650/344 653/653/346 654/654/347
f 650/650/344 654/654/347 651/651/345
f 652/652/345 655/655/347 615/615/314
f 652/652/345 615/615/314 630/630/329
f 653/653/346 656/656/348 657/657/349
f 653/653/346 657/657/349 654/654/347
f 655/655/347 658/658/349 616/616/315
f 655/655/347 616/616/315 615/615/314
f 656/656/348 659/659/350 660/660/351
f 656/656/348 660/660/351 657/657/349
f 658/658/349 661/661/351 634/634/333
f 658/658/349 634/634/333 616/616/315
f 659/659/350 662/662/352 663/663/353
f 659/659/350 663/663/353 660/660/351
f 661/661/351 664/664/353 621/621/320
f 661/661/351 621/621/320 634/634/333
f 665/665/352 666/666/354 667/667/355
f 665/665/352 667/667/355 668/668/353
f 664/664/353 669/669/355 622/622/321
f 664/664/353 622/622/321 621/621/320
f 666/666/354 670/670/356 671/671/357
f 666/666/354 671/671/357 667/667/355
f 669/669/355 672/672/357 639/639/336
f 669/669/355 639/639/336 622/622/321
f 670/670/356 673/673/358 674/674/359
f 670/670/356 674/674/359 671/671/357
f 672/672/357 675/675/359 627/627/326
f 672/672/357 627/627/326 639/639/336
f 673/673/358 676/676/360 677/677/361
f 673/673/358 677/677/361 674/674/359
f 675/675/359 678/678/361 628/628/327
f 675/675/359 628/628/327 627/627/326
f 676/676/360 679/679/362 680/680/363
f 676/676/360 680/680/363 677/677/361
f 678/678/361 681/681/363 613/613/312
f 678/678/361 613/613/312 628/628/327
f 679/679/362 682/682/364 683/683/365
f 679/679/362 683/683/365 680/680/363
f 681/681/363 684/684/365 614/614/313
f 681/681/363 614/614/313 613/613/312
f 682/682/364 685/685/366 686/686/367
f 682/682/364 686/686/367 683/683/365
f 684/684/365 687/687/367 633/633/332
f 684/684/365 633/633/332 614/614/313
f 685/685/366 688/688/368 689/689/369
f 685/685/366 689/689/369 686/686/367
f 687/687/367 690/690/369 619/619/318
f 687/687/367 619/619/318 633/633/332
f 688/688/368 691/691/370 692/692/371
f 688/688/368 692/692/371 689/689/369
f 690/690/369 693/693/371 620/620/319
f 690/690/369 620/620/319 619/619/318
f 694/694/370 695/695/372 696/696/373
f 694/694/370 696/696/373 697/697/371
f 693/693/371 698/698/373 638/638/335
f 693/693/371 638/638/335 620/620/319
f 695/695/372 699/699/374 700/700/375
f 695/695/372 700/700/375 696/696/373
f 698/698/373 701/701/375 625/625/324
f 698/698/373 625/625/324 638/638/335
f 699/699/374 702/702/376 703/703/377
f 699/699/374 703/703/377 700/700/375
f 701/701/375 704/704/377 626/626/325
f 701/701/375 626/626/325 625/625/324
f 702/702/376 705/705/378 706/706/379
f 702/702/376 706/706/379 703/703/377
f 704/704/377 707/707/379 611/611/310
f 704/704/377 611/611/310 626/626/325
f 705/705/378 708/708/380 709/709/381
f 705/705/378 709/709/381 706/706/379
f 707/707/379 710/710/381 612/612/311
f 707/707/379 612/612/311 611/611/310
f 708/708/380 711/711/382 712/712/383
f 708/708/380 712/712/383 709/709/381
f 710/710/381 713/713/383 632/632/331
f 710/710/381 632/632/331 612/612/311
f 711/711/382 714/714/384 715/715/385
f 711/711/382 715/715/385 712/712/383
f 713/713/383 716/716/385 617/617/316
f 713/713/383 617/617/316 632/632/331
f 714/714/384 717/717/386 718/718/387
f 714/714/384 718/718/387 715/715/385
f 716/716/385 719/719/387 618/618/317
f 716/716/385 618/618/317 617/617/316
f 717/717/386 720/720/388 721/721/389
f 717/717/386 721/721/389 718/718/387
f 719/719/387 722/722/389 637/637/334
f 719/719/387 637/637/334 618/618/317
f 723/723/388 724/724/390 725/725/391
f 723/723/388 725/725/391 726/726/389
f 722/722/389 727/727/391 623/623/322
f 722/722/389 623/623/322 637/637/334
f 724/724/390 728/728/392 729/729/393
f 724/724/390 729/729/393 725/725/391
f 727/727/391 730/730/393 624/624/323
f 727/727/391 624/624/323 623/623/322
f 728/728/392 731/731/394 732/732/395
f 728/728/392 732/732/395 729/729/393
f 730/730/393 733/733/395 413/413/182
f 730/730/393 413/413/182 624/624/323
f 731/731/394 734/734/396 735/735/397
f 731/731/394 735/735/397 732/732/395
f 733/733/395 736/736/397 414/414/183
f 733/733/395 414/414/183 413/413/182
f 734/734/396 737/737/398 738/738/399
f 734/734/396 738/738/399 735/735/397
f 736/736/397 739/739/399 631/631/330
f 736/736/397 631/631/330 414/414/183
f 737/737/398 740/740/400 741/741/401
f 737/737/398 741/741/401 738/738/399
f 739/739/399 742/742/401 640/640/337
f 739/739/399 640/640/337 631/631/330
f 740/740/400 743/743/338 744/744/341
f 740/740/400 744/744/341 741/741/401
f 742/742/401 645/645/341 603/603/304
f 742/742/401 603/603/304 640/640/337
f 640/640/337 603/603/304 475/475/214
f 640/640/337 475/475/214 601/601/303
f 642/642/339 641/641/338 745/745/402
f 642/642/339 745/745/402 746/746/403
f 747/747/404 748/748/405 635/635/210
f 747/747/404 635/635/210 480/480/217
f 740/740/400 737/737/398 749/749/406
f 740/740/400 749/749/406 750/750/407
f 751/751/408 752/752/409 597/597/300
f 751/751/408 597/597/300 472/472/211
f 737/737/398 734/734/396 753/753/410
f 737/737/398 753/753/410 749/749/406
f 752/752/409 754/754/411 594/594/298
f 752/752/409 594/594/298 597/597/300
f 734/734/396 731/731/394 755/755/412
f 734/734/396 755/755/412 753/753/410
f 754/754/411 756/756/413 591/591/296
f 754/754/411 591/591/296 594/594/298
f 731/731/394 728/728/392 757/757/414
f 731/731/394 757/757/414 755/755/412
f 756/756/413 758/758/415 587/587/293
f 756/756/413 587/587/293 591/591/296
f 728/728/392 724/724/390 759/759/416
f 728/728/392 759/759/416 757/757/414
f 758/758/415 760/760/417 581/581/290
f 758/758/415 581/581/290 587/587/293
f 724/724/390 723/723/388 761/761/418
f 724/724/390 761/761/418 759/759/416
f 760/760/417 762/762/419 582/582/287
f 760/760/417 582/582/287 581/581/290
f 720/720/388 717/717/386 763/763/420
f 720/720/388 763/763/420 764/764/418
f 765/765/419 766/766/421 573/573/284
f 765/765/419 573/573/284 577/577/287
f 717/717/386 714/714/384 767/767/422
f 717/717/386 767/767/422 763/763/420
f 766/766/421 768/768/423 569/569/281
f 766/766/421 569/569/281 573/573/284
f 714/714/384 711/711/382 769/769/424
f 714/714/384 769/769/424 767/767/422
f 768/768/423 770/770/425 565/565/278
f 768/768/423 565/565/278 569/569/281
f 711/711/382 708/708/380 771/771/426
f 711/711/382 771/771/426 769/769/424
f 770/770/425 772/772/427 561/561/275
f 770/770/425 561/561/275 565/565/278
f 708/708/380 705/705/378 773/773/428
f 708/708/380 773/773/428 771/771/426
f 772/772/427 774/774/429 557/557/272
f 772/772/427 557/557/272 561/561/275
f 705/705/378 702/702/376 775/775/430
f 705/705/378 775/775/430 773/773/428
f 774/774/429 776/776/431 553/553/269
f 774/774/429 553/553/269 557/557/272
f 702/702/376 699/699/374 777/777/432
f 702/702/376 777/777/432 775/775/430
f 776/776/431 778/778/433 549/549/266
f 776/776/431 549/549/266 553/553/269
f 699/699/374 695/695/372 779/779/434
f 699/699/374 779/779/434 777/777/432
f 778/778/433 780/780/435 543/543/263
f 778/778/433 543/543/263 549/549/266
f 695/695/372 694/694/370 781/781/436
f 695/695/372 781/781/436 779/779/434
f 780/780/435 782/782/437 544/544/260
f 780/780/435 544/544/260 543/543/263
f 691/691/370 688/688/368 783/783/438
f 691/691/370 783/783/438 784/784/436
f 785/785/437 786/786/439 535/535/257
f 785/785/437 535/535/257 539/539/260
f 688/688/368 685/685/366 787/787/440
f 688/688/368 787/787/440 783/783/438
f 786/786/439 788/788/441 531/531/254
f 786/786/439 531/531/254 535/535/257
f 685/685/366 682/682/364 789/789/442
f 685/685/366 789/789/442 787/787/440
f 788/788/441 790/790/443 527/527/251
f 788/788/441 527/527/251 531/531/254
f 682/682/364 679/679/362 791/791/444
f 682/682/364 791/791/444 789/789/442
f 790/790/443 792/792/445 523/523/248
f 790/790/443 523/523/248 527/527/251
f 679/679/362 676/676/360 793/793/446
f 679/679/362 793/793/446 791/791/444
f 792/792/445 794/794/447 519/519/245
f 792/792/445 519/519/245 523/523/248
f 676/676/360 673/673/358 795/795/448
f 676/676/360 795/795/448 793/793/446
f 794/794/447 796/796/449 515/515/242
f 794/794/447 515/515/242 519/519/245
f 673/673/358 670/670/356 797/797/450
f 673/673/358 797/797/450 795/795/448
f 796/796/449 798/798/451 509/509/239
f 796/796/449 509/509/239 515/515/242
f 670/670/356 666/666/354 799/799/452
f 670/670/356 799/799/452 797/797/450
f 798/798/451 800/800/453 510/510/236
f 798/798/451 510/510/236 509/509/239
f 666/666/354 665/665/352 801/801/454
f 666/666/354 801/801/454 799/799/452
f 802/802/453 803/803/455 501/501/233
f 802/802/453 501/501/233 505/505/236
f 662/662/352 659/659/350 804/804/456
f 662/662/352 804/804/456 805/805/454
f 803/803/455 806/806/457 497/497/230
f 803/803/455 497/497/230 501/501/233
f 659/659/350 656/656/348 807/807/458
f 659/659/350 807/807/458 804/804/456
f 806/806/457 808/808/459 493/493/227
f 806/806/457 493/493/227 497/497/230
f 656/656/348 653/653/346 809/809/460
f 656/656/348 809/809/460 807/807/458
f 808/808/459 810/810/461 489/489/224
f 808/808/459 489/489/224 493/493/227
f 653/653/346 650/650/344 811/811/462
f 653/653/346 811/811/462 809/809/460
f 810/810/461 812/812/463 485/485/221
f 810/810/461 485/485/221 489/489/224
f 650/650/344 647/647/342 813/813/464
f 650/650/344 813/813/464 811/811/462
f 812/812/463 814/814/465 479/479/216
f 812/812/463 479/479/216 485/485/221
f 647/647/342 642/642/339 746/746/403
f 647/647/342 746/746/403 813/813/464
f 814/814/465 747/747/404 480/480/217
f 814/814/465 480/480/217 479/479/216
f 743/743/338 740/740/400 750/750/407
f 743/743/338 750/750/407 815/815/402
f 816/816/405 751/751/408 472/472/211
f 816/816/405 472/472/211 471/471/210
f 815/815/402 750/750/407 751/751/408
f 815/815/402 751/751/408 816/816/405
f 813/813/464 746/746/403 747/747/404
f 813/813/464 747/747/404 814/814/465
f 811/811/462 813/813/464 814/814/465
f 811/811/462 814/814/465 812/812/463
f 809/809/460 811/811/462 812/812/463
f 809/809/460 812/812/463 810/810/461
f 807/807/458 809/809/460 810/810/461
f 807/807/458 810/810/461 808/808/459
f 804/804/456 807/807/458 808/808/459
f 804/804/456 808/808/459 806/806/457
f 805/805/454 804/804/456 806/806/457
f 805/805/454 806/806/457 803/803/455
f 799/799/452 801/801/454 817/817/455
f 799/799/452 817/817/455 800/800/453
f 797/797/450 799/799/452 800/800/453
f 797/797/450 800/800/453 798/798/451
f 795/795/448 797/797/450 798/798/451
f 795/795/448 798/798/451 796/796/449
f 793/793/446 795/795/448 796/796/449
f 793/793/446 796/796/449 794/794/447
f 791/791/444 793/793/446 794/794/447
f 791/791/444 794/794/447 792/792/445
f 789/789/442 791/791/444 792/792/445
f 789/789/442 792/792/445 790/790/443
f 787/787/440 789/789/442 790/790/443
f 787/787/440 790/790/443 788/788/441
f 783/783/438 787/787/440 788/788/441
f 783/783/438 788/788/441 786/786/439
f 784/784/436 783/783/438 786/786/439
f 784/784/436 786/786/439 785/785/437
f 779/779/434 781/781/436 782/782/437
f 779/779/434 782/782/437 780/780/435
f 777/777/432 779/779/434 780/780/435
f 777/777/432 780/780/435 778/778/433
f 775/775/430 777/777/432 778/778/433
f 775/775/430 778/778/433 776/776/431
f 773/773/428 775/775/430 776/776/431
f 773/773/428 776/776/431 774/774/429
f 771/771/426 773/773/428 774/774/429
f 771/771/426 774/774/429 772/772/427
f 769/769/424 771/771/426 772/772/427
f 769/769/424 772/772/427 770/770/425
f 767/767/422 769/769/424 770/770/425
f 767/767/422 770/770/425 768/768/423
f 763/763/420 767/767/422 768/768/423
f 763/763/420 768/768/423 766/766/421
f 764/764/418 763/763/420 766/766/421
f 764/764/418 766/766/421 765/765/419
f 759/759/416 761/761/418 762/762/419
f 759/759/416 762/762/419 760/760/417
f 757/757/414 759/759/416 760/760/417
f 757/757/414 760/760/417 758/758/415
f 755/755/412 757/757/414 758/758/415
f 755/755/412 758/758/415 756/756/413
f 753/753/410 755/755/412 756/756/413
f 753/753/410 756/756/413 754/754/411
f 749/749/406 753/753/410 754/754/411
f 749/749/406 754/754/411 752/752/409
f 750/750/407 749/749/406 752/752/409
f 750/750/407 752/752/409 751/751/408
f 746/746/403 745/745/402 748/748/405
f 746/746/403 748/748/405 747/747/404
f 818/818/466 819/819/467 820/820/468
f 818/818/466 820/820/468 821/821/469
f 822/822/470 823/823/471 824/824/472
f 822/822/470 824/824/472 825/825/473
f 826/826/474 607/607/306 610/610/309
f 826/826/474 610/610/309 827/827/475
f 828/828/476 822/822/470 825/825/473
f 828/828/476 825/825/473 829/829/477
f 830/830/478 831/831/474 832/832/475
f 830/830/478 832/832/475 833/833/479
f 834/834/480 828/828/476 829/829/477
f 834/834/480 829/829/477 835/835/481
f 836/836/482 830/830/478 833/833/479
f 836/836/482 833/833/479 837/837/483
f 838/838/484 834/834/480 835/835/481
f 838/838/484 835/835/481 839/839/485
f 840/840/486 841/841/487 842/842/488
f 840/840/486 842/842/488 843/843/489
f 844/844/490 836/836/482 837/837/483
f 844/844/490 837/837/483 845/845/491
f 846/846/492 838/838/484 839/839/485
f 846/846/492 839/839/485 847/847/493
f 848/848/494 840/840/486 843/843/489
f 848/848/494 843/843/489 849/849/495
f 850/850/496 844/844/490 845/845/491
f 850/850/496 845/845/491 851/851/497
f 852/852/498 846/846/492 847/847/493
f 852/852/498 847/847/493 853/853/499
f 854/854/500 848/848/494 849/849/495
f 854/854/500 849/849/495 855/855/501
f 856/856/502 850/850/496 851/851/497
f 856/856/502 851/851/497 857/857/503
f 858/858/504 859/859/498 860/860/499
f 858/858/504 860/860/499 861/861/505
f 862/862/506 854/854/500 855/855/501
f 862/862/506 855/855/501 863/863/507
f 864/864/508 856/856/502 857/857/503
f 864/864/508 857/857/503 865/865/509
f 866/866/510 858/858/504 861/861/505
f 866/866/510 861/861/505 867/867/511
f 868/868/512 862/862/506 863/863/507
f 868/868/512 863/863/507 869/869/513
f 870/870/487 864/864/508 865/865/509
f 870/870/487 865/865/509 871/871/488
f 872/872/514 866/866/510 867/867/511
f 872/872/514 867/867/511 873/873/515
f 874/874/516 868/868/512 869/869/513
f 874/874/516 869/869/513 875/875/517
f 876/876/518 872/872/514 873/873/515
f 876/876/518 873/873/515 877/877/519
f 878/878/520 874/874/516 875/875/517
f 878/878/520 875/875/517 879/879/521
f 880/880/522 876/876/518 877/877/519
f 880/880/522 877/877/519 881/881/523
f 882/882/524 883/883/520 884/884/521
f 882/882/524 884/884/521 885/885/525
f 886/886/526 880/880/522 881/881/523
f 886/886/526 881/881/523 887/887/527
f 888/888/528 882/882/524 885/885/525
f 888/888/528 885/885/525 889/889/529
f 608/608/307 886/886/526 887/887/527
f 608/608/307 887/887/527 609/609/308
f 823/823/471 888/888/528 889/889/529
f 823/823/471 889/889/529 824/824/472
f 890/890/530 891/891/531 892/892/532
f 890/890/530 892/892/532 893/893/533
f 894/894/534 895/895/535 896/896/536
f 894/894/534 896/896/536 897/897/537
f 891/891/531 898/898/538 899/899/539
f 891/891/531 899/899/539 892/892/532
f 895/895/535 900/900/540 901/901/541
f 895/895/535 901/901/541 896/896/536
f 902/902/538 903/903/542 904/904/543
f 902/902/538 904/904/543 905/905/539
f 900/900/540 906/906/544 907/907/545
f 900/900/540 907/907/545 901/901/541
f 903/903/542 908/908/546 909/909/547
f 903/903/542 909/909/547 904/904/543
f 906/906/544 910/910/548 911/911/549
f 906/906/544 911/911/549 907/907/545
f 908/908/546 912/912/550 913/913/551
f 908/908/546 913/913/551 909/909/547
f 910/910/548 914/914/552 915/915/553
f 910/910/548 915/915/553 911/911/549
f 916/916/554 917/917/555 918/918/556
f 916/916/554 918/918/556 919/919/557
f 912/912/550 920/920/558 921/921/559
f 912/912/550 921/921/559 913/913/551
f 914/914/552 922/922/560 923/923/561
f 914/914/552 923/923/561 915/915/553
f 917/917/555 924/924/562 925/925/563
f 917/917/555 925/925/563 918/918/556
f 920/920/558 926/926/564 927/927/565
f 920/920/558 927/927/565 921/921/559
f 922/922/560 928/928/566 929/929/567
f 922/922/560 929/929/567 923/923/561
f 924/924/562 930/930/568 931/931/569
f 924/924/562 931/931/569 925/925/563
f 926/926/564 932/932/570 933/933/571
f 926/926/564 933/933/571 927/927/565
f 934/934/566 935/935/572 936/936/573
f 934/934/566 936/936/573 937/937/567
f 930/930/568 938/938/574 939/939/575
f 930/930/568 939/939/575 931/931/569
f 932/932/570 940/940/576 941/941/577
f 932/932/570 941/941/577 933/933/571
f 935/935/572 942/942/578 943/943/579
f 935/935/572 943/943/579 936/936/573
f 938/938/574 944/944/580 945/945/581
f 938/938/574 945/945/581 939/939/575
f 940/940/576 946/946/554 947/947/557
f 940/940/576 947/947/557 941/941/577
f 942/942/578 948/948/582 949/949/583
f 942/942/578 949/949/583 943/943/579
f 944/944/580 950/950/584 951/951/585
f 944/944/580 951/951/585 945/945/581
f 948/948/582 952/952/586 953/953/587
f 948/948/582 953/953/587 949/949/583
f 950/950/584 954/954/588 955/955/589
f 950/950/584 955/955/589 951/951/585
f 952/952/586 956/956/590 957/957/591
f 952/952/586 957/957/591 953/953/587
f 958/958/588 959/959/592 960/960/593
f 958/958/588 960/960/593 961/961/589
f 956/956/590 890/890/530 893/893/533
f 956/956/590 893/893/533 957/957/591
f 959/959/592 894/894/534 897/897/537
f 959/959/592 897/897/537 960/960/593
f 574/574/285 570/570/282 894/894/534
f 574/574/285 894/894/534 959/959/592
f 520/520/246 516/516/243 890/890/530
f 520/520/246 890/890/530 956/956/590
f 578/578/288 574/574/285 959/959/592
f 578/578/288 959/959/592 958/958/588
f 524/524/249 520/520/246 956/956/590
f 524/524/249 956/956/590 952/952/586
f 584/584/291 583/583/288 954/954/588
f 584/584/291 954/954/588 950/950/584
f 528/528/252 524/524/249 952/952/586
f 528/528/252 952/952/586 948/948/582
f 588/588/294 584/584/291 950/950/584
f 588/588/294 950/950/584 944/944/580
f 532/532/255 528/528/252 948/948/582
f 532/532/255 948/948/582 942/942/578
f 481/481/218 636/636/213 946/946/554
f 481/481/218 946/946/554 940/940/576
f 592/592/297 588/588/294 944/944/580
f 592/592/297 944/944/580 938/938/574
f 536/536/258 532/532/255 942/942/578
f 536/536/258 942/942/578 935/935/572
f 482/482/219 481/481/218 940/940/576
f 482/482/219 940/940/576 932/932/570
f 595/595/299 592/592/297 938/938/574
f 595/595/299 938/938/574 930/930/568
f 540/540/261 536/536/258 935/935/572
f 540/540/261 935/935/572 934/934/566
f 486/486/222 482/482/219 932/932/570
f 486/486/222 932/932/570 926/926/564
f 598/598/301 595/595/299 930/930/568
f 598/598/301 930/930/568 924/924/562
f 546/546/264 545/545/261 928/928/566
f 546/546/264 928/928/566 922/922/560
f 490/490/225 486/486/222 926/926/564
f 490/490/225 926/926/564 920/920/558
f 473/473/212 598/598/301 924/924/562
f 473/473/212 924/924/562 917/917/555
f 550/550/267 546/546/264 922/922/560
f 550/550/267 922/922/560 914/914/552
f 494/494/228 490/490/225 920/920/558
f 494/494/228 920/920/558 912/912/550
f 474/474/213 473/473/212 917/917/555
f 474/474/213 917/917/555 916/916/554
f 554/554/270 550/550/267 914/914/552
f 554/554/270 914/914/552 910/910/548
f 498/498/231 494/494/228 912/912/550
f 498/498/231 912/912/550 908/908/546
f 558/558/273 554/554/270 910/910/548
f 558/558/273 910/910/548 906/906/544
f 502/502/234 498/498/231 908/908/546
f 502/502/234 908/908/546 903/903/542
f 562/562/276 558/558/273 906/906/544
f 562/562/276 906/906/544 900/900/540
f 506/506/237 502/502/234 903/903/542
f 506/506/237 903/903/542 902/902/538
f 566/566/279 562/562/276 900/900/540
f 566/566/279 900/900/540 895/895/535
f 512/512/240 511/511/237 898/898/538
f 512/512/240 898/898/538 891/891/531
f 570/570/282 566/566/279 895/895/535
f 570/570/282 895/895/535 894/894/534
f 516/516/243 512/512/240 891/891/531
f 516/516/243 891/891/531 890/890/530
f 962/962/594 963/963/595 964/964/596
f 962/962/594 964/964/596 965/965/597
f 966/966/598 967/967/599 968/968/600
f 966/966/598 968/968/600 969/969/601
f 970/970/602 971/971/603 972/972/604
f 970/970/602 972/972/604 973/973/605
f 974/974/606 818/818/466 821/821/469
f 974/974/606 821/821/469 975/975/607
f 976/976/608 966/966/598 969/969/601
f 976/976/608 969/969/601 977/977/609
f 978/978/610 974/974/606 975/975/607
f 978/978/610 975/975/607 979/979/611
f 980/980/612 976/976/608 977/977/609
f 980/980/612 977/977/609 981/981/613
f 982/982/614 978/978/610 979/979/611
f 982/982/614 979/979/611 983/983/615
f 984/984/616 985/985/612 986/986/613
f 984/984/616 986/986/613 987/987/617
f 988/988/618 982/982/614 983/983/615
f 988/988/618 983/983/615 989/989/619
f 990/990/620 984/984/616 987/987/617
f 990/990/620 987/987/617 991/991/621
f 992/992/622 988/988/618 989/989/619
f 992/992/622 989/989/619 993/993/623
f 994/994/624 990/990/620 991/991/621
f 994/994/624 991/991/621 995/995/625
f 996/996/626 992/992/622 993/993/623
f 996/996/626 993/993/623 997/997/627
f 998/998/628 994/994/624 995/995/625
f 998/998/628 995/995/625 999/999/629
f 1000/1000/630 996/996/626 997/997/627
f 1000/1000/630 997/997/627 1001/1001/631
f 1002/1002/632 998/998/628 999/999/629
f 1002/1002/632 999/999/629 1003/1003/633
f 1004/1004/634 1005/1005/630 1006/1006/631
f 1004/1004/634 1006/1006/631 1007/1007/635
f 1008/1008/636 1002/1002/632 1003/1003/633
f 1008/1008/636 1003/1003/633 1009/1009/637
f 1010/1010/638 1004/1004/634 1007/1007/635
f 1010/1010/638 1007/1007/635 1011/1011/639
f 1012/1012/640 1008/1008/636 1009/1009/637
f 1012/1012/640 1009/1009/637 1013/1013/641
f 1014/1014/642 1015/1015/602 1016/1016/605
f 1014/1014/642 1016/1016/605 1017/1017/643
f 1018/1018/644 1010/1010/638 1011/1011/639
f 1018/1018/644 1011/1011/639 1019/1019/645
f 1020/1020/646 1012/1012/640 1013/1013/641
f 1020/1020/646 1013/1013/641 1021/1021/647
f 1022/1022/648 1014/1014/642 1017/1017/643
f 1022/1022/648 1017/1017/643 1023/1023/649
f 1024/1024/650 1018/1018/644 1019/1019/645
f 1024/1024/650 1019/1019/645 1025/1025/651
f 1026/1026/652 1020/1020/646 1021/1021/647
f 1026/1026/652 1021/1021/647 1027/1027/653
f 1028/1028/654 1022/1022/648 1023/1023/649
f 1028/1028/654 1023/1023/649 1029/1029/655
f 1030/1030/656 1024/1024/650 1025/1025/651
f 1030/1030/656 1025/1025/651 1031/1031/657
f 819/819/467 1032/1032/652 1033/1033/653
f 819/819/467 1033/1033/653 820/820/468
f 967/967/599 1028/1028/654 1029/1029/655
f 967/967/599 1029/1029/655 968/968/600
f 971/971/603 1030/1030/656 1031/1031/657
f 971/971/603 1031/1031/657 972/972/604
f 1034/1034/658 1035/1035/659 1036/1036/660
f 1034/1034/658 1036/1036/660 1037/1037/661
f 1038/1038/662 1039/1039/663 1040/1040/664
f 1038/1038/662 1040/1040/664 1041/1041/665
f 1042/1042/666 1043/1043/667 1044/1044/668
f 1042/1042/666 1044/1044/668 1045/1045/669
f 1046/1046/670 962/962/594 965/965/597
f 1046/1046/670 965/965/597 1047/1047/671
f 1048/1048/672 1038/1038/662 1041/1041/665
f 1048/1048/672 1041/1041/665 1049/1049/673
f 1050/1050/674 1051/1051/675 1052/1052/676
f 1050/1050/674 1052/1052/676 1053/1053/677
f 1054/1054/678 1046/1046/670 1047/1047/671
f 1054/1054/678 1047/1047/671 1055/1055/679
f 1056/1056/680 1048/1048/672 1049/1049/673
f 1056/1056/680 1049/1049/673 1057/1057/681
f 1035/1035/659 1058/1058/682 1059/1059/683
f 1035/1035/659 1059/1059/683 1036/1036/660
f 1043/1043/667 1054/1054/678 1055/1055/679
f 1043/1043/667 1055/1055/679 1044/1044/668
f 1060/1060/684 1056/1056/680 1057/1057/681
f 1060/1060/684 1057/1057/681 1061/1061/685
f 1062/1062/686 1034/1034/658 1037/1037/661
f 1062/1062/686 1037/1037/661 1063/1063/687
f 1064/1064/688 1060/1060/684 1061/1061/685
f 1064/1064/688 1061/1061/685 1065/1065/689
f 1066/1066/690 1062/1062/686 1063/1063/687
f 1066/1066/690 1063/1063/687 1067/1067/691
f 1058/1058/682 1068/1068/692 1069/1069/693
f 1058/1058/682 1069/1069/693 1059/1059/683
f 1070/1070/694 1064/1064/688 1065/1065/689
f 1070/1070/694 1065/1065/689 1071/1071/695
f 1072/1072/696 1066/1066/690 1067/1067/691
f 1072/1072/696 1067/1067/691 1073/1073/697
f 1074/1074/698 1070/1070/694 1071/1071/695
f 1074/1074/698 1071/1071/695 1075/1075/699
f 1076/1076/700 1072/1072/696 1073/1073/697
f 1076/1076/700 1073/1073/697 1077/1077/701
f 1078/1078/702 1074/1074/698 1075/1075/699
f 1078/1078/702 1075/1075/699 1079/1079/703
f 1080/1080/704 1076/1076/700 1077/1077/701
f 1080/1080/704 1077/1077/701 1081/1081/705
f 1082/1082/706 1078/1078/702 1079/1079/703
f 1082/1082/706 1079/1079/703 1083/1083/707
f 1084/1084/708 1080/1080/704 1081/1081/705
f 1084/1084/708 1081/1081/705 1085/1085/709
f 1086/1086/710 1082/1082/706 1083/1083/707
f 1086/1086/710 1083/1083/707 1087/1087/711
f 1088/1088/712 1084/1084/708 1085/1085/709
f 1088/1088/712 1085/1085/709 1089/1089/713
f 1090/1090/714 1086/1086/710 1087/1087/711
f 1090/1090/714 1087/1087/711 1091/1091/715
f 1092/1092/716 1088/1088/712 1089/1089/713
f 1092/1092/716 1089/1089/713 1093/1093/717
f 1094/1094/718 1090/1090/714 1091/1091/715
f 1094/1094/718 1091/1091/715 1095/1095/719
f 1096/1096/720 1092/1092/716 1093/1093/717
f 1096/1096/720 1093/1093/717 1097/1097/721
f 963/963/595 1094/1094/718 1095/1095/719
f 963/963/595 1095/1095/719 964/964/596
f 1039/1039/663 1096/1096/720 1097/1097/721
f 1039/1039/663 1097/1097/721 1040/1040/664
f 1098/1098/722 1099/1099/723 1100/1100/724
f 1098/1098/722 1100/1100/724 1101/1101/725
f 1102/1102/726 1103/1103/727 1104/1104/728
f 1102/1102/726 1104/1104/728 1105/1105/729
f 1099/1099/723 1106/1106/730 1107/1107/731
f 1099/1099/723 1107/1107/731 1100/1100/724
f 1103/1103/727 1108/1108/732 1109/1109/733
f 1103/1103/727 1109/1109/733 1104/1104/728
f 1106/1106/730 1110/1110/734 1111/1111/735
f 1106/1106/730 1111/1111/735 1107/1107/731
f 1108/1108/732 1112/1112/736 1113/1113/737
f 1108/1108/732 1113/1113/737 1109/1109/733
f 1110/1110/734 1114/1114/738 1115/1115/739
f 1110/1110/734 1115/1115/739 1111/1111/735
f 1112/1112/736 1116/1116/740 1117/1117/741
f 1112/1112/736 1117/1117/741 1113/1113/737
f 1114/1114/738 1118/1118/742 1119/1119/743
f 1114/1114/738 1119/1119/743 1115/1115/739
f 1116/1116/740 1120/1120/744 1121/1121/745
f 1116/1116/740 1121/1121/745 1117/1117/741
f 1118/1118/742 1122/1122/746 1123/1123/747
f 1118/1118/742 1123/1123/747 1119/1119/743
f 1120/1120/744 1124/1124/748 1125/1125/749
f 1120/1120/744 1125/1125/749 1121/1121/745
f 1122/1122/746 1126/1126/750 1127/1127/751
f 1122/1122/746 1127/1127/751 1123/1123/747
f 1124/1124/748 1128/1128/752 1129/1129/753
f 1124/1124/748 1129/1129/753 1125/1125/749
f 1126/1126/750 1130/1130/754 1131/1131/755
f 1126/1126/750 1131/1131/755 1127/1127/751
f 1128/1128/752 1132/1132/756 1133/1133/757
f 1128/1128/752 1133/1133/757 1129/1129/753
f 1134/1134/758 1135/1135/759 1136/1136/760
f 1134/1134/758 1136/1136/760 1137/1137/761
f 1130/1130/754 1138/1138/762 1139/1139/763
f 1130/1130/754 1139/1139/763 1131/1131/755
f 1132/1132/756 1140/1140/764 1141/1141/765
f 1132/1132/756 1141/1141/765 1133/1133/757
f 1135/1135/759 1142/1142/766 1143/1143/767
f 1135/1135/759 1143/1143/767 1136/1136/760
f 1138/1138/762 1144/1144/768 1145/1145/674
f 1138/1138/762 1145/1145/674 1139/1139/763
f 1140/1140/764 1146/1146/769 1147/1147/770
f 1140/1140/764 1147/1147/770 1141/1141/765
f 1142/1142/766 1148/1148/771 1149/1149/772
f 1142/1142/766 1149/1149/772 1143/1143/767
f 1144/1144/768 1150/1150/773 1151/1151/675
f 1144/1144/768 1151/1151/675 1145/1145/674
f 1146/1146/769 1152/1152/774 1153/1153/775
f 1146/1146/769 1153/1153/775 1147/1147/770
f 1148/1148/771 1154/1154/776 1155/1155/777
f 1148/1148/771 1155/1155/777 1149/1149/772
f 1150/1150/773 1156/1156/778 1157/1157/779
f 1150/1150/773 1157/1157/779 1151/1151/675
f 1152/1152/774 1158/1158/780 1159/1159/781
f 1152/1152/774 1159/1159/781 1153/1153/775
f 1154/1154/776 1160/1160/782 1161/1161/783
f 1154/1154/776 1161/1161/783 1155/1155/777
f 1156/1156/778 1134/1134/758 1137/1137/761
f 1156/1156/778 1137/1137/761 1157/1157/779
f 1158/1158/780 1098/1098/722 1101/1101/725
f 1158/1158/780 1101/1101/725 1159/1159/781
f 1160/1160/782 1102/1102/726 1105/1105/729
f 1160/1160/782 1105/1105/729 1161/1161/783
f 1162/1162/784 1163/1163/785 1164/1164/786
f 1162/1162/784 1164/1164/786 1165/1165/787
f 1166/1166/767 1167/1167/772 1168/1168/788
f 1166/1166/767 1168/1168/788 1169/1169/789
f 1170/1170/765 1171/1171/770 1172/1172/790
f 1170/1170/765 1172/1172/790 1173/1173/791
f 1174/1174/763 1050/1050/674 1053/1053/677
f 1174/1174/763 1053/1053/677 1175/1175/792
f 1176/1176/760 1166/1166/767 1169/1169/789
f 1176/1176/760 1169/1169/789 1177/1177/793
f 1178/1178/757 1170/1170/765 1173/1173/791
f 1178/1178/757 1173/1173/791 1179/1179/794
f 1180/1180/755 1174/1174/763 1175/1175/792
f 1180/1180/755 1175/1175/792 1181/1181/795
f 1182/1182/761 1176/1176/760 1177/1177/793
f 1182/1182/761 1177/1177/793 1183/1183/796
f 1184/1184/753 1178/1178/757 1179/1179/794
f 1184/1184/753 1179/1179/794 1185/1185/797
f 1186/1186/751 1180/1180/755 1181/1181/795
f 1186/1186/751 1181/1181/795 1187/1187/798
f 1188/1188/749 1184/1184/753 1185/1185/797
f 1188/1188/749 1185/1185/797 1189/1189/799
f 1190/1190/747 1186/1186/751 1187/1187/798
f 1190/1190/747 1187/1187/798 1191/1191/800
f 1192/1192/745 1188/1188/749 1189/1189/799
f 1192/1192/745 1189/1189/799 1193/1193/801
f 1194/1194/743 1195/1195/747 1196/1196/800
f 1194/1194/743 1196/1196/800 1197/1197/802
f 1198/1198/741 1192/1192/745 1193/1193/801
f 1198/1198/741 1193/1193/801 1199/1199/803
f 1200/1200/739 1194/1194/743 1197/1197/802
f 1200/1200/739 1197/1197/802 1201/1201/804
f 1202/1202/737 1198/1198/741 1199/1199/803
f 1202/1202/737 1199/1199/803 1203/1203/805
f 1204/1204/735 1200/1200/739 1201/1201/804
f 1204/1204/735 1201/1201/804 1205/1205/806
f 1206/1206/733 1202/1202/737 1203/1203/805
f 1206/1206/733 1203/1203/805 1207/1207/807
f 1208/1208/731 1204/1204/735 1205/1205/806
f 1208/1208/731 1205/1205/806 1209/1209/808
f 1210/1210/728 1206/1206/733 1207/1207/807
f 1210/1210/728 1207/1207/807 1211/1211/809
f 1212/1212/724 1208/1208/731 1209/1209/808
f 1212/1212/724 1209/1209/808 1213/1213/810
f 1214/1214/729 1215/1215/728 1216/1216/809
f 1214/1214/729 1216/1216/809 1217/1217/811
f 1218/1218/725 1212/1212/724 1213/1213/810
f 1218/1218/725 1213/1213/810 1219/1219/812
f 1220/1220/783 1214/1214/729 1217/1217/811
f 1220/1220/783 1217/1217/811 1221/1221/813
f 1222/1222/781 1218/1218/725 1219/1219/812
f 1222/1222/781 1219/1219/812 1223/1223/814
f 1224/1224/779 1225/1225/761 1226/1226/796
f 1224/1224/779 1226/1226/796 1227/1227/815
f 1228/1228/777 1220/1220/783 1221/1221/813
f 1228/1228/777 1221/1221/813 1229/1229/816
f 1230/1230/775 1222/1222/781 1223/1223/814
f 1230/1230/775 1223/1223/814 1231/1231/817
f 1051/1051/675 1224/1224/779 1227/1227/815
f 1051/1051/675 1227/1227/815 1052/1052/676
f 1167/1167/772 1228/1228/777 1229/1229/816
f 1167/1167/772 1229/1229/816 1168/1168/788
f 1232/1232/770 1230/1230/775 1231/1231/817
f 1232/1232/770 1231/1231/817 1233/1233/790
f 1234/1234/666 1235/1235/692 1236/1236/818
f 1234/1234/666 1236/1236/818 1237/1237/819
f 1237/1237/819 1236/1236/818 1227/1227/815
f 1237/1237/819 1227/1227/815 1226/1226/796
f 1235/1235/692 1238/1238/682 1239/1239/820
f 1235/1235/692 1239/1239/820 1236/1236/818
f 1236/1236/818 1239/1239/820 1052/1052/676
f 1236/1236/818 1052/1052/676 1227/1227/815
f 1238/1238/682 1240/1240/659 1241/1241/821
f 1238/1238/682 1241/1241/821 1239/1239/820
f 1239/1239/820 1241/1241/821 1053/1053/677
f 1239/1239/820 1053/1053/677 1052/1052/676
f 1240/1240/659 1242/1242/658 1243/1243/822
f 1240/1240/659 1243/1243/822 1241/1241/821
f 1241/1241/821 1243/1243/822 1175/1175/792
f 1241/1241/821 1175/1175/792 1053/1053/677
f 1242/1242/658 1244/1244/686 1245/1245/823
f 1242/1242/658 1245/1245/823 1243/1243/822
f 1243/1243/822 1245/1245/823 1181/1181/795
f 1243/1243/822 1181/1181/795 1175/1175/792
f 1244/1244/686 1246/1246/690 1247/1247/824
f 1244/1244/686 1247/1247/824 1245/1245/823
f 1245/1245/823 1247/1247/824 1187/1187/798
f 1245/1245/823 1187/1187/798 1181/1181/795
f 1246/1246/690 1248/1248/696 1249/1249/825
f 1246/1246/690 1249/1249/825 1247/1247/824
f 1247/1247/824 1249/1249/825 1191/1191/800
f 1247/1247/824 1191/1191/800 1187/1187/798
f 1072/1072/696 1076/1076/700 1250/1250/826
f 1072/1072/696 1250/1250/826 1251/1251/825
f 1252/1252/825 1253/1253/826 1197/1197/802
f 1252/1252/825 1197/1197/802 1196/1196/800
f 1254/1254/700 1255/1255/704 1256/1256/827
f 1254/1254/700 1256/1256/827 1253/1253/826
f 1253/1253/826 1256/1256/827 1201/1201/804
f 1253/1253/826 1201/1201/804 1197/1197/802
f 1255/1255/704 1257/1257/708 1258/1258/828
f 1255/1255/704 1258/1258/828 1256/1256/827
f 1256/1256/827 1258/1258/828 1205/1205/806
f 1256/1256/827 1205/1205/806 1201/1201/804
f 1257/1257/708 1259/1259/712 1260/1260/829
f 1257/1257/708 1260/1260/829 1258/1258/828
f 1258/1258/828 1260/1260/829 1209/1209/808
f 1258/1258/828 1209/1209/808 1205/1205/806
f 1259/1259/712 1261/1261/716 1262/1262/830
f 1259/1259/712 1262/1262/830 1260/1260/829
f 1260/1260/829 1262/1262/830 1213/1213/810
f 1260/1260/829 1213/1213/810 1209/1209/808
f 1261/1261/716 1263/1263/720 1264/1264/831
f 1261/1261/716 1264/1264/831 1262/1262/830
f 1262/1262/830 1264/1264/831 1219/1219/812
f 1262/1262/830 1219/1219/812 1213/1213/810
f 1263/1263/720 1265/1265/663 1266/1266/832
f 1263/1263/720 1266/1266/832 1264/1264/831
f 1264/1264/831 1266/1266/832 1223/1223/814
f 1264/1264/831 1223/1223/814 1219/1219/812
f 1265/1265/663 1267/1267/662 1268/1268/833
f 1265/1265/663 1268/1268/833 1266/1266/832
f 1266/1266/832 1268/1268/833 1231/1231/817
f 1266/1266/832 1231/1231/817 1223/1223/814
f 1038/1038/662 1048/1048/672 1269/1269/834
f 1038/1038/662 1269/1269/834 1270/1270/833
f 1268/1268/833 1271/1271/834 1233/1233/790
f 1268/1268/833 1233/1233/790 1231/1231/817
f 1048/1048/672 1056/1056/680 1272/1272/835
f 1048/1048/672 1272/1272/835 1269/1269/834
f 1273/1273/834 1274/1274/835 1173/1173/791
f 1273/1273/834 1173/1173/791 1172/1172/790
f 1275/1275/680 1276/1276/684 1277/1277/836
f 1275/1275/680 1277/1277/836 1274/1274/835
f 1274/1274/835 1277/1277/836 1179/1179/794
f 1274/1274/835 1179/1179/794 1173/1173/791
f 1276/1276/684 1278/1278/688 1279/1279/837
f 1276/1276/684 1279/1279/837 1277/1277/836
f 1277/1277/836 1279/1279/837 1185/1185/797
f 1277/1277/836 1185/1185/797 1179/1179/794
f 1278/1278/688 1280/1280/694 1281/1281/838
f 1278/1278/688 1281/1281/838 1279/1279/837
f 1279/1279/837 1281/1281/838 1189/1189/799
f 1279/1279/837 1189/1189/799 1185/1185/797
f 1280/1280/694 1282/1282/698 1283/1283/839
f 1280/1280/694 1283/1283/839 1281/1281/838
f 1281/1281/838 1283/1283/839 1193/1193/801
f 1281/1281/838 1193/1193/801 1189/1189/799
f 1282/1282/698 1284/1284/702 1285/1285/840
f 1282/1282/698 1285/1285/840 1283/1283/839
f 1283/1283/839 1285/1285/840 1199/1199/803
f 1283/1283/839 1199/1199/803 1193/1193/801
f 1284/1284/702 1286/1286/706 1287/1287/841
f 1284/1284/702 1287/1287/841 1285/1285/840
f 1285/1285/840 1287/1287/841 1203/1203/805
f 1285/1285/840 1203/1203/805 1199/1199/803
f 1286/1286/706 1288/1288/710 1289/1289/842
f 1286/1286/706 1289/1289/842 1287/1287/841
f 1287/1287/841 1289/1289/842 1207/1207/807
f 1287/1287/841 1207/1207/807 1203/1203/805
f 1086/1086/710 1090/1090/714 1290/1290/843
f 1086/1086/710 1290/1290/843 1291/1291/842
f 1289/1289/842 1292/1292/843 1211/1211/809
f 1289/1289/842 1211/1211/809 1207/1207/807
f 1293/1293/714 1294/1294/718 1295/1295/844
f 1293/1293/714 1295/1295/844 1296/1296/843
f 1296/1296/843 1295/1295/844 1217/1217/811
f 1296/1296/843 1217/1217/811 1216/1216/809
f 1294/1294/718 1297/1297/595 1298/1298/845
f 1294/1294/718 1298/1298/845 1295/1295/844
f 1295/1295/844 1298/1298/845 1221/1221/813
f 1295/1295/844 1221/1221/813 1217/1217/811
f 1297/1297/595 1299/1299/594 1300/1300/846
f 1297/1297/595 1300/1300/846 1298/1298/845
f 1298/1298/845 1300/1300/846 1229/1229/816
f 1298/1298/845 1229/1229/816 1221/1221/813
f 1299/1299/594 1301/1301/670 1302/1302/847
f 1299/1299/594 1302/1302/847 1300/1300/846
f 1300/1300/846 1302/1302/847 1168/1168/788
f 1300/1300/846 1168/1168/788 1229/1229/816
f 1301/1301/670 1303/1303/678 1304/1304/848
f 1301/1301/670 1304/1304/848 1302/1302/847
f 1302/1302/847 1304/1304/848 1169/1169/789
f 1302/1302/847 1169/1169/789 1168/1168/788
f 1303/1303/678 1305/1305/667 1306/1306/849
f 1303/1303/678 1306/1306/849 1304/1304/848
f 1304/1304/848 1306/1306/849 1177/1177/793
f 1304/1304/848 1177/1177/793 1169/1169/789
f 1305/1305/667 1307/1307/666 1308/1308/819
f 1305/1305/667 1308/1308/819 1306/1306/849
f 1306/1306/849 1308/1308/819 1183/1183/796
f 1306/1306/849 1183/1183/796 1177/1177/793
f 1068/1068/692 1042/1042/666 1045/1045/669
f 1068/1068/692 1045/1045/669 1069/1069/693
f 1309/1309/850 1310/1310/851 1311/1311/852
f 1309/1309/850 1311/1311/852 1312/1312/853
f 1313/1313/854 1314/1314/855 1315/1315/856
f 1313/1313/854 1315/1315/856 1316/1316/857
f 1163/1163/785 1317/1317/858 1318/1318/859
f 1163/1163/785 1318/1318/859 1164/1164/786
f 1319/1319/860 1320/1320/861 1321/1321/862
f 1319/1319/860 1321/1321/862 1322/1322/863
f 1314/1314/855 1323/1323/864 1324/1324/865
f 1314/1314/855 1324/1324/865 1315/1315/856
f 1317/1317/858 1325/1325/866 1326/1326/867
f 1317/1317/858 1326/1326/867 1318/1318/859
f 1327/1327/868 1328/1328/869 1329/1329/870
f 1327/1327/868 1329/1329/870 1330/1330/871
f 1323/1323/864 1331/1331/872 1332/1332/873
f 1323/1323/864 1332/1332/873 1324/1324/865
f 1325/1325/866 1333/1333/874 1334/1334/875
f 1325/1325/866 1334/1334/875 1326/1326/867
f 1328/1328/869 1335/1335/876 1336/1336/877
f 1328/1328/869 1336/1336/877 1329/1329/870
f 1331/1331/872 1319/1319/860 1322/1322/863
f 1331/1331/872 1322/1322/863 1332/1332/873
f 1333/1333/874 1337/1337/878 1338/1338/879
f 1333/1333/874 1338/1338/879 1334/1334/875
f 1335/1335/876 1339/1339/880 1340/1340/881
f 1335/1335/876 1340/1340/881 1336/1336/877
f 1337/1337/878 1341/1341/882 1342/1342/883
f 1337/1337/878 1342/1342/883 1338/1338/879
f 1339/1339/880 1343/1343/884 1344/1344/885
f 1339/1339/880 1344/1344/885 1340/1340/881
f 1345/1345/886 1327/1327/868 1330/1330/871
f 1345/1345/886 1330/1330/871 1346/1346/887
f 1341/1341/882 1347/1347/888 1348/1348/889
f 1341/1341/882 1348/1348/889 1342/1342/883
f 1343/1343/884 1349/1349/890 1350/1350/891
f 1343/1343/884 1350/1350/891 1344/1344/885
f 1347/1347/888 1351/1351/892 1352/1352/893
f 1347/1347/888 1352/1352/893 1348/1348/889
f 1349/1349/890 1353/1353/894 1354/1354/895
f 1349/1349/890 1354/1354/895 1350/1350/891
f 1351/1351/892 1355/1355/896 1356/1356/897
f 1351/1351/892 1356/1356/897 1352/1352/893
f 1353/1353/894 1357/1357/898 1358/1358/899
f 1353/1353/894 1358/1358/899 1354/1354/895
f 1355/1355/896 1359/1359/900 1360/1360/901
f 1355/1355/896 1360/1360/901 1356/1356/897
f 1357/1357/898 1361/1361/902 1362/1362/903
f 1357/1357/898 1362/1362/903 1358/1358/899
f 1359/1359/900 1363/1363/904 1364/1364/905
f 1359/1359/900 1364/1364/905 1360/1360/901
f 1361/1361/902 1365/1365/906 1366/1366/907
f 1361/1361/902 1366/1366/907 1362/1362/903
f 1363/1363/904 1367/1367/908 1368/1368/909
f 1363/1363/904 1368/1368/909 1364/1364/905
f 1365/1365/906 1369/1369/910 1370/1370/911
f 1365/1365/906 1370/1370/911 1366/1366/907
f 1367/1367/908 1371/1371/912 1372/1372/913
f 1367/1367/908 1372/1372/913 1368/1368/909
f 1369/1369/910 1162/1162/784 1165/1165/787
f 1369/1369/910 1165/1165/787 1370/1370/911
f 1371/1371/912 1313/1313/854 1316/1316/857
f 1371/1371/912 1316/1316/857 1372/1372/913
f 1095/1095/719 1091/1091/715 1373/1373/914
f 1095/1095/719 1373/1373/914 1374/1374/915
f 1093/1093/717 1089/1089/713 1375/1375/916
f 1093/1093/717 1375/1375/916 1376/1376/917
f 1091/1091/715 1087/1087/711 1377/1377/918
f 1091/1091/715 1377/1377/918 1373/1373/914
f 1089/1089/713 1085/1085/709 1378/1378/919
f 1089/1089/713 1378/1378/919 1375/1375/916
f 1087/1087/711 1083/1083/707 1379/1379/920
f 1087/1087/711 1379/1379/920 1377/1377/918
f 1085/1085/709 1081/1081/705 1380/1380/921
f 1085/1085/709 1380/1380/921 1378/1378/919
f 1083/1083/707 1079/1079/703 1381/1381/922
f 1083/1083/707 1381/1381/922 1379/1379/920
f 1081/1081/705 1077/1077/701 1382/1382/923
f 1081/1081/705 1382/1382/923 1380/1380/921
f 1079/1079/703 1075/1075/699 1383/1383/924
f 1079/1079/703 1383/1383/924 1381/1381/922
f 1077/1077/701 1073/1073/697 1384/1384/925
f 1077/1077/701 1384/1384/925 1382/1382/923
f 1075/1075/699 1071/1071/695 1385/1385/926
f 1075/1075/699 1385/1385/926 1383/1383/924
f 1073/1073/697 1067/1067/691 1386/1386/927
f 1073/1073/697 1386/1386/927 1384/1384/925
f 1071/1071/695 1065/1065/689 1387/1387/928
f 1071/1071/695 1387/1387/928 1385/1385/926
f 1067/1067/691 1063/1063/687 1388/1388/929
f 1067/1067/691 1388/1388/929 1386/1386/927
f 1065/1065/689 1061/1061/685 1389/1389/930
f 1065/1065/689 1389/1389/930 1387/1387/928
f 1045/1045/669 1044/1044/668 1390/1390/931
f 1045/1045/669 1390/1390/931 1391/1391/932
f 1063/1063/687 1037/1037/661 1392/1392/933
f 1063/1063/687 1392/1392/933 1388/1388/929
f 1061/1061/685 1057/1057/681 1393/1393/934
f 1061/1061/685 1393/1393/934 1389/1389/930
f 1044/1044/668 1055/1055/679 1394/1394/935
f 1044/1044/668 1394/1394/935 1390/1390/931
f 1037/1037/661 1036/1036/660 1395/1395/936
f 1037/1037/661 1395/1395/936 1392/1392/933
f 1057/1057/681 1049/1049/673 1396/1396/937
f 1057/1057/681 1396/1396/937 1393/1393/934
f 1055/1055/679 1047/1047/671 1397/1397/938
f 1055/1055/679 1397/1397/938 1394/1394/935
f 1036/1036/660 1059/1059/683 1398/1398/939
f 1036/1036/660 1398/1398/939 1395/1395/936
f 1049/1049/673 1041/1041/665 1399/1399/940
f 1049/1049/673 1399/1399/940 1396/1396/937
f 1047/1047/671 965/965/597 1400/1400/941
f 1047/1047/671 1400/1400/941 1397/1397/938
f 1059/1059/683 1069/1069/693 1401/1401/942
f 1059/1059/683 1401/1401/942 1398/1398/939
f 1041/1041/665 1040/1040/664 1402/1402/943
f 1041/1041/665 1402/1402/943 1399/1399/940
f 965/965/597 964/964/596 1403/1403/944
f 965/965/597 1403/1403/944 1400/1400/941
f 1069/1069/693 1045/1045/669 1391/1391/932
f 1069/1069/693 1391/1391/932 1401/1401/942
f 1040/1040/664 1097/1097/721 1404/1404/945
f 1040/1040/664 1404/1404/945 1402/1402/943
f 964/964/596 1095/1095/719 1374/1374/915
f 964/964/596 1374/1374/915 1403/1403/944
f 1097/1097/721 1093/1093/717 1376/1376/917
f 1097/1097/721 1376/1376/917 1404/1404/945
f 1401/1401/942 1391/1391/932 1405/1405/946
f 1401/1401/942 1405/1405/946 1406/1406/947
f 1398/1398/939 1401/1401/942 1406/1406/947
f 1398/1398/939 1406/1406/947 1407/1407/948
f 1395/1395/936 1398/1398/939 1407/1407/948
f 1395/1395/936 1407/1407/948 1408/1408/949
f 1392/1392/933 1395/1395/936 1408/1408/949
f 1392/1392/933 1408/1408/949 1409/1409/950
f 1388/1388/929 1392/1392/933 1409/1409/950
f 1388/1388/929 1409/1409/950 1410/1410/951
f 1386/1386/927 1388/1388/929 1410/1410/951
f 1386/1386/927 1410/1410/951 1411/1411/952
f 1384/1384/925 1386/1386/927 1411/1411/952
f 1384/1384/925 1411/1411/952 1412/1412/953
f 1382/1382/923 1384/1384/925 1412/1412/953
f 1382/1382/923 1412/1412/953 1413/1413/954
f 1380/1380/921 1382/1382/923 1413/1413/954
f 1380/1380/921 1413/1413/954 1414/1414/955
f 1378/1378/919 1380/1380/921 1414/1414/955
f 1378/1378/919 1414/1414/955 1415/1415/956
f 1375/1375/916 1378/1378/919 1415/1415/956
f 1375/1375/916 1415/1415/956 1416/1416/957
f 1376/1376/917 1375/1375/916 1416/1416/957
f 1376/1376/917 1416/1416/957 1417/1417/958
f 1404/1404/945 1376/1376/917 1417/1417/958
f 1404/1404/945 1417/1417/958 1418/1418/959
f 1402/1402/943 1404/1404/945 1418/1418/959
f 1402/1402/943 1418/1418/959 1419/1419/960
f 1399/1399/940 1402/1402/943 1419/1419/960
f 1399/1399/940 1419/1419/960 1420/1420/961
f 1396/1396/937 1399/1399/940 1420/1420/961
f 1396/1396/937 1420/1420/961 1421/1421/962
f 1393/1393/934 1396/1396/937 1421/1421/962
f 1393/1393/934 1421/1421/962 1422/1422/963
f 1389/1389/930 1393/1393/934 1422/1422/963
f 1389/1389/930 1422/1422/963 1423/1423/964
f 1387/1387/928 1389/1389/930 1423/1423/964
f 1387/1387/928 1423/1423/964 1424/1424/965
f 1385/1385/926 1387/1387/928 1424/1424/965
f 1385/1385/926 1424/1424/965 1425/1425/966
f 1383/1383/924 1385/1385/926 1425/1425/966
f 1383/1383/924 1425/1425/966 1426/1426/967
f 1381/1381/922 1383/1383/924 1426/1426/967
f 1381/1381/922 1426/1426/967 1427/1427/968
f 1379/1379/920 1381/1381/922 1427/1427/968
f 1379/1379/920 1427/1427/968 1428/1428/969
f 1377/1377/918 1379/1379/920 1428/1428/969
f 1377/1377/918 1428/1428/969 1429/1429/970
f 1373/1373/914 1377/1377/918 1429/1429/970
f 1373/1373/914 1429/1429/970 1430/1430/971
f 1374/1374/915 1373/1373/914 1430/1430/971
f 1374/1374/915 1430/1430/971 1431/1431/972
f 1403/1403/944 1374/1374/915 1431/1431/972
f 1403/1403/944 1431/1431/972 1432/1432/973
f 1400/1400/941 1403/1403/944 1432/1432/973
f 1400/1400/941 1432/1432/973 1433/1433/974
f 1397/1397/938 1400/1400/941 1433/1433/974
f 1397/1397/938 1433/1433/974 1434/1434/975
f 1394/1394/935 1397/1397/938 1434/1434/975
f 1394/1394/935 1434/1434/975 1435/1435/976
f 1390/1390/931 1394/1394/935 1435/1435/976
f 1390/1390/931 1435/1435/976 1436/1436/977
f 1391/1391/932 1390/1390/931 1436/1436/977
f 1391/1391/932 1436/1436/977 1405/1405/946
f 1321/1321/862 1346/1346/887 1437/1437/978
f 1321/1321/862 1437/1437/978 1438/1438/979
f 1439/1439/979 1440/1440/978 1441/1441/980
f 1439/1439/979 1441/1441/980 1442/1442/981
f 1443/1443/981 1444/1444/980 1406/1406/947
f 1443/1443/981 1406/1406/947 1405/1405/946
f 1346/1346/887 1330/1330/871 1445/1445/982
f 1346/1346/887 1445/1445/982 1437/1437/978
f 1440/1440/978 1446/1446/982 1447/1447/983
f 1440/1440/978 1447/1447/983 1441/1441/980
f 1444/1444/980 1448/1448/983 1407/1407/948
f 1444/1444/980 1407/1407/948 1406/1406/947
f 1330/1330/871 1329/1329/870 1449/1449/984
f 1330/1330/871 1449/1449/984 1445/1445/982
f 1446/1446/982 1450/1450/984 1451/1451/985
f 1446/1446/982 1451/1451/985 1447/1447/983
f 1447/1447/983 1451/1451/985 1452/1452/949
f 1447/1447/983 1452/1452/949 1453/1453/948
f 1329/1329/870 1336/1336/877 1454/1454/986
f 1329/1329/870 1454/1454/986 1449/1449/984
f 1450/1450/984 1455/1455/986 1456/1456/987
f 1450/1450/984 1456/1456/987 1451/1451/985
f 1451/1451/985 1456/1456/987 1457/1457/950
f 1451/1451/985 1457/1457/950 1452/1452/949
f 1336/1336/877 1340/1340/881 1458/1458/988
f 1336/1336/877 1458/1458/988 1454/1454/986
f 1455/1455/986 1459/1459/988 1460/1460/989
f 1455/1455/986 1460/1460/989 1456/1456/987
f 1456/1456/987 1460/1460/989 1461/1461/951
f 1456/1456/987 1461/1461/951 1457/1457/950
f 1340/1340/881 1344/1344/885 1462/1462/990
f 1340/1340/881 1462/1462/990 1458/1458/988
f 1459/1459/988 1463/1463/990 1464/1464/991
f 1459/1459/988 1464/1464/991 1460/1460/989
f 1465/1465/989 1466/1466/991 1411/1411/952
f 1465/1465/989 1411/1411/952 1410/1410/951
f 1344/1344/885 1350/1350/891 1467/1467/992
f 1344/1344/885 1467/1467/992 1462/1462/990
f 1463/1463/990 1468/1468/992 1469/1469/993
f 1463/1463/990 1469/1469/993 1464/1464/991
f 1466/1466/991 1470/1470/993 1412/1412/953
f 1466/1466/991 1412/1412/953 1411/1411/952
f 1350/1350/891 1354/1354/895 1471/1471/994
f 1350/1350/891 1471/1471/994 1467/1467/992
f 1472/1472/992 1473/1473/994 1474/1474/995
f 1472/1472/992 1474/1474/995 1475/1475/993
f 1470/1470/993 1476/1476/995 1413/1413/954
f 1470/1470/993 1413/1413/954 1412/1412/953
f 1354/1354/895 1358/1358/899 1477/1477/996
f 1354/1354/895 1477/1477/996 1471/1471/994
f 1473/1473/994 1478/1478/996 1479/1479/997
f 1473/1473/994 1479/1479/997 1474/1474/995
f 1476/1476/995 1480/1480/997 1414/1414/955
f 1476/1476/995 1414/1414/955 1413/1413/954
f 1358/1358/899 1362/1362/903 1481/1481/998
f 1358/1358/899 1481/1481/998 1477/1477/996
f 1478/1478/996 1482/1482/998 1483/1483/999
f 1478/1478/996 1483/1483/999 1479/1479/997
f 1480/1480/997 1484/1484/999 1415/1415/956
f 1480/1480/997 1415/1415/956 1414/1414/955
f 1362/1362/903 1366/1366/907 1485/1485/1000
f 1362/1362/903 1485/1485/1000 1481/1481/998
f 1482/1482/998 1486/1486/1000 1487/1487/1001
f 1482/1482/998 1487/1487/1001 1483/1483/999
f 1484/1484/999 1488/1488/1001 1416/1416/957
f 1484/1484/999 1416/1416/957 1415/1415/956
f 1366/1366/907 1370/1370/911 1489/1489/1002
f 1366/1366/907 1489/1489/1002 1485/1485/1000
f 1486/1486/1000 1490/1490/1002 1491/1491/1003
f 1486/1486/1000 1491/1491/1003 1487/1487/1001
f 1488/1488/1001 1492/1492/1003 1417/1417/958
f 1488/1488/1001 1417/1417/958 1416/1416/957
f 1370/1370/911 1165/1165/787 1493/1493/1004
f 1370/1370/911 1493/1493/1004 1489/1489/1002
f 1490/1490/1002 1494/1494/1004 1495/1495/1005
f 1490/1490/1002 1495/1495/1005 1491/1491/1003
f 1492/1492/1003 1496/1496/1005 1418/1418/959
f 1492/1492/1003 1418/1418/959 1417/1417/958
f 1165/1165/787 1164/1164/786 1497/1497/1006
f 1165/1165/787 1497/1497/1006 1493/1493/1004
f 1494/1494/1004 1498/1498/1006 1499/1499/1007
f 1494/1494/1004 1499/1499/1007 1495/1495/1005
f 1496/1496/1005 1500/1500/1007 1419/1419/960
f 1496/1496/1005 1419/1419/960 1418/1418/959
f 1164/1164/786 1318/1318/859 1501/1501/1008
f 1164/1164/786 1501/1501/1008 1497/1497/1006
f 1498/1498/1006 1502/1502/1008 1503/1503/1009
f 1498/1498/1006 1503/1503/1009 1499/1499/1007
f 1500/1500/1007 1504/1504/1009 1420/1420/961
f 1500/1500/1007 1420/1420/961 1419/1419/960
f 1318/1318/859 1326/1326/867 1505/1505/1010
f 1318/1318/859 1505/1505/1010 1501/1501/1008
f 1502/1502/1008 1506/1506/1010 1507/1507/1011
f 1502/1502/1008 1507/1507/1011 1503/1503/1009
f 1504/1504/1009 1508/1508/1011 1421/1421/962
f 1504/1504/1009 1421/1421/962 1420/1420/961
f 1326/1326/867 1334/1334/875 1509/1509/1012
f 1326/1326/867 1509/1509/1012 1505/1505/1010
f 1510/1510/1010 1511/1511/1012 1512/1512/1013
f 1510/1510/1010 1512/1512/1013 1513/1513/1011
f 1508/1508/1011 1514/1514/1013 1422/1422/963
f 1508/1508/1011 1422/1422/963 1421/1421/962
f 1334/1334/875 1338/1338/879 1515/1515/1014
f 1334/1334/875 1515/1515/1014 1509/1509/1012
f 1511/1511/1012 1516/1516/1014 1517/1517/1015
f 1511/1511/1012 1517/1517/1015 1512/1512/1013
f 1514/1514/1013 1518/1518/1015 1423/1423/964
f 1514/1514/1013 1423/1423/964 1422/1422/963
f 1338/1338/879 1342/1342/883 1519/1519/1016
f 1338/1338/879 1519/1519/1016 1515/1515/1014
f 1516/1516/1014 1520/1520/1016 1521/1521/1017
f 1516/1516/1014 1521/1521/1017 1517/1517/1015
f 1518/1518/1015 1522/1522/1017 1424/1424/965
f 1518/1518/1015 1424/1424/965 1423/1423/964
f 1342/1342/883 1348/1348/889 1523/1523/1018
f 1342/1342/883 1523/1523/1018 1519/1519/1016
f 1520/1520/1016 1524/1524/1018 1525/1525/1019
f 1520/1520/1016 1525/1525/1019 1521/1521/1017
f 1522/1522/1017 1526/1526/1019 1425/1425/966
f 1522/1522/1017 1425/1425/966 1424/1424/965
f 1348/1348/889 1352/1352/893 1527/1527/1020
f 1348/1348/889 1527/1527/1020 1523/1523/1018
f 1524/1524/1018 1528/1528/1020 1529/1529/1021
f 1524/1524/1018 1529/1529/1021 1525/1525/1019
f 1526/1526/1019 1530/1530/1021 1426/1426/967
f 1526/1526/1019 1426/1426/967 1425/1425/966
f 1352/1352/893 1356/1356/897 1531/1531/1022
f 1352/1352/893 1531/1531/1022 1527/1527/1020
f 1528/1528/1020 1532/1532/1022 1533/1533/1023
f 1528/1528/1020 1533/1533/1023 1529/1529/1021
f 1530/1530/1021 1534/1534/1023 1427/1427/968
f 1530/1530/1021 1427/1427/968 1426/1426/967
f 1356/1356/897 1360/1360/901 1535/1535/1024
f 1356/1356/897 1535/1535/1024 1531/1531/1022
f 1532/1532/1022 1536/1536/1024 1537/1537/1025
f 1532/1532/1022 1537/1537/1025 1533/1533/1023
f 1534/1534/1023 1538/1538/1025 1428/1428/969
f 1534/1534/1023 1428/1428/969 1427/1427/968
f 1360/1360/901 1364/1364/905 1539/1539/1026
f 1360/1360/901 1539/1539/1026 1535/1535/1024
f 1536/1536/1024 1540/1540/1026 1541/1541/1027
f 1536/1536/1024 1541/1541/1027 1537/1537/1025
f 1538/1538/1025 1542/1542/1027 1429/1429/970
f 1538/1538/1025 1429/1429/970 1428/1428/969
f 1364/1364/905 1368/1368/909 1543/1543/1028
f 1364/1364/905 1543/1543/1028 1539/1539/1026
f 1540/1540/1026 1544/1544/1028 1545/1545/1029
f 1540/1540/1026 1545/1545/1029 1541/1541/1027
f 1542/1542/1027 1546/1546/1029 1430/1430/971
f 1542/1542/1027 1430/1430/971 1429/1429/970
f 1368/1368/909 1372/1372/913 1547/1547/1030
f 1368/1368/909 1547/1547/1030 1543/1543/1028
f 1548/1548/1028 1549/1549/1030 1550/1550/1031
f 1548/1548/1028 1550/1550/1031 1551/1551/1029
f 1546/1546/1029 1552/1552/1031 1431/1431/972
f 1546/1546/1029 1431/1431/972 1430/1430/971
f 1372/1372/913 1316/1316/857 1553/1553/1032
f 1372/1372/913 1553/1553/1032 1547/1547/1030
f 1549/1549/1030 1554/1554/1032 1555/1555/1033
f 1549/1549/1030 1555/1555/1033 1550/1550/1031
f 1552/1552/1031 1556/1556/1033 1432/1432/973
f 1552/1552/1031 1432/1432/973 1431/1431/972
f 1316/1316/857 1315/1315/856 1557/1557/1034
f 1316/1316/857 1557/1557/1034 1553/1553/1032
f 1554/1554/1032 1558/1558/1034 1559/1559/1035
f 1554/1554/1032 1559/1559/1035 1555/1555/1033
f 1556/1556/1033 1560/1560/1035 1433/1433/974
f 1556/1556/1033 1433/1433/974 1432/1432/973
f 1315/1315/856 1324/1324/865 1561/1561/1036
f 1315/1315/856 1561/1561/1036 1557/1557/1034
f 1558/1558/1034 1562/1562/1036 1563/1563/1037
f 1558/1558/1034 1563/1563/1037 1559/1559/1035
f 1560/1560/1035 1564/1564/1037 1434/1434/975
f 1560/1560/1035 1434/1434/975 1433/1433/974
f 1324/1324/865 1332/1332/873 1565/1565/1038
f 1324/1324/865 1565/1565/1038 1561/1561/1036
f 1562/1562/1036 1566/1566/1038 1567/1567/1039
f 1562/1562/1036 1567/1567/1039 1563/1563/1037
f 1564/1564/1037 1568/1568/1039 1435/1435/976
f 1564/1564/1037 1435/1435/976 1434/1434/975
f 1332/1332/873 1322/1322/863 1569/1569/1040
f 1332/1332/873 1569/1569/1040 1565/1565/1038
f 1566/1566/1038 1570/1570/1040 1571/1571/1041
f 1566/1566/1038 1571/1571/1041 1567/1567/1039
f 1568/1568/1039 1572/1572/1041 1436/1436/977
f 1568/1568/1039 1436/1436/977 1435/1435/976
f 1322/1322/863 1321/1321/862 1438/1438/979
f 1322/1322/863 1438/1438/979 1569/1569/1040
f 1570/1570/1040 1573/1573/979 1574/1574/981
f 1570/1570/1040 1574/1574/981 1571/1571/1041
f 1572/1572/1041 1443/1443/981 1405/1405/946
f 1572/1572/1041 1405/1405/946 1436/1436/977
f 1320/1320/861 1345/1345/886 1346/1346/887
f 1320/1320/861 1346/1346/887 1321/1321/862
f 1575/1575/1042 1576/1576/1043 1345/1345/886
f 1575/1575/1042 1345/1345/886 1320/1320/861
f 1576/1576/1043 1577/1577/1044 1327/1327/868
f 1576/1576/1043 1327/1327/868 1345/1345/886
f 1577/1577/1044 1578/1578/1045 1328/1328/869
f 1577/1577/1044 1328/1328/869 1327/1327/868
f 1578/1578/1045 1579/1579/1046 1335/1335/876
f 1578/1578/1045 1335/1335/876 1328/1328/869
f 1579/1579/1046 1580/1580/1047 1339/1339/880
f 1579/1579/1046 1339/1339/880 1335/1335/876
f 1580/1580/1047 1581/1581/1048 1343/1343/884
f 1580/1580/1047 1343/1343/884 1339/1339/880
f 1581/1581/1048 1582/1582/1049 1349/1349/890
f 1581/1581/1048 1349/1349/890 1343/1343/884
f 1582/1582/1049 1583/1583/1050 1353/1353/894
f 1582/1582/1049 1353/1353/894 1349/1349/890
f 1583/1583/1050 1584/1584/1051 1357/1357/898
f 1583/1583/1050 1357/1357/898 1353/1353/894
f 1584/1584/1051 1585/1585/1052 1361/1361/902
f 1584/1584/1051 1361/1361/902 1357/1357/898
f 1585/1585/1052 1586/1586/1053 1365/1365/906
f 1585/1585/1052 1365/1365/906 1361/1361/902
f 1586/1586/1053 1587/1587/1054 1369/1369/910
f 1586/1586/1053 1369/1369/910 1365/1365/906
f 1587/1587/1054 1588/1588/1055 1162/1162/784
f 1587/1587/1054 1162/1162/784 1369/1369/910
f 1588/1588/1055 1589/1589/1056 1163/1163/785
f 1588/1588/1055 1163/1163/785 1162/1162/784
f 1589/1589/1056 1590/1590/1057 1317/1317/858
f 1589/1589/1056 1317/1317/858 1163/1163/785
f 1590/1590/1057 1591/1591/1058 1325/1325/866
f 1590/1590/1057 1325/1325/866 1317/1317/858
f 1591/1591/1058 1592/1592/1059 1333/1333/874
f 1591/1591/1058 1333/1333/874 1325/1325/866
f 1592/1592/1059 1593/1593/1060 1337/1337/878
f 1592/1592/1059 1337/1337/878 1333/1333/874
f 1593/1593/1060 1594/1594/1061 1341/1341/882
f 1593/1593/1060 1341/1341/882 1337/1337/878
f 1594/1594/1061 1595/1595/1062 1347/1347/888
f 1594/1594/1061 1347/1347/888 1341/1341/882
f 1595/1595/1062 1596/1596/1063 1351/1351/892
f 1595/1595/1062 1351/1351/892 1347/1347/888
f 1596/1596/1063 1597/1597/1064 1355/1355/896
f 1596/1596/1063 1355/1355/896 1351/1351/892
f 1597/1597/1064 1598/1598/1065 1359/1359/900
f 1597/1597/1064 1359/1359/900 1355/1355/896
f 1598/1598/1065 1599/1599/1066 1363/1363/904
f 1598/1598/1065 1363/1363/904 1359/1359/900
f 1599/1599/1066 1600/1600/1067 1367/1367/908
f 1599/1599/1066 1367/1367/908 1363/1363/904
f 1600/1600/1067 1601/1601/1068 1371/1371/912
f 1600/1600/1067 1371/1371/912 1367/1367/908
f 1601/1601/1068 1602/1602/1069 1313/1313/854
f 1601/1601/1068 1313/1313/854 1371/1371/912
f 1602/1602/1069 1603/1603/1070 1314/1314/855
f 1602/1602/1069 1314/1314/855 1313/1313/854
f 1603/1603/1070 1604/1604/1071 1323/1323/864
f 1603/1603/1070 1323/1323/864 1314/1314/855
f 1604/1604/1071 1605/1605/1072 1331/1331/872
f 1604/1604/1071 1331/1331/872 1323/1323/864
f 1605/1605/1072 1606/1606/1073 1319/1319/860
f 1605/1605/1072 1319/1319/860 1331/1331/872
f 1606/1606/1073 1575/1575/1042 1320/1320/861
f 1606/1606/1073 1320/1320/861 1319/1319/860
f 1607/1607/1074 1608/1608/1075 1576/1576/1043
f 1607/1607/1074 1576/1576/1043 1575/1575/1042
f 1608/1608/1075 1609/1609/1076 1577/1577/1044
f 1608/1608/1075 1577/1577/1044 1576/1576/1043
f 1609/1609/1076 1610/1610/1077 1578/1578/1045
f 1609/1609/1076 1578/1578/1045 1577/1577/1044
f 1610/1610/1077 1611/1611/1078 1579/1579/1046
f 1610/1610/1077 1579/1579/1046 1578/1578/1045
f 1611/1611/1078 1612/1612/1079 1580/1580/1047
f 1611/1611/1078 1580/1580/1047 1579/1579/1046
f 1612/1612/1079 1613/1613/1080 1581/1581/1048
f 1612/1612/1079 1581/1581/1048 1580/1580/1047
f 1613/1613/1080 1614/1614/1081 1582/1582/1049
f 1613/1613/1080 1582/1582/1049 1581/1581/1048
f 1614/1614/1081 1615/1615/1082 1583/1583/1050
f 1614/1614/1081 1583/1583/1050 1582/1582/1049
f 1615/1615/1082 1616/1616/1083 1584/1584/1051
f 1615/1615/1082 1584/1584/1051 1583/1583/1050
f 1616/1616/1083 1617/1617/1084 1585/1585/1052
f 1616/1616/1083 1585/1585/1052 1584/1584/1051
f 1617/1617/1084 1618/1618/1085 1586/1586/1053
f 1617/1617/1084 1586/1586/1053 1585/1585/1052
f 1618/1618/1085 1619/1619/1086 1587/1587/1054
f 1618/1618/1085 1587/1587/1054 1586/1586/1053
f 1619/1619/1086 1620/1620/1087 1588/1588/1055
f 1619/1619/1086 1588/1588/1055 1587/1587/1054
f 1620/1620/1087 1621/1621/1088 1589/1589/1056
f 1620/1620/1087 1589/1589/1056 1588/1588/1055
f 1621/1621/1088 1622/1622/1089 1590/1590/1057
f 1621/1621/1088 1590/1590/1057 1589/1589/1056
f 1622/1622/1089 1623/1623/1090 1591/1591/1058
f 1622/1622/1089 1591/1591/1058 1590/1590/1057
f 1623/1623/1090 1624/1624/1091 1592/1592/1059
f 1623/1623/1090 1592/1592/1059 1591/1591/1058
f 1624/1624/1091 1625/1625/1092 1593/1593/1060
f 1624/1624/1091 1593/1593/1060 1592/1592/1059
f 1625/1625/1092 1626/1626/1093 1594/1594/1061
f 1625/1625/1092 1594/1594/1061 1593/1593/1060
f 1626/1626/1093 1627/1627/1094 1595/1595/1062
f 1626/1626/1093 1595/1595/1062 1594/1594/1061
f 1627/1627/1094 1628/1628/1095 1596/1596/1063
f 1627/1627/1094 1596/1596/1063 1595/1595/1062
f 1628/1628/1095 1629/1629/1096 1597/1597/1064
f 1628/1628/1095 1597/1597/1064 1596/1596/1063
f 1629/1629/1096 1630/1630/1097 1598/1598/1065
f 1629/1629/1096 1598/1598/1065 1597/1597/1064
f 1630/1630/1097 1631/1631/1098 1599/1599/1066
f 1630/1630/1097 1599/1599/1066 1598/1598/1065
f 1631/1631/1098 1632/1632/1099 1600/1600/1067
f 1631/1631/1098 1600/1600/1067 1599/1599/1066
f 1632/1632/1099 1633/1633/1100 1601/1601/1068
f 1632/1632/1099 1601/1601/1068 1600/1600/1067
f 1633/1633/1100 1634/1634/1101 1602/1602/1069
f 1633/1633/1100 1602/1602/1069 1601/1601/1068
f 1634/1634/1101 1635/1635/1102 1603/1603/1070
f 1634/1634/1101 1603/1603/1070 1602/1602/1069
f 1635/1635/1102 1636/1636/1103 1604/1604/1071
f 1635/1635/1102 1604/1604/1071 1603/1603/1070
f 1636/1636/1103 1637/1637/1104 1605/1605/1072
f 1636/1636/1103 1605/1605/1072 1604/1604/1071
f 1637/1637/1104 1638/1638/1105 1606/1606/1073
f 1637/1637/1104 1606/1606/1073 1605/1605/1072
f 1638/1638/1105 1607/1607/1074 1575/1575/1042
f 1638/1638/1105 1575/1575/1042 1606/1606/1073
f 1011/1011/639 1007/1007/635 1639/1639/726
f 1011/1011/639 1639/1639/726 1640/1640/782
f 1013/1013/641 1009/1009/637 1641/1641/722
f 1013/1013/641 1641/1641/722 1642/1642/780
f 1017/1017/643 1016/1016/605 1643/1643/758
f 1017/1017/643 1643/1643/758 1644/1644/778
f 1019/1019/645 1011/1011/639 1640/1640/782
f 1019/1019/645 1640/1640/782 1645/1645/776
f 1021/1021/647 1013/1013/641 1642/1642/780
f 1021/1021/647 1642/1642/780 1646/1646/774
f 1023/1023/649 1017/1017/643 1644/1644/778
f 1023/1023/649 1644/1644/778 1647/1647/773
f 1025/1025/651 1019/1019/645 1645/1645/776
f 1025/1025/651 1645/1645/776 1648/1648/771
f 1027/1027/653 1021/1021/647 1646/1646/774
f 1027/1027/653 1646/1646/774 1649/1649/769
f 1029/1029/655 1023/1023/649 1647/1647/773
f 1029/1029/655 1647/1647/773 1650/1650/768
f 1031/1031/657 1025/1025/651 1648/1648/771
f 1031/1031/657 1648/1648/771 1651/1651/766
f 820/820/468 1033/1033/653 1652/1652/769
f 820/820/468 1652/1652/769 1653/1653/764
f 968/968/600 1029/1029/655 1650/1650/768
f 968/968/600 1650/1650/768 1654/1654/762
f 972/972/604 1031/1031/657 1651/1651/766
f 972/972/604 1651/1651/766 1655/1655/759
f 821/821/469 820/820/468 1653/1653/764
f 821/821/469 1653/1653/764 1656/1656/756
f 969/969/601 968/968/600 1654/1654/762
f 969/969/601 1654/1654/762 1657/1657/754
f 973/973/605 972/972/604 1655/1655/759
f 973/973/605 1655/1655/759 1658/1658/758
f 975/975/607 821/821/469 1656/1656/756
f 975/975/607 1656/1656/756 1659/1659/752
f 977/977/609 969/969/601 1657/1657/754
f 977/977/609 1657/1657/754 1660/1660/750
f 979/979/611 975/975/607 1659/1659/752
f 979/979/611 1659/1659/752 1661/1661/748
f 981/981/613 977/977/609 1660/1660/750
f 981/981/613 1660/1660/750 1662/1662/746
f 983/983/615 979/979/611 1661/1661/748
f 983/983/615 1661/1661/748 1663/1663/744
f 1664/1664/617 981/981/613 1662/1662/746
f 1664/1664/617 1662/1662/746 1665/1665/742
f 989/989/619 983/983/615 1663/1663/744
f 989/989/619 1663/1663/744 1666/1666/740
f 991/991/621 987/987/617 1667/1667/742
f 991/991/621 1667/1667/742 1668/1668/738
f 993/993/623 989/989/619 1666/1666/740
f 993/993/623 1666/1666/740 1669/1669/736
f 995/995/625 991/991/621 1668/1668/738
f 995/995/625 1668/1668/738 1670/1670/734
f 997/997/627 993/993/623 1669/1669/736
f 997/997/627 1669/1669/736 1671/1671/732
f 999/999/629 995/995/625 1670/1670/734
f 999/999/629 1670/1670/734 1672/1672/730
f 1001/1001/631 997/997/627 1671/1671/732
f 1001/1001/631 1671/1671/732 1673/1673/727
f 1003/1003/633 999/999/629 1672/1672/730
f 1003/1003/633 1672/1672/730 1674/1674/723
f 1007/1007/635 1006/1006/631 1675/1675/727
f 1007/1007/635 1675/1675/727 1639/1639/726
f 1009/1009/637 1003/1003/633 1674/1674/723
f 1009/1009/637 1674/1674/723 1641/1641/722
f 1676/1676/1106 1677/1677/1107 1678/1678/1108
f 1676/1676/1106 1678/1678/1108 1679/1679/1109
f 1680/1680/1110 1309/1309/850 1312/1312/853
f 1680/1680/1110 1312/1312/853 1681/1681/1111
f 1682/1682/1112 1676/1676/1106 1679/1679/1109
f 1682/1682/1112 1679/1679/1109 1683/1683/1113
f 1684/1684/1114 1685/1685/1115 1686/1686/1116
f 1684/1684/1114 1686/1686/1116 1687/1687/1117
f 1688/1688/1118 1680/1680/1110 1681/1681/1111
f 1688/1688/1118 1681/1681/1111 1689/1689/1119
f 1690/1690/1120 1682/1682/1112 1683/1683/1113
f 1690/1690/1120 1683/1683/1113 1691/1691/1121
f 1692/1692/1122 1684/1684/1114 1687/1687/1117
f 1692/1692/1122 1687/1687/1117 1693/1693/1123
f 1694/1694/1124 1688/1688/1118 1689/1689/1119
f 1694/1694/1124 1689/1689/1119 1695/1695/1125
f 1696/1696/1126 1690/1690/1120 1691/1691/1121
f 1696/1696/1126 1691/1691/1121 1697/1697/1127
f 1698/1698/1128 1692/1692/1122 1693/1693/1123
f 1698/1698/1128 1693/1693/1123 1699/1699/1129
f 1700/1700/1130 1694/1694/1124 1695/1695/1125
f 1700/1700/1130 1695/1695/1125 1701/1701/1131
f 1702/1702/1132 1703/1703/1126 1704/1704/1127
f 1702/1702/1132 1704/1704/1127 1705/1705/1133
f 1706/1706/1134 1698/1698/1128 1699/1699/1129
f 1706/1706/1134 1699/1699/1129 1707/1707/1135
f 1708/1708/1136 1700/1700/1130 1701/1701/1131
f 1708/1708/1136 1701/1701/1131 1709/1709/1137
f 1710/1710/1138 1702/1702/1132 1705/1705/1133
f 1710/1710/1138 1705/1705/1133 1711/1711/1139
f 1712/1712/1140 1706/1706/1134 1707/1707/1135
f 1712/1712/1140 1707/1707/1135 1713/1713/1141
f 1714/1714/1115 1708/1708/1136 1709/1709/1137
f 1714/1714/1115 1709/1709/1137 1715/1715/1116
f 1716/1716/1142 1710/1710/1138 1711/1711/1139
f 1716/1716/1142 1711/1711/1139 1717/1717/1143
f 1718/1718/1144 1712/1712/1140 1713/1713/1141
f 1718/1718/1144 1713/1713/1141 1719/1719/1145
f 1720/1720/1146 1716/1716/1142 1717/1717/1143
f 1720/1720/1146 1717/1717/1143 1721/1721/1147
f 1722/1722/1148 1718/1718/1144 1719/1719/1145
f 1722/1722/1148 1719/1719/1145 1723/1723/1149
f 1724/1724/1150 1720/1720/1146 1721/1721/1147
f 1724/1724/1150 1721/1721/1147 1725/1725/1151
f 1726/1726/1152 1722/1722/1148 1723/1723/1149
f 1726/1726/1152 1723/1723/1149 1727/1727/1153
f 1728/1728/1154 1724/1724/1150 1725/1725/1151
f 1728/1728/1154 1725/1725/1151 1729/1729/1155
f 1730/1730/1156 1731/1731/1152 1732/1732/1153
f 1730/1730/1156 1732/1732/1153 1733/1733/1157
f 1734/1734/1158 1728/1728/1154 1729/1729/1155
f 1734/1734/1158 1729/1729/1155 1735/1735/1159
f 1736/1736/1160 1730/1730/1156 1733/1733/1157
f 1736/1736/1160 1733/1733/1157 1737/1737/1161
f 1738/1738/1162 1734/1734/1158 1735/1735/1159
f 1738/1738/1162 1735/1735/1159 1739/1739/1163
f 1740/1740/1164 1736/1736/1160 1737/1737/1161
f 1740/1740/1164 1737/1737/1161 1741/1741/1165
f 1742/1742/851 1738/1738/1162 1739/1739/1163
f 1742/1742/851 1739/1739/1163 1743/1743/852
f 1677/1677/1107 1740/1740/1164 1741/1741/1165
f 1677/1677/1107 1741/1741/1165 1678/1678/1108
f 1744/1744/102 1745/1745/100 1746/1746/1166
f 1744/1744/102 1746/1746/1166 1747/1747/1167
f 1747/1747/1167 1746/1746/1166 1748/1748/1168
f 1747/1747/1167 1748/1748/1168 1749/1749/1169
f 1749/1749/1169 1748/1748/1168 1750/1750/1170
f 1749/1749/1169 1750/1750/1170 1751/1751/1171
f 1752/1752/102 1753/1753/100 1754/1754/1172
f 1752/1752/102 1754/1754/1172 1755/1755/1173
f 1755/1755/1173 1754/1754/1172 1740/1740/1164
f 1755/1755/1173 1740/1740/1164 1677/1677/1107
f 1756/1756/128 1757/1757/126 1758/1758/1174
f 1756/1756/128 1758/1758/1174 1759/1759/1175
f 1759/1759/1175 1758/1758/1174 1760/1760/1176
f 1759/1759/1175 1760/1760/1176 1761/1761/1177
f 1761/1761/1177 1760/1760/1176 1762/1762/1178
f 1761/1761/1177 1762/1762/1178 1763/1763/1179
f 1764/1764/128 1765/1765/126 1766/1766/1180
f 1764/1764/128 1766/1766/1180 1767/1767/1181
f 1767/1767/1181 1766/1766/1180 1738/1738/1162
f 1767/1767/1181 1738/1738/1162 1742/1742/851
f 1745/1745/100 1768/1768/98 1769/1769/1182
f 1745/1745/100 1769/1769/1182 1746/1746/1166
f 1746/1746/1166 1769/1769/1182 1770/1770/1183
f 1746/1746/1166 1770/1770/1183 1748/1748/1168
f 1748/1748/1168 1770/1770/1183 1771/1771/1184
f 1748/1748/1168 1771/1771/1184 1750/1750/1170
f 1753/1753/100 1772/1772/98 1773/1773/1185
f 1753/1753/100 1773/1773/1185 1754/1754/1172
f 1754/1754/1172 1773/1773/1185 1736/1736/1160
f 1754/1754/1172 1736/1736/1160 1740/1740/1164
f 1757/1757/126 1774/1774/124 1775/1775/1186
f 1757/1757/126 1775/1775/1186 1758/1758/1174
f 1758/1758/1174 1775/1775/1186 1776/1776/1187
f 1758/1758/1174 1776/1776/1187 1760/1760/1176
f 1760/1760/1176 1776/1776/1187 1777/1777/1188
f 1760/1760/1176 1777/1777/1188 1762/1762/1178
f 1765/1765/126 1778/1778/124 1779/1779/1189
f 1765/1765/126 1779/1779/1189 1766/1766/1180
f 1766/1766/1180 1779/1779/1189 1734/1734/1158
f 1766/1766/1180 1734/1734/1158 1738/1738/1162
f 1768/1768/98 1780/1780/96 1781/1781/1190
f 1768/1768/98 1781/1781/1190 1769/1769/1182
f 1769/1769/1182 1781/1781/1190 1782/1782/1191
f 1769/1769/1182 1782/1782/1191 1770/1770/1183
f 1770/1770/1183 1782/1782/1191 1783/1783/1192
f 1770/1770/1183 1783/1783/1192 1771/1771/1184
f 1772/1772/98 1784/1784/96 1785/1785/1193
f 1772/1772/98 1785/1785/1193 1773/1773/1185
f 1773/1773/1185 1785/1785/1193 1730/1730/1156
f 1773/1773/1185 1730/1730/1156 1736/1736/1160
f 1774/1774/124 1786/1786/122 1787/1787/1194
f 1774/1774/124 1787/1787/1194 1775/1775/1186
f 1775/1775/1186 1787/1787/1194 1788/1788/1195
f 1775/1775/1186 1788/1788/1195 1776/1776/1187
f 1776/1776/1187 1788/1788/1195 1789/1789/1196
f 1776/1776/1187 1789/1789/1196 1777/1777/1188
f 1778/1778/124 1790/1790/122 1791/1791/1197
f 1778/1778/124 1791/1791/1197 1779/1779/1189
f 1779/1779/1189 1791/1791/1197 1728/1728/1154
f 1779/1779/1189 1728/1728/1154 1734/1734/1158
f 1780/1780/96 1792/1792/94 1793/1793/1198
f 1780/1780/96 1793/1793/1198 1781/1781/1190
f 1781/1781/1190 1793/1793/1198 1794/1794/1199
f 1781/1781/1190 1794/1794/1199 1782/1782/1191
f 1782/1782/1191 1794/1794/1199 1795/1795/1200
f 1782/1782/1191 1795/1795/1200 1783/1783/1192
f 1784/1784/96 1796/1796/94 1797/1797/1201
f 1784/1784/96 1797/1797/1201 1785/1785/1193
f 1785/1785/1193 1797/1797/1201 1731/1731/1152
f 1785/1785/1193 1731/1731/1152 1730/1730/1156
f 1786/1786/122 1798/1798/120 1799/1799/1202
f 1786/1786/122 1799/1799/1202 1787/1787/1194
f 1787/1787/1194 1799/1799/1202 1800/1800/1203
f 1787/1787/1194 1800/1800/1203 1788/1788/1195
f 1788/1788/1195 1800/1800/1203 1801/1801/1204
f 1788/1788/1195 1801/1801/1204 1789/1789/1196
f 1790/1790/122 1802/1802/120 1803/1803/1205
f 1790/1790/122 1803/1803/1205 1791/1791/1197
f 1791/1791/1197 1803/1803/1205 1724/1724/1150
f 1791/1791/1197 1724/1724/1150 1728/1728/1154
f 1804/1804/94 1805/1805/92 1806/1806/1206
f 1804/1804/94 1806/1806/1206 1807/1807/1198
f 1793/1793/1198 1808/1808/1206 1809/1809/1207
f 1793/1793/1198 1809/1809/1207 1794/1794/1199
f 1810/1810/1199 1811/1811/1207 1812/1812/1208
f 1810/1810/1199 1812/1812/1208 1813/1813/1200
f 1796/1796/94 1814/1814/92 1815/1815/1209
f 1796/1796/94 1815/1815/1209 1797/1797/1201
f 1797/1797/1201 1815/1815/1209 1816/1816/1148
f 1797/1797/1201 1816/1816/1148 1731/1731/1152
f 1798/1798/120 1817/1817/118 1818/1818/1210
f 1798/1798/120 1818/1818/1210 1799/1799/1202
f 1799/1799/1202 1818/1818/1210 1819/1819/1211
f 1799/1799/1202 1819/1819/1211 1800/1800/1203
f 1800/1800/1203 1819/1819/1211 1820/1820/1212
f 1800/1800/1203 1820/1820/1212 1801/1801/1204
f 1802/1802/120 1821/1821/118 1822/1822/1213
f 1802/1802/120 1822/1822/1213 1803/1803/1205
f 1803/1803/1205 1822/1822/1213 1720/1720/1146
f 1803/1803/1205 1720/1720/1146 1724/1724/1150
f 1805/1805/92 1823/1823/90 1824/1824/1214
f 1805/1805/92 1824/1824/1214 1806/1806/1206
f 1806/1806/1206 1824/1824/1214 1825/1825/1215
f 1806/1806/1206 1825/1825/1215 1811/1811/1207
f 1811/1811/1207 1825/1825/1215 1826/1826/1216
f 1811/1811/1207 1826/1826/1216 1812/1812/1208
f 1827/1827/92 1828/1828/90 1829/1829/1217
f 1827/1827/92 1829/1829/1217 1830/1830/1209
f 1830/1830/1209 1829/1829/1217 1718/1718/1144
f 1830/1830/1209 1718/1718/1144 1722/1722/1148
f 1817/1817/118 1831/1831/116 1832/1832/1218
f 1817/1817/118 1832/1832/1218 1818/1818/1210
f 1818/1818/1210 1832/1832/1218 1833/1833/1219
f 1818/1818/1210 1833/1833/1219 1819/1819/1211
f 1819/1819/1211 1833/1833/1219 1834/1834/1220
f 1819/1819/1211 1834/1834/1220 1820/1820/1212
f 1821/1821/118 1835/1835/116 1836/1836/1221
f 1821/1821/118 1836/1836/1221 1822/1822/1213
f 1822/1822/1213 1836/1836/1221 1716/1716/1142
f 1822/1822/1213 1716/1716/1142 1720/1720/1146
f 1823/1823/90 1837/1837/88 1838/1838/1222
f 1823/1823/90 1838/1838/1222 1824/1824/1214
f 1824/1824/1214 1838/1838/1222 1839/1839/1223
f 1824/1824/1214 1839/1839/1223 1825/1825/1215
f 1825/1825/1215 1839/1839/1223 1840/1840/1224
f 1825/1825/1215 1840/1840/1224 1826/1826/1216
f 1828/1828/90 1841/1841/88 1842/1842/1225
f 1828/1828/90 1842/1842/1225 1829/1829/1217
f 1829/1829/1217 1842/1842/1225 1712/1712/1140
f 1829/1829/1217 1712/1712/1140 1718/1718/1144
f 1831/1831/116 1843/1843/114 1844/1844/1226
f 1831/1831/116 1844/1844/1226 1832/1832/1218
f 1832/1832/1218 1844/1844/1226 1845/1845/1227
f 1832/1832/1218 1845/1845/1227 1833/1833/1219
f 1833/1833/1219 1845/1845/1227 1846/1846/1228
f 1833/1833/1219 1846/1846/1228 1834/1834/1220
f 1835/1835/116 1847/1847/114 1848/1848/1229
f 1835/1835/116 1848/1848/1229 1836/1836/1221
f 1836/1836/1221 1848/1848/1229 1710/1710/1138
f 1836/1836/1221 1710/1710/1138 1716/1716/1142
f 1849/1849/80 1850/1850/77 1851/1851/1230
f 1849/1849/80 1851/1851/1230 1852/1852/1231
f 1852/1852/1231 1851/1851/1230 1853/1853/1232
f 1852/1852/1231 1853/1853/1232 1854/1854/1233
f 1854/1854/1233 1853/1853/1232 1855/1855/1234
f 1854/1854/1233 1855/1855/1234 1856/1856/1235
f 1857/1857/80 1858/1858/77 1859/1859/1236
f 1857/1857/80 1859/1859/1236 1860/1860/1237
f 1860/1860/1237 1859/1859/1236 1708/1708/1136
f 1860/1860/1237 1708/1708/1136 1714/1714/1115
f 1837/1837/88 1861/1861/86 1862/1862/1238
f 1837/1837/88 1862/1862/1238 1838/1838/1222
f 1838/1838/1222 1862/1862/1238 1863/1863/1239
f 1838/1838/1222 1863/1863/1239 1839/1839/1223
f 1839/1839/1223 1863/1863/1239 1864/1864/1240
f 1839/1839/1223 1864/1864/1240 1840/1840/1224
f 1841/1841/88 1865/1865/86 1866/1866/1241
f 1841/1841/88 1866/1866/1241 1842/1842/1225
f 1842/1842/1225 1866/1866/1241 1706/1706/1134
f 1842/1842/1225 1706/1706/1134 1712/1712/1140
f 1843/1843/114 1867/1867/112 1868/1868/1242
f 1843/1843/114 1868/1868/1242 1844/1844/1226
f 1844/1844/1226 1868/1868/1242 1869/1869/1243
f 1844/1844/1226 1869/1869/1243 1845/1845/1227
f 1845/1845/1227 1869/1869/1243 1870/1870/1244
f 1845/1845/1227 1870/1870/1244 1846/1846/1228
f 1847/1847/114 1871/1871/112 1872/1872/1245
f 1847/1847/114 1872/1872/1245 1848/1848/1229
f 1848/1848/1229 1872/1872/1245 1702/1702/1132
f 1848/1848/1229 1702/1702/1132 1710/1710/1138
f 1850/1850/77 1873/1873/138 1874/1874/1246
f 1850/1850/77 1874/1874/1246 1851/1851/1230
f 1851/1851/1230 1874/1874/1246 1875/1875/1247
f 1851/1851/1230 1875/1875/1247 1853/1853/1232
f 1853/1853/1232 1875/1875/1247 1876/1876/1248
f 1853/1853/1232 1876/1876/1248 1855/1855/1234
f 1858/1858/77 1877/1877/138 1878/1878/1249
f 1858/1858/77 1878/1878/1249 1859/1859/1236
f 1859/1859/1236 1878/1878/1249 1700/1700/1130
f 1859/1859/1236 1700/1700/1130 1708/1708/1136
f 1861/1861/86 1879/1879/84 1880/1880/1250
f 1861/1861/86 1880/1880/1250 1862/1862/1238
f 1862/1862/1238 1880/1880/1250 1881/1881/1251
f 1862/1862/1238 1881/1881/1251 1863/1863/1239
f 1863/1863/1239 1881/1881/1251 1882/1882/1252
f 1863/1863/1239 1882/1882/1252 1864/1864/1240
f 1865/1865/86 1883/1883/84 1884/1884/1253
f 1865/1865/86 1884/1884/1253 1866/1866/1241
f 1866/1866/1241 1884/1884/1253 1698/1698/1128
f 1866/1866/1241 1698/1698/1128 1706/1706/1134
f 1867/1867/112 1885/1885/110 1886/1886/1254
f 1867/1867/112 1886/1886/1254 1868/1868/1242
f 1868/1868/1242 1886/1886/1254 1887/1887/1255
f 1868/1868/1242 1887/1887/1255 1869/1869/1243
f 1869/1869/1243 1887/1887/1255 1888/1888/1256
f 1869/1869/1243 1888/1888/1256 1870/1870/1244
f 1871/1871/112 1889/1889/110 1890/1890/1257
f 1871/1871/112 1890/1890/1257 1872/1872/1245
f 1872/1872/1245 1890/1890/1257 1703/1703/1126
f 1872/1872/1245 1703/1703/1126 1702/1702/1132
f 1873/1873/138 1891/1891/136 1892/1892/1258
f 1873/1873/138 1892/1892/1258 1874/1874/1246
f 1874/1874/1246 1892/1892/1258 1893/1893/1259
f 1874/1874/1246 1893/1893/1259 1875/1875/1247
f 1875/1875/1247 1893/1893/1259 1894/1894/1260
f 1875/1875/1247 1894/1894/1260 1876/1876/1248
f 1877/1877/138 1895/1895/136 1896/1896/1261
f 1877/1877/138 1896/1896/1261 1878/1878/1249
f 1878/1878/1249 1896/1896/1261 1694/1694/1124
f 1878/1878/1249 1694/1694/1124 1700/1700/1130
f 1879/1879/84 1897/1897/81 1898/1898/1262
f 1879/1879/84 1898/1898/1262 1880/1880/1250
f 1880/1880/1250 1898/1898/1262 1899/1899/1263
f 1880/1880/1250 1899/1899/1263 1881/1881/1251
f 1881/1881/1251 1899/1899/1263 1900/1900/1264
f 1881/1881/1251 1900/1900/1264 1882/1882/1252
f 1883/1883/84 1901/1901/81 1902/1902/1265
f 1883/1883/84 1902/1902/1265 1884/1884/1253
f 1884/1884/1253 1902/1902/1265 1692/1692/1122
f 1884/1884/1253 1692/1692/1122 1698/1698/1128
f 1903/1903/110 1904/1904/108 1905/1905/1266
f 1903/1903/110 1905/1905/1266 1906/1906/1254
f 1906/1906/1254 1905/1905/1266 1907/1907/1267
f 1906/1906/1254 1907/1907/1267 1908/1908/1255
f 1908/1908/1255 1907/1907/1267 1909/1909/1268
f 1908/1908/1255 1909/1909/1268 1910/1910/1256
f 1911/1911/110 1912/1912/108 1913/1913/1269
f 1911/1911/110 1913/1913/1269 1914/1914/1257
f 1914/1914/1257 1913/1913/1269 1690/1690/1120
f 1914/1914/1257 1690/1690/1120 1696/1696/1126
f 1891/1891/136 1915/1915/134 1916/1916/1270
f 1891/1891/136 1916/1916/1270 1892/1892/1258
f 1892/1892/1258 1916/1916/1270 1917/1917/1271
f 1892/1892/1258 1917/1917/1271 1893/1893/1259
f 1893/1893/1259 1917/1917/1271 1918/1918/1272
f 1893/1893/1259 1918/1918/1272 1894/1894/1260
f 1895/1895/136 1919/1919/134 1920/1920/1273
f 1895/1895/136 1920/1920/1273 1896/1896/1261
f 1896/1896/1261 1920/1920/1273 1688/1688/1118
f 1896/1896/1261 1688/1688/1118 1694/1694/1124
f 1897/1897/81 1921/1921/140 1922/1922/1274
f 1897/1897/81 1922/1922/1274 1898/1898/1262
f 1898/1898/1262 1922/1922/1274 1923/1923/1275
f 1898/1898/1262 1923/1923/1275 1899/1899/1263
f 1899/1899/1263 1923/1923/1275 1924/1924/1276
f 1899/1899/1263 1924/1924/1276 1900/1900/1264
f 1901/1901/81 1925/1925/140 1926/1926/1277
f 1901/1901/81 1926/1926/1277 1902/1902/1265
f 1902/1902/1265 1926/1926/1277 1684/1684/1114
f 1902/1902/1265 1684/1684/1114 1692/1692/1122
f 1904/1904/108 1927/1927/106 1928/1928/1278
f 1904/1904/108 1928/1928/1278 1905/1905/1266
f 1905/1905/1266 1928/1928/1278 1929/1929/1279
f 1905/1905/1266 1929/1929/1279 1907/1907/1267
f 1907/1907/1267 1929/1929/1279 1930/1930/1280
f 1907/1907/1267 1930/1930/1280 1909/1909/1268
f 1912/1912/108 1931/1931/106 1932/1932/1281
f 1912/1912/108 1932/1932/1281 1913/1913/1269
f 1913/1913/1269 1932/1932/1281 1682/1682/1112
f 1913/1913/1269 1682/1682/1112 1690/1690/1120
f 1915/1915/134 1933/1933/132 1934/1934/1282
f 1915/1915/134 1934/1934/1282 1916/1916/1270
f 1916/1916/1270 1934/1934/1282 1935/1935/1283
f 1916/1916/1270 1935/1935/1283 1917/1917/1271
f 1917/1917/1271 1935/1935/1283 1936/1936/1284
f 1917/1917/1271 1936/1936/1284 1918/1918/1272
f 1919/1919/134 1937/1937/132 1938/1938/1285
f 1919/1919/134 1938/1938/1285 1920/1920/1273
f 1920/1920/1273 1938/1938/1285 1680/1680/1110
f 1920/1920/1273 1680/1680/1110 1688/1688/1118
f 1921/1921/140 1939/1939/80 1940/1940/1231
f 1921/1921/140 1940/1940/1231 1922/1922/1274
f 1922/1922/1274 1940/1940/1231 1941/1941/1233
f 1922/1922/1274 1941/1941/1233 1923/1923/1275
f 1923/1923/1275 1941/1941/1233 1942/1942/1235
f 1923/1923/1275 1942/1942/1235 1924/1924/1276
f 1925/1925/140 1943/1943/80 1944/1944/1237
f 1925/1925/140 1944/1944/1237 1926/1926/1277
f 1926/1926/1277 1944/1944/1237 1685/1685/1115
f 1926/1926/1277 1685/1685/1115 1684/1684/1114
f 1927/1927/106 1945/1945/104 1946/1946/1286
f 1927/1927/106 1946/1946/1286 1928/1928/1278
f 1928/1928/1278 1946/1946/1286 1947/1947/1287
f 1928/1928/1278 1947/1947/1287 1929/1929/1279
f 1929/1929/1279 1947/1947/1287 1948/1948/1288
f 1929/1929/1279 1948/1948/1288 1930/1930/1280
f 1931/1931/106 1949/1949/104 1950/1950/1289
f 1931/1931/106 1950/1950/1289 1932/1932/1281
f 1932/1932/1281 1950/1950/1289 1676/1676/1106
f 1932/1932/1281 1676/1676/1106 1682/1682/1112
f 1933/1933/132 1951/1951/130 1952/1952/1290
f 1933/1933/132 1952/1952/1290 1934/1934/1282
f 1934/1934/1282 1952/1952/1290 1953/1953/1291
f 1934/1934/1282 1953/1953/1291 1935/1935/1283
f 1935/1935/1283 1953/1953/1291 1954/1954/1292
f 1935/1935/1283 1954/1954/1292 1936/1936/1284
f 1937/1937/132 1955/1955/130 1956/1956/1293
f 1937/1937/132 1956/1956/1293 1938/1938/1285
f 1938/1938/1285 1956/1956/1293 1309/1309/850
f 1938/1938/1285 1309/1309/850 1680/1680/1110
f 1945/1945/104 1744/1744/102 1747/1747/1167
f 1945/1945/104 1747/1747/1167 1946/1946/1286
f 1946/1946/1286 1747/1747/1167 1749/1749/1169
f 1946/1946/1286 1749/1749/1169 1947/1947/1287
f 1947/1947/1287 1749/1749/1169 1751/1751/1171
f 1947/1947/1287 1751/1751/1171 1948/1948/1288
f 1949/1949/104 1752/1752/102 1755/1755/1173
f 1949/1949/104 1755/1755/1173 1950/1950/1289
f 1950/1950/1289 1755/1755/1173 1677/1677/1107
f 1950/1950/1289 1677/1677/1107 1676/1676/1106
f 1951/1951/130 1957/1957/128 1958/1958/1175
f 1951/1951/130 1958/1958/1175 1952/1952/1290
f 1952/1952/1290 1958/1958/1175 1959/1959/1177
f 1952/1952/1290 1959/1959/1177 1953/1953/1291
f 1953/1953/1291 1959/1959/1177 1960/1960/1179
f 1953/1953/1291 1960/1960/1179 1954/1954/1292
f 1955/1955/130 1961/1961/128 1962/1962/1181
f 1955/1955/130 1962/1962/1181 1956/1956/1293
f 1956/1956/1293 1962/1962/1181 1310/1310/851
f 1956/1956/1293 1310/1310/851 1309/1309/850
f 1954/1954/1292 1960/1960/1179 1961/1961/128
f 1954/1954/1292 1961/1961/128 1955/1955/130
f 1948/1948/1288 1751/1751/1171 1752/1752/102
f 1948/1948/1288 1752/1752/102 1949/1949/104
f 1936/1936/1284 1954/1954/1292 1955/1955/130
f 1936/1936/1284 1955/1955/130 1937/1937/132
f 1930/1930/1280 1948/1948/1288 1949/1949/104
f 1930/1930/1280 1949/1949/104 1931/1931/106
f 1924/1924/1276 1942/1942/1235 1943/1943/80
f 1924/1924/1276 1943/1943/80 1925/1925/140
f 1918/1918/1272 1936/1936/1284 1937/1937/132
f 1918/1918/1272 1937/1937/132 1919/1919/134
f 1909/1909/1268 1930/1930/1280 1931/1931/106
f 1909/1909/1268 1931/1931/106 1912/1912/108
f 1900/1900/1264 1924/1924/1276 1925/1925/140
f 1900/1900/1264 1925/1925/140 1901/1901/81
f 1894/1894/1260 1918/1918/1272 1919/1919/134
f 1894/1894/1260 1919/1919/134 1895/1895/136
f 1910/1910/1256 1909/1909/1268 1912/1912/108
f 1910/1910/1256 1912/1912/108 1911/1911/110
f 1882/1882/1252 1900/1900/1264 1901/1901/81
f 1882/1882/1252 1901/1901/81 1883/1883/84
f 1876/1876/1248 1894/1894/1260 1895/1895/136
f 1876/1876/1248 1895/1895/136 1877/1877/138
f 1870/1870/1244 1888/1888/1256 1889/1889/110
f 1870/1870/1244 1889/1889/110 1871/1871/112
f 1864/1864/1240 1882/1882/1252 1883/1883/84
f 1864/1864/1240 1883/1883/84 1865/1865/86
f 1855/1855/1234 1876/1876/1248 1877/1877/138
f 1855/1855/1234 1877/1877/138 1858/1858/77
f 1846/1846/1228 1870/1870/1244 1871/1871/112
f 1846/1846/1228 1871/1871/112 1847/1847/114
f 1840/1840/1224 1864/1864/1240 1865/1865/86
f 1840/1840/1224 1865/1865/86 1841/1841/88
f 1856/1856/1235 1855/1855/1234 1858/1858/77
f 1856/1856/1235 1858/1858/77 1857/1857/80
f 1834/1834/1220 1846/1846/1228 1847/1847/114
f 1834/1834/1220 1847/1847/114 1835/1835/116
f 1826/1826/1216 1840/1840/1224 1841/1841/88
f 1826/1826/1216 1841/1841/88 1828/1828/90
f 1820/1820/1212 1834/1834/1220 1835/1835/116
f 1820/1820/1212 1835/1835/116 1821/1821/118
f 1812/1812/1208 1826/1826/1216 1828/1828/90
f 1812/1812/1208 1828/1828/90 1827/1827/92
f 1801/1801/1204 1820/1820/1212 1821/1821/118
f 1801/1801/1204 1821/1821/118 1802/1802/120
f 1813/1813/1200 1812/1812/1208 1827/1827/92
f 1813/1813/1200 1827/1827/92 1963/1963/94
f 1789/1789/1196 1801/1801/1204 1802/1802/120
f 1789/1789/1196 1802/1802/120 1790/1790/122
f 1783/1783/1192 1795/1795/1200 1796/1796/94
f 1783/1783/1192 1796/1796/94 1784/1784/96
f 1777/1777/1188 1789/1789/1196 1790/1790/122
f 1777/1777/1188 1790/1790/122 1778/1778/124
f 1771/1771/1184 1783/1783/1192 1784/1784/96
f 1771/1771/1184 1784/1784/96 1772/1772/98
f 1762/1762/1178 1777/1777/1188 1778/1778/124
f 1762/1762/1178 1778/1778/124 1765/1765/126
f 1750/1750/1170 1771/1771/1184 1772/1772/98
f 1750/1750/1170 1772/1772/98 1753/1753/100
f 1763/1763/1179 1762/1762/1178 1765/1765/126
f 1763/1763/1179 1765/1765/126 1764/1764/128
f 1751/1751/1171 1750/1750/1170 1753/1753/100
f 1751/1751/1171 1753/1753/100 1752/1752/102
f 1964/1964/1294 1965/1965/1295 1966/1966/1296
f 1964/1964/1294 1966/1966/1296 1967/1967/1297
f 1968/1968/1159 1969/1969/1155 1970/1970/1298
f 1968/1968/1159 1970/1970/1298 1971/1971/1299
f 1972/1972/1300 1973/1973/1301 1974/1974/1302
f 1972/1972/1300 1974/1974/1302 1975/1975/1303
f 1976/1976/1161 1977/1977/1157 1978/1978/1304
f 1976/1976/1161 1978/1978/1304 1979/1979/1305
f 1980/1980/1163 1968/1968/1159 1971/1971/1299
f 1980/1980/1163 1971/1971/1299 1981/1981/1306
f 1982/1982/1165 1976/1976/1161 1979/1979/1305
f 1982/1982/1165 1979/1979/1305 1983/1983/1307
f 1984/1984/852 1980/1980/1163 1981/1981/1306
f 1984/1984/852 1981/1981/1306 1985/1985/1308
f 1986/1986/1108 1982/1982/1165 1983/1983/1307
f 1986/1986/1108 1983/1983/1307 1987/1987/1309
f 1988/1988/853 1984/1984/852 1985/1985/1308
f 1988/1988/853 1985/1985/1308 1989/1989/1310
f 1990/1990/1109 1986/1986/1108 1987/1987/1309
f 1990/1990/1109 1987/1987/1309 1991/1991/1311
f 1992/1992/1111 1988/1988/853 1989/1989/1310
f 1992/1992/1111 1989/1989/1310 1993/1993/1312
f 1994/1994/1113 1990/1990/1109 1991/1991/1311
f 1994/1994/1113 1991/1991/1311 1995/1995/1313
f 1996/1996/1117 1997/1997/1116 1998/1998/1314
f 1996/1996/1117 1998/1998/1314 1999/1999/1315
f 2000/2000/1119 1992/1992/1111 1993/1993/1312
f 2000/2000/1119 1993/1993/1312 2001/2001/1316
f 2002/2002/1121 1994/1994/1113 1995/1995/1313
f 2002/2002/1121 1995/1995/1313 2003/2003/1317
f 2004/2004/1123 1996/1996/1117 1999/1999/1315
f 2004/2004/1123 1999/1999/1315 2005/2005/1318
f 2006/2006/1125 2000/2000/1119 2001/2001/1316
f 2006/2006/1125 2001/2001/1316 2007/2007/1319
f 2008/2008/1127 2002/2002/1121 2003/2003/1317
f 2008/2008/1127 2003/2003/1317 2009/2009/1320
f 2010/2010/1129 2004/2004/1123 2005/2005/1318
f 2010/2010/1129 2005/2005/1318 2011/2011/1321
f 2012/2012/1131 2006/2006/1125 2007/2007/1319
f 2012/2012/1131 2007/2007/1319 2013/2013/1322
f 2014/2014/1133 2008/2008/1127 2009/2009/1320
f 2014/2014/1133 2009/2009/1320 2015/2015/1323
f 2016/2016/1135 2010/2010/1129 2011/2011/1321
f 2016/2016/1135 2011/2011/1321 2017/2017/1324
f 2018/2018/1137 2012/2012/1131 2013/2013/1322
f 2018/2018/1137 2013/2013/1322 2019/2019/1325
f 2020/2020/1139 2014/2014/1133 2015/2015/1323
f 2020/2020/1139 2015/2015/1323 2021/2021/1326
f 2022/2022/1141 2016/2016/1135 2017/2017/1324
f 2022/2022/1141 2017/2017/1324 2023/2023/1327
f 1997/1997/1116 2018/2018/1137 2019/2019/1325
f 1997/1997/1116 2019/2019/1325 1998/1998/1314
f 2024/2024/1143 2020/2020/1139 2021/2021/1326
f 2024/2024/1143 2021/2021/1326 2025/2025/1328
f 2026/2026/1145 2022/2022/1141 2023/2023/1327
f 2026/2026/1145 2023/2023/1327 2027/2027/1329
f 2028/2028/1147 2024/2024/1143 2025/2025/1328
f 2028/2028/1147 2025/2025/1328 2029/2029/1330
f 2030/2030/1149 2026/2026/1145 2027/2027/1329
f 2030/2030/1149 2027/2027/1329 2031/2031/1331
f 2032/2032/1151 2028/2028/1147 2029/2029/1330
f 2032/2032/1151 2029/2029/1330 2033/2033/1332
f 2034/2034/1153 2030/2030/1149 2031/2031/1331
f 2034/2034/1153 2031/2031/1331 2035/2035/1333
f 1969/1969/1155 2032/2032/1151 2033/2033/1332
f 1969/1969/1155 2033/2033/1332 1970/1970/1298
f 1977/1977/1157 2034/2034/1153 2035/2035/1333
f 1977/1977/1157 2035/2035/1333 1978/1978/1304
f 2036/2036/1334 1964/1964/1294 1967/1967/1297
f 2036/2036/1334 1967/1967/1297 2037/2037/1335
f 2038/2038/1336 2039/2039/1337 2040/2040/1338
f 2038/2038/1336 2040/2040/1338 2041/2041/1339
f 2039/2039/1337 2042/2042/1340 2043/2043/1341
f 2039/2039/1337 2043/2043/1341 2040/2040/1338
f 2042/2042/1340 2044/2044/1342 2045/2045/1343
f 2042/2042/1340 2045/2045/1343 2043/2043/1341
f 2044/2044/1342 2046/2046/1344 2047/2047/1345
f 2044/2044/1342 2047/2047/1345 2045/2045/1343
f 2046/2046/1344 2048/2048/1346 2049/2049/1347
f 2046/2046/1344 2049/2049/1347 2047/2047/1345
f 2048/2048/1346 2050/2050/1348 2051/2051/1349
f 2048/2048/1346 2051/2051/1349 2049/2049/1347
f 2050/2050/1348 2052/2052/1350 2053/2053/1351
f 2050/2050/1348 2053/2053/1351 2051/2051/1349
f 2052/2052/1350 2054/2054/1352 2055/2055/1353
f 2052/2052/1350 2055/2055/1353 2053/2053/1351
f 2054/2054/1352 2056/2056/1354 2057/2057/1355
f 2054/2054/1352 2057/2057/1355 2055/2055/1353
f 2056/2056/1354 2058/2058/1356 2059/2059/1357
f 2056/2056/1354 2059/2059/1357 2057/2057/1355
f 2058/2058/1356 2060/2060/1358 2061/2061/1359
f 2058/2058/1356 2061/2061/1359 2059/2059/1357
f 2060/2060/1358 2062/2062/1360 2063/2063/1361
f 2060/2060/1358 2063/2063/1361 2061/2061/1359
f 2062/2062/1360 2064/2064/1362 2065/2065/1363
f 2062/2062/1360 2065/2065/1363 2063/2063/1361
f 2064/2064/1362 2066/2066/1364 2067/2067/1365
f 2064/2064/1362 2067/2067/1365 2065/2065/1363
f 2066/2066/1364 2068/2068/1366 2069/2069/1367
f 2066/2066/1364 2069/2069/1367 2067/2067/1365
f 2068/2068/1366 2070/2070/1368 2071/2071/1369
f 2068/2068/1366 2071/2071/1369 2069/2069/1367
f 2070/2070/1368 2072/2072/1370 2073/2073/1371
f 2070/2070/1368 2073/2073/1371 2071/2071/1369
f 2072/2072/1370 2074/2074/1372 2075/2075/1373
f 2072/2072/1370 2075/2075/1373 2073/2073/1371
f 2074/2074/1372 2076/2076/1374 2077/2077/1375
f 2074/2074/1372 2077/2077/1375 2075/2075/1373
f 2076/2076/1374 2078/2078/1376 2079/2079/1377
f 2076/2076/1374 2079/2079/1377 2077/2077/1375
f 2078/2078/1376 2080/2080/1378 2081/2081/1379
f 2078/2078/1376 2081/2081/1379 2079/2079/1377
f 2080/2080/1378 2082/2082/1380 2083/2083/1381
f 2080/2080/1378 2083/2083/1381 2081/2081/1379
f 2082/2082/1380 2084/2084/1382 2085/2085/1383
f 2082/2082/1380 2085/2085/1383 2083/2083/1381
f 2084/2084/1382 2086/2086/1384 2087/2087/1385
f 2084/2084/1382 2087/2087/1385 2085/2085/1383
f 2086/2086/1384 2088/2088/1386 2089/2089/1387
f 2086/2086/1384 2089/2089/1387 2087/2087/1385
f 2088/2088/1386 2090/2090/1388 2091/2091/1389
f 2088/2088/1386 2091/2091/1389 2089/2089/1387
f 2090/2090/1388 2092/2092/1390 2093/2093/1391
f 2090/2090/1388 2093/2093/1391 2091/2091/1389
f 2092/2092/1390 2094/2094/1392 2095/2095/1393
f 2092/2092/1390 2095/2095/1393 2093/2093/1391
f 2094/2094/1392 2036/2036/1334 2037/2037/1335
f 2094/2094/1392 2037/2037/1335 2095/2095/1393
f 1965/1965/1295 2038/2038/1336 2041/2041/1339
f 1965/1965/1295 2041/2041/1339 1966/1966/1296
f 2096/2096/1394 2097/2097/1395 2098/2098/1396
f 2096/2096/1394 2098/2098/1396 2099/2099/1397
f 2099/2099/1397 2098/2098/1396 2100/2100/1398
f 2099/2099/1397 2100/2100/1398 2101/2101/1399
f 2102/2102/1399 2103/2103/1398 1999/1999/1315
f 2102/2102/1399 1999/1999/1315 1998/1998/1314
f 2097/2097/1395 2104/2104/1400 2105/2105/1401
f 2097/2097/1395 2105/2105/1401 2098/2098/1396
f 2098/2098/1396 2105/2105/1401 2106/2106/1402
f 2098/2098/1396 2106/2106/1402 2100/2100/1398
f 2103/2103/1398 2107/2107/1402 2005/2005/1318
f 2103/2103/1398 2005/2005/1318 1999/1999/1315
f 2104/2104/1400 2108/2108/1403 2109/2109/1404
f 2104/2104/1400 2109/2109/1404 2105/2105/1401
f 2105/2105/1401 2109/2109/1404 2110/2110/1405
f 2105/2105/1401 2110/2110/1405 2106/2106/1402
f 2107/2107/1402 2111/2111/1405 2011/2011/1321
f 2107/2107/1402 2011/2011/1321 2005/2005/1318
f 2108/2108/1403 2112/2112/1406 2113/2113/1407
f 2108/2108/1403 2113/2113/1407 2109/2109/1404
f 2109/2109/1404 2113/2113/1407 2114/2114/1408
f 2109/2109/1404 2114/2114/1408 2110/2110/1405
f 2111/2111/1405 2115/2115/1408 2017/2017/1324
f 2111/2111/1405 2017/2017/1324 2011/2011/1321
f 2112/2112/1406 2116/2116/1409 2117/2117/1410
f 2112/2112/1406 2117/2117/1410 2113/2113/1407
f 2113/2113/1407 2117/2117/1410 2118/2118/1411
f 2113/2113/1407 2118/2118/1411 2114/2114/1408
f 2115/2115/1408 2119/2119/1411 2023/2023/1327
f 2115/2115/1408 2023/2023/1327 2017/2017/1324
f 2116/2116/1409 2120/2120/1412 2121/2121/1413
f 2116/2116/1409 2121/2121/1413 2117/2117/1410
f 2117/2117/1410 2121/2121/1413 2122/2122/1414
f 2117/2117/1410 2122/2122/1414 2118/2118/1411
f 2119/2119/1411 2123/2123/1414 2027/2027/1329
f 2119/2119/1411 2027/2027/1329 2023/2023/1327
f 2120/2120/1412 2124/2124/1415 2125/2125/1416
f 2120/2120/1412 2125/2125/1416 2121/2121/1413
f 2121/2121/1413 2125/2125/1416 2126/2126/1417
f 2121/2121/1413 2126/2126/1417 2122/2122/1414
f 2123/2123/1414 2127/2127/1417 2031/2031/1331
f 2123/2123/1414 2031/2031/1331 2027/2027/1329
f 2124/2124/1415 2128/2128/1418 2129/2129/1419
f 2124/2124/1415 2129/2129/1419 2125/2125/1416
f 2125/2125/1416 2129/2129/1419 2130/2130/1420
f 2125/2125/1416 2130/2130/1420 2126/2126/1417
f 2127/2127/1417 2131/2131/1420 2035/2035/1333
f 2127/2127/1417 2035/2035/1333 2031/2031/1331
f 2132/2132/1418 2133/2133/1421 2134/2134/1422
f 2132/2132/1418 2134/2134/1422 2135/2135/1419
f 2135/2135/1419 2134/2134/1422 2136/2136/1423
f 2135/2135/1419 2136/2136/1423 2137/2137/1420
f 2131/2131/1420 2138/2138/1423 1978/1978/1304
f 2131/2131/1420 1978/1978/1304 2035/2035/1333
f 2133/2133/1421 2139/2139/1424 2140/2140/1425
f 2133/2133/1421 2140/2140/1425 2134/2134/1422
f 2134/2134/1422 2140/2140/1425 2141/2141/1426
f 2134/2134/1422 2141/2141/1426 2136/2136/1423
f 2138/2138/1423 2142/2142/1426 1979/1979/1305
f 2138/2138/1423 1979/1979/1305 1978/1978/1304
f 2139/2139/1424 2143/2143/1427 2144/2144/1428
f 2139/2139/1424 2144/2144/1428 2140/2140/1425
f 2140/2140/1425 2144/2144/1428 2145/2145/1429
f 2140/2140/1425 2145/2145/1429 2141/2141/1426
f 2142/2142/1426 2146/2146/1429 1983/1983/1307
f 2142/2142/1426 1983/1983/1307 1979/1979/1305
f 2143/2143/1427 2147/2147/1430 2148/2148/1431
f 2143/2143/1427 2148/2148/1431 2144/2144/1428
f 2144/2144/1428 2148/2148/1431 2149/2149/1432
f 2144/2144/1428 2149/2149/1432 2145/2145/1429
f 2146/2146/1429 2150/2150/1432 1987/1987/1309
f 2146/2146/1429 1987/1987/1309 1983/1983/1307
f 2147/2147/1430 2151/2151/1433 2152/2152/1434
f 2147/2147/1430 2152/2152/1434 2148/2148/1431
f 2148/2148/1431 2152/2152/1434 2153/2153/1435
f 2148/2148/1431 2153/2153/1435 2149/2149/1432
f 2150/2150/1432 2154/2154/1435 1991/1991/1311
f 2150/2150/1432 1991/1991/1311 1987/1987/1309
f 2151/2151/1433 2155/2155/1436 2156/2156/1437
f 2151/2151/1433 2156/2156/1437 2152/2152/1434
f 2152/2152/1434 2156/2156/1437 2157/2157/1438
f 2152/2152/1434 2157/2157/1438 2153/2153/1435
f 2154/2154/1435 2158/2158/1438 1995/1995/1313
f 2154/2154/1435 1995/1995/1313 1991/1991/1311
f 2155/2155/1436 2159/2159/1439 2160/2160/1440
f 2155/2155/1436 2160/2160/1440 2156/2156/1437
f 2156/2156/1437 2160/2160/1440 2161/2161/1441
f 2156/2156/1437 2161/2161/1441 2157/2157/1438
f 2158/2158/1438 2162/2162/1441 2003/2003/1317
f 2158/2158/1438 2003/2003/1317 1995/1995/1313
f 2159/2159/1439 2163/2163/1442 2164/2164/1443
f 2159/2159/1439 2164/2164/1443 2160/2160/1440
f 2165/2165/1440 2166/2166/1443 2167/2167/1444
f 2165/2165/1440 2167/2167/1444 2162/2162/1441
f 2162/2162/1441 2167/2167/1444 2009/2009/1320
f 2162/2162/1441 2009/2009/1320 2003/2003/1317
f 2168/2168/1442 2169/2169/1445 2170/2170/1446
f 2168/2168/1442 2170/2170/1446 2171/2171/1443
f 2166/2166/1443 2172/2172/1446 2173/2173/1447
f 2166/2166/1443 2173/2173/1447 2167/2167/1444
f 2167/2167/1444 2173/2173/1447 2015/2015/1323
f 2167/2167/1444 2015/2015/1323 2009/2009/1320
f 2169/2169/1445 2174/2174/1448 2175/2175/1449
f 2169/2169/1445 2175/2175/1449 2170/2170/1446
f 2170/2170/1446 2175/2175/1449 2176/2176/1450
f 2170/2170/1446 2176/2176/1450 2177/2177/1447
f 2173/2173/1447 2178/2178/1450 2021/2021/1326
f 2173/2173/1447 2021/2021/1326 2015/2015/1323
f 2174/2174/1448 2179/2179/1451 2180/2180/1452
f 2174/2174/1448 2180/2180/1452 2175/2175/1449
f 2175/2175/1449 2180/2180/1452 2181/2181/1453
f 2175/2175/1449 2181/2181/1453 2176/2176/1450
f 2178/2178/1450 2182/2182/1453 2025/2025/1328
f 2178/2178/1450 2025/2025/1328 2021/2021/1326
f 2179/2179/1451 2183/2183/1454 2184/2184/1455
f 2179/2179/1451 2184/2184/1455 2180/2180/1452
f 2180/2180/1452 2184/2184/1455 2185/2185/1456
f 2180/2180/1452 2185/2185/1456 2181/2181/1453
f 2182/2182/1453 2186/2186/1456 2029/2029/1330
f 2182/2182/1453 2029/2029/1330 2025/2025/1328
f 2183/2183/1454 2187/2187/1457 2188/2188/1458
f 2183/2183/1454 2188/2188/1458 2184/2184/1455
f 2184/2184/1455 2188/2188/1458 2189/2189/1459
f 2184/2184/1455 2189/2189/1459 2185/2185/1456
f 2186/2186/1456 2190/2190/1459 2033/2033/1332
f 2186/2186/1456 2033/2033/1332 2029/2029/1330
f 2187/2187/1457 2191/2191/1460 2192/2192/1461
f 2187/2187/1457 2192/2192/1461 2188/2188/1458
f 2188/2188/1458 2192/2192/1461 2193/2193/1462
f 2188/2188/1458 2193/2193/1462 2189/2189/1459
f 2190/2190/1459 2194/2194/1462 1970/1970/1298
f 2190/2190/1459 1970/1970/1298 2033/2033/1332
f 2191/2191/1460 2195/2195/1463 2196/2196/1464
f 2191/2191/1460 2196/2196/1464 2192/2192/1461
f 2192/2192/1461 2196/2196/1464 2197/2197/1465
f 2192/2192/1461 2197/2197/1465 2193/2193/1462
f 2194/2194/1462 2198/2198/1465 1971/1971/1299
f 2194/2194/1462 1971/1971/1299 1970/1970/1298
f 2195/2195/1463 2199/2199/1466 2200/2200/1467
f 2195/2195/1463 2200/2200/1467 2196/2196/1464
f 2196/2196/1464 2200/2200/1467 2201/2201/1468
f 2196/2196/1464 2201/2201/1468 2197/2197/1465
f 2198/2198/1465 2202/2202/1468 1981/1981/1306
f 2198/2198/1465 1981/1981/1306 1971/1971/1299
f 2199/2199/1466 2203/2203/1469 2204/2204/1470
f 2199/2199/1466 2204/2204/1470 2200/2200/1467
f 2205/2205/1467 2206/2206/1470 2207/2207/1471
f 2205/2205/1467 2207/2207/1471 2202/2202/1468
f 2202/2202/1468 2207/2207/1471 1985/1985/1308
f 2202/2202/1468 1985/1985/1308 1981/1981/1306
f 2208/2208/1469 2209/2209/1472 2210/2210/1473
f 2208/2208/1469 2210/2210/1473 2211/2211/1470
f 2211/2211/1470 2210/2210/1473 2212/2212/1474
f 2211/2211/1470 2212/2212/1474 2213/2213/1471
f 2207/2207/1471 2214/2214/1474 1989/1989/1310
f 2207/2207/1471 1989/1989/1310 1985/1985/1308
f 2209/2209/1472 2215/2215/1475 2216/2216/1476
f 2209/2209/1472 2216/2216/1476 2210/2210/1473
f 2210/2210/1473 2216/2216/1476 2217/2217/1477
f 2210/2210/1473 2217/2217/1477 2212/2212/1474
f 2214/2214/1474 2218/2218/1477 1993/1993/1312
f 2214/2214/1474 1993/1993/1312 1989/1989/1310
f 2215/2215/1475 2219/2219/1478 2220/2220/1479
f 2215/2215/1475 2220/2220/1479 2216/2216/1476
f 2216/2216/1476 2220/2220/1479 2221/2221/1480
f 2216/2216/1476 2221/2221/1480 2217/2217/1477
f 2218/2218/1477 2222/2222/1480 2001/2001/1316
f 2218/2218/1477 2001/2001/1316 1993/1993/1312
f 2219/2219/1478 2223/2223/1481 2224/2224/1482
f 2219/2219/1478 2224/2224/1482 2220/2220/1479
f 2220/2220/1479 2224/2224/1482 2225/2225/1483
f 2220/2220/1479 2225/2225/1483 2221/2221/1480
f 2222/2222/1480 2226/2226/1483 2007/2007/1319
f 2222/2222/1480 2007/2007/1319 2001/2001/1316
f 2223/2223/1481 2227/2227/1484 2228/2228/1485
f 2223/2223/1481 2228/2228/1485 2224/2224/1482
f 2224/2224/1482 2228/2228/1485 2229/2229/1486
f 2224/2224/1482 2229/2229/1486 2225/2225/1483
f 2226/2226/1483 2230/2230/1486 2013/2013/1322
f 2226/2226/1483 2013/2013/1322 2007/2007/1319
f 2227/2227/1484 2231/2231/1487 2232/2232/1488
f 2227/2227/1484 2232/2232/1488 2228/2228/1485
f 2228/2228/1485 2232/2232/1488 2233/2233/1489
f 2228/2228/1485 2233/2233/1489 2229/2229/1486
f 2230/2230/1486 2234/2234/1489 2019/2019/1325
f 2230/2230/1486 2019/2019/1325 2013/2013/1322
f 2231/2231/1487 2235/2235/1394 2236/2236/1397
f 2231/2231/1487 2236/2236/1397 2232/2232/1488
f 2232/2232/1488 2236/2236/1397 2237/2237/1399
f 2232/2232/1488 2237/2237/1399 2233/2233/1489
f 2234/2234/1489 2102/2102/1399 1998/1998/1314
f 2234/2234/1489 1998/1998/1314 2019/2019/1325
f 1967/1967/1297 1966/1966/1296 2238/2238/1490
f 1967/1967/1297 2238/2238/1490 2239/2239/1491
f 2239/2239/1491 2238/2238/1490 2240/2240/1492
f 2239/2239/1491 2240/2240/1492 2241/2241/1493
f 2242/2242/1493 2243/2243/1492 2244/2244/1494
f 2242/2242/1493 2244/2244/1494 2245/2245/1495
f 1966/1966/1296 2041/2041/1339 2246/2246/1496
f 1966/1966/1296 2246/2246/1496 2238/2238/1490
f 2238/2238/1490 2246/2246/1496 2247/2247/1497
f 2238/2238/1490 2247/2247/1497 2240/2240/1492
f 2243/2243/1492 2248/2248/1497 2249/2249/1498
f 2243/2243/1492 2249/2249/1498 2244/2244/1494
f 2041/2041/1339 2040/2040/1338 2250/2250/1499
f 2041/2041/1339 2250/2250/1499 2246/2246/1496
f 2246/2246/1496 2250/2250/1499 2251/2251/1500
f 2246/2246/1496 2251/2251/1500 2247/2247/1497
f 2248/2248/1497 2252/2252/1500 2253/2253/1501
f 2248/2248/1497 2253/2253/1501 2249/2249/1498
f 2040/2040/1338 2043/2043/1341 2254/2254/1502
f 2040/2040/1338 2254/2254/1502 2250/2250/1499
f 2250/2250/1499 2254/2254/1502 2255/2255/1503
f 2250/2250/1499 2255/2255/1503 2251/2251/1500
f 2252/2252/1500 2256/2256/1503 2257/2257/1504
f 2252/2252/1500 2257/2257/1504 2253/2253/1501
f 2043/2043/1341 2045/2045/1343 2258/2258/1505
f 2043/2043/1341 2258/2258/1505 2254/2254/1502
f 2254/2254/1502 2258/2258/1505 2259/2259/1506
f 2254/2254/1502 2259/2259/1506 2255/2255/1503
f 2256/2256/1503 2260/2260/1506 2261/2261/1507
f 2256/2256/1503 2261/2261/1507 2257/2257/1504
f 2045/2045/1343 2047/2047/1345 2262/2262/1508
f 2045/2045/1343 2262/2262/1508 2258/2258/1505
f 2258/2258/1505 2262/2262/1508 2263/2263/1509
f 2258/2258/1505 2263/2263/1509 2259/2259/1506
f 2260/2260/1506 2264/2264/1509 2265/2265/1510
f 2260/2260/1506 2265/2265/1510 2261/2261/1507
f 2047/2047/1345 2049/2049/1347 2266/2266/1511
f 2047/2047/1345 2266/2266/1511 2262/2262/1508
f 2262/2262/1508 2266/2266/1511 2267/2267/1512
f 2262/2262/1508 2267/2267/1512 2263/2263/1509
f 2264/2264/1509 2268/2268/1512 2269/2269/1513
f 2264/2264/1509 2269/2269/1513 2265/2265/1510
f 2049/2049/1347 2051/2051/1349 2270/2270/1514
f 2049/2049/1347 2270/2270/1514 2266/2266/1511
f 2266/2266/1511 2270/2270/1514 2271/2271/1515
f 2266/2266/1511 2271/2271/1515 2267/2267/1512
f 2272/2272/1512 2273/2273/1515 2274/2274/1516
f 2272/2272/1512 2274/2274/1516 2275/2275/1513
f 2051/2051/1349 2053/2053/1351 2276/2276/1517
f 2051/2051/1349 2276/2276/1517 2270/2270/1514
f 2270/2270/1514 2276/2276/1517 2277/2277/1518
f 2270/2270/1514 2277/2277/1518 2271/2271/1515
f 2273/2273/1515 2278/2278/1518 2279/2279/1519
f 2273/2273/1515 2279/2279/1519 2274/2274/1516
f 2053/2053/1351 2055/2055/1353 2280/2280/1520
f 2053/2053/1351 2280/2280/1520 2276/2276/1517
f 2276/2276/1517 2280/2280/1520 2281/2281/1521
f 2276/2276/1517 2281/2281/1521 2277/2277/1518
f 2278/2278/1518 2282/2282/1521 2283/2283/1522
f 2278/2278/1518 2283/2283/1522 2279/2279/1519
f 2055/2055/1353 2057/2057/1355 2284/2284/1523
f 2055/2055/1353 2284/2284/1523 2280/2280/1520
f 2285/2285/1520 2286/2286/1523 2287/2287/1524
f 2285/2285/1520 2287/2287/1524 2282/2282/1521
f 2282/2282/1521 2287/2287/1524 2288/2288/1525
f 2282/2282/1521 2288/2288/1525 2283/2283/1522
f 2057/2057/1355 2059/2059/1357 2289/2289/1526
f 2057/2057/1355 2289/2289/1526 2284/2284/1523
f 2286/2286/1523 2290/2290/1526 2291/2291/1527
f 2286/2286/1523 2291/2291/1527 2287/2287/1524
f 2287/2287/1524 2291/2291/1527 2292/2292/1528
f 2287/2287/1524 2292/2292/1528 2288/2288/1525
f 2059/2059/1357 2061/2061/1359 2293/2293/1529
f 2059/2059/1357 2293/2293/1529 2289/2289/1526
f 2290/2290/1526 2294/2294/1529 2295/2295/1530
f 2290/2290/1526 2295/2295/1530 2291/2291/1527
f 2291/2291/1527 2295/2295/1530 2296/2296/1531
f 2291/2291/1527 2296/2296/1531 2292/2292/1528
f 2061/2061/1359 2063/2063/1361 2297/2297/1532
f 2061/2061/1359 2297/2297/1532 2293/2293/1529
f 2293/2293/1529 2297/2297/1532 2298/2298/1533
f 2293/2293/1529 2298/2298/1533 2299/2299/1530
f 2295/2295/1530 2300/2300/1533 2301/2301/1534
f 2295/2295/1530 2301/2301/1534 2296/2296/1531
f 2063/2063/1361 2065/2065/1363 2302/2302/1535
f 2063/2063/1361 2302/2302/1535 2297/2297/1532
f 2297/2297/1532 2302/2302/1535 2303/2303/1536
f 2297/2297/1532 2303/2303/1536 2298/2298/1533
f 2300/2300/1533 2304/2304/1536 2305/2305/1537
f 2300/2300/1533 2305/2305/1537 2301/2301/1534
f 2065/2065/1363 2067/2067/1365 2306/2306/1538
f 2065/2065/1363 2306/2306/1538 2302/2302/1535
f 2302/2302/1535 2306/2306/1538 2307/2307/1539
f 2302/2302/1535 2307/2307/1539 2303/2303/1536
f 2304/2304/1536 2308/2308/1539 2309/2309/1540
f 2304/2304/1536 2309/2309/1540 2305/2305/1537
f 2067/2067/1365 2069/2069/1367 2310/2310/1541
f 2067/2067/1365 2310/2310/1541 2306/2306/1538
f 2306/2306/1538 2310/2310/1541 2311/2311/1542
f 2306/2306/1538 2311/2311/1542 2307/2307/1539
f 2312/2312/1539 2313/2313/1542 2314/2314/1543
f 2312/2312/1539 2314/2314/1543 2315/2315/1540
f 2069/2069/1367 2071/2071/1369 2316/2316/1544
f 2069/2069/1367 2316/2316/1544 2310/2310/1541
f 2310/2310/1541 2316/2316/1544 2317/2317/1545
f 2310/2310/1541 2317/2317/1545 2311/2311/1542
f 2313/2313/1542 2318/2318/1545 2319/2319/1546
f 2313/2313/1542 2319/2319/1546 2314/2314/1543
f 2071/2071/1369 2073/2073/1371 2320/2320/1547
f 2071/2071/1369 2320/2320/1547 2316/2316/1544
f 2316/2316/1544 2320/2320/1547 2321/2321/1548
f 2316/2316/1544 2321/2321/1548 2317/2317/1545
f 2318/2318/1545 2322/2322/1548 2323/2323/1549
f 2318/2318/1545 2323/2323/1549 2319/2319/1546
f 2073/2073/1371 2075/2075/1373 2324/2324/1550
f 2073/2073/1371 2324/2324/1550 2320/2320/1547
f 2325/2325/1547 2326/2326/1550 2327/2327/1551
f 2325/2325/1547 2327/2327/1551 2322/2322/1548
f 2322/2322/1548 2327/2327/1551 2328/2328/1552
f 2322/2322/1548 2328/2328/1552 2323/2323/1549
f 2075/2075/1373 2077/2077/1375 2329/2329/1553
f 2075/2075/1373 2329/2329/1553 2324/2324/1550
f 2326/2326/1550 2330/2330/1553 2331/2331/1554
f 2326/2326/1550 2331/2331/1554 2327/2327/1551
f 2327/2327/1551 2331/2331/1554 2332/2332/1555
f 2327/2327/1551 2332/2332/1555 2328/2328/1552
f 2077/2077/1375 2079/2079/1377 2333/2333/1556
f 2077/2077/1375 2333/2333/1556 2329/2329/1553
f 2330/2330/1553 2334/2334/1556 2335/2335/1557
f 2330/2330/1553 2335/2335/1557 2331/2331/1554
f 2331/2331/1554 2335/2335/1557 2336/2336/1558
f 2331/2331/1554 2336/2336/1558 2332/2332/1555
f 2079/2079/1377 2081/2081/1379 2337/2337/1559
f 2079/2079/1377 2337/2337/1559 2333/2333/1556
f 2333/2333/1556 2337/2337/1559 2338/2338/1560
f 2333/2333/1556 2338/2338/1560 2339/2339/1557
f 2335/2335/1557 2340/2340/1560 2341/2341/1561
f 2335/2335/1557 2341/2341/1561 2336/2336/1558
f 2081/2081/1379 2083/2083/1381 2342/2342/1562
f 2081/2081/1379 2342/2342/1562 2337/2337/1559
f 2337/2337/1559 2342/2342/1562 2343/2343/1563
f 2337/2337/1559 2343/2343/1563 2338/2338/1560
f 2340/2340/1560 2344/2344/1563 2345/2345/1564
f 2340/2340/1560 2345/2345/1564 2341/2341/1561
f 2083/2083/1381 2085/2085/1383 2346/2346/1565
f 2083/2083/1381 2346/2346/1565 2342/2342/1562
f 2342/2342/1562 2346/2346/1565 2347/2347/1566
f 2342/2342/1562 2347/2347/1566 2343/2343/1563
f 2344/2344/1563 2348/2348/1566 2349/2349/1567
f 2344/2344/1563 2349/2349/1567 2345/2345/1564
f 2085/2085/1383 2087/2087/1385 2350/2350/1568
f 2085/2085/1383 2350/2350/1568 2346/2346/1565
f 2346/2346/1565 2350/2350/1568 2351/2351/1569
f 2346/2346/1565 2351/2351/1569 2347/2347/1566
f 2352/2352/1566 2353/2353/1569 2354/2354/1570
f 2352/2352/1566 2354/2354/1570 2355/2355/1567
f 2087/2087/1385 2089/2089/1387 2356/2356/1571
f 2087/2087/1385 2356/2356/1571 2350/2350/1568
f 2350/2350/1568 2356/2356/1571 2357/2357/1572
f 2350/2350/1568 2357/2357/1572 2351/2351/1569
f 2353/2353/1569 2358/2358/1572 2359/2359/1573
f 2353/2353/1569 2359/2359/1573 2354/2354/1570
f 2089/2089/1387 2091/2091/1389 2360/2360/1574
f 2089/2089/1387 2360/2360/1574 2356/2356/1571
f 2361/2361/1571 2362/2362/1574 2363/2363/1575
f 2361/2361/1571 2363/2363/1575 2358/2358/1572
f 2358/2358/1572 2363/2363/1575 2364/2364/1576
f 2358/2358/1572 2364/2364/1576 2359/2359/1573
f 2091/2091/1389 2093/2093/1391 2365/2365/1577
f 2091/2091/1389 2365/2365/1577 2360/2360/1574
f 2362/2362/1574 2366/2366/1577 2367/2367/1578
f 2362/2362/1574 2367/2367/1578 2363/2363/1575
f 2363/2363/1575 2367/2367/1578 2368/2368/1579
f 2363/2363/1575 2368/2368/1579 2364/2364/1576
f 2093/2093/1391 2095/2095/1393 2369/2369/1580
f 2093/2093/1391 2369/2369/1580 2365/2365/1577
f 2366/2366/1577 2370/2370/1580 2371/2371/1581
f 2366/2366/1577 2371/2371/1581 2367/2367/1578
f 2367/2367/1578 2371/2371/1581 2372/2372/1582
f 2367/2367/1578 2372/2372/1582 2368/2368/1579
f 2095/2095/1393 2037/2037/1335 2373/2373/1583
f 2095/2095/1393 2373/2373/1583 2369/2369/1580
f 2369/2369/1580 2373/2373/1583 2374/2374/1584
f 2369/2369/1580 2374/2374/1584 2375/2375/1581
f 2371/2371/1581 2376/2376/1584 2377/2377/1585
f 2371/2371/1581 2377/2377/1585 2372/2372/1582
f 2037/2037/1335 1967/1967/1297 2239/2239/1491
f 2037/2037/1335 2239/2239/1491 2373/2373/1583
f 2373/2373/1583 2239/2239/1491 2241/2241/1493
f 2373/2373/1583 2241/2241/1493 2374/2374/1584
f 2376/2376/1584 2378/2378/1493 2379/2379/1495
f 2376/2376/1584 2379/2379/1495 2377/2377/1585
f 2380/2380/1586 2381/2381/1587 1965/1965/1295
f 2380/2380/1586 1965/1965/1295 1964/1964/1294
f 2381/2381/1587 2382/2382/1588 2038/2038/1336
f 2381/2381/1587 2038/2038/1336 1965/1965/1295
f 2382/2382/1588 2383/2383/1589 2039/2039/1337
f 2382/2382/1588 2039/2039/1337 2038/2038/1336
f 2383/2383/1589 2384/2384/1590 2042/2042/1340
f 2383/2383/1589 2042/2042/1340 2039/2039/1337
f 2384/2384/1590 2385/2385/1591 2044/2044/1342
f 2384/2384/1590 2044/2044/1342 2042/2042/1340
f 2385/2385/1591 2386/2386/1592 2046/2046/1344
f 2385/2385/1591 2046/2046/1344 2044/2044/1342
f 2386/2386/1592 2387/2387/1593 2048/2048/1346
f 2386/2386/1592 2048/2048/1346 2046/2046/1344
f 2387/2387/1593 2388/2388/1594 2050/2050/1348
f 2387/2387/1593 2050/2050/1348 2048/2048/1346
f 2388/2388/1594 2389/2389/1595 2052/2052/1350
f 2388/2388/1594 2052/2052/1350 2050/2050/1348
f 2389/2389/1595 2390/2390/1596 2054/2054/1352
f 2389/2389/1595 2054/2054/1352 2052/2052/1350
f 2390/2390/1596 2391/2391/1597 2056/2056/1354
f 2390/2390/1596 2056/2056/1354 2054/2054/1352
f 2391/2391/1597 2392/2392/1598 2058/2058/1356
f 2391/2391/1597 2058/2058/1356 2056/2056/1354
f 2392/2392/1598 2393/2393/1599 2060/2060/1358
f 2392/2392/1598 2060/2060/1358 2058/2058/1356
f 2393/2393/1599 2394/2394/1600 2062/2062/1360
f 2393/2393/1599 2062/2062/1360 2060/2060/1358
f 2394/2394/1600 2395/2395/1601 2064/2064/1362
f 2394/2394/1600 2064/2064/1362 2062/2062/1360
f 2395/2395/1601 2396/2396/1602 2066/2066/1364
f 2395/2395/1601 2066/2066/1364 2064/2064/1362
f 2396/2396/1602 2397/2397/1603 2068/2068/1366
f 2396/2396/1602 2068/2068/1366 2066/2066/1364
f 2397/2397/1603 2398/2398/1604 2070/2070/1368
f 2397/2397/1603 2070/2070/1368 2068/2068/1366
f 2398/2398/1604 2399/2399/1605 2072/2072/1370
f 2398/2398/1604 2072/2072/1370 2070/2070/1368
f 2399/2399/1605 2400/2400/1606 2074/2074/1372
f 2399/2399/1605 2074/2074/1372 2072/2072/1370
f 2400/2400/1606 2401/2401/1607 2076/2076/1374
f 2400/2400/1606 2076/2076/1374 2074/2074/1372
f 2401/2401/1607 2402/2402/1608 2078/2078/1376
f 2401/2401/1607 2078/2078/1376 2076/2076/1374
f 2402/2402/1608 2403/2403/1609 2080/2080/1378
f 2402/2402/1608 2080/2080/1378 2078/2078/1376
f 2403/2403/1609 2404/2404/1610 2082/2082/1380
f 2403/2403/1609 2082/2082/1380 2080/2080/1378
f 2404/2404/1610 2405/2405/1611 2084/2084/1382
f 2404/2404/1610 2084/2084/1382 2082/2082/1380
f 2405/2405/1611 2406/2406/1612 2086/2086/1384
f 2405/2405/1611 2086/2086/1384 2084/2084/1382
f 2406/2406/1612 2407/2407/1613 2088/2088/1386
f 2406/2406/1612 2088/2088/1386 2086/2086/1384
f 2407/2407/1613 2408/2408/1614 2090/2090/1388
f 2407/2407/1613 2090/2090/1388 2088/2088/1386
f 2408/2408/1614 2409/2409/1615 2092/2092/1390
f 2408/2408/1614 2092/2092/1390 2090/2090/1388
f 2409/2409/1615 2410/2410/1616 2094/2094/1392
f 2409/2409/1615 2094/2094/1392 2092/2092/1390
f 2410/2410/1616 2411/2411/1617 2036/2036/1334
f 2410/2410/1616 2036/2036/1334 2094/2094/1392
f 2411/2411/1617 2380/2380/1586 1964/1964/1294
f 2411/2411/1617 1964/1964/1294 2036/2036/1334
f 2412/2412/1618 2413/2413/1619 2380/2380/1586
f 2412/2412/1618 2380/2380/1586 2411/2411/1617
f 2414/2414/1620 2412/2412/1618 2411/2411/1617
f 2414/2414/1620 2411/2411/1617 2410/2410/1616
f 2415/2415/1621 2414/2414/1620 2410/2410/1616
f 2415/2415/1621 2410/2410/1616 2409/2409/1615
f 2416/2416/1622 2415/2415/1621 2409/2409/1615
f 2416/2416/1622 2409/2409/1615 2408/2408/1614
f 2417/2417/1623 2416/2416/1622 2408/2408/1614
f 2417/2417/1623 2408/2408/1614 2407/2407/1613
f 2418/2418/1624 2417/2417/1623 2407/2407/1613
f 2418/2418/1624 2407/2407/1613 2406/2406/1612
f 2419/2419/1625 2418/2418/1624 2406/2406/1612
f 2419/2419/1625 2406/2406/1612 2405/2405/1611
f 2420/2420/1626 2419/2419/1625 2405/2405/1611
f 2420/2420/1626 2405/2405/1611 2404/2404/1610
f 2421/2421/1627 2420/2420/1626 2404/2404/1610
f 2421/2421/1627 2404/2404/1610 2403/2403/1609
f 2422/2422/1628 2421/2421/1627 2403/2403/1609
f 2422/2422/1628 2403/2403/1609 2402/2402/1608
f 2423/2423/1629 2422/2422/1628 2402/2402/1608
f 2423/2423/1629 2402/2402/1608 2401/2401/1607
f 2424/2424/1630 2423/2423/1629 2401/2401/1607
f 2424/2424/1630 2401/2401/1607 2400/2400/1606
f 2425/2425/1631 2424/2424/1630 2400/2400/1606
f 2425/2425/1631 2400/2400/1606 2399/2399/1605
f 2426/2426/1632 2425/2425/1631 2399/2399/1605
f 2426/2426/1632 2399/2399/1605 2398/2398/1604
f 2427/2427/1633 2426/2426/1632 2398/2398/1604
f 2427/2427/1633 2398/2398/1604 2397/2397/1603
f 2428/2428/1634 2427/2427/1633 2397/2397/1603
f 2428/2428/1634 2397/2397/1603 2396/2396/1602
f 2429/2429/1635 2428/2428/1634 2396/2396/1602
f 2429/2429/1635 2396/2396/1602 2395/2395/1601
f 2430/2430/1636 2429/2429/1635 2395/2395/1601
f 2430/2430/1636 2395/2395/1601 2394/2394/1600
f 2431/2431/1637 2430/2430/1636 2394/2394/1600
f 2431/2431/1637 2394/2394/1600 2393/2393/1599
f 2432/2432/1638 2431/2431/1637 2393/2393/1599
f 2432/2432/1638 2393/2393/1599 2392/2392/1598
f 2433/2433/1639 2432/2432/1638 2392/2392/1598
f 2433/2433/1639 2392/2392/1598 2391/2391/1597
f 2434/2434/1640 2433/2433/1639 2391/2391/1597
f 2434/2434/1640 2391/2391/1597 2390/2390/1596
f 2435/2435/1641 2434/2434/1640 2390/2390/1596
f 2435/2435/1641 2390/2390/1596 2389/2389/1595
f 2436/2436/1642 2435/2435/1641 2389/2389/1595
f 2436/2436/1642 2389/2389/1595 2388/2388/1594
f 2437/2437/1643 2436/2436/1642 2388/2388/1594
f 2437/2437/1643 2388/2388/1594 2387/2387/1593
f 2438/2438/1644 2437/2437/1643 2387/2387/1593
f 2438/2438/1644 2387/2387/1593 2386/2386/1592
f 2439/2439/1645 2438/2438/1644 2386/2386/1592
f 2439/2439/1645 2386/2386/1592 2385/2385/1591
f 2440/2440/1646 2439/2439/1645 2385/2385/1591
f 2440/2440/1646 2385/2385/1591 2384/2384/1590
f 2441/2441/1647 2440/2440/1646 2384/2384/1590
f 2441/2441/1647 2384/2384/1590 2383/2383/1589
f 2442/2442/1648 2441/2441/1647 2383/2383/1589
f 2442/2442/1648 2383/2383/1589 2382/2382/1588
f 2443/2443/1649 2442/2442/1648 2382/2382/1588
f 2443/2443/1649 2382/2382/1588 2381/2381/1587
f 2413/2413/1619 2443/2443/1649 2381/2381/1587
f 2413/2413/1619 2381/2381/1587 2380/2380/1586
f 2444/2444/1650 2445/2445/1651 2446/2446/1652
f 2444/2444/1650 2446/2446/1652 2447/2447/1653
f 2448/2448/1654 2449/2449/1655 2450/2450/1656
f 2448/2448/1654 2450/2450/1656 2451/2451/1657
f 2452/2452/1658 1972/1972/1300 1975/1975/1303
f 2452/2452/1658 1975/1975/1303 2453/2453/1659
f 2454/2454/1660 2448/2448/1654 2451/2451/1657
f 2454/2454/1660 2451/2451/1657 2455/2455/1661
f 2456/2456/1662 2452/2452/1658 2453/2453/1659
f 2456/2456/1662 2453/2453/1659 2457/2457/1663
f 2458/2458/1664 2459/2459/1660 2460/2460/1661
f 2458/2458/1664 2460/2460/1661 2461/2461/1665
f 2462/2462/1666 2456/2456/1662 2457/2457/1663
f 2462/2462/1666 2457/2457/1663 2463/2463/1667
f 2464/2464/1668 2458/2458/1664 2461/2461/1665
f 2464/2464/1668 2461/2461/1665 2465/2465/1669
f 2466/2466/1670 2462/2462/1666 2463/2463/1667
f 2466/2466/1670 2463/2463/1667 2467/2467/1671
f 2468/2468/1672 2464/2464/1668 2465/2465/1669
f 2468/2468/1672 2465/2465/1669 2469/2469/1673
f 2470/2470/1674 2471/2471/1670 2472/2472/1671
f 2470/2470/1674 2472/2472/1671 2473/2473/1675
f 2474/2474/1676 2468/2468/1672 2469/2469/1673
f 2474/2474/1676 2469/2469/1673 2475/2475/1677
f 2476/2476/1678 2470/2470/1674 2473/2473/1675
f 2476/2476/1678 2473/2473/1675 2477/2477/1679
f 2478/2478/1680 2474/2474/1676 2475/2475/1677
f 2478/2478/1680 2475/2475/1677 2479/2479/1681
f 2480/2480/1682 2476/2476/1678 2477/2477/1679
f 2480/2480/1682 2477/2477/1679 2481/2481/1683
f 2482/2482/1684 2478/2478/1680 2479/2479/1681
f 2482/2482/1684 2479/2479/1681 2483/2483/1685
f 2484/2484/1686 2485/2485/1687 2486/2486/1688
f 2484/2484/1686 2486/2486/1688 2487/2487/1689
f 2488/2488/1690 2480/2480/1682 2481/2481/1683
f 2488/2488/1690 2481/2481/1683 2489/2489/1691
f 2490/2490/1692 2482/2482/1684 2483/2483/1685
f 2490/2490/1692 2483/2483/1685 2491/2491/1693
f 2492/2492/1694 2484/2484/1686 2487/2487/1689
f 2492/2492/1694 2487/2487/1689 2493/2493/1695
f 2494/2494/1696 2488/2488/1690 2489/2489/1691
f 2494/2494/1696 2489/2489/1691 2495/2495/1697
f 2496/2496/1698 2490/2490/1692 2491/2491/1693
f 2496/2496/1698 2491/2491/1693 2497/2497/1699
f 2498/2498/1700 2492/2492/1694 2493/2493/1695
f 2498/2498/1700 2493/2493/1695 2499/2499/1701
f 2500/2500/1702 2494/2494/1696 2495/2495/1697
f 2500/2500/1702 2495/2495/1697 2501/2501/1703
f 2502/2502/1704 2503/2503/1698 2504/2504/1699
f 2502/2502/1704 2504/2504/1699 2505/2505/1705
f 2506/2506/1706 2498/2498/1700 2499/2499/1701
f 2506/2506/1706 2499/2499/1701 2507/2507/1707
f 2508/2508/1708 2500/2500/1702 2501/2501/1703
f 2508/2508/1708 2501/2501/1703 2509/2509/1709
f 2510/2510/1710 2502/2502/1704 2505/2505/1705
f 2510/2510/1710 2505/2505/1705 2511/2511/1711
f 2512/2512/1712 2506/2506/1706 2507/2507/1707
f 2512/2512/1712 2507/2507/1707 2513/2513/1713
f 2514/2514/1687 2508/2508/1708 2509/2509/1709
f 2514/2514/1687 2509/2509/1709 2515/2515/1688
f 1973/1973/1301 2510/2510/1710 2511/2511/1711
f 1973/1973/1301 2511/2511/1711 1974/1974/1302
f 2449/2449/1655 2512/2512/1712 2513/2513/1713
f 2449/2449/1655 2513/2513/1713 2450/2450/1656
f 2516/2516/1714 2517/2517/1715 2512/2512/1712
f 2516/2516/1714 2512/2512/1712 2449/2449/1655
f 2518/2518/1716 2519/2519/1717 2510/2510/1710
f 2518/2518/1716 2510/2510/1710 1973/1973/1301
f 2520/2520/1718 2521/2521/1719 2508/2508/1708
f 2520/2520/1718 2508/2508/1708 2514/2514/1687
f 2517/2517/1715 2522/2522/1720 2506/2506/1706
f 2517/2517/1715 2506/2506/1706 2512/2512/1712
f 2519/2519/1717 2523/2523/1721 2502/2502/1704
f 2519/2519/1717 2502/2502/1704 2510/2510/1710
f 2521/2521/1719 2524/2524/1722 2500/2500/1702
f 2521/2521/1719 2500/2500/1702 2508/2508/1708
f 2522/2522/1720 2525/2525/1723 2498/2498/1700
f 2522/2522/1720 2498/2498/1700 2506/2506/1706
f 2523/2523/1721 2526/2526/1724 2503/2503/1698
f 2523/2523/1721 2503/2503/1698 2502/2502/1704
f 2524/2524/1722 2527/2527/1725 2494/2494/1696
f 2524/2524/1722 2494/2494/1696 2500/2500/1702
f 2525/2525/1723 2528/2528/1726 2492/2492/1694
f 2525/2525/1723 2492/2492/1694 2498/2498/1700
f 2529/2529/1724 2530/2530/1727 2490/2490/1692
f 2529/2529/1724 2490/2490/1692 2496/2496/1698
f 2527/2527/1725 2531/2531/1728 2488/2488/1690
f 2527/2527/1725 2488/2488/1690 2494/2494/1696
f 2528/2528/1726 2532/2532/1729 2484/2484/1686
f 2528/2528/1726 2484/2484/1686 2492/2492/1694
f 2530/2530/1727 2533/2533/1730 2482/2482/1684
f 2530/2530/1727 2482/2482/1684 2490/2490/1692
f 2531/2531/1728 2534/2534/1731 2480/2480/1682
f 2531/2531/1728 2480/2480/1682 2488/2488/1690
f 2532/2532/1729 2535/2535/1718 2485/2485/1687
f 2532/2532/1729 2485/2485/1687 2484/2484/1686
f 2533/2533/1730 2536/2536/1732 2478/2478/1680
f 2533/2533/1730 2478/2478/1680 2482/2482/1684
f 2534/2534/1731 2537/2537/1733 2476/2476/1678
f 2534/2534/1731 2476/2476/1678 2480/2480/1682
f 2536/2536/1732 2538/2538/1734 2474/2474/1676
f 2536/2536/1732 2474/2474/1676 2478/2478/1680
f 2537/2537/1733 2539/2539/1735 2470/2470/1674
f 2537/2537/1733 2470/2470/1674 2476/2476/1678
f 2538/2538/1734 2540/2540/1736 2468/2468/1672
f 2538/2538/1734 2468/2468/1672 2474/2474/1676
f 2541/2541/1735 2542/2542/1737 2466/2466/1670
f 2541/2541/1735 2466/2466/1670 2543/2543/1674
f 2540/2540/1736 2544/2544/1738 2464/2464/1668
f 2540/2540/1736 2464/2464/1668 2468/2468/1672
f 2542/2542/1737 2545/2545/1739 2462/2462/1666
f 2542/2542/1737 2462/2462/1666 2466/2466/1670
f 2544/2544/1738 2546/2546/1740 2458/2458/1664
f 2544/2544/1738 2458/2458/1664 2464/2464/1668
f 2545/2545/1739 2547/2547/1741 2456/2456/1662
f 2545/2545/1739 2456/2456/1662 2462/2462/1666
f 2546/2546/1740 2548/2548/1742 2459/2459/1660
f 2546/2546/1740 2459/2459/1660 2458/2458/1664
f 2547/2547/1741 2549/2549/1743 2452/2452/1658
f 2547/2547/1741 2452/2452/1658 2456/2456/1662
f 2550/2550/1742 2551/2551/1744 2448/2448/1654
f 2550/2550/1742 2448/2448/1654 2454/2454/1660
f 2549/2549/1743 2552/2552/1745 1972/1972/1300
f 2549/2549/1743 1972/1972/1300 2452/2452/1658
f 2551/2551/1744 2516/2516/1714 2449/2449/1655
f 2551/2551/1744 2449/2449/1655 2448/2448/1654
f 2552/2552/1745 2518/2518/1716 1973/1973/1301
f 2552/2552/1745 1973/1973/1301 1972/1972/1300
f 2553/2553/1630 2554/2554/1631 2555/2555/1746
f 2553/2553/1630 2555/2555/1746 2556/2556/1747
f 2437/2437/1643 2438/2438/1644 2557/2557/1748
f 2437/2437/1643 2557/2557/1748 2558/2558/1749
f 2559/2559/1629 2553/2553/1630 2556/2556/1747
f 2559/2559/1629 2556/2556/1747 2560/2560/1750
f 2436/2436/1642 2437/2437/1643 2558/2558/1749
f 2436/2436/1642 2558/2558/1749 2561/2561/1751
f 2562/2562/1628 2559/2559/1629 2560/2560/1750
f 2562/2562/1628 2560/2560/1750 2563/2563/1752
f 2564/2564/1641 2565/2565/1642 2566/2566/1751
f 2564/2564/1641 2566/2566/1751 2567/2567/1753
f 2568/2568/1627 2562/2562/1628 2563/2563/1752
f 2568/2568/1627 2563/2563/1752 2569/2569/1754
f 2570/2570/1640 2564/2564/1641 2567/2567/1753
f 2570/2570/1640 2567/2567/1753 2571/2571/1755
f 2572/2572/1626 2568/2568/1627 2569/2569/1754
f 2572/2572/1626 2569/2569/1754 2573/2573/1756
f 2574/2574/1639 2570/2570/1640 2571/2571/1755
f 2574/2574/1639 2571/2571/1755 2575/2575/1757
f 2419/2419/1625 2420/2420/1626 2576/2576/1756
f 2419/2419/1625 2576/2576/1756 2577/2577/1758
f 2578/2578/1638 2574/2574/1639 2575/2575/1757
f 2578/2578/1638 2575/2575/1757 2579/2579/1759
f 2580/2580/1624 2581/2581/1625 2582/2582/1758
f 2580/2580/1624 2582/2582/1758 2583/2583/1760
f 2584/2584/1637 2578/2578/1638 2579/2579/1759
f 2584/2584/1637 2579/2579/1759 2585/2585/1761
f 2586/2586/1623 2580/2580/1624 2583/2583/1760
f 2586/2586/1623 2583/2583/1760 2587/2587/1762
f 2588/2588/1636 2584/2584/1637 2585/2585/1761
f 2588/2588/1636 2585/2585/1761 2589/2589/1763
f 2443/2443/1649 2413/2413/1619 2590/2590/1764
f 2443/2443/1649 2590/2590/1764 2591/2591/1765
f 2592/2592/1622 2586/2586/1623 2587/2587/1762
f 2592/2592/1622 2587/2587/1762 2593/2593/1766
f 2594/2594/1635 2588/2588/1636 2589/2589/1763
f 2594/2594/1635 2589/2589/1763 2595/2595/1767
f 2596/2596/1648 2597/2597/1649 2598/2598/1765
f 2596/2596/1648 2598/2598/1765 2599/2599/1768
f 2600/2600/1621 2592/2592/1622 2593/2593/1766
f 2600/2600/1621 2593/2593/1766 2601/2601/1769
f 2428/2428/1634 2429/2429/1635 2602/2602/1767
f 2428/2428/1634 2602/2602/1767 2603/2603/1770
f 2604/2604/1647 2596/2596/1648 2599/2599/1768
f 2604/2604/1647 2599/2599/1768 2605/2605/1771
f 2606/2606/1620 2600/2600/1621 2601/2601/1769
f 2606/2606/1620 2601/2601/1769 2607/2607/1772
f 2427/2427/1633 2428/2428/1634 2603/2603/1770
f 2427/2427/1633 2603/2603/1770 2608/2608/1773
f 2609/2609/1646 2604/2604/1647 2605/2605/1771
f 2609/2609/1646 2605/2605/1771 2610/2610/1774
f 2611/2611/1618 2606/2606/1620 2607/2607/1772
f 2611/2611/1618 2607/2607/1772 2612/2612/1775
f 2613/2613/1632 2614/2614/1633 2615/2615/1773
f 2613/2613/1632 2615/2615/1773 2616/2616/1776
f 2617/2617/1645 2609/2609/1646 2610/2610/1774
f 2617/2617/1645 2610/2610/1774 2618/2618/1777
f 2619/2619/1619 2611/2611/1618 2612/2612/1775
f 2619/2619/1619 2612/2612/1775 2620/2620/1764
f 2554/2554/1631 2613/2613/1632 2616/2616/1776
f 2554/2554/1631 2616/2616/1776 2555/2555/1746
f 2621/2621/1644 2617/2617/1645 2618/2618/1777
f 2621/2621/1644 2618/2618/1777 2622/2622/1748
f 2623/2623/1778 2624/2624/1779 2625/2625/1780
f 2623/2623/1778 2625/2625/1780 2626/2626/1781
f 2627/2627/1782 2628/2628/1783 2629/2629/1784
f 2627/2627/1782 2629/2629/1784 2630/2630/1785
f 2631/2631/1786 2623/2623/1778 2626/2626/1781
f 2631/2631/1786 2626/2626/1781 2632/2632/1787
f 2633/2633/1788 2634/2634/1782 2635/2635/1785
f 2633/2633/1788 2635/2635/1785 2636/2636/1789
f 2637/2637/1790 2631/2631/1786 2632/2632/1787
f 2637/2637/1790 2632/2632/1787 2638/2638/1791
f 2639/2639/1792 2633/2633/1788 2636/2636/1789
f 2639/2639/1792 2636/2636/1789 2640/2640/1793
f 2641/2641/1794 2637/2637/1790 2638/2638/1791
f 2641/2641/1794 2638/2638/1791 2642/2642/1795
f 2643/2643/1796 2639/2639/1792 2640/2640/1793
f 2643/2643/1796 2640/2640/1793 2644/2644/1797
f 2645/2645/1798 2641/2641/1794 2642/2642/1795
f 2645/2645/1798 2642/2642/1795 2646/2646/1799
f 2647/2647/1800 2643/2643/1796 2644/2644/1797
f 2647/2647/1800 2644/2644/1797 2648/2648/1801
f 2649/2649/1802 2645/2645/1798 2646/2646/1799
f 2649/2649/1802 2646/2646/1799 2650/2650/1803
f 2651/2651/1804 2647/2647/1800 2648/2648/1801
f 2651/2651/1804 2648/2648/1801 2652/2652/1805
f 2653/2653/1806 2654/2654/1802 2655/2655/1803
f 2653/2653/1806 2655/2655/1803 2656/2656/1807
f 2657/2657/1808 2651/2651/1804 2652/2652/1805
f 2657/2657/1808 2652/2652/1805 2658/2658/1809
f 2659/2659/1810 2653/2653/1806 2656/2656/1807
f 2659/2659/1810 2656/2656/1807 2660/2660/1811
f 2661/2661/1812 2657/2657/1808 2658/2658/1809
f 2661/2661/1812 2658/2658/1809 2662/2662/1813
f 2663/2663/1814 2664/2664/1815 2665/2665/1816
f 2663/2663/1814 2665/2665/1816 2666/2666/1817
f 2667/2667/1818 2659/2659/1810 2660/2660/1811
f 2667/2667/1818 2660/2660/1811 2668/2668/1819
f 2669/2669/1820 2661/2661/1812 2662/2662/1813
f 2669/2669/1820 2662/2662/1813 2670/2670/1821
f 2671/2671/1822 2663/2663/1814 2666/2666/1817
f 2671/2671/1822 2666/2666/1817 2672/2672/1823
f 2673/2673/1824 2667/2667/1818 2668/2668/1819
f 2673/2673/1824 2668/2668/1819 2674/2674/1825
f 2675/2675/1826 2669/2669/1820 2670/2670/1821
f 2675/2675/1826 2670/2670/1821 2676/2676/1827
f 2677/2677/1828 2671/2671/1822 2672/2672/1823
f 2677/2677/1828 2672/2672/1823 2678/2678/1829
f 2679/2679/1830 2673/2673/1824 2674/2674/1825
f 2679/2679/1830 2674/2674/1825 2680/2680/1831
f 2681/2681/1832 2682/2682/1826 2683/2683/1827
f 2681/2681/1832 2683/2683/1827 2684/2684/1833
f 2685/2685/1834 2677/2677/1828 2678/2678/1829
f 2685/2685/1834 2678/2678/1829 2686/2686/1835
f 2687/2687/1836 2679/2679/1830 2680/2680/1831
f 2687/2687/1836 2680/2680/1831 2688/2688/1837
f 2689/2689/1838 2681/2681/1832 2684/2684/1833
f 2689/2689/1838 2684/2684/1833 2690/2690/1839
f 2691/2691/1840 2685/2685/1834 2686/2686/1835
f 2691/2691/1840 2686/2686/1835 2692/2692/1841
f 2693/2693/1815 2687/2687/1836 2688/2688/1837
f 2693/2693/1815 2688/2688/1837 2694/2694/1816
f 2624/2624/1779 2689/2689/1838 2690/2690/1839
f 2624/2624/1779 2690/2690/1839 2625/2625/1780
f 2628/2628/1783 2691/2691/1840 2692/2692/1841
f 2628/2628/1783 2692/2692/1841 2629/2629/1784
f 2626/2626/1781 2625/2625/1780 2518/2518/1716
f 2626/2626/1781 2518/2518/1716 2552/2552/1745
f 2630/2630/1785 2629/2629/1784 2516/2516/1714
f 2630/2630/1785 2516/2516/1714 2551/2551/1744
f 2632/2632/1787 2626/2626/1781 2552/2552/1745
f 2632/2632/1787 2552/2552/1745 2549/2549/1743
f 2695/2695/1789 2630/2630/1785 2551/2551/1744
f 2695/2695/1789 2551/2551/1744 2550/2550/1742
f 2638/2638/1791 2632/2632/1787 2549/2549/1743
f 2638/2638/1791 2549/2549/1743 2547/2547/1741
f 2640/2640/1793 2636/2636/1789 2548/2548/1742
f 2640/2640/1793 2548/2548/1742 2546/2546/1740
f 2642/2642/1795 2638/2638/1791 2547/2547/1741
f 2642/2642/1795 2547/2547/1741 2545/2545/1739
f 2644/2644/1797 2640/2640/1793 2546/2546/1740
f 2644/2644/1797 2546/2546/1740 2544/2544/1738
f 2646/2646/1799 2642/2642/1795 2545/2545/1739
f 2646/2646/1799 2545/2545/1739 2542/2542/1737
f 2648/2648/1801 2644/2644/1797 2544/2544/1738
f 2648/2648/1801 2544/2544/1738 2540/2540/1736
f 2650/2650/1803 2646/2646/1799 2542/2542/1737
f 2650/2650/1803 2542/2542/1737 2541/2541/1735
f 2652/2652/1805 2648/2648/1801 2540/2540/1736
f 2652/2652/1805 2540/2540/1736 2538/2538/1734
f 2656/2656/1807 2655/2655/1803 2539/2539/1735
f 2656/2656/1807 2539/2539/1735 2537/2537/1733
f 2658/2658/1809 2652/2652/1805 2538/2538/1734
f 2658/2658/1809 2538/2538/1734 2536/2536/1732
f 2660/2660/1811 2656/2656/1807 2537/2537/1733
f 2660/2660/1811 2537/2537/1733 2534/2534/1731
f 2662/2662/1813 2658/2658/1809 2536/2536/1732
f 2662/2662/1813 2536/2536/1732 2533/2533/1730
f 2666/2666/1817 2665/2665/1816 2535/2535/1718
f 2666/2666/1817 2535/2535/1718 2532/2532/1729
f 2668/2668/1819 2660/2660/1811 2534/2534/1731
f 2668/2668/1819 2534/2534/1731 2531/2531/1728
f 2670/2670/1821 2662/2662/1813 2533/2533/1730
f 2670/2670/1821 2533/2533/1730 2530/2530/1727
f 2672/2672/1823 2666/2666/1817 2532/2532/1729
f 2672/2672/1823 2532/2532/1729 2528/2528/1726
f 2674/2674/1825 2668/2668/1819 2531/2531/1728
f 2674/2674/1825 2531/2531/1728 2527/2527/1725
f 2676/2676/1827 2670/2670/1821 2530/2530/1727
f 2676/2676/1827 2530/2530/1727 2529/2529/1724
f 2678/2678/1829 2672/2672/1823 2528/2528/1726
f 2678/2678/1829 2528/2528/1726 2525/2525/1723
f 2680/2680/1831 2674/2674/1825 2527/2527/1725
f 2680/2680/1831 2527/2527/1725 2524/2524/1722
f 2684/2684/1833 2683/2683/1827 2526/2526/1724
f 2684/2684/1833 2526/2526/1724 2523/2523/1721
f 2686/2686/1835 2678/2678/1829 2525/2525/1723
f 2686/2686/1835 2525/2525/1723 2522/2522/1720
f 2688/2688/1837 2680/2680/1831 2524/2524/1722
f 2688/2688/1837 2524/2524/1722 2521/2521/1719
f 2690/2690/1839 2684/2684/1833 2523/2523/1721
f 2690/2690/1839 2523/2523/1721 2519/2519/1717
f 2692/2692/1841 2686/2686/1835 2522/2522/1720
f 2692/2692/1841 2522/2522/1720 2517/2517/1715
f 2694/2694/1816 2688/2688/1837 2521/2521/1719
f 2694/2694/1816 2521/2521/1719 2520/2520/1718
f 2625/2625/1780 2690/2690/1839 2519/2519/1717
f 2625/2625/1780 2519/2519/1717 2518/2518/1716
f 2629/2629/1784 2692/2692/1841 2517/2517/1715
f 2629/2629/1784 2517/2517/1715 2516/2516/1714
f 2622/2622/1748 2618/2618/1777 2691/2691/1840
f 2622/2622/1748 2691/2691/1840 2628/2628/1783
f 2555/2555/1746 2616/2616/1776 2689/2689/1838
f 2555/2555/1746 2689/2689/1838 2624/2624/1779
f 2620/2620/1764 2612/2612/1775 2687/2687/1836
f 2620/2620/1764 2687/2687/1836 2693/2693/1815
f 2618/2618/1777 2610/2610/1774 2685/2685/1834
f 2618/2618/1777 2685/2685/1834 2691/2691/1840
f 2616/2616/1776 2615/2615/1773 2681/2681/1832
f 2616/2616/1776 2681/2681/1832 2689/2689/1838
f 2612/2612/1775 2607/2607/1772 2679/2679/1830
f 2612/2612/1775 2679/2679/1830 2687/2687/1836
f 2610/2610/1774 2605/2605/1771 2677/2677/1828
f 2610/2610/1774 2677/2677/1828 2685/2685/1834
f 2615/2615/1773 2696/2696/1770 2682/2682/1826
f 2615/2615/1773 2682/2682/1826 2681/2681/1832
f 2607/2607/1772 2601/2601/1769 2673/2673/1824
f 2607/2607/1772 2673/2673/1824 2679/2679/1830
f 2605/2605/1771 2599/2599/1768 2671/2671/1822
f 2605/2605/1771 2671/2671/1822 2677/2677/1828
f 2697/2697/1770 2595/2595/1767 2669/2669/1820
f 2697/2697/1770 2669/2669/1820 2675/2675/1826
f 2601/2601/1769 2593/2593/1766 2667/2667/1818
f 2601/2601/1769 2667/2667/1818 2673/2673/1824
f 2599/2599/1768 2598/2598/1765 2663/2663/1814
f 2599/2599/1768 2663/2663/1814 2671/2671/1822
f 2595/2595/1767 2589/2589/1763 2661/2661/1812
f 2595/2595/1767 2661/2661/1812 2669/2669/1820
f 2593/2593/1766 2587/2587/1762 2659/2659/1810
f 2593/2593/1766 2659/2659/1810 2667/2667/1818
f 2598/2598/1765 2698/2698/1764 2664/2664/1815
f 2598/2598/1765 2664/2664/1815 2663/2663/1814
f 2589/2589/1763 2585/2585/1761 2657/2657/1808
f 2589/2589/1763 2657/2657/1808 2661/2661/1812
f 2587/2587/1762 2583/2583/1760 2653/2653/1806
f 2587/2587/1762 2653/2653/1806 2659/2659/1810
f 2585/2585/1761 2579/2579/1759 2651/2651/1804
f 2585/2585/1761 2651/2651/1804 2657/2657/1808
f 2583/2583/1760 2582/2582/1758 2654/2654/1802
f 2583/2583/1760 2654/2654/1802 2653/2653/1806
f 2579/2579/1759 2575/2575/1757 2647/2647/1800
f 2579/2579/1759 2647/2647/1800 2651/2651/1804
f 2699/2699/1758 2573/2573/1756 2645/2645/1798
f 2699/2699/1758 2645/2645/1798 2649/2649/1802
f 2575/2575/1757 2571/2571/1755 2643/2643/1796
f 2575/2575/1757 2643/2643/1796 2647/2647/1800
f 2573/2573/1756 2569/2569/1754 2641/2641/1794
f 2573/2573/1756 2641/2641/1794 2645/2645/1798
f 2571/2571/1755 2567/2567/1753 2639/2639/1792
f 2571/2571/1755 2639/2639/1792 2643/2643/1796
f 2569/2569/1754 2563/2563/1752 2637/2637/1790
f 2569/2569/1754 2637/2637/1790 2641/2641/1794
f 2567/2567/1753 2566/2566/1751 2633/2633/1788
f 2567/2567/1753 2633/2633/1788 2639/2639/1792
f 2563/2563/1752 2560/2560/1750 2631/2631/1786
f 2563/2563/1752 2631/2631/1786 2637/2637/1790
f 2566/2566/1751 2700/2700/1749 2634/2634/1782
f 2566/2566/1751 2634/2634/1782 2633/2633/1788
f 2560/2560/1750 2556/2556/1747 2623/2623/1778
f 2560/2560/1750 2623/2623/1778 2631/2631/1786
f 2701/2701/1749 2622/2622/1748 2628/2628/1783
f 2701/2701/1749 2628/2628/1783 2627/2627/1782
f 2556/2556/1747 2555/2555/1746 2624/2624/1779
f 2556/2556/1747 2624/2624/1779 2623/2623/1778
f 2702/2702/1842 2703/2703/1843 2704/2704/1844
f 2702/2702/1842 2704/2704/1844 2705/2705/1845
f 2706/2706/1846 2707/2707/1847 2708/2708/1848
f 2706/2706/1846 2708/2708/1848 2709/2709/1849
f 2710/2710/1850 2711/2711/1851 2712/2712/1852
f 2710/2710/1850 2712/2712/1852 2713/2713/1853
f 2714/2714/1854 2444/2444/1650 2447/2447/1653
f 2714/2714/1854 2447/2447/1653 2715/2715/1855
f 2716/2716/1856 2706/2706/1846 2709/2709/1849
f 2716/2716/1856 2709/2709/1849 2717/2717/1857
f 2718/2718/1858 2719/2719/1850 2720/2720/1853
f 2718/2718/1858 2720/2720/1853 2721/2721/1859
f 2722/2722/1860 2714/2714/1854 2715/2715/1855
f 2722/2722/1860 2715/2715/1855 2723/2723/1861
f 2724/2724/1862 2716/2716/1856 2717/2717/1857
f 2724/2724/1862 2717/2717/1857 2725/2725/1863
f 2726/2726/1864 2718/2718/1858 2721/2721/1859
f 2726/2726/1864 2721/2721/1859 2727/2727/1865
f 2728/2728/1866 2722/2722/1860 2723/2723/1861
f 2728/2728/1866 2723/2723/1861 2729/2729/1867
f 2730/2730/1868 2724/2724/1862 2725/2725/1863
f 2730/2730/1868 2725/2725/1863 2731/2731/1869
f 2732/2732/1870 2726/2726/1864 2727/2727/1865
f 2732/2732/1870 2727/2727/1865 2703/2703/1843
f 2733/2733/1871 2728/2728/1866 2729/2729/1867
f 2733/2733/1871 2729/2729/1867 2734/2734/1872
f 2735/2735/1873 2732/2732/1870 2703/2703/1843
f 2735/2735/1873 2703/2703/1843 2702/2702/1842
f 2736/2736/1874 2733/2733/1871 2734/2734/1872
f 2736/2736/1874 2734/2734/1872 2737/2737/1875
f 2738/2738/1876 2735/2735/1873 2702/2702/1842
f 2738/2738/1876 2702/2702/1842 2739/2739/1877
f 2740/2740/1878 2741/2741/1874 2742/2742/1875
f 2740/2740/1878 2742/2742/1875 2743/2743/1879
f 2744/2744/1880 2738/2738/1876 2739/2739/1877
f 2744/2744/1880 2739/2739/1877 2745/2745/1881
f 2746/2746/1882 2740/2740/1878 2743/2743/1879
f 2746/2746/1882 2743/2743/1879 2747/2747/1883
f 2748/2748/1884 2744/2744/1880 2745/2745/1881
f 2748/2748/1884 2745/2745/1881 2749/2749/1885
f 2750/2750/1886 2746/2746/1882 2747/2747/1883
f 2750/2750/1886 2747/2747/1883 2751/2751/1887
f 2752/2752/1888 2748/2748/1884 2749/2749/1885
f 2752/2752/1888 2749/2749/1885 2753/2753/1889
f 2754/2754/1890 2750/2750/1886 2751/2751/1887
f 2754/2754/1890 2751/2751/1887 2755/2755/1891
f 2756/2756/1892 2752/2752/1888 2753/2753/1889
f 2756/2756/1892 2753/2753/1889 2757/2757/1893
f 2758/2758/1894 2754/2754/1890 2755/2755/1891
f 2758/2758/1894 2755/2755/1891 2759/2759/1895
f 2760/2760/1896 2761/2761/1892 2762/2762/1893
f 2760/2760/1896 2762/2762/1893 2763/2763/1897
f 2764/2764/1898 2758/2758/1894 2759/2759/1895
f 2764/2764/1898 2759/2759/1895 2765/2765/1899
f 2766/2766/1900 2760/2760/1896 2763/2763/1897
f 2766/2766/1900 2763/2763/1897 2767/2767/1901
f 2768/2768/1902 2764/2764/1898 2765/2765/1899
f 2768/2768/1902 2765/2765/1899 2769/2769/1903
f 2445/2445/1651 2770/2770/1868 2771/2771/1869
f 2445/2445/1651 2771/2771/1869 2446/2446/1652
f 2707/2707/1847 2766/2766/1900 2767/2767/1901
f 2707/2707/1847 2767/2767/1901 2708/2708/1848
f 2711/2711/1851 2768/2768/1902 2769/2769/1903
f 2711/2711/1851 2769/2769/1903 2712/2712/1852
f 2491/2491/1693 2483/2483/1685 2772/2772/1904
f 2491/2491/1693 2772/2772/1904 2773/2773/1905
f 2489/2489/1691 2481/2481/1683 2774/2774/1906
f 2489/2489/1691 2774/2774/1906 2775/2775/1907
f 2487/2487/1689 2486/2486/1688 2776/2776/1908
f 2487/2487/1689 2776/2776/1908 2777/2777/1909
f 2483/2483/1685 2479/2479/1681 2778/2778/1910
f 2483/2483/1685 2778/2778/1910 2772/2772/1904
f 2481/2481/1683 2477/2477/1679 2779/2779/1911
f 2481/2481/1683 2779/2779/1911 2774/2774/1906
f 2479/2479/1681 2475/2475/1677 2780/2780/1912
f 2479/2479/1681 2780/2780/1912 2778/2778/1910
f 2477/2477/1679 2473/2473/1675 2781/2781/1913
f 2477/2477/1679 2781/2781/1913 2779/2779/1911
f 2475/2475/1677 2469/2469/1673 2782/2782/1914
f 2475/2475/1677 2782/2782/1914 2780/2780/1912
f 2783/2783/1675 2467/2467/1671 2784/2784/1915
f 2783/2783/1675 2784/2784/1915 2785/2785/1913
f 2469/2469/1673 2465/2465/1669 2786/2786/1916
f 2469/2469/1673 2786/2786/1916 2782/2782/1914
f 2467/2467/1671 2463/2463/1667 2787/2787/1917
f 2467/2467/1671 2787/2787/1917 2784/2784/1915
f 2465/2465/1669 2461/2461/1665 2788/2788/1918
f 2465/2465/1669 2788/2788/1918 2786/2786/1916
f 2463/2463/1667 2457/2457/1663 2789/2789/1919
f 2463/2463/1667 2789/2789/1919 2787/2787/1917
f 2461/2461/1665 2460/2460/1661 2790/2790/1920
f 2461/2461/1665 2790/2790/1920 2788/2788/1918
f 2457/2457/1663 2453/2453/1659 2791/2791/1921
f 2457/2457/1663 2791/2791/1921 2789/2789/1919
f 2455/2455/1661 2451/2451/1657 2792/2792/1922
f 2455/2455/1661 2792/2792/1922 2793/2793/1920
f 2453/2453/1659 1975/1975/1303 2794/2794/1923
f 2453/2453/1659 2794/2794/1923 2791/2791/1921
f 2451/2451/1657 2450/2450/1656 2795/2795/1924
f 2451/2451/1657 2795/2795/1924 2792/2792/1922
f 1975/1975/1303 1974/1974/1302 2796/2796/1925
f 1975/1975/1303 2796/2796/1925 2794/2794/1923
f 2450/2450/1656 2513/2513/1713 2797/2797/1926
f 2450/2450/1656 2797/2797/1926 2795/2795/1924
f 1974/1974/1302 2511/2511/1711 2798/2798/1927
f 1974/1974/1302 2798/2798/1927 2796/2796/1925
f 2515/2515/1688 2509/2509/1709 2799/2799/1928
f 2515/2515/1688 2799/2799/1928 2800/2800/1908
f 2513/2513/1713 2507/2507/1707 2801/2801/1929
f 2513/2513/1713 2801/2801/1929 2797/2797/1926
f 2511/2511/1711 2505/2505/1705 2802/2802/1930
f 2511/2511/1711 2802/2802/1930 2798/2798/1927
f 2509/2509/1709 2501/2501/1703 2803/2803/1931
f 2509/2509/1709 2803/2803/1931 2799/2799/1928
f 2507/2507/1707 2499/2499/1701 2804/2804/1932
f 2507/2507/1707 2804/2804/1932 2801/2801/1929
f 2505/2505/1705 2504/2504/1699 2805/2805/1933
f 2505/2505/1705 2805/2805/1933 2802/2802/1930
f 2501/2501/1703 2495/2495/1697 2806/2806/1934
f 2501/2501/1703 2806/2806/1934 2803/2803/1931
f 2499/2499/1701 2493/2493/1695 2807/2807/1935
f 2499/2499/1701 2807/2807/1935 2804/2804/1932
f 2497/2497/1699 2491/2491/1693 2773/2773/1905
f 2497/2497/1699 2773/2773/1905 2808/2808/1933
f 2495/2495/1697 2489/2489/1691 2775/2775/1907
f 2495/2495/1697 2775/2775/1907 2806/2806/1934
f 2493/2493/1695 2487/2487/1689 2777/2777/1909
f 2493/2493/1695 2777/2777/1909 2807/2807/1935
f 2773/2773/1905 2772/2772/1904 2768/2768/1902
f 2773/2773/1905 2768/2768/1902 2711/2711/1851
f 2775/2775/1907 2774/2774/1906 2766/2766/1900
f 2775/2775/1907 2766/2766/1900 2707/2707/1847
f 2777/2777/1909 2776/2776/1908 2770/2770/1868
f 2777/2777/1909 2770/2770/1868 2445/2445/1651
f 2772/2772/1904 2778/2778/1910 2764/2764/1898
f 2772/2772/1904 2764/2764/1898 2768/2768/1902
f 2774/2774/1906 2779/2779/1911 2760/2760/1896
f 2774/2774/1906 2760/2760/1896 2766/2766/1900
f 2778/2778/1910 2780/2780/1912 2758/2758/1894
f 2778/2778/1910 2758/2758/1894 2764/2764/1898
f 2779/2779/1911 2781/2781/1913 2761/2761/1892
f 2779/2779/1911 2761/2761/1892 2760/2760/1896
f 2780/2780/1912 2782/2782/1914 2754/2754/1890
f 2780/2780/1912 2754/2754/1890 2758/2758/1894
f 2785/2785/1913 2784/2784/1915 2752/2752/1888
f 2785/2785/1913 2752/2752/1888 2756/2756/1892
f 2782/2782/1914 2786/2786/1916 2750/2750/1886
f 2782/2782/1914 2750/2750/1886 2754/2754/1890
f 2784/2784/1915 2787/2787/1917 2748/2748/1884
f 2784/2784/1915 2748/2748/1884 2752/2752/1888
f 2786/2786/1916 2788/2788/1918 2746/2746/1882
f 2786/2786/1916 2746/2746/1882 2750/2750/1886
f 2787/2787/1917 2789/2789/1919 2744/2744/1880
f 2787/2787/1917 2744/2744/1880 2748/2748/1884
f 2788/2788/1918 2790/2790/1920 2740/2740/1878
f 2788/2788/1918 2740/2740/1878 2746/2746/1882
f 2789/2789/1919 2791/2791/1921 2738/2738/1876
f 2789/2789/1919 2738/2738/1876 2744/2744/1880
f 2790/2790/1920 2809/2809/1922 2741/2741/1874
f 2790/2790/1920 2741/2741/1874 2740/2740/1878
f 2791/2791/1921 2794/2794/1923 2735/2735/1873
f 2791/2791/1921 2735/2735/1873 2738/2738/1876
f 2792/2792/1922 2795/2795/1924 2733/2733/1871
f 2792/2792/1922 2733/2733/1871 2736/2736/1874
f 2794/2794/1923 2796/2796/1925 2732/2732/1870
f 2794/2794/1923 2732/2732/1870 2735/2735/1873
f 2795/2795/1924 2797/2797/1926 2728/2728/1866
f 2795/2795/1924 2728/2728/1866 2733/2733/1871
f 2796/2796/1925 2798/2798/1927 2726/2726/1864
f 2796/2796/1925 2726/2726/1864 2732/2732/1870
f 2800/2800/1908 2799/2799/1928 2724/2724/1862
f 2800/2800/1908 2724/2724/1862 2730/2730/1868
f 2797/2797/1926 2801/2801/1929 2722/2722/1860
f 2797/2797/1926 2722/2722/1860 2728/2728/1866
f 2798/2798/1927 2802/2802/1930 2718/2718/1858
f 2798/2798/1927 2718/2718/1858 2726/2726/1864
f 2799/2799/1928 2803/2803/1931 2716/2716/1856
f 2799/2799/1928 2716/2716/1856 2724/2724/1862
f 2801/2801/1929 2804/2804/1932 2714/2714/1854
f 2801/2801/1929 2714/2714/1854 2722/2722/1860
f 2802/2802/1930 2805/2805/1933 2719/2719/1850
f 2802/2802/1930 2719/2719/1850 2718/2718/1858
f 2803/2803/1931 2806/2806/1934 2706/2706/1846
f 2803/2803/1931 2706/2706/1846 2716/2716/1856
f 2804/2804/1932 2807/2807/1935 2444/2444/1650
f 2804/2804/1932 2444/2444/1650 2714/2714/1854
f 2808/2808/1933 2773/2773/1905 2711/2711/1851
f 2808/2808/1933 2711/2711/1851 2710/2710/1850
f 2806/2806/1934 2775/2775/1907 2707/2707/1847
f 2806/2806/1934 2707/2707/1847 2706/2706/1846
f 2807/2807/1935 2777/2777/1909 2445/2445/1651
f 2807/2807/1935 2445/2445/1651 2444/2444/1650
f 2810/2810/1936 2811/2811/1937 2812/2812/1938
f 2810/2810/1936 2812/2812/1938 2813/2813/1939
f 2737/2737/1875 2734/2734/1872 2814/2814/1940
f 2737/2737/1875 2814/2814/1940 2815/2815/1941
f 2739/2739/1877 2702/2702/1842 2705/2705/1845
f 2739/2739/1877 2705/2705/1845 2816/2816/1942
f 2743/2743/1879 2742/2742/1875 2817/2817/1941
f 2743/2743/1879 2817/2817/1941 2818/2818/1943
f 2745/2745/1881 2739/2739/1877 2816/2816/1942
f 2745/2745/1881 2816/2816/1942 2819/2819/1944
f 2747/2747/1883 2743/2743/1879 2818/2818/1943
f 2747/2747/1883 2818/2818/1943 2820/2820/1945
f 2749/2749/1885 2745/2745/1881 2819/2819/1944
f 2749/2749/1885 2819/2819/1944 2821/2821/1946
f 2751/2751/1887 2747/2747/1883 2820/2820/1945
f 2751/2751/1887 2820/2820/1945 2822/2822/1947
f 2753/2753/1889 2749/2749/1885 2821/2821/1946
f 2753/2753/1889 2821/2821/1946 2823/2823/1948
f 2755/2755/1891 2751/2751/1887 2822/2822/1947
f 2755/2755/1891 2822/2822/1947 2824/2824/1949
f 2757/2757/1893 2753/2753/1889 2823/2823/1948
f 2757/2757/1893 2823/2823/1948 2825/2825/1950
f 2759/2759/1895 2755/2755/1891 2824/2824/1949
f 2759/2759/1895 2824/2824/1949 2826/2826/1951
f 2763/2763/1897 2762/2762/1893 2827/2827/1950
f 2763/2763/1897 2827/2827/1950 2828/2828/1952
f 2765/2765/1899 2759/2759/1895 2826/2826/1951
f 2765/2765/1899 2826/2826/1951 2829/2829/1953
f 2767/2767/1901 2763/2763/1897 2828/2828/1952
f 2767/2767/1901 2828/2828/1952 2830/2830/1954
f 2769/2769/1903 2765/2765/1899 2829/2829/1953
f 2769/2769/1903 2829/2829/1953 2831/2831/1955
f 2446/2446/1652 2771/2771/1869 2832/2832/1956
f 2446/2446/1652 2832/2832/1956 2811/2811/1937
f 2708/2708/1848 2767/2767/1901 2830/2830/1954
f 2708/2708/1848 2830/2830/1954 2833/2833/1957
f 2712/2712/1852 2769/2769/1903 2831/2831/1955
f 2712/2712/1852 2831/2831/1955 2834/2834/1958
f 2447/2447/1653 2446/2446/1652 2811/2811/1937
f 2447/2447/1653 2811/2811/1937 2810/2810/1936
f 2709/2709/1849 2708/2708/1848 2833/2833/1957
f 2709/2709/1849 2833/2833/1957 2835/2835/1959
f 2713/2713/1853 2712/2712/1852 2834/2834/1958
f 2713/2713/1853 2834/2834/1958 2836/2836/1960
f 2715/2715/1855 2447/2447/1653 2810/2810/1936
f 2715/2715/1855 2810/2810/1936 2837/2837/1961
f 2717/2717/1857 2709/2709/1849 2835/2835/1959
f 2717/2717/1857 2835/2835/1959 2838/2838/1962
f 2721/2721/1859 2720/2720/1853 2839/2839/1960
f 2721/2721/1859 2839/2839/1960 2840/2840/1963
f 2723/2723/1861 2715/2715/1855 2837/2837/1961
f 2723/2723/1861 2837/2837/1961 2841/2841/1964
f 2725/2725/1863 2717/2717/1857 2838/2838/1962
f 2725/2725/1863 2838/2838/1962 2842/2842/1965
f 2727/2727/1865 2721/2721/1859 2840/2840/1963
f 2727/2727/1865 2840/2840/1963 2843/2843/1966
f 2729/2729/1867 2723/2723/1861 2841/2841/1964
f 2729/2729/1867 2841/2841/1964 2844/2844/1967
f 2731/2731/1869 2725/2725/1863 2842/2842/1965
f 2731/2731/1869 2842/2842/1965 2845/2845/1956
f 2703/2703/1843 2727/2727/1865 2843/2843/1966
f 2703/2703/1843 2843/2843/1966 2704/2704/1844
f 2734/2734/1872 2729/2729/1867 2844/2844/1967
f 2734/2734/1872 2844/2844/1967 2814/2814/1940
f 2846/2846/1968 2847/2847/1969 2848/2848/1970
f 2846/2846/1968 2848/2848/1970 2849/2849/1971
f 2835/2835/1959 2833/2833/1957 2850/2850/1972
f 2835/2835/1959 2850/2850/1972 2851/2851/1973
f 2852/2852/1960 2853/2853/1958 2854/2854/1974
f 2852/2852/1960 2854/2854/1974 2855/2855/1975
f 2837/2837/1961 2810/2810/1936 2813/2813/1939
f 2837/2837/1961 2813/2813/1939 2856/2856/1976
f 2838/2838/1962 2835/2835/1959 2851/2851/1973
f 2838/2838/1962 2851/2851/1973 2857/2857/1977
f 2858/2858/1963 2852/2852/1960 2855/2855/1975
f 2858/2858/1963 2855/2855/1975 2859/2859/1978
f 2841/2841/1964 2837/2837/1961 2856/2856/1976
f 2841/2841/1964 2856/2856/1976 2860/2860/1979
f 2842/2842/1965 2838/2838/1962 2857/2857/1977
f 2842/2842/1965 2857/2857/1977 2861/2861/1980
f 2843/2843/1966 2840/2840/1963 2862/2862/1978
f 2843/2843/1966 2862/2862/1978 2863/2863/1981
f 2844/2844/1967 2841/2841/1964 2860/2860/1979
f 2844/2844/1967 2860/2860/1979 2864/2864/1969
f 2845/2845/1956 2842/2842/1965 2861/2861/1980
f 2845/2845/1956 2861/2861/1980 2865/2865/1982
f 2704/2704/1844 2843/2843/1966 2863/2863/1981
f 2704/2704/1844 2863/2863/1981 2866/2866/1983
f 2814/2814/1940 2844/2844/1967 2864/2864/1969
f 2814/2814/1940 2864/2864/1969 2867/2867/1968
f 2705/2705/1845 2704/2704/1844 2866/2866/1983
f 2705/2705/1845 2866/2866/1983 2868/2868/1984
f 2815/2815/1941 2814/2814/1940 2867/2867/1968
f 2815/2815/1941 2867/2867/1968 2869/2869/1985
f 2816/2816/1942 2705/2705/1845 2868/2868/1984
f 2816/2816/1942 2868/2868/1984 2870/2870/1986
f 2871/2871/1943 2872/2872/1941 2873/2873/1985
f 2871/2871/1943 2873/2873/1985 2874/2874/1987
f 2819/2819/1944 2816/2816/1942 2870/2870/1986
f 2819/2819/1944 2870/2870/1986 2875/2875/1988
f 2820/2820/1945 2818/2818/1943 2876/2876/1987
f 2820/2820/1945 2876/2876/1987 2877/2877/1989
f 2821/2821/1946 2819/2819/1944 2875/2875/1988
f 2821/2821/1946 2875/2875/1988 2878/2878/1990
f 2822/2822/1947 2820/2820/1945 2877/2877/1989
f 2822/2822/1947 2877/2877/1989 2879/2879/1991
f 2823/2823/1948 2821/2821/1946 2878/2878/1990
f 2823/2823/1948 2878/2878/1990 2880/2880/1992
f 2824/2824/1949 2822/2822/1947 2879/2879/1991
f 2824/2824/1949 2879/2879/1991 2881/2881/1993
f 2882/2882/1950 2883/2883/1948 2884/2884/1992
f 2882/2882/1950 2884/2884/1992 2885/2885/1994
f 2826/2826/1951 2824/2824/1949 2881/2881/1993
f 2826/2826/1951 2881/2881/1993 2886/2886/1995
f 2828/2828/1952 2827/2827/1950 2887/2887/1994
f 2828/2828/1952 2887/2887/1994 2888/2888/1996
f 2829/2829/1953 2826/2826/1951 2886/2886/1995
f 2829/2829/1953 2886/2886/1995 2889/2889/1997
f 2830/2830/1954 2828/2828/1952 2888/2888/1996
f 2830/2830/1954 2888/2888/1996 2890/2890/1998
f 2831/2831/1955 2829/2829/1953 2889/2889/1997
f 2831/2831/1955 2889/2889/1997 2891/2891/1999
f 2811/2811/1937 2832/2832/1956 2892/2892/1982
f 2811/2811/1937 2892/2892/1982 2812/2812/1938
f 2833/2833/1957 2830/2830/1954 2890/2890/1998
f 2833/2833/1957 2890/2890/1998 2850/2850/1972
f 2834/2834/1958 2831/2831/1955 2891/2891/1999
f 2834/2834/1958 2891/2891/1999 2893/2893/1974
f 2894/2894/1982 2895/2895/1980 2896/2896/2000
f 2894/2894/1982 2896/2896/2000 2897/2897/2001
f 2898/2898/1939 2899/2899/1938 2900/2900/2002
f 2898/2898/1939 2900/2900/2002 2901/2901/2003
f 2902/2902/1984 2903/2903/1983 2904/2904/2004
f 2902/2902/1984 2904/2904/2004 2905/2905/2005
f 2873/2873/1985 2846/2846/1968 2849/2849/1971
f 2873/2873/1985 2849/2849/1971 2906/2906/2006
f 2907/2907/1986 2902/2902/1984 2905/2905/2005
f 2907/2907/1986 2905/2905/2005 2908/2908/2007
f 2874/2874/1987 2873/2873/1985 2906/2906/2006
f 2874/2874/1987 2906/2906/2006 2909/2909/2008
f 2910/2910/1988 2907/2907/1986 2908/2908/2007
f 2910/2910/1988 2908/2908/2007 2911/2911/2009
f 2912/2912/1989 2874/2874/1987 2909/2909/2008
f 2912/2912/1989 2909/2909/2008 2913/2913/2010
f 2914/2914/1990 2910/2910/1988 2911/2911/2009
f 2914/2914/1990 2911/2911/2009 2915/2915/2011
f 2916/2916/1991 2912/2912/1989 2913/2913/2010
f 2916/2916/1991 2913/2913/2010 2917/2917/2012
f 2884/2884/1992 2914/2914/1990 2915/2915/2011
f 2884/2884/1992 2915/2915/2011 2918/2918/2013
f 2919/2919/1993 2916/2916/1991 2917/2917/2012
f 2919/2919/1993 2917/2917/2012 2920/2920/2014
f 2885/2885/1994 2884/2884/1992 2918/2918/2013
f 2885/2885/1994 2918/2918/2013 2921/2921/2015
f 2922/2922/1995 2919/2919/1993 2920/2920/2014
f 2922/2922/1995 2920/2920/2014 2923/2923/2016
f 2924/2924/1996 2885/2885/1994 2921/2921/2015
f 2924/2924/1996 2921/2921/2015 2925/2925/2017
f 2926/2926/1997 2922/2922/1995 2923/2923/2016
f 2926/2926/1997 2923/2923/2016 2927/2927/2018
f 2928/2928/1998 2924/2924/1996 2925/2925/2017
f 2928/2928/1998 2925/2925/2017 2929/2929/2019
f 2930/2930/1999 2926/2926/1997 2927/2927/2018
f 2930/2930/1999 2927/2927/2018 2931/2931/2020
f 2932/2932/1972 2928/2928/1998 2929/2929/2019
f 2932/2932/1972 2929/2929/2019 2933/2933/2021
f 2854/2854/1974 2930/2930/1999 2931/2931/2020
f 2854/2854/1974 2931/2931/2020 2934/2934/2022
f 2935/2935/2023 2936/2936/2024 2937/2937/2025
f 2935/2935/2023 2937/2937/2025 2938/2938/2026
f 2939/2939/1973 2932/2932/1972 2933/2933/2021
f 2939/2939/1973 2933/2933/2021 2940/2940/2027
f 2855/2855/1975 2854/2854/1974 2934/2934/2022
f 2855/2855/1975 2934/2934/2022 2941/2941/2028
f 2942/2942/1976 2898/2898/1939 2901/2901/2003
f 2942/2942/1976 2901/2901/2003 2943/2943/2029
f 2944/2944/1977 2939/2939/1973 2940/2940/2027
f 2944/2944/1977 2940/2940/2027 2945/2945/2030
f 2859/2859/1978 2855/2855/1975 2941/2941/2028
f 2859/2859/1978 2941/2941/2028 2946/2946/2031
f 2947/2947/1979 2942/2942/1976 2943/2943/2029
f 2947/2947/1979 2943/2943/2029 2948/2948/2032
f 2895/2895/1980 2944/2944/1977 2945/2945/2030
f 2895/2895/1980 2945/2945/2030 2896/2896/2000
f 2949/2949/1981 2859/2859/1978 2946/2946/2031
f 2949/2949/1981 2946/2946/2031 2950/2950/2033
f 2847/2847/1969 2947/2947/1979 2948/2948/2032
f 2847/2847/1969 2948/2948/2032 2848/2848/1970
f 2903/2903/1983 2949/2949/1981 2950/2950/2033
f 2903/2903/1983 2950/2950/2033 2904/2904/2004
f 2951/2951/2034 2952/2952/2035 2953/2953/2036
f 2951/2951/2034 2953/2953/2036 2954/2954/2037
f 2955/2955/2038 2956/2956/2039 2900/2900/2002
f 2955/2955/2038 2900/2900/2002 2897/2897/2001
f 2957/2957/2040 2955/2955/2038 2897/2897/2001
f 2957/2957/2040 2897/2897/2001 2896/2896/2000
f 2952/2952/2035 2958/2958/2041 2959/2959/2042
f 2952/2952/2035 2959/2959/2042 2953/2953/2036
f 2956/2956/2039 2960/2960/2043 2901/2901/2003
f 2956/2956/2039 2901/2901/2003 2900/2900/2002
f 2961/2961/2042 2962/2962/2044 2963/2963/2045
f 2961/2961/2042 2963/2963/2045 2964/2964/2046
f 2958/2958/2041 2965/2965/2047 2966/2966/2044
f 2958/2958/2041 2966/2966/2044 2959/2959/2042
f 2960/2960/2043 2967/2967/2048 2943/2943/2029
f 2960/2960/2043 2943/2943/2029 2901/2901/2003
f 2962/2962/2044 2968/2968/2049 2969/2969/2050
f 2962/2962/2044 2969/2969/2050 2963/2963/2045
f 2965/2965/2047 2970/2970/2051 2971/2971/2049
f 2965/2965/2047 2971/2971/2049 2966/2966/2044
f 2967/2967/2048 2972/2972/2052 2948/2948/2032
f 2967/2967/2048 2948/2948/2032 2943/2943/2029
f 2968/2968/2049 2973/2973/2053 2974/2974/2054
f 2968/2968/2049 2974/2974/2054 2969/2969/2050
f 2970/2970/2051 2975/2975/2055 2976/2976/2053
f 2970/2970/2051 2976/2976/2053 2971/2971/2049
f 2972/2972/2052 2977/2977/2056 2848/2848/1970
f 2972/2972/2052 2848/2848/1970 2948/2948/2032
f 2973/2973/2053 2978/2978/2057 2979/2979/2058
f 2973/2973/2053 2979/2979/2058 2974/2974/2054
f 2975/2975/2055 2980/2980/2059 2981/2981/2057
f 2975/2975/2055 2981/2981/2057 2976/2976/2053
f 2977/2977/2056 2982/2982/2060 2849/2849/1971
f 2977/2977/2056 2849/2849/1971 2848/2848/1970
f 2978/2978/2057 2983/2983/2061 2984/2984/2062
f 2978/2978/2057 2984/2984/2062 2979/2979/2058
f 2980/2980/2059 2985/2985/2063 2986/2986/2061
f 2980/2980/2059 2986/2986/2061 2981/2981/2057
f 2982/2982/2060 2987/2987/2064 2906/2906/2006
f 2982/2982/2060 2906/2906/2006 2849/2849/1971
f 2988/2988/2061 2989/2989/2065 2990/2990/2066
f 2988/2988/2061 2990/2990/2066 2991/2991/2062
f 2985/2985/2063 2992/2992/2067 2993/2993/2065
f 2985/2985/2063 2993/2993/2065 2986/2986/2061
f 2987/2987/2064 2994/2994/2068 2909/2909/2008
f 2987/2987/2064 2909/2909/2008 2906/2906/2006
f 2989/2989/2065 2995/2995/2069 2996/2996/2070
f 2989/2989/2065 2996/2996/2070 2990/2990/2066
f 2992/2992/2067 2997/2997/2071 2998/2998/2069
f 2992/2992/2067 2998/2998/2069 2993/2993/2065
f 2994/2994/2068 2999/2999/2072 2913/2913/2010
f 2994/2994/2068 2913/2913/2010 2909/2909/2008
f 2995/2995/2069 3000/3000/2073 3001/3001/2074
f 2995/2995/2069 3001/3001/2074 2996/2996/2070
f 2997/2997/2071 3002/3002/2075 3003/3003/2073
f 2997/2997/2071 3003/3003/2073 2998/2998/2069
f 2999/2999/2072 3004/3004/2076 2917/2917/2012
f 2999/2999/2072 2917/2917/2012 2913/2913/2010
f 3000/3000/2073 3005/3005/2077 3006/3006/2078
f 3000/3000/2073 3006/3006/2078 3001/3001/2074
f 3002/3002/2075 3007/3007/2079 3008/3008/2077
f 3002/3002/2075 3008/3008/2077 3003/3003/2073
f 3004/3004/2076 3009/3009/2080 2920/2920/2014
f 3004/3004/2076 2920/2920/2014 2917/2917/2012
f 3005/3005/2077 3010/3010/2081 3011/3011/2082
f 3005/3005/2077 3011/3011/2082 3006/3006/2078
f 3007/3007/2079 3012/3012/2083 3013/3013/2081
f 3007/3007/2079 3013/3013/2081 3008/3008/2077
f 3009/3009/2080 3014/3014/2084 2923/2923/2016
f 3009/3009/2080 2923/2923/2016 2920/2920/2014
f 3010/3010/2081 3015/3015/2085 3016/3016/2086
f 3010/3010/2081 3016/3016/2086 3011/3011/2082
f 3012/3012/2083 3017/3017/2087 3018/3018/2085
f 3012/3012/2083 3018/3018/2085 3013/3013/2081
f 3014/3014/2084 3019/3019/2088 2927/2927/2018
f 3014/3014/2084 2927/2927/2018 2923/2923/2016
f 3015/3015/2085 3020/3020/2089 3021/3021/2090
f 3015/3015/2085 3021/3021/2090 3016/3016/2086
f 3017/3017/2087 3022/3022/2091 3023/3023/2089
f 3017/3017/2087 3023/3023/2089 3018/3018/2085
f 3019/3019/2088 3024/3024/2092 2931/2931/2020
f 3019/3019/2088 2931/2931/2020 2927/2927/2018
f 3020/3020/2089 3025/3025/2093 3026/3026/2094
f 3020/3020/2089 3026/3026/2094 3021/3021/2090
f 3022/3022/2091 3027/3027/2095 3028/3028/2093
f 3022/3022/2091 3028/3028/2093 3023/3023/2089
f 3024/3024/2092 3029/3029/2096 2934/2934/2022
f 3024/3024/2092 2934/2934/2022 2931/2931/2020
f 3025/3025/2093 3030/3030/2097 3031/3031/2098
f 3025/3025/2093 3031/3031/2098 3026/3026/2094
f 3027/3027/2095 3032/3032/2099 3033/3033/2097
f 3027/3027/2095 3033/3033/2097 3028/3028/2093
f 3029/3029/2096 3034/3034/2100 2941/2941/2028
f 3029/3029/2096 2941/2941/2028 2934/2934/2022
f 3035/3035/2097 3036/3036/2101 3037/3037/2102
f 3035/3035/2097 3037/3037/2102 3038/3038/2098
f 3032/3032/2099 3039/3039/2103 3040/3040/2101
f 3032/3032/2099 3040/3040/2101 3033/3033/2097
f 3034/3034/2100 3041/3041/2104 2946/2946/2031
f 3034/3034/2100 2946/2946/2031 2941/2941/2028
f 3036/3036/2101 3042/3042/2105 3043/3043/2106
f 3036/3036/2101 3043/3043/2106 3037/3037/2102
f 3039/3039/2103 3044/3044/2107 3045/3045/2105
f 3039/3039/2103 3045/3045/2105 3040/3040/2101
f 3041/3041/2104 3046/3046/2108 2950/2950/2033
f 3041/3041/2104 2950/2950/2033 2946/2946/2031
f 3042/3042/2105 3047/3047/2109 3048/3048/2110
f 3042/3042/2105 3048/3048/2110 3043/3043/2106
f 3044/3044/2107 3049/3049/2111 3050/3050/2109
f 3044/3044/2107 3050/3050/2109 3045/3045/2105
f 3046/3046/2108 3051/3051/2112 2904/2904/2004
f 3046/3046/2108 2904/2904/2004 2950/2950/2033
f 3047/3047/2109 3052/3052/2113 3053/3053/2114
f 3047/3047/2109 3053/3053/2114 3048/3048/2110
f 3049/3049/2111 3054/3054/2115 3055/3055/2113
f 3049/3049/2111 3055/3055/2113 3050/3050/2109
f 3051/3051/2112 3056/3056/2116 2905/2905/2005
f 3051/3051/2112 2905/2905/2005 2904/2904/2004
f 3052/3052/2113 3057/3057/2117 3058/3058/2118
f 3052/3052/2113 3058/3058/2118 3053/3053/2114
f 3054/3054/2115 3059/3059/2119 3060/3060/2117
f 3054/3054/2115 3060/3060/2117 3055/3055/2113
f 3056/3056/2116 3061/3061/2120 2908/2908/2007
f 3056/3056/2116 2908/2908/2007 2905/2905/2005
f 3057/3057/2117 3062/3062/2121 3063/3063/2122
f 3057/3057/2117 3063/3063/2122 3058/3058/2118
f 3059/3059/2119 3064/3064/2123 3065/3065/2121
f 3059/3059/2119 3065/3065/2121 3060/3060/2117
f 3061/3061/2120 3066/3066/2124 2911/2911/2009
f 3061/3061/2120 2911/2911/2009 2908/2908/2007
f 3062/3062/2121 3067/3067/2125 3068/3068/2126
f 3062/3062/2121 3068/3068/2126 3063/3063/2122
f 3064/3064/2123 3069/3069/2127 3070/3070/2125
f 3064/3064/2123 3070/3070/2125 3065/3065/2121
f 3066/3066/2124 3071/3071/2128 2915/2915/2011
f 3066/3066/2124 2915/2915/2011 2911/2911/2009
f 3067/3067/2125 3072/3072/2129 3073/3073/2130
f 3067/3067/2125 3073/3073/2130 3068/3068/2126
f 3069/3069/2127 3074/3074/2131 3075/3075/2129
f 3069/3069/2127 3075/3075/2129 3070/3070/2125
f 3071/3071/2128 3076/3076/2132 2918/2918/2013
f 3071/3071/2128 2918/2918/2013 2915/2915/2011
f 3072/3072/2129 3077/3077/2133 3078/3078/2134
f 3072/3072/2129 3078/3078/2134 3073/3073/2130
f 3074/3074/2131 3079/3079/2135 3080/3080/2133
f 3074/3074/2131 3080/3080/2133 3075/3075/2129
f 3076/3076/2132 3081/3081/2136 2921/2921/2015
f 3076/3076/2132 2921/2921/2015 2918/2918/2013
f 3082/3082/2133 3083/3083/2137 3084/3084/2138
f 3082/3082/2133 3084/3084/2138 3085/3085/2134
f 3079/3079/2135 3086/3086/2139 3087/3087/2137
f 3079/3079/2135 3087/3087/2137 3080/3080/2133
f 3081/3081/2136 3088/3088/2140 2925/2925/2017
f 3081/3081/2136 2925/2925/2017 2921/2921/2015
f 3083/3083/2137 3089/3089/2141 3090/3090/2142
f 3083/3083/2137 3090/3090/2142 3084/3084/2138
f 3086/3086/2139 3091/3091/2143 3092/3092/2141
f 3086/3086/2139 3092/3092/2141 3087/3087/2137
f 3088/3088/2140 3093/3093/2144 2929/2929/2019
f 3088/3088/2140 2929/2929/2019 2925/2925/2017
f 3089/3089/2141 3094/3094/2145 3095/3095/2146
f 3089/3089/2141 3095/3095/2146 3090/3090/2142
f 3091/3091/2143 3096/3096/2147 3097/3097/2145
f 3091/3091/2143 3097/3097/2145 3092/3092/2141
f 3093/3093/2144 3098/3098/2148 2933/2933/2021
f 3093/3093/2144 2933/2933/2021 2929/2929/2019
f 3094/3094/2145 3099/3099/2149 3100/3100/2150
f 3094/3094/2145 3100/3100/2150 3095/3095/2146
f 3096/3096/2147 3101/3101/2151 3102/3102/2149
f 3096/3096/2147 3102/3102/2149 3097/3097/2145
f 3098/3098/2148 3103/3103/2152 2940/2940/2027
f 3098/3098/2148 2940/2940/2027 2933/2933/2021
f 3099/3099/2149 3104/3104/2153 3105/3105/2154
f 3099/3099/2149 3105/3105/2154 3100/3100/2150
f 3101/3101/2151 3106/3106/2155 3107/3107/2153
f 3101/3101/2151 3107/3107/2153 3102/3102/2149
f 3103/3103/2152 3108/3108/2156 2945/2945/2030
f 3103/3103/2152 2945/2945/2030 2940/2940/2027
f 3104/3104/2153 3109/3109/2157 3110/3110/2158
f 3104/3104/2153 3110/3110/2158 3105/3105/2154
f 3106/3106/2155 3111/3111/2159 3112/3112/2157
f 3106/3106/2155 3112/3112/2157 3107/3107/2153
f 3108/3108/2156 2957/2957/2040 2896/2896/2000
f 3108/3108/2156 2896/2896/2000 2945/2945/2030
f 3111/3111/2159 2951/2951/2034 2954/2954/2037
f 3111/3111/2159 2954/2954/2037 3112/3112/2157
f 3113/3113/2037 3114/3114/2036 3115/3115/2160
f 3113/3113/2037 3115/3115/2160 3116/3116/2161
f 3114/3114/2036 2961/2961/2042 2964/2964/2046
f 3114/3114/2036 2964/2964/2046 3115/3115/2160
f 2899/2899/1938 2894/2894/1982 2897/2897/2001
f 2899/2899/1938 2897/2897/2001 2900/2900/2002
f 2956/2956/2039 2955/2955/2038 3117/3117/2161
f 2956/2956/2039 3117/3117/2161 3118/3118/2160
f 2960/2960/2043 2956/2956/2039 3118/3118/2160
f 2960/2960/2043 3118/3118/2160 3119/3119/2046
f 2967/2967/2048 2960/2960/2043 3119/3119/2046
f 2967/2967/2048 3119/3119/2046 3120/3120/2045
f 2972/2972/2052 2967/2967/2048 3120/3120/2045
f 2972/2972/2052 3120/3120/2045 3121/3121/2050
f 2977/2977/2056 2972/2972/2052 3121/3121/2050
f 2977/2977/2056 3121/3121/2050 3122/3122/2054
f 2982/2982/2060 2977/2977/2056 3122/3122/2054
f 2982/2982/2060 3122/3122/2054 3123/3123/2058
f 2987/2987/2064 2982/2982/2060 3123/3123/2058
f 2987/2987/2064 3123/3123/2058 3124/3124/2062
f 2994/2994/2068 2987/2987/2064 3124/3124/2062
f 2994/2994/2068 3124/3124/2062 3125/3125/2066
f 2999/2999/2072 2994/2994/2068 3125/3125/2066
f 2999/2999/2072 3125/3125/2066 3126/3126/2070
f 3004/3004/2076 2999/2999/2072 3126/3126/2070
f 3004/3004/2076 3126/3126/2070 3127/3127/2074
f 3009/3009/2080 3004/3004/2076 3127/3127/2074
f 3009/3009/2080 3127/3127/2074 3128/3128/2078
f 3014/3014/2084 3009/3009/2080 3128/3128/2078
f 3014/3014/2084 3128/3128/2078 3129/3129/2082
f 3019/3019/2088 3014/3014/2084 3129/3129/2082
f 3019/3019/2088 3129/3129/2082 3130/3130/2086
f 3024/3024/2092 3019/3019/2088 3130/3130/2086
f 3024/3024/2092 3130/3130/2086 3131/3131/2090
f 3029/3029/2096 3024/3024/2092 3131/3131/2090
f 3029/3029/2096 3131/3131/2090 3132/3132/2094
f 3034/3034/2100 3029/3029/2096 3132/3132/2094
f 3034/3034/2100 3132/3132/2094 3133/3133/2098
f 3041/3041/2104 3034/3034/2100 3133/3133/2098
f 3041/3041/2104 3133/3133/2098 3134/3134/2102
f 3046/3046/2108 3041/3041/2104 3134/3134/2102
f 3046/3046/2108 3134/3134/2102 3135/3135/2106
f 3051/3051/2112 3046/3046/2108 3135/3135/2106
f 3051/3051/2112 3135/3135/2106 3136/3136/2110
f 3056/3056/2116 3051/3051/2112 3136/3136/2110
f 3056/3056/2116 3136/3136/2110 3137/3137/2114
f 3061/3061/2120 3056/3056/2116 3137/3137/2114
f 3061/3061/2120 3137/3137/2114 3138/3138/2118
f 3066/3066/2124 3061/3061/2120 3138/3138/2118
f 3066/3066/2124 3138/3138/2118 3139/3139/2122
f 3071/3071/2128 3066/3066/2124 3139/3139/2122
f 3071/3071/2128 3139/3139/2122 3140/3140/2126
f 3076/3076/2132 3071/3071/2128 3140/3140/2126
f 3076/3076/2132 3140/3140/2126 3141/3141/2130
f 3081/3081/2136 3076/3076/2132 3141/3141/2130
f 3081/3081/2136 3141/3141/2130 3142/3142/2134
f 3088/3088/2140 3081/3081/2136 3142/3142/2134
f 3088/3088/2140 3142/3142/2134 3143/3143/2138
f 3093/3093/2144 3088/3088/2140 3143/3143/2138
f 3093/3093/2144 3143/3143/2138 3144/3144/2142
f 3098/3098/2148 3093/3093/2144 3144/3144/2142
f 3098/3098/2148 3144/3144/2142 3145/3145/2146
f 3103/3103/2152 3098/3098/2148 3145/3145/2146
f 3103/3103/2152 3145/3145/2146 3146/3146/2150
f 3108/3108/2156 3103/3103/2152 3146/3146/2150
f 3108/3108/2156 3146/3146/2150 3147/3147/2154
f 2957/2957/2040 3108/3108/2156 3147/3147/2154
f 2957/2957/2040 3147/3147/2154 3148/3148/2158
f 2955/2955/2038 2957/2957/2040 3148/3148/2158
f 2955/2955/2038 3148/3148/2158 3117/3117/2161
f 3109/3109/2157 3149/3149/2037 3150/3150/2161
f 3109/3109/2157 3150/3150/2161 3110/3110/2158
f 3151/3151/2162 3152/3152/2163 2952/2952/2035
f 3151/3151/2162 2952/2952/2035 2951/2951/2034
f 3152/3152/2163 3153/3153/2164 2958/2958/2041
f 3152/3152/2163 2958/2958/2041 2952/2952/2035
f 3153/3153/2164 3154/3154/2165 2965/2965/2047
f 3153/3153/2164 2965/2965/2047 2958/2958/2041
f 3154/3154/2165 3155/3155/2166 2970/2970/2051
f 3154/3154/2165 2970/2970/2051 2965/2965/2047
f 3155/3155/2166 3156/3156/2167 2975/2975/2055
f 3155/3155/2166 2975/2975/2055 2970/2970/2051
f 3156/3156/2167 3157/3157/2168 2980/2980/2059
f 3156/3156/2167 2980/2980/2059 2975/2975/2055
f 3157/3157/2168 3158/3158/2169 2985/2985/2063
f 3157/3157/2168 2985/2985/2063 2980/2980/2059
f 3158/3158/2169 3159/3159/2170 2992/2992/2067
f 3158/3158/2169 2992/2992/2067 2985/2985/2063
f 3159/3159/2170 3160/3160/2171 2997/2997/2071
f 3159/3159/2170 2997/2997/2071 2992/2992/2067
f 3160/3160/2171 3161/3161/2172 3002/3002/2075
f 3160/3160/2171 3002/3002/2075 2997/2997/2071
f 3161/3161/2172 3162/3162/2173 3007/3007/2079
f 3161/3161/2172 3007/3007/2079 3002/3002/2075
f 3162/3162/2173 3163/3163/2174 3012/3012/2083
f 3162/3162/2173 3012/3012/2083 3007/3007/2079
f 3163/3163/2174 3164/3164/2175 3017/3017/2087
f 3163/3163/2174 3017/3017/2087 3012/3012/2083
f 3164/3164/2175 3165/3165/2176 3022/3022/2091
f 3164/3164/2175 3022/3022/2091 3017/3017/2087
f 3165/3165/2176 3166/3166/2177 3027/3027/2095
f 3165/3165/2176 3027/3027/2095 3022/3022/2091
f 3166/3166/2177 3167/3167/2178 3032/3032/2099
f 3166/3166/2177 3032/3032/2099 3027/3027/2095
f 3167/3167/2178 3168/3168/2179 3039/3039/2103
f 3167/3167/2178 3039/3039/2103 3032/3032/2099
f 3168/3168/2179 3169/3169/2180 3044/3044/2107
f 3168/3168/2179 3044/3044/2107 3039/3039/2103
f 3169/3169/2180 3170/3170/2181 3049/3049/2111
f 3169/3169/2180 3049/3049/2111 3044/3044/2107
f 3170/3170/2181 3171/3171/2182 3054/3054/2115
f 3170/3170/2181 3054/3054/2115 3049/3049/2111
f 3171/3171/2182 3172/3172/2183 3059/3059/2119
f 3171/3171/2182 3059/3059/2119 3054/3054/2115
f 3172/3172/2183 3173/3173/2184 3064/3064/2123
f 3172/3172/2183 3064/3064/2123 3059/3059/2119
f 3173/3173/2184 3174/3174/2185 3069/3069/2127
f 3173/3173/2184 3069/3069/2127 3064/3064/2123
f 3174/3174/2185 3175/3175/2186 3074/3074/2131
f 3174/3174/2185 3074/3074/2131 3069/3069/2127
f 3175/3175/2186 3176/3176/2187 3079/3079/2135
f 3175/3175/2186 3079/3079/2135 3074/3074/2131
f 3176/3176/2187 3177/3177/2188 3086/3086/2139
f 3176/3176/2187 3086/3086/2139 3079/3079/2135
f 3177/3177/2188 3178/3178/2189 3091/3091/2143
f 3177/3177/2188 3091/3091/2143 3086/3086/2139
f 3178/3178/2189 3179/3179/2190 3096/3096/2147
f 3178/3178/2189 3096/3096/2147 3091/3091/2143
f 3179/3179/2190 3180/3180/2191 3101/3101/2151
f 3179/3179/2190 3101/3101/2151 3096/3096/2147
f 3180/3180/2191 3181/3181/2192 3106/3106/2155
f 3180/3180/2191 3106/3106/2155 3101/3101/2151
f 3181/3181/2192 3182/3182/2193 3111/3111/2159
f 3181/3181/2192 3111/3111/2159 3106/3106/2155
f 3182/3182/2193 3151/3151/2162 2951/2951/2034
f 3182/3182/2193 2951/2951/2034 3111/3111/2159
f 3183/3183/2194 3184/3184/2195 3185/3185/2196
f 3183/3183/2194 3185/3185/2196 3186/3186/2197
f 3187/3187/2198 2935/2935/2023 2938/2938/2026
f 3187/3187/2198 2938/2938/2026 3188/3188/2199
f 3189/3189/2200 3183/3183/2194 3186/3186/2197
f 3189/3189/2200 3186/3186/2197 3190/3190/2201
f 3191/3191/2202 3192/3192/2203 3193/3193/2204
f 3191/3191/2202 3193/3193/2204 3194/3194/2205
f 3195/3195/2206 3187/3187/2198 3188/3188/2199
f 3195/3195/2206 3188/3188/2199 3196/3196/2207
f 3197/3197/2208 3189/3189/2200 3190/3190/2201
f 3197/3197/2208 3190/3190/2201 3198/3198/2209
f 3199/3199/2210 3191/3191/2202 3194/3194/2205
f 3199/3199/2210 3194/3194/2205 3200/3200/2211
f 3201/3201/2212 3195/3195/2206 3196/3196/2207
f 3201/3201/2212 3196/3196/2207 3202/3202/2213
f 3203/3203/2214 3197/3197/2208 3198/3198/2209
f 3203/3203/2214 3198/3198/2209 3204/3204/2215
f 3205/3205/2216 3199/3199/2210 3200/3200/2211
f 3205/3205/2216 3200/3200/2211 3206/3206/2217
f 3207/3207/2218 3201/3201/2212 3202/3202/2213
f 3207/3207/2218 3202/3202/2213 3208/3208/2219
f 3209/3209/2220 3210/3210/2214 3211/3211/2215
f 3209/3209/2220 3211/3211/2215 3212/3212/2221
f 3213/3213/2222 3205/3205/2216 3206/3206/2217
f 3213/3213/2222 3206/3206/2217 3214/3214/2223
f 3215/3215/2224 3207/3207/2218 3208/3208/2219
f 3215/3215/2224 3208/3208/2219 3216/3216/2225
f 3217/3217/2226 3209/3209/2220 3212/3212/2221
f 3217/3217/2226 3212/3212/2221 3218/3218/2227
f 3219/3219/2228 3213/3213/2222 3214/3214/2223
f 3219/3219/2228 3214/3214/2223 3220/3220/2229
f 3221/3221/2203 3215/3215/2224 3216/3216/2225
f 3221/3221/2203 3216/3216/2225 3222/3222/2204
f 3223/3223/2230 3217/3217/2226 3218/3218/2227
f 3223/3223/2230 3218/3218/2227 3224/3224/2231
f 3225/3225/2232 3219/3219/2228 3220/3220/2229
f 3225/3225/2232 3220/3220/2229 3226/3226/2233
f 3227/3227/2234 3223/3223/2230 3224/3224/2231
f 3227/3227/2234 3224/3224/2231 3228/3228/2235
f 3229/3229/2236 3225/3225/2232 3226/3226/2233
f 3229/3229/2236 3226/3226/2233 3230/3230/2237
f 3231/3231/2238 3227/3227/2234 3228/3228/2235
f 3231/3231/2238 3228/3228/2235 3232/3232/2239
f 3233/3233/2240 3234/3234/2236 3235/3235/2237
f 3233/3233/2240 3235/3235/2237 3236/3236/2241
f 3237/3237/2242 3231/3231/2238 3232/3232/2239
f 3237/3237/2242 3232/3232/2239 3238/3238/2243
f 3239/3239/2244 3233/3233/2240 3236/3236/2241
f 3239/3239/2244 3236/3236/2241 3240/3240/2245
f 3241/3241/2246 3237/3237/2242 3238/3238/2243
f 3241/3241/2246 3238/3238/2243 3242/3242/2247
f 3243/3243/2248 3239/3239/2244 3240/3240/2245
f 3243/3243/2248 3240/3240/2245 3244/3244/2249
f 3245/3245/2250 3241/3241/2246 3242/3242/2247
f 3245/3245/2250 3242/3242/2247 3246/3246/2251
f 3247/3247/2252 3243/3243/2248 3244/3244/2249
f 3247/3247/2252 3244/3244/2249 3248/3248/2253
f 3249/3249/2024 3245/3245/2250 3246/3246/2251
f 3249/3249/2024 3246/3246/2251 3250/3250/2025
f 3184/3184/2195 3247/3247/2252 3248/3248/2253
f 3184/3184/2195 3248/3248/2253 3185/3185/2196
f 893/893/533 892/892/532 888/888/528
f 893/893/533 888/888/528 823/823/471
f 897/897/537 896/896/536 886/886/526
f 897/897/537 886/886/526 608/608/307
f 892/892/532 899/899/539 882/882/524
f 892/892/532 882/882/524 888/888/528
f 896/896/536 901/901/541 880/880/522
f 896/896/536 880/880/522 886/886/526
f 899/899/539 3251/3251/543 883/883/520
f 899/899/539 883/883/520 882/882/524
f 901/901/541 907/907/545 876/876/518
f 901/901/541 876/876/518 880/880/522
f 904/904/543 909/909/547 874/874/516
f 904/904/543 874/874/516 878/878/520
f 907/907/545 911/911/549 872/872/514
f 907/907/545 872/872/514 876/876/518
f 909/909/547 913/913/551 868/868/512
f 909/909/547 868/868/512 874/874/516
f 911/911/549 915/915/553 866/866/510
f 911/911/549 866/866/510 872/872/514
f 919/919/557 918/918/556 864/864/508
f 919/919/557 864/864/508 870/870/487
f 913/913/551 921/921/559 862/862/506
f 913/913/551 862/862/506 868/868/512
f 915/915/553 923/923/561 858/858/504
f 915/915/553 858/858/504 866/866/510
f 918/918/556 925/925/563 856/856/502
f 918/918/556 856/856/502 864/864/508
f 921/921/559 927/927/565 854/854/500
f 921/921/559 854/854/500 862/862/506
f 923/923/561 929/929/567 859/859/498
f 923/923/561 859/859/498 858/858/504
f 925/925/563 931/931/569 850/850/496
f 925/925/563 850/850/496 856/856/502
f 927/927/565 933/933/571 848/848/494
f 927/927/565 848/848/494 854/854/500
f 937/937/567 936/936/573 846/846/492
f 937/937/567 846/846/492 852/852/498
f 931/931/569 939/939/575 844/844/490
f 931/931/569 844/844/490 850/850/496
f 933/933/571 941/941/577 840/840/486
f 933/933/571 840/840/486 848/848/494
f 936/936/573 943/943/579 838/838/484
f 936/936/573 838/838/484 846/846/492
f 939/939/575 945/945/581 836/836/482
f 939/939/575 836/836/482 844/844/490
f 941/941/577 947/947/557 841/841/487
f 941/941/577 841/841/487 840/840/486
f 943/943/579 949/949/583 834/834/480
f 943/943/579 834/834/480 838/838/484
f 945/945/581 951/951/585 830/830/478
f 945/945/581 830/830/478 836/836/482
f 949/949/583 953/953/587 828/828/476
f 949/949/583 828/828/476 834/834/480
f 951/951/585 955/955/589 831/831/474
f 951/951/585 831/831/474 830/830/478
f 953/953/587 957/957/591 822/822/470
f 953/953/587 822/822/470 828/828/476
f 961/961/589 960/960/593 607/607/306
f 961/961/589 607/607/306 826/826/474
f 957/957/591 893/893/533 823/823/471
f 957/957/591 823/823/471 822/822/470
f 960/960/593 897/897/537 608/608/307
f 960/960/593 608/608/307 607/607/306
f 865/865/509 857/857/503 1030/1030/656
f 865/865/509 1030/1030/656 971/971/603
f 863/863/507 855/855/501 1028/1028/654
f 863/863/507 1028/1028/654 967/967/599
f 861/861/505 860/860/499 1032/1032/652
f 861/861/505 1032/1032/652 819/819/467
f 857/857/503 851/851/497 1024/1024/650
f 857/857/503 1024/1024/650 1030/1030/656
f 855/855/501 849/849/495 1022/1022/648
f 855/855/501 1022/1022/648 1028/1028/654
f 853/853/499 847/847/493 1020/1020/646
f 853/853/499 1020/1020/646 1026/1026/652
f 851/851/497 845/845/491 1018/1018/644
f 851/851/497 1018/1018/644 1024/1024/650
f 849/849/495 843/843/489 1014/1014/642
f 849/849/495 1014/1014/642 1022/1022/648
f 847/847/493 839/839/485 1012/1012/640
f 847/847/493 1012/1012/640 1020/1020/646
f 845/845/491 837/837/483 1010/1010/638
f 845/845/491 1010/1010/638 1018/1018/644
f 843/843/489 842/842/488 1015/1015/602
f 843/843/489 1015/1015/602 1014/1014/642
f 839/839/485 835/835/481 1008/1008/636
f 839/839/485 1008/1008/636 1012/1012/640
f 837/837/483 833/833/479 1004/1004/634
f 837/837/483 1004/1004/634 1010/1010/638
f 835/835/481 829/829/477 1002/1002/632
f 835/835/481 1002/1002/632 1008/1008/636
f 833/833/479 832/832/475 1005/1005/630
f 833/833/479 1005/1005/630 1004/1004/634
f 829/829/477 825/825/473 998/998/628
f 829/829/477 998/998/628 1002/1002/632
f 827/827/475 610/610/309 996/996/626
f 827/827/475 996/996/626 1000/1000/630
f 825/825/473 824/824/472 994/994/624
f 825/825/473 994/994/624 998/998/628
f 610/610/309 609/609/308 992/992/622
f 610/610/309 992/992/622 996/996/626
f 824/824/472 889/889/529 990/990/620
f 824/824/472 990/990/620 994/994/624
f 609/609/308 887/887/527 988/988/618
f 609/609/308 988/988/618 992/992/622
f 889/889/529 885/885/525 984/984/616
f 889/889/529 984/984/616 990/990/620
f 887/887/527 881/881/523 982/982/614
f 887/887/527 982/982/614 988/988/618
f 885/885/525 884/884/521 985/985/612
f 885/885/525 985/985/612 984/984/616
f 881/881/523 877/877/519 978/978/610
f 881/881/523 978/978/610 982/982/614
f 879/879/521 875/875/517 976/976/608
f 879/879/521 976/976/608 980/980/612
f 877/877/519 873/873/515 974/974/606
f 877/877/519 974/974/606 978/978/610
f 875/875/517 869/869/513 966/966/598
f 875/875/517 966/966/598 976/976/608
f 873/873/515 867/867/511 818/818/466
f 873/873/515 818/818/466 974/974/606
f 871/871/488 865/865/509 971/971/603
f 871/871/488 971/971/603 970/970/602
f 869/869/513 863/863/507 967/967/599
f 869/869/513 967/967/599 966/966/598
f 867/867/511 861/861/505 819/819/467
f 867/867/511 819/819/467 818/818/466
f 3252/3252/2174 3253/3253/2173 3247/3247/2252
f 3252/3252/2174 3247/3247/2252 3184/3184/2195
f 3254/3254/2187 3255/3255/2186 3245/3245/2250
f 3254/3254/2187 3245/3245/2250 3249/3249/2024
f 3253/3253/2173 3256/3256/2172 3243/3243/2248
f 3253/3253/2173 3243/3243/2248 3247/3247/2252
f 3255/3255/2186 3257/3257/2185 3241/3241/2246
f 3255/3255/2186 3241/3241/2246 3245/3245/2250
f 3256/3256/2172 3258/3258/2171 3239/3239/2244
f 3256/3256/2172 3239/3239/2244 3243/3243/2248
f 3257/3257/2185 3259/3259/2184 3237/3237/2242
f 3257/3257/2185 3237/3237/2242 3241/3241/2246
f 3258/3258/2171 3260/3260/2170 3233/3233/2240
f 3258/3258/2171 3233/3233/2240 3239/3239/2244
f 3259/3259/2184 3261/3261/2183 3231/3231/2238
f 3259/3259/2184 3231/3231/2238 3237/3237/2242
f 3260/3260/2170 3262/3262/2169 3234/3234/2236
f 3260/3260/2170 3234/3234/2236 3233/3233/2240
f 3261/3261/2183 3263/3263/2182 3227/3227/2234
f 3261/3261/2183 3227/3227/2234 3231/3231/2238
f 3264/3264/2169 3265/3265/2168 3225/3225/2232
f 3264/3264/2169 3225/3225/2232 3229/3229/2236
f 3263/3263/2182 3266/3266/2181 3223/3223/2230
f 3263/3263/2182 3223/3223/2230 3227/3227/2234
f 3265/3265/2168 3267/3267/2167 3219/3219/2228
f 3265/3265/2168 3219/3219/2228 3225/3225/2232
f 3266/3266/2181 3268/3268/2180 3217/3217/2226
f 3266/3266/2181 3217/3217/2226 3223/3223/2230
f 3269/3269/2162 3270/3270/2193 3215/3215/2224
f 3269/3269/2162 3215/3215/2224 3221/3221/2203
f 3267/3267/2167 3271/3271/2166 3213/3213/2222
f 3267/3267/2167 3213/3213/2222 3219/3219/2228
f 3268/3268/2180 3272/3272/2179 3209/3209/2220
f 3268/3268/2180 3209/3209/2220 3217/3217/2226
f 3270/3270/2193 3273/3273/2192 3207/3207/2218
f 3270/3270/2193 3207/3207/2218 3215/3215/2224
f 3271/3271/2166 3274/3274/2165 3205/3205/2216
f 3271/3271/2166 3205/3205/2216 3213/3213/2222
f 3272/3272/2179 3275/3275/2178 3210/3210/2214
f 3272/3272/2179 3210/3210/2214 3209/3209/2220
f 3273/3273/2192 3276/3276/2191 3201/3201/2212
f 3273/3273/2192 3201/3201/2212 3207/3207/2218
f 3274/3274/2165 3277/3277/2164 3199/3199/2210
f 3274/3274/2165 3199/3199/2210 3205/3205/2216
f 3278/3278/2178 3279/3279/2177 3197/3197/2208
f 3278/3278/2178 3197/3197/2208 3203/3203/2214
f 3276/3276/2191 3280/3280/2190 3195/3195/2206
f 3276/3276/2191 3195/3195/2206 3201/3201/2212
f 3277/3277/2164 3281/3281/2163 3191/3191/2202
f 3277/3277/2164 3191/3191/2202 3199/3199/2210
f 3279/3279/2177 3282/3282/2176 3189/3189/2200
f 3279/3279/2177 3189/3189/2200 3197/3197/2208
f 3280/3280/2190 3283/3283/2189 3187/3187/2198
f 3280/3280/2190 3187/3187/2198 3195/3195/2206
f 3281/3281/2163 3284/3284/2162 3192/3192/2203
f 3281/3281/2163 3192/3192/2203 3191/3191/2202
f 3282/3282/2176 3285/3285/2175 3183/3183/2194
f 3282/3282/2176 3183/3183/2194 3189/3189/2200
f 3283/3283/2189 3286/3286/2188 2935/2935/2023
f 3283/3283/2189 2935/2935/2023 3187/3187/2198
f 3285/3285/2175 3252/3252/2174 3184/3184/2195
f 3285/3285/2175 3184/3184/2195 3183/3183/2194
f 3286/3286/2188 3287/3287/2187 2936/2936/2024
f 3286/3286/2188 2936/2936/2024 2935/2935/2023
f 3288/3288/2254 3289/3289/2254 3290/3290/2254
f 3289/3289/2254 3288/3288/2254 3291/3291/2254
f 3291/3291/2254 3288/3288/2254 3292/3292/2254
f 3291/3291/2254 3292/3292/2254 3293/3293/2254
f 3293/3293/2254 3292/3292/2254 3294/3294/2254
f 3293/3293/2254 3294/3294/2254 3295/3295/2254
f 3295/3295/2254 3294/3294/2254 3296/3296/2254
f 3295/3295/2254 3296/3296/2254 3297/3297/2254
f 3297/3297/2254 3296/3296/2254 3298/3298/2254
f 3297/3297/2254 3298/3298/2254 3299/3299/2254
f 3299/3299/2254 3298/3298/2254 3300/3300/2254
f 3299/3299/2254 3300/3300/2254 3301/3301/2254
f 3301/3301/2254 3300/3300/2254 3302/3302/2254
f 3301/3301/2254 3302/3302/2254 3303/3303/2254
f 3303/3303/2254 3302/3302/2254 3304/3304/2254
f 3303/3303/2254 3304/3304/2254 3305/3305/2254
f 3305/3305/2254 3304/3304/2254 3306/3306/2254
f 3305/3305/2254 3306/3306/2254 3307/3307/2254
f 3307/3307/2254 3306/3306/2254 3308/3308/2254
f 3307/3307/2254 3308/3308/2254 3309/3309/2254
f 3309/3309/2254 3308/3308/2254 3310/3310/2254
f 3309/3309/2254 3310/3310/2254 3311/3311/2254
f 3311/3311/2254 3310/3310/2254 3312/3312/2254
f 3311/3311/2254 3312/3312/2254 3313/3313/2254
f 3313/3313/2254 3312/3312/2254 3314/3314/2254
f 3313/3313/2254 3314/3314/2254 3315/3315/2254
f 3315/3315/2254 3314/3314/2254 3316/3316/2254
f 3315/3315/2254 3316/3316/2254 3317/3317/2254
f 3317/3317/2254 3316/3316/2254 3318/3318/2254
f 3317/3317/2254 3318/3318/2254 3319/3319/2254
f 3320/3320/2225 3321/3321/2205 3322/3322/2204
f 3321/3321/2205 3320/3320/2225 3323/3323/2219
f 3321/3321/2205 3323/3323/2219 3324/3324/2211
f 3324/3324/2211 3323/3323/2219 3325/3325/2213
f 3324/3324/2211 3325/3325/2213 3326/3326/2217
f 3326/3326/2217 3325/3325/2213 3327/3327/2223
f 3327/3327/2223 3325/3325/2213 3328/3328/2207
f 3327/3327/2223 3328/3328/2207 3329/3329/2229
f 3329/3329/2229 3328/3328/2207 3330/3330/2199
f 3329/3329/2229 3330/3330/2199 3331/3331/2026
f 3329/3329/2229 3331/3331/2026 3332/3332/2233
f 3332/3332/2233 3331/3331/2026 3333/3333/2237
f 3333/3333/2237 3331/3331/2026 3334/3334/2025
f 3333/3333/2237 3334/3334/2025 3335/3335/2251
f 3333/3333/2237 3335/3335/2251 3336/3336/2241
f 3336/3336/2241 3335/3335/2251 3337/3337/2245
f 3337/3337/2245 3335/3335/2251 3338/3338/2247
f 3337/3337/2245 3338/3338/2247 3339/3339/2249
f 3339/3339/2249 3338/3338/2247 3340/3340/2243
f 3339/3339/2249 3340/3340/2243 3341/3341/2253
f 3341/3341/2253 3340/3340/2243 3342/3342/2239
f 3341/3341/2253 3342/3342/2239 3343/3343/2235
f 3341/3341/2253 3343/3343/2235 3344/3344/2196
f 3344/3344/2196 3343/3343/2235 3345/3345/2231
f 3344/3344/2196 3345/3345/2231 3346/3346/2197
f 3346/3346/2197 3345/3345/2231 3347/3347/2227
f 3346/3346/2197 3347/3347/2227 3348/3348/2201
f 3348/3348/2201 3347/3347/2227 3349/3349/2209
f 3349/3349/2209 3347/3347/2227 3350/3350/2221
f 3349/3349/2209 3350/3350/2221 3351/3351/2215
# Vertices: 3129, normals: 2178, texture coordinates: 3129, faces: 4412

o obj3
v 4.69139099 0.46991685 -4.69139004
v -4.69139051 0.46991685 -4.69139051
v -9E-08 0.46991685 -6.6346283
v -6.6346283 0.46991685 3.6E-07
v 6.6346283 0.46991685 -1E-08
v 4.69139099 0.46991685 4.69138956
v -4.69139051 0.46991685 4.69139051
v 4.9E-07 0.46991685 6.6346283
v 0.49205986 5.37325335 -1.51441169
v -0.492062 5.37325335 -1.51441097
v 5E-08 5.37325335 -1.59234595
v 0.93595594 5.37325335 -1.28823614
v -0.93595755 5.37325335 -1.28823495
v 1.288234 5.37325335 -0.93595904
v -1.28823519 5.37325335 -0.93595743
v 1.51441061 5.37325335 -0.49206352
v -1.51441133 5.37325335 -0.49206182
v 1.59234631 5.37325335 -1.37E-06
v -1.59234619 5.37325335 2.4E-07
v 1.51441157 5.37325335 0.49206093
v -1.51441121 5.37325335 0.49206227
v 1.28823578 5.37325335 0.9359569
v -1.28823519 5.37325335 0.93595767
v 0.93595839 5.37325335 1.28823483
v -0.93595749 5.37325335 1.28823543
v 0.49206278 5.37325335 1.51441121
v -0.49206167 5.37325335 1.51441157
v 5.7E-07 5.37325335 1.59234631
v 0.23459207 6.57292652 -0.72200376
v -0.23459314 6.57292652 -0.72200346
v -1E-08 6.57292652 -0.75915933
v 0.4462218 6.57292652 -0.61417347
v -0.44622263 6.57292652 -0.61417282
v 0.61417222 6.57292652 -0.4462235
v -0.61417276 6.57292652 -0.44622272
v 0.7220031 6.57292652 -0.23459402
v -0.72200346 6.57292652 -0.2345932
v 0.75915933 6.57292652 -8.1E-07
v -0.75915933 6.57292652 -4E-08
v 0.72200358 6.57292652 0.23459242
v -0.7220034 6.57292652 0.23459306
v 0.61417311 6.57292652 0.44622213
v -0.61417276 6.57292652 0.44622254
v 0.44622299 6.57292652 0.6141724
v -0.44622257 6.57292652 0.6141727
v 0.23459344 6.57292652 0.72200316
v -0.23459297 6.57292652 0.7220034
v 2.3E-07 6.57292652 0.75915927
vn -0 -1 -0
vn 0 -1 -0
vn 0 -1 -0
vt 0.79342 0.43864
vt 0.56136 0.99891
vt 0.79342 0.76684
vt 0.23316 0.99891
vt 0.56136 0.20658
vt 0.23316 0.20658
vt 0.00109 0.76684
vt 0.00109 0.43864
vt 0.19444 0.05602
vt 0.20439 0.11884
vt 0.20439 0.08664
vt 0.17551 0.02997
vt 0.19444 0.14946
vt 0.14946 0.01104
vt 0.17551 0.17551
vt 0.11884 0.00109
vt 0.14946 0.19444
vt 0.08664 0.00109
vt 0.11884 0.20439
vt 0.05602 0.01104
vt 0.08664 0.20439
vt 0.02997 0.02997
vt 0.05602 0.19444
vt 0.01104 0.05602
vt 0.02997 0.17551
vt 0.00109 0.08664
vt 0.01104 0.14946
vt 0.00109 0.11884
vt 0.87877 0.91575
vt 0.89253 0.94277
vt 0.88779 0.92817
vt 0.86635 0.90673
vt 0.89253 0.95812
vt 0.85175 0.90198
vt 0.88779 0.97272
vt 0.8364 0.90198
vt 0.87877 0.98514
vt 0.8218 0.90673
vt 0.86635 0.99416
vt 0.80938 0.91575
vt 0.85175 0.99891
vt 0.80035 0.92817
vt 0.8364 0.99891
vt 0.79561 0.94277
vt 0.8218 0.99416
vt 0.79561 0.95812
vt 0.80938 0.98514
vt 0.80035 0.97272
usemtl mat2
f 3352/3352/2255 3353/3353/2255 3354/3354/2255
f 3353/3353/2255 3352/3352/2255 3355/3355/2255
f 3355/3355/2255 3352/3352/2255 3356/3356/2255
f 3355/3355/2255 3356/3356/2255 3357/3357/2255
f 3355/3355/2255 3357/3357/2255 3358/3358/2255
f 3358/3358/2255 3357/3357/2255 3359/3359/2255
f 3360/3360/2256 3361/3361/2256 3362/3362/2256
f 3361/3361/2256 3360/3360/2256 3363/3363/2256
f 3361/3361/2256 3363/3363/2256 3364/3364/2256
f 3364/3364/2256 3363/3363/2256 3365/3365/2256
f 3364/3364/2256 3365/3365/2256 3366/3366/2256
f 3366/3366/2256 3365/3365/2256 3367/3367/2256
f 3366/3366/2256 3367/3367/2256 3368/3368/2256
f 3368/3368/2256 3367/3367/2256 3369/3369/2256
f 3368/3368/2256 3369/3369/2256 3370/3370/2256
f 3370/3370/2256 3369/3369/2256 3371/3371/2256
f 3370/3370/2256 3371/3371/2256 3372/3372/2256
f 3372/3372/2256 3371/3371/2256 3373/3373/2256
f 3372/3372/2256 3373/3373/2256 3374/3374/2256
f 3374/3374/2256 3373/3373/2256 3375/3375/2256
f 3374/3374/2256 3375/3375/2256 3376/3376/2256
f 3376/3376/2256 3375/3375/2256 3377/3377/2256
f 3376/3376/2256 3377/3377/2256 3378/3378/2256
f 3378/3378/2256 3377/3377/2256 3379/3379/2256
f 3380/3380/2257 3381/3381/2257 3382/3382/2257
f 3381/3381/2257 3380/3380/2257 3383/3383/2257
f 3381/3381/2257 3383/3383/2257 3384/3384/2257
f 3384/3384/2257 3383/3383/2257 3385/3385/2257
f 3384/3384/2257 3385/3385/2257 3386/3386/2257
f 3386/3386/2257 3385/3385/2257 3387/3387/2257
f 3386/3386/2257 3387/3387/2257 3388/3388/2257
f 3388/3388/2257 3387/3387/2257 3389/3389/2257
f 3388/3388/2257 3389/3389/2257 3390/3390/2257
f 3390/3390/2257 3389/3389/2257 3391/3391/2257
f 3390/3390/2257 3391/3391/2257 3392/3392/2257
f 3392/3392/2257 3391/3391/2257 3393/3393/2257
f 3392/3392/2257 3393/3393/2257 3394/3394/2257
f 3394/3394/2257 3393/3393/2257 3395/3395/2257
f 3394/3394/2257 3395/3395/2257 3396/3396/2257
f 3396/3396/2257 3395/3395/2257 3397/3397/2257
f 3396/3396/2257 3397/3397/2257 3398/3398/2257
f 3398/3398/2257 3397/3397/2257 3399/3399/2257
# Vertices: 48, normals: 3, texture coordinates: 48, faces: 42

