# File generated by ImageToStl.com - Free Image and 3D model conversion tools

mtllib horse.mtl

o obj1
v 0.0524874 0.23632341 -0.04586976
v 0.06958914 0.29467328 -0.08683994
v 0.06503638 0.28381934 -0.06277921
v 0.04426155 0.36735732 -0.13172915
v 0.06599695 0.31335042 -0.14386582
v 0.03991654 0.34038943 -0.16542404
v 0.03870242 0.28159873 -0.1784667
v 0.0590604 0.26463081 0.00389319
v 0.02657265 0.21276317 0.02946615
v 0.03205265 0.36064918 0.07549448
v 2E-08 0.38187118 -0.00713655
v 1E-08 0.37094024 0.07988005
v 0.03921017 0.36134952 -0.00783833
v 0.06400217 0.27114885 0.09353699
v 0.04347313 0.34484382 0.12662422
v 0.06610468 0.27426833 0.11920883
v 0.02495192 0.3689833 0.10503803
v 0.07145056 0.26150564 0.16949916
v 0.06137356 0.27922263 0.17398141
v 0.02835226 0.24497207 0.20485523
v 0.02905092 0.398893 0.20957042
v 0.03758362 0.35969604 0.20612957
v 0.04213163 0.35895499 0.15802211
v 0.05115095 0.33597358 0.17458706
v 0.00841313 0.39825702 0.14753158
v -0.00179242 0.4055012 0.14599552
v 0.01324102 0.40486388 0.1670482
v -0.00381488 0.39909385 0.11994278
v 0.0463925 0.31393169 0.19123401
v 0.01089695 0.36335658 0.26192409
v 0.02436623 0.30351081 0.20714756
v 0.01136339 0.38098357 0.1471452
v 0.05386276 0.14335078 0.1531892
v 0.05992672 0.12739075 0.14652221
v 0.04272812 0.14848483 0.14207925
v 0.06966942 0.30981899 0.15558174
v 0.03560347 0.37888068 -0.0596422
v 0.02657265 0.21608921 0.10050468
v 0.00976969 0.24452236 -0.14004364
v 0.0388584 0.20748182 -0.11386865
v 0.02643169 0.19943727 -0.09406121
v 0.04553726 0.24247013 -0.13875313
v 2E-08 0.39466292 -0.08214278
v 0.03251275 0.38943816 -0.08927663
v 2E-08 0.37436874 -0.13684045
v -1E-08 0.20452308 0.02847441
v -0 0.22536966 -0.0194045
v 0.03897442 0.22617242 -0.03859059
v 0.02045479 0.20692451 0.16934799
v 0.04375029 0.21122251 0.18413023
v -1.055E-05 0.23092468 0.21417669
v 0.06599695 0.31335042 -0.14386582
v 0.03870242 0.28159873 -0.1784667
v 0.07988216 0.24860385 -0.10500893
v 0.04082752 0.05719423 0.04240621
v 0.03143197 0.06266607 0.05187408
v 0.03148943 0.05185655 0.02807432
v 0.05677967 0.22972988 -0.05322743
v 0.07556821 0.23784156 -0.07779819
v 0.07946743 0.2991777 -0.10044395
v 0.0524874 0.23632341 -0.04586976
v 0 0.27966955 -0.16124887
v 0.00668719 0.24258617 -0.11015578
v 0 0.24480945 -0.10161371
v 0.03897442 0.22617242 -0.03859059
v 0.06759471 0.2020597 -0.09285451
v 0.06557059 0.19537448 -0.06284271
v 0.04288555 0.20315216 -0.04599452
v 0.01420043 0.2257603 -0.05651782
v -0 0.22536966 -0.0194045
v 0.04456983 0.1420768 -0.08437533
v 0.03325407 0.14739429 -0.06834638
v 0.05605148 0.15287867 -0.06638323
v 0.05583667 0.14379395 -0.07995361
v 0.04478443 0.15230181 -0.05242833
v 0.05543513 0.14840322 -0.06126705
v 0.04416401 0.14699011 -0.05181214
v 0.02417632 0.0883415 -0.0072338
v 0.02552981 0.09674379 -0.00400479
v 0.03684941 0.09030573 -0.01353169
v 0.03547233 0.08260412 -0.00928042
v 0.04806574 0.09489233 -9.536E-05
v 0.03674589 0.10023187 0.01321759
v 0.04531018 0.08082281 0.01153639
v 0.03398909 0.08827776 0.02301263
v 0.02274997 0.0861528 0.01580397
v 0.02279854 0.07657974 0.00436431
v 0.04775829 0.07352663 0.02164146
v 0.03336327 0.05976526 0.00947781
v 0.03409523 0.06922594 0.00838849
v 0.02274997 0.0861528 0.01580397
v 0.0220234 0.07964916 0.02176102
v 0.03326785 0.0832152 0.03545908
v 0.02207198 0.07111122 0.00867604
v 0.0220234 0.07964916 0.02176102
v 0.02222527 0.06317341 0.04485832
v 0.03143197 0.06266607 0.05187408
v 0.022265 0.05907371 0.02926489
v 0.02222527 0.06317341 0.04485832
v 0.02122543 0.20044593 0.15334318
v 0.02657265 0.21608921 0.10050468
v 0.05010853 0.18873844 0.13159774
v -1E-08 0.20975585 0.10756334
v 0.06610468 0.27426833 0.11920883
v 0.05859749 0.18973335 0.13035713
v 0.07145056 0.26150564 0.16949916
v 0.06446525 0.20356163 0.16686636
v 0.05046604 0.17068893 0.22626502
v 0.03717951 0.17830371 0.23319927
v 0.05036417 0.20787071 0.18203479
v 0.02926784 0.16869896 0.20658012
v 0.03609302 0.16623294 0.19703571
v 0.04347422 0.16645645 0.20345939
v 0.04654436 0.15390149 0.2247229
v 0.03182613 0.15107623 0.23353115
v 0.03526558 0.1617744 0.20047975
v 0.02878212 0.1614796 0.20721488
v 0.04214294 0.16011913 0.20756883
v 0.02991663 0.10892022 0.18160205
v 0.04422501 0.11753773 0.18354101
v 0.02791273 0.13215596 0.17125751
v 0.03772585 0.13985343 0.17365669
v 0.04930908 0.13088086 0.17667858
v 0.02484228 0.11998633 0.17438436
v 0.03209515 0.1129308 0.17195182
v 0.04214174 0.1145844 0.12602558
v 0.05299253 0.11143071 0.13985523
v 0.04629524 0.11642659 0.17569849
v 0.04272812 0.14848483 0.14207925
v 0.03059163 0.13243296 0.12254749
v 2E-08 0.35828044 0.29107644
v 0.01163341 0.36461848 0.27393737
v 0.01415077 0.36228374 0.28989932
v 2E-08 0.36258296 0.27358674
v 0.03474747 0.40112685 0.28952264
v 0.02152065 0.39328059 0.31832732
v 0.02125534 0.38508906 0.31785693
v 0.02911573 0.43374175 0.25723186
v 0.02638908 0.42006728 0.30046098
v 0.01104834 0.45201331 0.27273731
v 0.01991989 0.44522429 0.29571231
v 4E-08 0.41838012 0.33220546
v 0.00536109 0.40032962 0.35359309
v 0.00391193 0.41729125 0.32857635
v 0 0.39008536 0.36958549
v 0.0048126 0.38975188 0.37028323
v 0 0.38463233 0.37925189
v 0 0.37608474 0.3825846
v 0.00686851 0.38402282 0.3774874
v 0.0072813 0.37537624 0.3799969
v 0.00890762 0.36776702 0.37511314
v 0.01360779 0.37218413 0.36948444
v 0.00719582 0.37532344 0.37602954
v 0.00944366 0.37706496 0.3715322
v 0.0043111 0.36196315 0.37870959
v 0 0.35991576 0.37971812
v 0.01617702 0.36297179 0.36325683
v 0.01516819 0.36187186 0.30719405
v 0.00767242 0.35837192 0.34453304
v 0.01454672 0.36144557 0.35704436
v 0.01642036 0.36623702 0.35655433
v 0.02257841 0.36877452 0.27848586
v 0.01984621 0.377709 0.24190341
v -1E-08 0.20975585 0.10756334
v 0.04214174 0.1145844 0.12602558
v 0.03059163 0.13243296 0.12254749
v 0.02835226 0.24497207 0.20485523
v 0.02222527 0.06317341 0.04485832
v 0.022265 0.05907371 0.02926489
v -0 0.22536966 -0.0194045
v 0.01420043 0.2257603 -0.05651782
v 0.03325407 0.14739429 -0.06834638
v 0.02552981 0.09674379 -0.00400479
v 0.02889948 0.17329036 0.22057495
v 0.02628405 0.15739159 0.22092388
v 0.03059163 0.13243296 0.12254749
v 0.04934191 0.27408029 -0.0289399
v -4.01E-06 0.39110866 0.12713327
v 0.00770105 0.38911655 0.1390023
v 0 0.34560775 0.36406795
v 0 0.34689513 0.35044604
v 0.00635273 0.34829379 0.36338706
v 0.0070126 0.34926738 0.3501007
v 2E-08 0.35883517 0.30719404
v 0.01089695 0.36335658 0.26192409
v 0.01492183 0.37874011 0.35878841
v 0.01204365 0.37779266 0.37327575
v 0.01417876 0.38086124 0.3587543
v 0.01161919 0.41514602 0.32142619
v 0.01199675 0.38191955 0.36754733
v 0.02039932 0.42837428 0.31989383
v 0.01033311 0.43751758 0.31265907
v 4E-08 0.4270333 0.32382793
v 0.00990077 0.42768413 0.32191852
v 2E-08 0.44756225 0.30461578
v 0.01701267 0.42161246 0.31148263
v 0.01984621 0.377709 0.24190341
v 0.07946743 0.2991777 -0.10044395
v 0.00736043 0.38724551 0.3716825
v 0.01404678 0.37786292 0.36444362
v 0.01485079 0.36098857 0.36135291
v 0.00627512 0.4640573 0.26909549
v 0.00260784 0.47770285 0.2436951
v 0.00244076 0.47530478 0.26672077
v 0.02911573 0.43374175 0.25723186
v 0.01072472 0.44446132 0.25072696
v 0.01431368 0.39684875 0.17054302
v 0.00234714 0.43784453 0.14676738
v 0.00011049 0.43902591 0.18502042
v 0.0115275 0.42183112 0.19304946
v 0.00987629 0.43879836 0.21905073
v 0.00234713 0.4474837 0.16789547
v -0.00121214 0.44852935 0.20282779
v 0.01072472 0.44446132 0.25072696
v 0.00140347 0.41117667 0.12942043
v -0.00214478 0.41877856 0.15259351
v 0.01092434 0.41408553 0.19708072
v 0.00515605 0.35630595 0.37236823
v 0.00728664 0.45193515 0.24160964
v 0.01104834 0.45201331 0.27273731
v 2E-08 0.45534945 0.28427009
v 0.00698897 0.37942439 0.12575878
v 2E-08 0.37686607 0.11112301
v 1E-08 0.37373099 0.10037502
v 0.00698897 0.37942439 0.12575878
v 2E-08 0.37686607 0.11112301
v 0.00158908 0.38389831 0.09871753
v 0.01136339 0.38098357 0.1471452
v 0.01092434 0.41408553 0.19708072
v 0.01368336 0.42630748 0.21798156
v 0.00480884 0.35032481 -0.1614781
v 0.00690767 0.34205928 -0.16670414
v 0.00503761 0.33184036 -0.1729062
v 0 0.27966955 -0.16124887
v 0 0.3291262 -0.17325946
v 2E-08 0.35335441 -0.1636964
v 0.00690767 0.34205928 -0.16670414
v 0.00515062 0.34547404 -0.18432605
v 0.00480884 0.35032481 -0.1614781
v 0.00946197 0.34034122 -0.1827248
v 0.00503761 0.33184036 -0.1729062
v 0.00645824 0.3287577 -0.18119243
v 0 0.32311458 -0.17932783
v 0 0.3291262 -0.17325946
v 2E-08 0.35335441 -0.1636964
v 2E-08 0.35520881 -0.18528051
v 0.01618311 0.28905532 -0.22153621
v 0.01111055 0.28062185 -0.21450473
v 0.00943138 0.26306743 -0.20356098
v 0 0.25697521 -0.19620075
v 0 0.29828733 -0.23060594
v 0.01731544 0.23715417 -0.23208532
v 0 0.22600353 -0.23025075
v 0 0.2848369 -0.25299104
v 0.01439957 0.26052804 -0.29109235
v 0.01791656 0.25594161 -0.32555869
v 0.02390249 0.27080137 -0.2910214
v 0.01002087 0.23588403 -0.28932128
v 0.01380775 0.23921386 -0.31422862
v 0.02430263 0.252632 -0.29052488
v 0 0.21967498 -0.29301233
v 0 0.22208744 -0.31919629
v 0 0.29153938 -0.30063983
v 0.00933063 0.26908296 -0.33302528
v 0 0.27399907 -0.344999
v 0.01268864 0.27901136 -0.29096471
v 0.017262 0.28426498 -0.25464927
v 0.00466534 0.23748704 -0.36940536
v 0 0.20692035 -0.3825846
v 0.00363714 0.24878745 -0.3196516
v 0.00233162 0.21433101 -0.36814002
v 0.00466324 0.21271825 -0.35874873
v 0 0.2399451 -0.37539222
v 2E-08 0.46617274 0.21589353
v 2E-08 0.46598403 0.24439845
v 2E-08 0.36159721 0.26612745
v -5.55E-06 0.29695205 0.21544809
v -1.055E-05 0.23092468 0.21417669
v 0 0.35530814 0.37467826
v 2E-08 0.45534945 0.28427009
v 0 0.35622489 0.34453574
v 2E-08 0.36159721 0.26612745
v -0.05108197 0.25442645 -0.04842562
v -0.06503638 0.28381936 -0.06277921
v -0.06958914 0.2946733 -0.08683994
v -0.04426153 0.36735732 -0.13172914
v -0.03991651 0.34038943 -0.16542404
v -0.06599692 0.31335044 -0.14386584
v -0.03870241 0.28159873 -0.1784667
v -0.02657267 0.21276317 0.02946615
v -0.0590604 0.26463083 0.00389319
v 1E-08 0.37094024 0.07988005
v 2E-08 0.38187118 -0.00713655
v -0.03205262 0.36064918 0.07549448
v -0.03921015 0.36134952 -0.00783833
v -0.04356494 0.34484386 0.12662421
v -0.06757308 0.27114887 0.09353698
v -0.06171001 0.27426833 0.11920882
v -0.0249519 0.3689833 0.10503803
v -0.06482409 0.26150566 0.16949916
v -0.02870729 0.24497209 0.20485523
v -0.06396484 0.27922263 0.17822944
v -0.0290662 0.39889304 0.20957042
v -0.04238825 0.35895503 0.15802211
v -0.03786493 0.35969546 0.20613294
v -0.05147139 0.33597358 0.17458704
v -0.00179242 0.4055012 0.14599552
v -0.00381488 0.39909385 0.11994278
v -0.0084131 0.39825702 0.14753158
v -0.013241 0.40486388 0.16704818
v -0.0466011 0.31549865 0.19123401
v -0.02363934 0.30246724 0.2069132
v -0.01089691 0.36335658 0.26192411
v -0.01138112 0.38098361 0.14714519
v -0.03555079 0.15817211 0.03734218
v -0.05950147 0.14169125 0.02782512
v -0.05269353 0.15621856 0.04174611
v -0.04673843 0.13546784 0.01410175
v -0.06864714 0.309819 0.15558173
v -0.03560345 0.37888068 -0.0596422
v -0.06058451 0.22839168 0.11063869
v -0.03947254 0.22194931 -0.1382634
v -0.0097697 0.24452236 -0.14004363
v -0.02716426 0.21390476 -0.11845594
v -0.04568429 0.26085639 -0.15548288
v -0.03251271 0.38943816 -0.08927664
v 2E-08 0.39466292 -0.08214278
v 2E-08 0.37436874 -0.13684045
v -0 0.22536966 -0.0194045
v -1E-08 0.20452308 0.02847441
v -0.03891808 0.23914852 -0.04355176
v -0.01871657 0.19600894 0.13163439
v -1.055E-05 0.23092468 0.21417669
v -0.02330471 0.20252548 0.15270431
v -0.06599692 0.31335044 -0.14386584
v -0.03870241 0.28159873 -0.1784667
v -0.08092995 0.25966831 -0.12017557
v -0.0266789 0.10361294 -0.07050901
v -0.01899148 0.11631095 -0.07567512
v -0.01559111 0.09266548 -0.05381563
v -0.056264 0.2478329 -0.05578328
v -0.07946743 0.2991777 -0.10044395
v -0.07556823 0.23784156 -0.07779819
v -0.05108197 0.25442645 -0.04842562
v -0.0066872 0.24258617 -0.11015578
v 0 0.27966955 -0.16124887
v 0 0.24480945 -0.10161371
v -0.03891808 0.23914852 -0.04355176
v -0.06981209 0.21652717 -0.11724926
v -0.06723178 0.20295627 -0.07698943
v -0.04410287 0.21073394 -0.06014125
v 0 0.24480945 -0.10161371
v -0.01420044 0.2257603 -0.05651782
v -0.0066872 0.24258617 -0.11015578
v -0 0.22536966 -0.0194045
v -0.04426564 0.19097164 -0.13817966
v -0.03230038 0.19006538 -0.12163943
v -0.05646883 0.18883747 -0.11719709
v -0.05560784 0.18781807 -0.13349175
v -0.04495247 0.19068363 -0.09236557
v -0.03230038 0.19006538 -0.12163943
v -0.02716426 0.21390476 -0.11845594
v -0.04203786 0.18367694 -0.0900192
v -0.01888284 0.1583584 -0.06194673
v -0.02662234 0.14168639 -0.06987677
v -0.02913435 0.14956592 -0.07147363
v -0.03000121 0.15644287 -0.03727928
v -0.03533592 0.13265816 -0.04671774
v -0.02414123 0.13478808 -0.03078727
v -0.0408187 0.15165302 -0.05803729
v -0.0127367 0.1348445 -0.04046483
v -0.01397771 0.14327592 -0.0526725
v -0.01888284 0.1583584 -0.06194673
v -0.03612538 0.12065568 -0.05114992
v -0.02469728 0.13795968 -0.06308475
v -0.02308868 0.1318372 -0.06759058
v -0.01189192 0.12566235 -0.0452051
v -0.02034635 0.11312024 -0.03821522
v -0.01402713 0.13618571 -0.05683874
v -0.01899148 0.11631095 -0.07567512
v -0.00414357 0.10597014 -0.05233257
v -0.00756724 0.119553 -0.06963236
v -0.04856192 0.23134342 0.06484093
v -1.43E-05 0.21521728 0.14632217
v -1.43E-05 0.21521728 0.14632217
v -0.01871657 0.19600894 0.13163439
v -1E-08 0.20975585 0.10756334
v -0.03313129 0.2182595 0.06566062
v -0.06482409 0.26150566 0.16949916
v -0.06058451 0.22839168 0.11063869
v -0.06153475 0.22736145 0.15094036
v -0.01871657 0.19600894 0.13163439
v -0.04506929 0.1827075 0.1073566
v -0.04518713 0.21229949 0.11155052
v -0.05987343 0.19669078 0.13307264
v -0.0449356 0.12374829 0.13564716
v -0.03998782 0.14214978 0.14559868
v -0.05030091 0.14300849 0.14199375
v -0.03622715 0.12174393 0.14005234
v -0.03714459 0.14236258 0.11733794
v -0.02746406 0.14788238 0.13047057
v -0.0299349 0.13859349 0.12394887
v -0.03730499 0.14600591 0.12175289
v -0.04781606 0.12889962 0.12686978
v -0.04389585 0.14224873 0.1246046
v -0.04357685 0.13452719 0.11824458
v -0.04962287 0.14262862 0.13289225
v -0.03574798 0.11976571 0.06793688
v -0.04355475 0.1206124 0.06849693
v -0.03367653 0.13838807 0.09069301
v -0.04083264 0.14261813 0.0880154
v -0.04854165 0.12567694 0.0752816
v -0.04588168 0.13473885 0.08837505
v -0.02598445 0.13862544 0.0640306
v -0.03574798 0.11976571 0.06793688
v -0.03721382 0.1268661 0.06034893
v -0.03721382 0.1268661 0.06034893
v -0.05950147 0.14169125 0.02782512
v -0.04673843 0.13546784 0.01410175
v -0.05125437 0.12819552 0.06373867
v -0.03963471 0.15778624 0.05059626
v -0.04068754 0.1430395 0.07315287
v -0.05272201 0.13502871 0.07187154
v -0.05427308 0.15278745 0.05050705
v 2E-08 0.35828044 0.29107644
v -0.01163338 0.36461848 0.27393737
v 2E-08 0.36258296 0.27358674
v -0.01415075 0.36228374 0.28989929
v -0.03474743 0.40112689 0.28952289
v -0.02125532 0.38508906 0.31785695
v -0.02152063 0.39328059 0.31832732
v -0.0291157 0.43374175 0.25723186
v -0.02638905 0.42006728 0.30046075
v -0.01104828 0.45201331 0.27273731
v -0.01072466 0.44446132 0.25072694
v -0.00440523 0.39003757 0.37004001
v -0.00448968 0.41713042 0.32804027
v -0.00618805 0.40064826 0.35195209
v -0.00686848 0.38402282 0.37748736
v 0 0.37608474 0.3825846
v -0.00728127 0.37537624 0.37999686
v -0.00598156 0.37488944 0.37586089
v -0.01360775 0.37218413 0.36948444
v -0.00890758 0.36776702 0.3751131
v -0.00997807 0.37723937 0.37223228
v -0.00431107 0.36196315 0.37870956
v 0 0.35991576 0.37971812
v -0.01203514 0.3626197 0.36865066
v -0.01467405 0.36836078 0.36689983
v -0.01617699 0.36297179 0.36325687
v -0.00767242 0.35837192 0.344533
v -0.01516817 0.36187186 0.30719402
v -0.02257837 0.36877456 0.27848586
v -0.01984617 0.377709 0.24190341
v -0.03176396 0.14485215 0.02069942
v -0.04857834 0.22891868 0.17416483
v -0.02870729 0.24497209 0.20485523
v -0.00414357 0.10597014 -0.05233257
v -0.00756724 0.119553 -0.06963236
v -0.01402713 0.13618571 -0.05683874
v -0.01397771 0.14327592 -0.0526725
v -0.00756724 0.119553 -0.06963236
v -0.0527376 0.18115684 0.10740668
v -0.03031933 0.13197791 0.136328
v -0.03398577 0.14622583 0.14143314
v -0.03176396 0.14485215 0.02069942
v -0.04673843 0.13546784 0.01410175
v -0.04934191 0.27408031 -0.02893991
v -0.06171001 0.27426833 0.11920882
v -4.01E-06 0.39110866 0.12713327
v -0.00770102 0.38911655 0.1390023
v -0.00635273 0.34829379 0.36338702
v 0 0.34689513 0.35044604
v 0 0.34560775 0.36406795
v -0.00701256 0.34926738 0.35010074
v 2E-08 0.35883517 0.30719404
v -0.01089691 0.36335658 0.26192411
v -0.01404674 0.37786292 0.36444362
v -0.01204361 0.37779266 0.37327579
v -0.01161915 0.41514602 0.32142612
v -0.01200891 0.38084609 0.36903743
v -0.01991985 0.44522429 0.29571231
v -0.02041603 0.42837428 0.31989387
v -0.01012328 0.43808825 0.31213279
v -0.00736824 0.42751727 0.3224081
v -0.016448 0.4216627 0.31025604
v -0.01984617 0.377709 0.24190341
v -0.07946743 0.2991777 -0.10044395
v -0.06958914 0.2946733 -0.08683994
v -0.02973481 0.18013195 -0.11194304
v -0.04147958 0.18022155 -0.12789275
v -0.05274892 0.17750927 -0.12246823
v -0.05307012 0.18002616 -0.11020752
v -0.02973481 0.18013195 -0.11194304
v -0.00722112 0.38633308 0.37332591
v -0.00627508 0.4640573 0.26909549
v 0.00244076 0.47530478 0.26672077
v 0.00260784 0.47770285 0.2436951
v -0.0291157 0.43374175 0.25723186
v -0.01072466 0.44446132 0.25072694
v -0.01432117 0.39684875 0.17054302
v 0.00234714 0.43784453 0.14676738
v -0.01152746 0.42183112 0.19304945
v 0.00011049 0.43902591 0.18502042
v -0.01072466 0.44446132 0.25072694
v -0.00121214 0.44852935 0.20282779
v -0.00987623 0.43879836 0.21905073
v 0.00234713 0.4474837 0.16789547
v -0.0109243 0.41408553 0.19708072
v -0.00214478 0.41877856 0.15259351
v 0.00140347 0.41117667 0.12942043
v -0.00507058 0.35687804 0.37300944
v -0.01104828 0.45201331 0.27273731
v -0.00728659 0.45193515 0.24160964
v -0.0136833 0.42630748 0.21798156
v -0.01432117 0.39684875 0.17054302
v -0.01138112 0.38098361 0.14714519
v -0.00698894 0.37942439 0.12575878
v 2E-08 0.37686607 0.11112301
v 1E-08 0.37373099 0.10037502
v -0.00698894 0.37942439 0.12575878
v 0.00158908 0.38389831 0.09871753
v 2E-08 0.37686607 0.11112301
v -0.0109243 0.41408553 0.19708072
v -0.0136833 0.42630748 0.21798156
v -0.00480881 0.35032481 -0.1614781
v -0.00690765 0.34205928 -0.16670414
v -0.00503759 0.33184036 -0.1729062
v 0 0.27966955 -0.16124887
v 0 0.3291262 -0.17325946
v 2E-08 0.35335441 -0.1636964
v -0.00690765 0.34205928 -0.16670414
v -0.00514767 0.35088267 -0.18150158
v -0.00946196 0.34034122 -0.18272482
v -0.00480881 0.35032481 -0.1614781
v -0.00503759 0.33184036 -0.1729062
v -0.00645824 0.3287577 -0.18119243
v 0 0.3291262 -0.17325946
v 0 0.32311458 -0.17932783
v 2E-08 0.35335441 -0.1636964
v 2E-08 0.35520881 -0.18528051
v -0.01224047 0.30244214 -0.20144128
v -0.01027599 0.31406974 -0.2111359
v -0.01644373 0.26306743 -0.203561
v 0 0.25697521 -0.19620075
v 0 0.29828733 -0.23060594
v -0.01070545 0.26275966 -0.23208534
v 0 0.22600353 -0.23025075
v 0 0.2848369 -0.25299104
v -0.00668062 0.23951856 -0.2970351
v -0.02036039 0.24761962 -0.3142286
v 0 0.22208744 -0.31919629
v 0 0.29153938 -0.30063983
v 0 0.27399907 -0.344999
v -0.01331261 0.26908296 -0.33302528
v -0.00597961 0.25594161 -0.32555869
v -0.01210627 0.23588403 -0.28932128
v 0 0.21967498 -0.29301233
v -0.00682079 0.23748706 -0.36940536
v 0 0.20692035 -0.3825846
v -0.00233162 0.21433101 -0.36814002
v -0.00681873 0.21271825 -0.35874873
v 0 0.19699096 -0.37698115
v 0 0.2399451 -0.37539222
v 2E-08 0.46617274 0.21589353
v -0.0031321 0.45426417 0.21515792
v 2E-08 0.36159721 0.26612745
v -5.55E-06 0.29695205 0.21544809
v -1.055E-05 0.23092468 0.21417669
v 0 0.35530814 0.37467826
v 2E-08 0.45534945 0.28427009
v 0 0.35622489 0.34453574
v 2E-08 0.36159721 0.26612745
v 2E-08 0.46598403 0.24439845
v 0.00313213 0.45426417 0.21515794
v 0.01368336 0.42630748 0.21798156
v -0.00348339 0.42569552 0.13947315
v -0.00348339 0.42569552 0.13947315
v -0.00233597 0.39037582 0.11566623
v -0.00233597 0.39037582 0.11566623
v -0.00159343 0.38599292 0.11864559
v -0.00159343 0.38599292 0.11864559
v -2.785E-05 0.43006133 0.15750137
v -2.785E-05 0.43006133 0.15750137
v -0.00024742 0.45374915 0.20827201
v 0.00357079 0.45687056 0.19566967
v 0.00357079 0.45687056 0.19566967
v -0.00024742 0.45374915 0.20827201
v 0.01431368 0.39684875 0.17054302
v 0.01072472 0.44446132 0.25072696
v -0.03622876 0.16456424 -0.10928635
v -0.03915741 0.17075573 -0.12489589
v -0.02763666 0.17130558 -0.1094086
v -0.02517072 0.16863922 -0.09812868
v -0.04997543 0.16503652 -0.11180342
v -0.05036044 0.16838895 -0.11889456
v -0.04795381 0.1681773 -0.08842076
v -0.03921949 0.17730012 -0.07767021
v -0.02763666 0.17130558 -0.1094086
v -0.02517072 0.16863922 -0.09812868
v -0.04518713 0.21229949 0.11155052
v -0.02681482 0.14222733 0.08121588
v -0.03956437 0.1457195 0.08247156
v -0.04879774 0.13779641 0.0822842
v -0.02746406 0.14788238 0.13047057
v -0.03031933 0.13197791 0.136328
v -1.43E-05 0.21521728 0.14632217
v 0.02791273 0.13215596 0.17125751
v 0.02122543 0.20044593 0.15334318
v 0.02926784 0.16869896 0.20658012
v 0.02878212 0.1614796 0.20721488
v -1.43E-05 0.21521728 0.14632217
v 0.0190604 0.27038123 -0.25353691
v 0 0.19699096 -0.37698115
v 0 0.21004943 -0.36938197
v 0 0.21004943 -0.36938197
v 0.02029634 0.46456782 0.27122173
v 0.01527325 0.44847171 0.28279323
v 0.01907944 0.44473067 0.28722957
v 0.02112869 0.4663565 0.25778964
v 0.0134267 0.44521575 0.27759849
v 0.01803081 0.44195975 0.27240375
v 0.02594906 0.46169433 0.24797939
v 0.02101002 0.44239257 0.28603683
v 0.02142477 0.46350421 0.27128433
v 0.01907944 0.44473067 0.28722957
v 0.02025251 0.44366706 0.28644969
v 0.02029634 0.46456782 0.27122173
v 0.02213037 0.46616305 0.25824664
v 0.02112869 0.4663565 0.25778964
v 0.02101002 0.44239257 0.28603683
v 0.02594906 0.46169433 0.24797939
v 0.02585079 0.46237105 0.25001731
v 0.02025251 0.44366706 0.28644969
v 0.01441566 0.44534381 0.2784535
v 0.02213037 0.46616305 0.25824664
v 0.02142477 0.46350421 0.27128433
v 0.01646957 0.44740809 0.28195838
v 0.02025251 0.44366706 0.28644969
v 0.02025251 0.44366706 0.28644969
v 0.02585079 0.46237105 0.25001731
v 0.01874929 0.44327949 0.27494865
v -0.02294376 0.46482535 0.27333721
v -0.01895277 0.44314788 0.28565715
v -0.01568718 0.44835647 0.28193782
v -0.01347155 0.44657725 0.27625663
v -0.02413523 0.46872432 0.26041976
v -0.01765573 0.4436254 0.2705754
v -0.02064056 0.44075866 0.28407653
v -0.02828369 0.46502471 0.24994899
v -0.01895277 0.44314788 0.28565715
v -0.02393093 0.4635821 0.27321414
v -0.02002571 0.44204871 0.28470443
v -0.02294376 0.46482535 0.27333721
v -0.02509186 0.46826121 0.26083625
v -0.02413523 0.46872432 0.26041976
v -0.02828369 0.46502471 0.24994899
v -0.02064056 0.44075866 0.28407653
v -0.02827593 0.46535003 0.25207343
v -0.02002571 0.44204871 0.28470443
v -0.02509186 0.46826121 0.26083625
v -0.01447014 0.44635425 0.27712089
v -0.02393093 0.4635821 0.27321414
v -0.01676666 0.44726672 0.28093101
v -0.02002571 0.44204871 0.28470443
v -0.02002571 0.44204871 0.28470443
v -0.01856583 0.44426913 0.27331083
v -0.02827593 0.46535003 0.25207343
v -0.02395802 0.16586475 -0.08946356
v -0.02395802 0.16586475 -0.08946356
vn 0.97039 -0.22757 0.08096
vn 0.97039 -0.22757 0.08096
vn 0.97039 -0.22757 0.08096
vn 0.7641 0.26981 -0.58597
vn 0.7641 0.26981 -0.58597
vn 0.86963 -0.46962 0.15228
vn 0.86963 -0.46962 0.15228
vn 0.40038 0.91292 0.07916
vn 0.40038 0.91292 0.07916
vn 0.40038 0.91292 0.07916
vn 0.90377 0.35746 -0.23542
vn 0.90377 0.35746 -0.23542
vn 0.90377 0.35746 -0.23542
vn 0.90377 0.35746 -0.23542
vn 0.59576 0.13872 0.79109
vn 0.59576 0.13872 0.79109
vn 0.59576 0.13872 0.79109
vn 0.95397 0.28739 0.08576
vn 0.95397 0.28739 0.08576
vn 0.95397 0.28739 0.08576
vn 0.95397 0.28739 0.08576
vn 0.58152 0.75499 -0.30304
vn 0.58152 0.75499 -0.30304
vn 0.65355 -0.42571 0.62581
vn 0.65355 -0.42571 0.62581
vn 0.65355 -0.42571 0.62581
vn 0.62367 0.68659 -0.37369
vn 0.62367 0.68659 -0.37369
vn 0.62367 0.68659 -0.37369
vn 0.72016 0.48206 -0.49899
vn 0.72016 0.48206 -0.49899
vn 0.72016 0.48206 -0.49899
vn 0.94642 0.17966 -0.26835
vn 0.94642 0.17966 -0.26835
vn 0.94642 0.17966 -0.26835
vn 0.95504 0.2946 0.03321
vn 0.95504 0.2946 0.03321
vn 0.95504 0.2946 0.03321
vn 0.94383 0.32172 -0.07542
vn 0.94383 0.32172 -0.07542
vn 0.94383 0.32172 -0.07542
vn 0.82799 -0.56042 0.01935
vn 0.82799 -0.56042 0.01935
vn -0.19501 -0.66354 -0.72228
vn -0.19501 -0.66354 -0.72228
vn -0.19501 -0.66354 -0.72228
vn -0.19501 -0.66354 -0.72228
vn 0.13561 0.91404 -0.38229
vn 0.13561 0.91404 -0.38229
vn 0.13561 0.91404 -0.38229
vn 0.13561 0.91404 -0.38229
vn 0.37828 0.90269 0.20509
vn 0.37828 0.90269 0.20509
vn 0.37828 0.90269 0.20509
vn 0.0553 -0.95914 -0.27748
vn 0.0553 -0.95914 -0.27748
vn 0.0553 -0.95914 -0.27748
vn 0.0553 -0.95914 -0.27748
vn -0.10785 -0.89611 0.43052
vn -0.10785 -0.89611 0.43052
vn -0.10785 -0.89611 0.43052
vn 0.78457 -0.26684 -0.55968
vn 0.78457 -0.26684 -0.55968
vn 0.78457 -0.26684 -0.55968
vn -0.1131 -0.90475 0.41065
vn -0.1131 -0.90475 0.41065
vn 0.74967 0.18676 0.63491
vn 0.74967 0.18676 0.63491
vn 0.87764 0.03814 0.47781
vn 0.87764 0.03814 0.47781
vn 0.87764 0.03814 0.47781
vn -0.86436 -0.45395 -0.21635
vn -0.86436 -0.45395 -0.21635
vn -0.86436 -0.45395 -0.21635
vn -0.86436 -0.45395 -0.21635
vn -0.16047 -0.64714 -0.74529
vn -0.16047 -0.64714 -0.74529
vn -0.16047 -0.64714 -0.74529
vn 0.63522 -0.35302 0.68693
vn 0.63522 -0.35302 0.68693
vn 0.68793 -0.34794 -0.63693
vn 0.68793 -0.34794 -0.63693
vn 0.78916 0.03025 0.61344
vn 0.78916 0.03025 0.61344
vn 0.60417 -0.10072 0.79047
vn 0.60417 -0.10072 0.79047
vn 0.60417 -0.10072 0.79047
vn 0.60417 -0.10072 0.79047
vn -0.50374 -0.84117 -0.1967
vn -0.50374 -0.84117 -0.1967
vn -0.50374 -0.84117 -0.1967
vn -0.50374 -0.84117 -0.1967
vn -0.88495 -0.44986 -0.12041
vn -0.88495 -0.44986 -0.12041
vn -0.7734 -0.33539 -0.53792
vn -0.7734 -0.33539 -0.53792
vn -0.7734 -0.33539 -0.53792
vn 0.97808 -0.20173 0.05171
vn 0.97808 -0.20173 0.05171
vn 0.97808 -0.20173 0.05171
vn 0.97808 -0.20173 0.05171
vn 0.76318 -0.22153 0.60703
vn 0.76318 -0.22153 0.60703
vn 0.76318 -0.22153 0.60703
vn -0.96349 -0.209 -0.16736
vn -0.96349 -0.209 -0.16736
vn -0.96349 -0.209 -0.16736
vn 0.9952 -0.08784 0.04305
vn 0.9952 -0.08784 0.04305
vn 0.9952 -0.08784 0.04305
vn 0.67179 0.30933 0.67307
vn 0.67179 0.30933 0.67307
vn 0.67179 0.30933 0.67307
vn 0.67179 0.30933 0.67307
vn -0.44732 0.01909 -0.89417
vn -0.44732 0.01909 -0.89417
vn -0.44732 0.01909 -0.89417
vn 0.77644 0.29434 0.55723
vn 0.77644 0.29434 0.55723
vn 0.77644 0.29434 0.55723
vn -0.99226 0.11338 -0.05066
vn -0.99226 0.11338 -0.05066
vn -0.99226 0.11338 -0.05066
vn -0.99226 0.11338 -0.05066
vn 0.70763 -0.34097 -0.61888
vn 0.70763 -0.34097 -0.61888
vn 0.70763 -0.34097 -0.61888
vn 0.70763 -0.34097 -0.61888
vn -0.56167 0.71969 0.40813
vn -0.56167 0.71969 0.40813
vn -0.56167 0.71969 0.40813
vn -0.56167 0.71969 0.40813
vn -0.99578 0.07192 -0.05706
vn -0.99578 0.07192 -0.05706
vn -0.99578 0.07192 -0.05706
vn -0.99578 0.07192 -0.05706
vn 0.74814 -0.62653 -0.21851
vn 0.74814 -0.62653 -0.21851
vn -0.61813 0.58619 0.52373
vn -0.61813 0.58619 0.52373
vn -0.99994 -0.01108 0.0018
vn -0.99994 -0.01108 0.0018
vn -0.99994 -0.01108 0.0018
vn -0.99994 -0.01108 0.0018
vn 0.84571 -0.53358 -0.00782
vn -0.24417 -0.92283 -0.29792
vn -0.24417 -0.92283 -0.29792
vn -0.24417 -0.92283 -0.29792
vn 0.60134 -0.15673 -0.78347
vn 0.60134 -0.15673 -0.78347
vn 0.60134 -0.15673 -0.78347
vn 0.98677 -0.11371 -0.11553
vn 0.98677 -0.11371 -0.11553
vn 0.98677 -0.11371 -0.11553
vn 0.58099 0.63085 0.51427
vn 0.58099 0.63085 0.51427
vn 0.58099 0.63085 0.51427
vn -0.59819 -0.717 -0.35788
vn -0.59819 -0.717 -0.35788
vn -0.59819 -0.717 -0.35788
vn -0.59819 -0.717 -0.35788
vn 0.85731 -0.51396 -0.02937
vn 0.85731 -0.51396 -0.02937
vn 0.85731 -0.51396 -0.02937
vn 0.85731 -0.51396 -0.02937
vn 0.47021 -0.12311 0.87393
vn 0.47021 -0.12311 0.87393
vn 0.47021 -0.12311 0.87393
vn 0.47021 -0.12311 0.87393
vn -0.77613 -0.12836 -0.61737
vn -0.77613 -0.12836 -0.61737
vn -0.77613 -0.12836 -0.61737
vn -0.77613 -0.12836 -0.61737
vn 0.92986 -0.24199 -0.27714
vn 0.92986 -0.24199 -0.27714
vn 0.92986 -0.24199 -0.27714
vn 0.41417 -0.705 0.57571
vn 0.41417 -0.705 0.57571
vn 0.41417 -0.705 0.57571
vn 0.41417 -0.705 0.57571
vn -0.47991 0.67365 -0.56203
vn -0.47991 0.67365 -0.56203
vn -0.47991 0.67365 -0.56203
vn -0.47991 0.67365 -0.56203
vn 0.99866 0.02248 0.0467
vn 0.99866 0.02248 0.0467
vn 0.99866 0.02248 0.0467
vn -0.70415 -0.58519 -0.40216
vn -0.70415 -0.58519 -0.40216
vn -0.70415 -0.58519 -0.40216
vn -0.01312 -0.99919 0.03815
vn -0.01312 -0.99919 0.03815
vn -0.01312 -0.99919 0.03815
vn -0.01312 -0.99919 0.03815
vn -0.73649 0.67643 0.00459
vn -0.73649 0.67643 0.00459
vn -0.73649 0.67643 0.00459
vn -0.73649 0.67643 0.00459
vn 0.9436 0.01143 0.3309
vn 0.9436 0.01143 0.3309
vn 0.9436 0.01143 0.3309
vn 0.21691 -0.95428 -0.20567
vn 0.21691 -0.95428 -0.20567
vn 0.21691 -0.95428 -0.20567
vn 0.21691 -0.95428 -0.20567
vn 0.91288 -0.05281 0.4048
vn 0.91288 -0.05281 0.4048
vn 0.9339 0.31971 0.16004
vn 0.9339 0.31971 0.16004
vn 0.9339 0.31971 0.16004
vn 0.68785 0.72401 -0.05166
vn 0.68785 0.72401 -0.05166
vn 0.39098 0.74935 0.53442
vn 0.39098 0.74935 0.53442
vn 0.39098 0.74935 0.53442
vn 0.39098 0.74935 0.53442
vn -0.01899 0.84478 0.53478
vn -0.01899 0.84478 0.53478
vn -0.01899 0.84478 0.53478
vn 0.30573 0.31288 0.89924
vn 0.30573 0.31288 0.89924
vn 0.30573 0.31288 0.89924
vn 0.74624 0.20134 0.6345
vn 0.74624 0.20134 0.6345
vn 0.74624 0.20134 0.6345
vn 0.30943 -0.16263 0.93691
vn 0.30943 -0.16263 0.93691
vn 0.30943 -0.16263 0.93691
vn 0.76152 -0.2269 0.60712
vn 0.76152 -0.2269 0.60712
vn 0.76152 -0.2269 0.60712
vn 0.77484 -0.25529 0.57831
vn 0.77484 -0.25529 0.57831
vn 0.77484 -0.25529 0.57831
vn 0.93496 -0.31766 0.15792
vn 0.93496 -0.31766 0.15792
vn 0.93496 -0.31766 0.15792
vn 0.73787 -0.62631 -0.25156
vn 0.73787 -0.62631 -0.25156
vn 0.92719 -0.3691 -0.06397
vn 0.92719 -0.3691 -0.06397
vn 0.92719 -0.3691 -0.06397
vn 0.89354 -0.40336 0.19717
vn 0.89354 -0.40336 0.19717
vn 0.89354 -0.40336 0.19717
vn 0.96133 -0.1681 -0.21815
vn 0.96133 -0.1681 -0.21815
vn 0.96133 -0.1681 -0.21815
vn 0.96133 -0.1681 -0.21815
vn 0.49496 -0.86007 -0.12364
vn 0.49496 -0.86007 -0.12364
vn 0.49496 -0.86007 -0.12364
vn 0.49496 -0.86007 -0.12364
vn 0.93315 -0.31995 0.16394
vn 0.93315 -0.31995 0.16394
vn -0.90881 -0.41719 -0.00357
vn -0.90881 -0.41719 -0.00357
vn -0.90881 -0.41719 -0.00357
vn 0.26987 -0.96134 0.05481
vn 0.26987 -0.96134 0.05481
vn 0.26987 -0.96134 0.05481
vn 0.26987 -0.96134 0.05481
vn 0.67518 0.30614 -0.67113
vn 0.67518 0.30614 -0.67113
vn 0.40685 -0.57975 -0.70595
vn 0.40685 -0.57975 -0.70595
vn 0.58092 -0.81216 -0.05416
vn 0.58092 -0.81216 -0.05416
vn 0.58092 -0.81216 -0.05416
vn 0.43472 -0.31886 0.84223
vn 0.43472 -0.31886 0.84223
vn 0.43472 -0.31886 0.84223
vn -0.44983 -0.83566 0.31516
vn -0.44983 -0.83566 0.31516
vn -0.44983 -0.83566 0.31516
vn -0.44983 -0.83566 0.31516
vn -0.24445 -0.90094 0.35853
vn -0.24445 -0.90094 0.35853
vn -0.24445 -0.90094 0.35853
vn 0.49099 -0.30388 -0.81645
vn 0.49099 -0.30388 -0.81645
vn 0.49099 -0.30388 -0.81645
vn 0.49099 -0.30388 -0.81645
vn -0.59937 -0.20649 0.77338
vn -0.59937 -0.20649 0.77338
vn -0.59937 -0.20649 0.77338
vn -0.8222 0.15942 0.54642
vn -0.8222 0.15942 0.54642
vn 0.76393 -0.41114 -0.49737
vn 0.76393 -0.41114 -0.49737
vn 0.76393 -0.41114 -0.49737
vn -0.61035 0.68106 0.40452
vn -0.61035 0.68106 0.40452
vn -0.61035 0.68106 0.40452
vn -0.61035 0.68106 0.40452
vn -0.07466 -0.33279 -0.94004
vn -0.07466 -0.33279 -0.94004
vn 0.71206 0.63727 0.29471
vn 0.71206 0.63727 0.29471
vn -0.62589 -0.68387 -0.37495
vn -0.62589 -0.68387 -0.37495
vn -0.62589 -0.68387 -0.37495
vn -0.62589 -0.68387 -0.37495
vn 0.75827 0.36459 0.54046
vn 0.75827 0.36459 0.54046
vn -0.00771 -0.75371 -0.65716
vn -0.00771 -0.75371 -0.65716
vn -0.59064 0.66724 0.45379
vn -0.59064 0.66724 0.45379
vn -0.59064 0.66724 0.45379
vn 0.16357 -0.94645 -0.27836
vn 0.16357 -0.94645 -0.27836
vn 0.16357 -0.94645 -0.27836
vn 0.16357 -0.94645 -0.27836
vn -0.8611 0.1667 0.48032
vn -0.8611 0.1667 0.48032
vn -0.8611 0.1667 0.48032
vn -0.8611 0.1667 0.48032
vn 0.54405 -0.55132 -0.6325
vn 0.54405 -0.55132 -0.6325
vn 0.54405 -0.55132 -0.6325
vn 0.54405 -0.55132 -0.6325
vn -0.92689 -0.2759 0.25447
vn -0.92689 -0.2759 0.25447
vn 0.6187 0.63628 -0.46082
vn 0.6187 0.63628 -0.46082
vn 0.6187 0.63628 -0.46082
vn 0.39968 -0.91503 -0.05459
vn 0.39968 -0.91503 -0.05459
vn 0.39968 -0.91503 -0.05459
vn 0.39968 -0.91503 -0.05459
vn -0.77581 -0.59461 -0.21111
vn -0.77581 -0.59461 -0.21111
vn -0.77581 -0.59461 -0.21111
vn 0.30105 0.87185 0.38633
vn 0.30105 0.87185 0.38633
vn 0.30105 0.87185 0.38633
vn 0.30105 0.87185 0.38633
vn -0.34753 -0.69487 -0.62959
vn -0.34753 -0.69487 -0.62959
vn -0.34753 -0.69487 -0.62959
vn -0.34753 -0.69487 -0.62959
vn 0.74429 -0.53657 -0.39766
vn 0.74429 -0.53657 -0.39766
vn 0.74429 -0.53657 -0.39766
vn 0.74429 -0.53657 -0.39766
vn 0.95736 0.16798 -0.23503
vn 0.95736 0.16798 -0.23503
vn 0.95736 0.16798 -0.23503
vn 0.99426 0.03797 0.10005
vn 0.99426 0.03797 0.10005
vn 0.99426 0.03797 0.10005
vn 0.98577 -0.10487 -0.1314
vn 0.98577 -0.10487 -0.1314
vn 0.98577 -0.10487 -0.1314
vn 0.61796 -0.11953 0.77707
vn 0.61796 -0.11953 0.77707
vn 0.61796 -0.11953 0.77707
vn 0.83607 0.14495 0.52913
vn 0.83607 0.14495 0.52913
vn 0.83607 0.14495 0.52913
vn 0.71467 0.69217 -0.10072
vn 0.71467 0.69217 -0.10072
vn 0.71467 0.69217 -0.10072
vn 0.71467 0.69217 -0.10072
vn 0.88126 0.19318 -0.43134
vn 0.88126 0.19318 -0.43134
vn 0.88126 0.19318 -0.43134
vn 0.88126 0.19318 -0.43134
vn 0.67344 0.01692 0.73905
vn 0.67344 0.01692 0.73905
vn 0.67344 0.01692 0.73905
vn 0.87028 0.49015 -0.04866
vn 0.87028 0.49015 -0.04866
vn 0.87028 0.49015 -0.04866
vn 0.87028 0.49015 -0.04866
vn 0.92663 0.35547 0.12244
vn 0.92663 0.35547 0.12244
vn 0.61682 -0.11315 0.77893
vn 0.61682 -0.11315 0.77893
vn 0.61682 -0.11315 0.77893
vn 0.34839 -0.93473 -0.07
vn 0.34839 -0.93473 -0.07
vn 0.34839 -0.93473 -0.07
vn 0.34839 -0.93473 -0.07
vn 0.23337 -0.97238 -0.00295
vn 0.23337 -0.97238 -0.00295
vn 0.23337 -0.97238 -0.00295
vn 0.59916 -0.78314 -0.16641
vn 0.59916 -0.78314 -0.16641
vn 0.59916 -0.78314 -0.16641
vn 0.81406 -0.15191 0.56056
vn 0.81406 -0.15191 0.56056
vn 0.98224 0.08812 0.16566
vn 0.98224 0.08812 0.16566
vn 0.98224 0.08812 0.16566
vn 0.75885 0.21468 0.61487
vn 0.75885 0.21468 0.61487
vn 0.75885 0.21468 0.61487
vn 0.98397 0.03822 0.17421
vn 0.98397 0.03822 0.17421
vn 0.75975 0.25955 0.59616
vn 0.75975 0.25955 0.59616
vn 0.90371 0.34441 0.25436
vn 0.90371 0.34441 0.25436
vn 0.90371 0.34441 0.25436
vn 0.88603 0.13483 0.44358
vn 0.88603 0.13483 0.44358
vn 0.94541 0.27586 0.17348
vn 0.9511 0.27215 0.14608
vn 0.9511 0.27215 0.14608
vn 0.09546 0.68018 0.7268
vn 0.09546 0.68018 0.7268
vn 0.09546 0.68018 0.7268
vn 0.74831 0.29186 0.59569
vn 0.74831 0.29186 0.59569
vn 0.74831 0.29186 0.59569
vn 0.90204 0.03355 0.43035
vn 0.90204 0.03355 0.43035
vn 0.90275 0.03514 0.42872
vn 0.90275 0.03514 0.42872
vn 0.90275 0.03514 0.42872
vn 0.93655 -0.2141 0.27756
vn 0.93655 -0.2141 0.27756
vn 0.93655 -0.2141 0.27756
vn 0.67907 0.56267 0.47144
vn 0.67907 0.56267 0.47144
vn 0.71054 -0.11718 0.69383
vn 0.71054 -0.11718 0.69383
vn 0.71054 -0.11718 0.69383
vn 0.69523 0.22252 0.68348
vn 0.69523 0.22252 0.68348
vn 0.69523 0.22252 0.68348
vn 0.97391 0.21024 0.08542
vn 0.97391 0.21024 0.08542
vn 0.57613 -0.08139 0.8133
vn 0.57613 -0.08139 0.8133
vn 0.57613 -0.08139 0.8133
vn 0.97199 -0.23212 0.03689
vn 0.97199 -0.23212 0.03689
vn 0.99236 0.01914 -0.12189
vn 0.99236 0.01914 -0.12189
vn 0.99236 0.01914 -0.12189
vn 0.89767 0.43681 -0.05822
vn 0.89767 0.43681 -0.05822
vn 0.89767 0.43681 -0.05822
vn 0.75559 0.21339 0.61931
vn 0.75559 0.21339 0.61931
vn 0.91502 0.27352 0.29653
vn 0.91502 0.27352 0.29653
vn 0.89563 0.35723 0.26503
vn 0.89563 0.35723 0.26503
vn 0.21638 0.9266 0.30754
vn 0.21638 0.9266 0.30754
vn -0.75494 -0.47832 -0.44864
vn -0.75494 -0.47832 -0.44864
vn -0.75494 -0.47832 -0.44864
vn -0.75494 -0.47832 -0.44864
vn 0.9952 -0.08784 0.04305
vn 0.9952 -0.08784 0.04305
vn 0.9952 -0.08784 0.04305
vn 0.63018 0.57028 0.52693
vn 0.63018 0.57028 0.52693
vn 0.63018 0.57028 0.52693
vn 0.54231 -0.72332 -0.42745
vn 0.54231 -0.72332 -0.42745
vn 0.54231 -0.72332 -0.42745
vn -0.67975 0.62195 0.38873
vn -0.67975 0.62195 0.38873
vn -0.67975 0.62195 0.38873
vn -0.67975 0.62195 0.38873
vn 0.82373 0.46321 0.32696
vn 0.82373 0.46321 0.32696
vn 0.74244 0.4117 0.52847
vn 0.74244 0.4117 0.52847
vn 0.74244 0.4117 0.52847
vn 0.87666 -0.36106 -0.31797
vn 0.87666 -0.36106 -0.31797
vn 0.87666 -0.36106 -0.31797
vn 0.87666 -0.36106 -0.31797
vn 0.83103 -0.55622 0.00052
vn 0.83103 -0.55622 0.00052
vn 0.83103 -0.55622 0.00052
vn 0.94301 0.33019 0.04123
vn 0.94301 0.33019 0.04123
vn 0.94301 0.33019 0.04123
vn 0.96065 0.22359 -0.16479
vn 0.96065 0.22359 -0.16479
vn 0.96065 0.22359 -0.16479
vn 0.79732 -0.2784 0.53551
vn 0.79732 -0.2784 0.53551
vn 0.79732 -0.2784 0.53551
vn 0.56188 0.6674 -0.48875
vn 0.56188 0.6674 -0.48875
vn 0.87021 0.34982 -0.34693
vn 0.87021 0.34982 -0.34693
vn 0.87021 0.34982 -0.34693
vn 0.82597 0.56286 0.03091
vn 0.82597 0.56286 0.03091
vn 0.6946 0.71805 -0.04405
vn 0.6946 0.71805 -0.04405
vn 0.6946 0.71805 -0.04405
vn 0.6946 0.71805 -0.04405
vn 0.73007 0.67059 -0.13156
vn 0.73007 0.67059 -0.13156
vn 0.73007 0.67059 -0.13156
vn 0.90681 0.00335 0.42154
vn 0.90681 0.00335 0.42154
vn 0.90681 0.00335 0.42154
vn 0.7603 -0.4311 0.48589
vn 0.7603 -0.4311 0.48589
vn 0.7603 -0.4311 0.48589
vn 0.94022 0.32076 -0.11443
vn 0.94022 0.32076 -0.11443
vn 0.94022 0.32076 -0.11443
vn 0.94022 0.32076 -0.11443
vn 0.39624 0.91077 0.11613
vn 0.39624 0.91077 0.11613
vn 0.36938 0.91829 -0.1425
vn 0.36938 0.91829 -0.1425
vn 0.36938 0.91829 -0.1425
vn 0.22876 0.93454 -0.2726
vn 0.22876 0.93454 -0.2726
vn 0.22876 0.93454 -0.2726
vn 0.22876 0.93454 -0.2726
vn 0.74977 -0.61224 -0.25102
vn 0.74977 -0.61224 -0.25102
vn 0.74977 -0.61224 -0.25102
vn 0.95093 0.16823 -0.25967
vn 0.95093 0.16823 -0.25967
vn 0.73512 0.53846 -0.41191
vn 0.73512 0.53846 -0.41191
vn 0.72659 0.61488 -0.30658
vn 0.72659 0.61488 -0.30658
vn 0.82123 0.52727 -0.21812
vn 0.82123 0.52727 -0.21812
vn 0.82123 0.52727 -0.21812
vn 0.13166 0.73111 -0.66944
vn 0.13166 0.73111 -0.66944
vn 0.13166 0.73111 -0.66944
vn 0.14116 0.26007 -0.95521
vn 0.14116 0.26007 -0.95521
vn 0.14116 0.26007 -0.95521
vn 0.14116 0.26007 -0.95521
vn -0.33813 -0.17401 -0.92487
vn -0.33813 -0.17401 -0.92487
vn -0.33813 -0.17401 -0.92487
vn -0.33813 -0.17401 -0.92487
vn 0.24425 0.7174 -0.65244
vn 0.24425 0.7174 -0.65244
vn 0.24425 0.7174 -0.65244
vn 0.24425 0.7174 -0.65244
vn 0.90143 0.43289 -0.00599
vn 0.90143 0.43289 -0.00599
vn 0.90143 0.43289 -0.00599
vn 0.94494 -0.25513 0.20492
vn 0.94494 -0.25513 0.20492
vn 0.94494 -0.25513 0.20492
vn 0.5554 -0.67653 0.48358
vn 0.5554 -0.67653 0.48358
vn 0.5554 -0.67653 0.48358
vn 0.79212 0.60936 -0.035
vn 0.79212 0.60936 -0.035
vn 0.79212 0.60936 -0.035
vn 0.79212 0.60936 -0.035
vn 0.99068 0.02911 0.1331
vn 0.99068 0.02911 0.1331
vn 0.99068 0.02911 0.1331
vn 0.99068 0.02911 0.1331
vn 0.97282 -0.06065 0.2235
vn 0.97282 -0.06065 0.2235
vn 0.97282 -0.06065 0.2235
vn 0.60415 -0.2148 0.76738
vn 0.60415 -0.2148 0.76738
vn 0.60415 -0.2148 0.76738
vn 0.60415 -0.2148 0.76738
vn 0.68227 0.47261 -0.5578
vn 0.68227 0.47261 -0.5578
vn 0.68227 0.47261 -0.5578
vn 0.68227 0.47261 -0.5578
vn 0.97304 0.04762 0.22568
vn 0.97304 0.04762 0.22568
vn 0.97304 0.04762 0.22568
vn 0.57079 -0.57049 0.59054
vn 0.57079 -0.57049 0.59054
vn 0.61387 0.67665 -0.40658
vn 0.61387 0.67665 -0.40658
vn 0.61387 0.67665 -0.40658
vn 0.72371 -0.67056 0.16308
vn 0.72371 -0.67056 0.16308
vn 0.72371 -0.67056 0.16308
vn 0.76162 -0.64737 0.02925
vn 0.76162 -0.64737 0.02925
vn 0.81412 -0.58067 -0.00492
vn 0.81412 -0.58067 -0.00492
vn 0.81412 -0.58067 -0.00492
vn 0.73371 0.63879 -0.23155
vn 0.73371 0.63879 -0.23155
vn 0.73371 0.63879 -0.23155
vn 0.98319 -0.11722 0.14002
vn 0.98319 -0.11722 0.14002
vn 0.98319 -0.11722 0.14002
vn 0.98319 -0.11722 0.14002
vn 0.97321 0.1908 -0.12827
vn 0.97321 0.1908 -0.12827
vn 0.97321 0.1908 -0.12827
vn 0.70735 -0.70686 0.00176
vn 0.70735 -0.70686 0.00176
vn 0.70735 -0.70686 0.00176
vn 0.70735 -0.70686 0.00176
vn 0.01894 0.98938 -0.14408
vn 0.01894 0.98938 -0.14408
vn 0.01894 0.98938 -0.14408
vn 0.65701 0.74653 0.10501
vn 0.65701 0.74653 0.10501
vn 0.65701 0.74653 0.10501
vn 0.85496 0.33232 -0.39825
vn 0.85496 0.33232 -0.39825
vn 0.76157 0.51843 -0.38891
vn 0.76157 0.51843 -0.38891
vn 0.82378 0.42728 -0.37257
vn 0.82378 0.42728 -0.37257
vn 0.82378 0.42728 -0.37257
vn 0.82378 0.42728 -0.37257
vn 0.72087 -0.65053 0.23909
vn 0.72087 -0.65053 0.23909
vn 0.72087 -0.65053 0.23909
vn 0.79448 0.40438 -0.45308
vn 0.79448 0.40438 -0.45308
vn 0.79448 0.40438 -0.45308
vn 0.88794 0.45994 0.00305
vn 0.88794 0.45994 0.00305
vn 0.88794 0.45994 0.00305
vn 0.39069 -0.57002 0.72279
vn 0.39069 -0.57002 0.72279
vn 0.39069 -0.57002 0.72279
vn 0.33251 0.51774 0.78828
vn 0.33251 0.51774 0.78828
vn 0.33251 0.51774 0.78828
vn 0.33251 0.51774 0.78828
vn 0.32278 -0.01676 0.94633
vn 0.32278 -0.01676 0.94633
vn 0.32278 -0.01676 0.94633
vn 0.38033 -0.67436 0.63292
vn 0.38033 -0.67436 0.63292
vn 0.38033 -0.67436 0.63292
vn 0.38033 -0.67436 0.63292
vn 0.26011 0.90178 0.34515
vn 0.26011 0.90178 0.34515
vn 0.26011 0.90178 0.34515
vn 0.76297 0.37176 0.52884
vn 0.76297 0.37176 0.52884
vn 0.22095 -0.97359 -0.05748
vn 0.22095 -0.97359 -0.05748
vn 0.14227 -0.52685 -0.83797
vn 0.14227 -0.52685 -0.83797
vn 0.25192 0.95164 -0.17583
vn 0.25192 0.95164 -0.17583
vn 0.25192 0.95164 -0.17583
vn 0.18275 -0.97744 0.10591
vn 0.18275 -0.97744 0.10591
vn 0.70722 0.44613 0.54846
vn 0.70722 0.44613 0.54846
vn 0.70722 0.44613 0.54846
vn 0.85802 0.48085 -0.1805
vn 0.85802 0.48085 -0.1805
vn 0.85802 0.48085 -0.1805
vn 0.94012 -0.2246 -0.25639
vn 0.94012 -0.2246 -0.25639
vn -0.89749 -0.44011 -0.02871
vn -0.89749 -0.44011 -0.02871
vn -0.89749 -0.44011 -0.02871
vn -0.7641 0.26982 -0.58597
vn -0.7641 0.26982 -0.58597
vn -0.7641 0.26982 -0.58597
vn -0.7641 0.26982 -0.58597
vn -0.84204 -0.53891 -0.0233
vn -0.84204 -0.53891 -0.0233
vn -0.84204 -0.53891 -0.0233
vn -0.40038 0.91292 0.07916
vn -0.40038 0.91292 0.07916
vn -0.40038 0.91292 0.07916
vn -0.40038 0.91292 0.07916
vn -0.93266 0.34743 -0.09709
vn -0.93266 0.34743 -0.09709
vn -0.93266 0.34743 -0.09709
vn -0.73386 -0.27129 0.62278
vn -0.73386 -0.27129 0.62278
vn -0.95265 0.29193 0.08507
vn -0.95265 0.29193 0.08507
vn -0.95265 0.29193 0.08507
vn -0.95265 0.29193 0.08507
vn -0.74246 0.63068 -0.22583
vn -0.74246 0.63068 -0.22583
vn -0.74246 0.63068 -0.22583
vn -0.74246 0.63068 -0.22583
vn -0.66222 -0.42127 0.61968
vn -0.66222 -0.42127 0.61968
vn -0.66222 -0.42127 0.61968
vn -0.62074 0.68927 -0.3736
vn -0.62074 0.68927 -0.3736
vn -0.26659 0.74237 -0.61467
vn -0.26659 0.74237 -0.61467
vn -0.26659 0.74237 -0.61467
vn -0.95492 0.09974 -0.27961
vn -0.95492 0.09974 -0.27961
vn -0.95492 0.09974 -0.27961
vn -0.95492 0.09974 -0.27961
vn -0.95504 0.2946 0.03321
vn -0.95504 0.2946 0.03321
vn -0.9311 0.34662 -0.11362
vn -0.9311 0.34662 -0.11362
vn -0.9311 0.34662 -0.11362
vn -0.97093 -0.06676 0.22986
vn -0.97093 -0.06676 0.22986
vn 0.33196 -0.4999 -0.79994
vn 0.33196 -0.4999 -0.79994
vn 0.33196 -0.4999 -0.79994
vn 0.33196 -0.4999 -0.79994
vn -0.13561 0.91404 -0.38229
vn -0.13561 0.91404 -0.38229
vn -0.13561 0.91404 -0.38229
vn -0.13561 0.91404 -0.38229
vn -0.37828 0.90269 0.20509
vn -0.37828 0.90269 0.20509
vn -0.37828 0.90269 0.20509
vn -0.37828 0.90269 0.20509
vn -0.18927 -0.921 -0.34049
vn -0.18927 -0.921 -0.34049
vn 0.23374 -0.91336 0.33338
vn 0.23374 -0.91336 0.33338
vn 0.23374 -0.91336 0.33338
vn -0.7695 -0.16099 -0.61802
vn -0.7695 -0.16099 -0.61802
vn -0.7695 -0.16099 -0.61802
vn 0.4703 -0.56166 -0.68071
vn -0.77816 0.1734 0.60365
vn -0.77816 0.1734 0.60365
vn -0.77816 0.1734 0.60365
vn -0.84614 0.07641 0.52746
vn -0.84614 0.07641 0.52746
vn 0.86436 -0.45395 -0.21635
vn 0.86436 -0.45395 -0.21635
vn 0.86436 -0.45395 -0.21635
vn 0.86436 -0.45395 -0.21635
vn 0.17004 -0.64204 -0.74758
vn 0.17004 -0.64204 -0.74758
vn 0.17004 -0.64204 -0.74758
vn 0.17004 -0.64204 -0.74758
vn -0.64373 -0.28609 0.70976
vn -0.64373 -0.28609 0.70976
vn -0.64373 -0.28609 0.70976
vn -0.68601 -0.22375 -0.69234
vn -0.68601 -0.22375 -0.69234
vn -0.68601 -0.22375 -0.69234
vn -0.70754 -0.15308 0.6899
vn -0.70754 -0.15308 0.6899
vn -0.70754 -0.15308 0.68989
vn -0.56482 -0.27648 0.77752
vn -0.56482 -0.27648 0.77752
vn -0.56482 -0.27648 0.77752
vn 0.50374 -0.84117 -0.1967
vn 0.50374 -0.84117 -0.1967
vn 0.50374 -0.84117 -0.1967
vn 0.50374 -0.84117 -0.1967
vn 0.8241 -0.5534 -0.12084
vn 0.8241 -0.5534 -0.12084
vn 0.8241 -0.5534 -0.12084
vn 0.8128 -0.11493 -0.5711
vn 0.8128 -0.11493 -0.5711
vn 0.8128 -0.11493 -0.5711
vn -0.89867 -0.43319 -0.06882
vn -0.89867 -0.43319 -0.06882
vn -0.89867 -0.43319 -0.06882
vn -0.89867 -0.43319 -0.06882
vn -0.34464 -0.91074 0.22755
vn -0.34464 -0.91074 0.22755
vn -0.34464 -0.91074 0.22755
vn 0.9682 -0.1863 -0.16699
vn 0.9682 -0.1863 -0.16699
vn -0.87784 -0.22327 0.42372
vn -0.87784 -0.22327 0.42372
vn -0.87784 -0.22327 0.42372
vn 0.65375 0.05548 -0.75467
vn 0.65375 0.05548 -0.75467
vn 0.65375 0.05548 -0.75467
vn -0.85637 -0.01277 0.51621
vn -0.85637 -0.01277 0.51621
vn 0.89293 0.40775 0.19084
vn 0.89293 0.40775 0.19084
vn -0.83981 0.2091 -0.50099
vn -0.83981 0.2091 -0.50099
vn -0.83981 0.2091 -0.50099
vn 0.69481 -0.17104 0.69856
vn 0.69481 -0.17104 0.69856
vn 0.69481 -0.17104 0.69856
vn 0.99362 0.0875 -0.07114
vn 0.99362 0.0875 -0.07114
vn 0.99362 0.0875 -0.07114
vn -0.79532 0.16158 -0.58426
vn -0.79532 0.16158 -0.58426
vn -0.79532 0.16158 -0.58426
vn 0.56332 -0.26718 0.78185
vn 0.56332 -0.26718 0.78185
vn 0.56332 -0.26718 0.78185
vn 0.94299 0.32136 0.08658
vn 0.94299 0.32136 0.08658
vn 0.94299 0.32136 0.08658
vn 0.94299 0.32136 0.08658
vn -0.91652 -0.39573 -0.05826
vn -0.91652 -0.39573 -0.05826
vn -0.91652 -0.39573 -0.05826
vn 0.63571 -0.75205 0.17405
vn 0.63571 -0.75205 0.17405
vn 0.63571 -0.75205 0.17405
vn 0.67188 -0.73338 0.10359
vn 0.67188 -0.73338 0.10359
vn 0.67188 -0.73338 0.10359
vn -0.34182 -0.93633 0.08025
vn -0.34182 -0.93633 0.08025
vn -0.9963 -0.08207 -0.02559
vn -0.9963 -0.08207 -0.02559
vn -0.9963 -0.08207 -0.02559
vn 0.64285 0.10999 -0.75805
vn 0.64285 0.10999 -0.75805
vn 0.64285 0.10999 -0.75805
vn -0.99891 -0.03979 -0.02457
vn -0.99891 -0.03979 -0.02457
vn -0.99891 -0.03979 -0.02457
vn -0.40787 -0.34705 0.84451
vn -0.40787 -0.34705 0.84451
vn -0.40787 -0.34705 0.84451
vn 0.62856 0.4337 -0.64562
vn 0.62856 0.4337 -0.64562
vn 0.62856 0.4337 -0.64562
vn -0.87095 0.17806 -0.45798
vn -0.87095 0.17806 -0.45798
vn -0.87095 0.17806 -0.45798
vn -0.87095 0.17806 -0.45798
vn -0.17764 -0.98352 0.03374
vn -0.17764 -0.98352 0.03374
vn -0.17764 -0.98352 0.03374
vn 0.51516 0.85496 -0.06048
vn 0.51516 0.85496 -0.06048
vn 0.51516 0.85496 -0.06048
vn 0.51516 0.85496 -0.06048
vn -0.90711 0.4205 0.0182
vn -0.90711 0.4205 0.0182
vn -0.90711 0.4205 0.0182
vn -0.90711 0.4205 0.0182
vn 0.67651 -0.46799 -0.56861
vn 0.67651 -0.46799 -0.56861
vn 0.67651 -0.46799 -0.56861
vn -0.36494 -0.91586 -0.16739
vn -0.36494 -0.91586 -0.16739
vn 0.51382 0.70688 0.48612
vn 0.51382 0.70688 0.48612
vn -0.98736 -0.14949 -0.05258
vn -0.98736 -0.14949 -0.05258
vn -0.98736 -0.14949 -0.05258
vn -0.21691 -0.95428 -0.20567
vn -0.21691 -0.95428 -0.20567
vn -0.21691 -0.95428 -0.20567
vn -0.21691 -0.95428 -0.20567
vn -0.91288 -0.05281 0.4048
vn -0.91288 -0.05281 0.4048
vn -0.91288 -0.05281 0.4048
vn -0.9339 0.31971 0.16004
vn -0.9339 0.31971 0.16004
vn -0.9339 0.31971 0.16004
vn -0.55514 0.7842 -0.27723
vn -0.55514 0.7842 -0.27723
vn -0.55514 0.7842 -0.27723
vn -0.3374 0.77184 0.53891
vn -0.3374 0.77184 0.53891
vn -0.3374 0.77184 0.53891
vn -0.45324 0.74864 0.48384
vn -0.45324 0.74864 0.48384
vn -0.30574 0.31288 0.89924
vn -0.30574 0.31288 0.89924
vn -0.66471 0.14761 0.73237
vn -0.66471 0.14761 0.73237
vn -0.66471 0.14761 0.73237
vn -0.30944 -0.16263 0.93691
vn -0.30944 -0.16263 0.93691
vn -0.76153 -0.2269 0.60712
vn -0.76153 -0.2269 0.60712
vn -0.78574 -0.18076 0.59156
vn -0.78574 -0.18076 0.59156
vn -0.78574 -0.18076 0.59156
vn -0.88856 -0.45872 -0.00699
vn -0.88856 -0.45872 -0.00699
vn -0.88856 -0.45872 -0.00699
vn -0.88856 -0.45872 -0.00699
vn -0.89354 -0.40336 0.19717
vn -0.89354 -0.40336 0.19717
vn -0.89354 -0.40336 0.19717
vn -0.96133 -0.1681 -0.21815
vn -0.96133 -0.1681 -0.21815
vn -0.49497 -0.86007 -0.12364
vn -0.49497 -0.86007 -0.12364
vn -0.93315 -0.31995 0.16394
vn -0.93315 -0.31995 0.16394
vn 0.82079 -0.56773 -0.06312
vn 0.82079 -0.56773 -0.06312
vn -0.29344 -0.95389 0.06311
vn -0.29344 -0.95389 0.06311
vn -0.29344 -0.95389 0.06311
vn -0.18584 0.74608 -0.6394
vn -0.18584 0.74608 -0.6394
vn -0.46508 -0.41932 -0.77966
vn -0.46508 -0.41932 -0.77966
vn -0.76209 -0.63935 -0.10218
vn -0.76209 -0.63935 -0.10218
vn -0.49648 -0.59456 0.63246
vn -0.49648 -0.59456 0.63246
vn -0.49648 -0.59456 0.63246
vn 0.5865 -0.53351 -0.60941
vn 0.5865 -0.53351 -0.60941
vn 0.5865 -0.53351 -0.60941
vn 0.5865 -0.53351 -0.60941
vn -0.1894 -0.8408 0.50713
vn -0.1894 -0.8408 0.50713
vn -0.1894 -0.8408 0.50713
vn -0.1894 -0.8408 0.50713
vn -0.54036 0.13945 -0.8298
vn -0.54036 0.13945 -0.8298
vn -0.54036 0.13945 -0.8298
vn 0.48682 -0.79551 0.36079
vn 0.48682 -0.79551 0.36079
vn 0.48682 -0.79551 0.36079
vn 0.48682 -0.79551 0.36079
vn 0.82012 0.45662 0.34481
vn 0.82012 0.45662 0.34481
vn 0.82012 0.45662 0.34481
vn -0.73275 -0.35167 -0.58258
vn -0.73275 -0.35167 -0.58258
vn 0.71255 0.49645 0.49579
vn 0.71255 0.49645 0.49579
vn 0.71255 0.49645 0.49579
vn 0.49484 0.51688 -0.69854
vn 0.49484 0.51688 -0.69854
vn 0.49484 0.51688 -0.69854
vn 0.49484 0.51688 -0.69854
vn -0.72637 -0.28512 0.62538
vn -0.72637 -0.28512 0.62538
vn 0.37107 0.58828 -0.7185
vn 0.37107 0.58828 -0.7185
vn 0.37107 0.58828 -0.7185
vn 0.37107 0.58828 -0.7185
vn -0.74978 -0.58033 0.31788
vn -0.74978 -0.58033 0.31788
vn -0.74978 -0.58033 0.31788
vn -0.74978 -0.58033 0.31788
vn -0.64668 -0.76276 -0.00135
vn -0.64668 -0.76276 -0.00135
vn 0.104 0.10636 -0.98887
vn 0.104 0.10636 -0.98887
vn 0.104 0.10636 -0.98887
vn 0.104 0.10636 -0.98887
vn 0.63105 -0.10115 0.76912
vn 0.63105 -0.10115 0.76912
vn 0.63105 -0.10115 0.76912
vn -0.62966 0.52035 -0.57685
vn -0.62966 0.52035 -0.57685
vn -0.62966 0.52035 -0.57685
vn 0.86892 -0.49457 0.01934
vn 0.86892 -0.49457 0.01934
vn -0.80117 0.59226 0.08579
vn -0.80117 0.59226 0.08579
vn -0.19402 -0.69946 -0.68783
vn -0.19402 -0.69946 -0.68783
vn -0.19402 -0.69946 -0.68783
vn 0.66426 -0.71086 -0.23116
vn 0.66426 -0.71086 -0.23116
vn 0.66426 -0.71086 -0.23116
vn 0.66426 -0.71086 -0.23116
vn -0.38853 0.73854 0.55099
vn -0.38853 0.73854 0.55099
vn -0.38853 0.73854 0.55099
vn 0.79871 -0.19592 -0.56893
vn 0.79871 -0.19592 -0.56893
vn 0.79871 -0.19592 -0.56893
vn -0.65122 -0.59139 -0.47557
vn -0.65122 -0.59139 -0.47557
vn -0.95736 0.16798 -0.23503
vn -0.95736 0.16798 -0.23503
vn -0.95736 0.16798 -0.23503
vn -0.99601 -0.00026 0.0892
vn -0.99601 -0.00026 0.0892
vn -0.99781 -0.01235 -0.06492
vn -0.99781 -0.01235 -0.06492
vn -0.57167 -0.02041 0.82023
vn -0.57167 -0.02041 0.82023
vn -0.57167 -0.02041 0.82023
vn -0.8453 0.21741 0.48806
vn -0.8453 0.21741 0.48806
vn -0.71293 0.69358 -0.10334
vn -0.71293 0.69358 -0.10334
vn -0.71293 0.69358 -0.10334
vn -0.71293 0.69358 -0.10334
vn -0.92653 -0.22089 -0.30455
vn -0.92653 -0.22089 -0.30455
vn -0.92653 -0.22089 -0.30455
vn -0.92653 -0.22089 -0.30455
vn -0.58821 0.02291 0.80838
vn -0.58821 0.02291 0.80838
vn -0.58821 0.02291 0.80838
vn -0.87931 0.47277 -0.05752
vn -0.87931 0.47277 -0.05752
vn -0.91581 0.38589 0.11126
vn -0.91581 0.38589 0.11126
vn -0.91581 0.38589 0.11126
vn -0.81245 -0.33691 0.47584
vn -0.81245 -0.33691 0.47584
vn -0.81245 -0.33691 0.47584
vn -0.34839 -0.93473 -0.07
vn -0.34839 -0.93473 -0.07
vn -0.23337 -0.97238 -0.00295
vn -0.23337 -0.97238 -0.00295
vn -0.23337 -0.97238 -0.00295
vn -0.59917 -0.78314 -0.16641
vn -0.59917 -0.78314 -0.16641
vn -0.59917 -0.78314 -0.16641
vn -0.59917 -0.78314 -0.16641
vn -0.97667 0.12585 0.17399
vn -0.97667 0.12585 0.17399
vn -0.97667 0.12585 0.17399
vn -0.75885 0.21468 0.61487
vn -0.75885 0.21468 0.61487
vn -0.75885 0.21468 0.61487
vn -0.98836 -0.04043 0.14666
vn -0.98836 -0.04043 0.14666
vn -0.75975 0.25955 0.59616
vn -0.75975 0.25955 0.59616
vn -0.75975 0.25955 0.59616
vn -0.89995 0.35333 0.25544
vn -0.89995 0.35333 0.25544
vn -0.89995 0.35333 0.25544
vn -0.89995 0.35333 0.25544
vn -0.88603 0.13484 0.44359
vn -0.88603 0.13484 0.44359
vn -0.88603 0.13484 0.44359
vn -0.94557 0.27576 0.17275
vn -0.94557 0.27576 0.17275
vn -0.9511 0.27215 0.14608
vn -0.9511 0.27215 0.14608
vn -0.9511 0.27215 0.14608
vn -0.09641 0.68033 0.72654
vn -0.09641 0.68033 0.72654
vn -0.09641 0.68033 0.72654
vn -0.64584 0.50417 0.57333
vn -0.64584 0.50417 0.57333
vn -0.8987 0.03015 0.43752
vn -0.8987 0.03015 0.43752
vn -0.8987 0.03015 0.43752
vn -0.90198 0.03758 0.43013
vn -0.90198 0.03758 0.43013
vn -0.90198 0.03758 0.43013
vn -0.98641 -0.03161 0.16123
vn -0.98641 -0.03161 0.16123
vn -0.97391 0.21024 0.08542
vn -0.97391 0.21024 0.08542
vn -0.10061 -0.84356 0.52752
vn -0.10061 -0.84356 0.52752
vn -0.10061 -0.84356 0.52752
vn -0.97012 -0.24239 -0.01059
vn -0.97012 -0.24239 -0.01059
vn -0.97012 -0.24239 -0.01059
vn -0.99548 0.06931 -0.065
vn -0.99548 0.06931 -0.065
vn -0.89767 0.43681 -0.05822
vn -0.89767 0.43681 -0.05822
vn -0.89767 0.43681 -0.05822
vn -0.89767 0.43681 -0.05822
vn -0.7412 0.25274 0.62189
vn -0.7412 0.25274 0.62189
vn -0.7412 0.25274 0.62189
vn -0.91502 0.27352 0.29653
vn -0.91502 0.27352 0.29653
vn -0.91502 0.27352 0.29653
vn -0.89563 0.35723 0.26503
vn -0.89563 0.35723 0.26503
vn -0.89563 0.35723 0.26503
vn -0.89563 0.35723 0.26503
vn -0.21638 0.9266 0.30754
vn -0.21638 0.9266 0.30754
vn -0.21638 0.9266 0.30754
vn 0.75274 -0.34621 -0.55993
vn 0.75274 -0.34621 -0.55993
vn 0.75274 -0.34621 -0.55993
vn -0.95019 -0.31168 -0.00074
vn -0.95019 -0.31168 -0.00074
vn -0.95019 -0.31168 -0.00074
vn -0.95019 -0.31168 -0.00074
vn -0.87971 0.03675 0.47409
vn -0.87971 0.03675 0.47409
vn -0.87971 0.03675 0.47409
vn -0.11779 -0.72176 -0.68204
vn -0.11779 -0.72176 -0.68204
vn -0.11779 -0.72176 -0.68204
vn 0.77016 0.53617 0.3455
vn 0.77016 0.53617 0.3455
vn 0.77016 0.53617 0.3455
vn -0.82373 0.46321 0.32696
vn -0.82373 0.46321 0.32696
vn -0.82373 0.46321 0.32696
vn -0.8215 0.3417 0.45649
vn -0.8215 0.3417 0.45649
vn -0.8215 0.3417 0.45649
vn -0.89924 -0.27381 -0.34117
vn -0.89924 -0.27381 -0.34117
vn -0.89924 -0.27381 -0.34117
vn -0.83103 -0.55622 0.00051
vn -0.83103 -0.55622 0.00051
vn -0.78303 0.6192 0.05881
vn -0.78303 0.6192 0.05881
vn -0.78303 0.6192 0.05881
vn -0.95839 0.22996 -0.16914
vn -0.95839 0.22996 -0.16914
vn -0.95839 0.22996 -0.16914
vn -0.79375 -0.27915 0.54041
vn -0.79375 -0.27915 0.54041
vn -0.56188 0.66748 -0.48863
vn -0.56188 0.66748 -0.48863
vn -0.56188 0.66748 -0.48863
vn -0.86987 0.35057 -0.34701
vn -0.86987 0.35057 -0.34701
vn -0.86987 0.35057 -0.34701
vn -0.84034 0.53806 -0.06575
vn -0.84034 0.53806 -0.06575
vn -0.82651 0.55202 -0.11029
vn -0.82651 0.55202 -0.11029
vn -0.82651 0.55202 -0.11029
vn -0.82651 0.55202 -0.11029
vn -0.85068 0.49524 -0.17629
vn -0.85068 0.49524 -0.17629
vn -0.85068 0.49524 -0.17629
vn -0.90681 0.00335 0.42154
vn -0.90681 0.00335 0.42154
vn -0.71347 -0.47295 0.51699
vn -0.71347 -0.47295 0.51699
vn -0.71347 -0.47295 0.51699
vn -0.94022 0.32075 -0.11443
vn -0.94022 0.32075 -0.11443
vn -0.94022 0.32075 -0.11443
vn -0.94022 0.32075 -0.11443
vn -0.95171 0.29679 -0.07855
vn -0.95171 0.29679 -0.07855
vn -0.95171 0.29679 -0.07855
vn -0.9916 -0.11143 -0.06573
vn -0.9916 -0.11143 -0.06573
vn -0.9916 -0.11143 -0.06573
vn -0.98867 0.14684 0.03118
vn -0.98867 0.14684 0.03118
vn -0.98867 0.14684 0.03118
vn -0.96284 0.12468 -0.23957
vn -0.96284 0.12468 -0.23957
vn -0.96284 0.12468 -0.23957
vn -0.39624 0.91078 0.11613
vn -0.39624 0.91077 0.11613
vn -0.36912 0.91835 -0.14276
vn -0.36912 0.91835 -0.14276
vn -0.22876 0.93454 -0.2726
vn -0.22876 0.93454 -0.2726
vn -0.22876 0.93454 -0.2726
vn -0.22876 0.93454 -0.2726
vn -0.85183 -0.40134 -0.33662
vn -0.85183 -0.40134 -0.33662
vn -0.85183 -0.40134 -0.33662
vn -0.95051 0.16915 -0.26063
vn -0.95051 0.16915 -0.26063
vn -0.73483 0.53875 -0.41204
vn -0.73483 0.53875 -0.41204
vn -0.73483 0.53875 -0.41204
vn -0.72629 0.61521 -0.30663
vn -0.72629 0.61521 -0.30663
vn -0.72629 0.61521 -0.30663
vn -0.82093 0.52763 -0.21834
vn -0.82093 0.52763 -0.21834
vn -0.82093 0.52763 -0.21834
vn -0.13166 0.73111 -0.66944
vn -0.13166 0.73111 -0.66944
vn -0.13166 0.73111 -0.66944
vn -0.14116 0.26007 -0.95521
vn -0.14116 0.26007 -0.95521
vn -0.14116 0.26007 -0.95521
vn 0.33812 -0.17401 -0.92487
vn 0.33812 -0.17401 -0.92487
vn 0.33812 -0.17401 -0.92487
vn -0.24425 0.7174 -0.65244
vn -0.24425 0.7174 -0.65244
vn -0.24425 0.7174 -0.65244
vn -0.24425 0.7174 -0.65244
vn -0.95114 0.30148 0.06664
vn -0.95114 0.30148 0.06664
vn -0.95114 0.30148 0.06664
vn -0.94494 -0.25512 0.20492
vn -0.94494 -0.25512 0.20492
vn -0.94494 -0.25512 0.20492
vn -0.94494 -0.25512 0.20492
vn -0.5554 -0.67653 0.48358
vn -0.5554 -0.67653 0.48358
vn -0.5554 -0.67653 0.48358
vn -0.5554 -0.67653 0.48358
vn -0.57292 0.81796 0.05209
vn -0.57292 0.81796 0.05209
vn -0.57292 0.81796 0.05209
vn -0.57292 0.81796 0.05209
vn -0.96361 0.20946 -0.16607
vn -0.96361 0.20946 -0.16607
vn -0.96361 0.20946 -0.16607
vn -0.9679 0.0199 0.25053
vn -0.9679 0.0199 0.25053
vn -0.9679 0.0199 0.25053
vn -0.45977 -0.22119 0.86005
vn -0.45977 -0.22119 0.86005
vn -0.45977 -0.22119 0.86005
vn -0.55633 0.53733 -0.63385
vn -0.55633 0.53733 -0.63385
vn -0.55633 0.53733 -0.63385
vn -0.98993 0.06054 -0.12798
vn -0.98993 0.06054 -0.12798
vn -0.98993 0.06054 -0.12798
vn -0.97367 0.11455 -0.19711
vn -0.97367 0.11455 -0.19711
vn -0.97367 0.11455 -0.19711
vn -0.84837 -0.50054 0.17241
vn -0.84837 -0.50054 0.17241
vn -0.84837 -0.50054 0.17241
vn -0.86923 0.27892 -0.40821
vn -0.86923 0.27892 -0.40821
vn -0.86923 0.27892 -0.40821
vn -0.86923 0.27892 -0.40821
vn -0.7238 -0.63135 0.27841
vn -0.7238 -0.63135 0.27841
vn -0.7238 -0.63135 0.27841
vn -0.55899 0.77109 -0.3049
vn -0.55899 0.77109 -0.3049
vn -0.87122 -0.49083 -0.00825
vn -0.87122 -0.49083 -0.00825
vn -0.55016 0.83037 -0.08838
vn -0.55016 0.83037 -0.08838
vn -0.91023 -0.39625 0.12027
vn -0.91023 -0.39625 0.12027
vn -0.91023 -0.39625 0.12027
vn -0.91023 -0.39625 0.12027
vn -0.88474 0.4627 0.05609
vn -0.88474 0.4627 0.05609
vn -0.88474 0.4627 0.05609
vn -0.88474 0.4627 0.05609
vn -0.95389 -0.26968 0.13181
vn -0.95389 -0.26968 0.13181
vn -0.95927 0.15654 -0.23515
vn -0.95927 0.15654 -0.23515
vn -0.95927 0.15654 -0.23515
vn -0.76476 0.40168 -0.50377
vn -0.76476 0.40168 -0.50377
vn -0.76476 0.40168 -0.50377
vn -0.72427 -0.63244 0.27468
vn -0.72427 -0.63244 0.27467
vn -0.72427 -0.63244 0.27467
vn -0.67253 0.49399 -0.55107
vn -0.67253 0.49399 -0.55107
vn -0.67253 0.49399 -0.55107
vn -0.67253 0.49399 -0.55107
vn -0.95725 0.25965 -0.12748
vn -0.95725 0.25965 -0.12748
vn -0.95725 0.25965 -0.12748
vn -0.38735 -0.57044 0.72426
vn -0.38735 -0.57044 0.72426
vn -0.38735 -0.57044 0.72426
vn -0.39419 0.50526 0.76768
vn -0.39419 0.50526 0.76768
vn -0.32695 -0.01204 0.94497
vn -0.32695 -0.01204 0.94497
vn -0.32695 -0.01204 0.94497
vn -0.32695 -0.01204 0.94497
vn -0.38122 -0.67375 0.63304
vn -0.38122 -0.67375 0.63304
vn -0.38122 -0.67375 0.63304
vn -0.26011 0.90178 0.34515
vn -0.26011 0.90178 0.34515
vn -0.26011 0.90178 0.34515
vn -0.58559 0.57452 0.57184
vn -0.58559 0.57452 0.57184
vn -0.22095 -0.97359 -0.05748
vn -0.22095 -0.97359 -0.05748
vn -0.22095 -0.97359 -0.05748
vn -0.22095 -0.97359 -0.05748
vn -0.14228 -0.52685 -0.83797
vn -0.14228 -0.52685 -0.83797
vn -0.14228 -0.52685 -0.83797
vn -0.25192 0.95164 -0.17583
vn -0.25192 0.95164 -0.17583
vn -0.25192 0.95164 -0.17583
vn -0.18275 -0.97744 0.10591
vn -0.18275 -0.97744 0.10591
vn -0.18275 -0.97744 0.10591
vn -0.18275 -0.97744 0.10591
vn -0.70723 0.44612 0.54846
vn -0.70723 0.44612 0.54846
vn -0.70723 0.44612 0.54846
vn -0.85802 0.48085 -0.1805
vn -0.85802 0.48085 -0.1805
vn -0.85802 0.48085 -0.1805
vn -0.95349 0.19857 -0.22677
vn -0.95349 0.19857 -0.22677
vn -0.95349 0.19857 -0.22677
vn 0.97699 -0.01528 -0.21276
vn 0.97699 -0.01528 -0.21276
vn 0.97699 -0.01528 -0.21276
vn 0.97699 -0.01528 -0.21276
vn -0.97429 0.15235 -0.16598
vn -0.97429 0.15235 -0.16598
vn 0.95167 -0.13868 -0.27403
vn 0.95167 -0.13868 -0.27403
vn 0.95167 -0.13868 -0.27403
vn -0.95785 0.06121 -0.28069
vn -0.95785 0.06121 -0.28069
vn -0.95785 0.06121 -0.28069
vn 0.86923 -0.39523 -0.29705
vn 0.86923 -0.39523 -0.29705
vn -0.79604 -0.56512 -0.21671
vn -0.79604 -0.56512 -0.21671
vn -0.79604 -0.56512 -0.21671
vn 0.31489 -0.91491 -0.25256
vn 0.31489 -0.91491 -0.25256
vn 0.31489 -0.91491 -0.25256
vn -0.62037 -0.69759 -0.35848
vn -0.62037 -0.69759 -0.35848
vn -0.62037 -0.69759 -0.35848
vn 0.88938 0.27139 -0.36789
vn 0.88938 0.27139 -0.36789
vn 0.88938 0.27139 -0.36789
vn -0.79128 0.59279 -0.14993
vn -0.79128 0.59279 -0.14993
vn -0.79128 0.59279 -0.14993
vn 0.95725 0.25964 -0.12748
vn 0.95725 0.25964 -0.12748
vn 0.95725 0.25964 -0.12748
vn -0.88795 0.45994 0.00304
vn -0.88795 0.45994 0.00304
vn -0.88795 0.45994 0.00304
vn 0.6014 0.79886 0.01208
vn 0.6014 0.79886 0.01208
vn 0.6014 0.79886 0.01208
vn -0.84887 0.49422 -0.18751
vn -0.84887 0.49422 -0.18751
vn -0.84887 0.49422 -0.18751
vn 0.84552 0.43638 -0.3077
vn 0.84552 0.43638 -0.3077
vn 0.84552 0.43638 -0.3077
vn 0.84552 0.43638 -0.3077
vn -0.94509 0.12222 -0.30309
vn -0.94509 0.12222 -0.30309
vn -0.94509 0.12222 -0.30309
vn -0.94509 0.12222 -0.30309
vn 0.96268 -0.01006 -0.27045
vn 0.96268 -0.01006 -0.27045
vn 0.96268 -0.01006 -0.27045
vn -0.92942 0.35091 -0.11423
vn -0.92942 0.35091 -0.11423
vn -0.92942 0.35091 -0.11423
vn -0.92942 0.35091 -0.11423
vn 0.62462 -0.69137 -0.36311
vn 0.62462 -0.69137 -0.36311
vn -0.92023 -0.19061 -0.34182
vn -0.92023 -0.19061 -0.34182
vn -0.92023 -0.19061 -0.34182
vn 0.3739 -0.92035 -0.11467
vn 0.3739 -0.92035 -0.11467
vn 0.3739 -0.92035 -0.11467
vn -0.88286 -0.31743 -0.34612
vn -0.88286 -0.31743 -0.34612
vn 0.84713 0.30052 -0.43824
vn 0.84713 0.30052 -0.43824
vn 0.84713 0.30052 -0.43824
vn -0.77265 0.52105 -0.36265
vn -0.77265 0.52105 -0.36265
vn -0.92321 0.26028 -0.28272
vn -0.92321 0.26028 -0.28272
vn -0.92321 0.26028 -0.28272
vn 0.96646 0.25078 0.05529
vn 0.96646 0.25078 0.05529
vn 0.96646 0.25078 0.05529
vn 0.96301 0.12377 -0.23936
vn 0.96301 0.12377 -0.23936
vn 0.96301 0.12377 -0.23936
vn 0.96301 0.12377 -0.23936
vn 0.98878 0.14603 0.03143
vn 0.9916 -0.11143 -0.06574
vn 0.9916 -0.11143 -0.06574
vn 0.9916 -0.11143 -0.06574
vn 0.95171 0.29679 -0.07855
vn 0.95171 0.29679 -0.07855
vn 0.95171 0.29679 -0.07855
vn 0.85528 0.4921 -0.16231
vn 0.85528 0.4921 -0.16231
vn -0.85075 0.49958 -0.16326
vn -0.85075 0.49958 -0.16326
vn -0.9332 0.06534 0.35338
vn -0.9332 0.06534 0.35338
vn -0.9332 0.06534 0.35338
vn 0.93348 0.06487 0.35273
vn 0.93348 0.06487 0.35273
vn 0.55514 0.7842 -0.27723
vn 0.55514 0.7842 -0.27723
vn 0.55514 0.7842 -0.27723
vn -0.68785 0.72401 -0.05167
vn -0.68785 0.72401 -0.05167
vn -0.68785 0.72401 -0.05167
vn 0.97438 0.22364 -0.02397
vn 0.97438 0.22364 -0.02397
vn 0.97438 0.22364 -0.02397
vn 0.24005 -0.96964 0.04673
vn 0.24005 -0.96964 0.04673
vn 0.24005 -0.96964 0.04673
vn 0.41919 -0.90492 -0.07344
vn 0.41919 -0.90492 -0.07344
vn 0.41919 -0.90492 -0.07344
vn 0.41919 -0.90492 -0.07344
vn -0.40307 -0.91177 -0.07879
vn -0.40307 -0.91177 -0.07879
vn -0.40307 -0.91177 -0.07879
vn -0.23674 -0.97049 0.04597
vn -0.23674 -0.97049 0.04597
vn -0.86493 0.38866 -0.31754
vn -0.86493 0.38866 -0.31754
vn 0.8343 -0.54218 0.09995
vn 0.8343 -0.54218 0.09995
vn 0.8343 -0.54218 0.09995
vn 0.41486 -0.78342 0.46276
vn 0.41486 -0.78342 0.46276
vn 0.41486 -0.78342 0.46276
vn -0.83415 -0.55012 0.03966
vn -0.83415 -0.55012 0.03966
vn -0.31229 -0.83506 0.45294
vn -0.31229 -0.83506 0.45294
vn -0.31229 -0.83506 0.45294
vn 0.57325 -0.73712 -0.35783
vn 0.57325 -0.73712 -0.35783
vn 0.57325 -0.73712 -0.35783
vn 0.57325 -0.73712 -0.35783
vn -0.97492 -0.20932 0.07554
vn -0.97492 -0.20932 0.07554
vn -0.97492 -0.20932 0.07554
vn -0.97492 -0.20932 0.07554
vn -0.84594 0.36315 0.39053
vn -0.84594 0.36315 0.39053
vn -0.84594 0.36315 0.39053
vn 0.01554 -0.92092 -0.38944
vn 0.01554 -0.92092 -0.38944
vn 0.01554 -0.92092 -0.38944
vn 0.01554 -0.92092 -0.38944
vn 0.69181 0.71238 0.11793
vn 0.69181 0.71238 0.11793
vn 0.80363 0.01429 -0.59495
vn 0.80363 0.01429 -0.59495
vn -0.96941 -0.24419 0.02473
vn -0.96941 -0.24419 0.02473
vn -0.34598 -0.38945 -0.8536
vn -0.34598 -0.38945 -0.8536
vn -0.34598 -0.38945 -0.8536
vn 0.84672 0.32273 0.42297
vn 0.84672 0.32273 0.42297
vn -0.65967 -0.7114 -0.24238
vn -0.65967 -0.7114 -0.24238
vn -0.65967 -0.7114 -0.24238
vn -0.65967 -0.7114 -0.24238
vn -0.08017 -0.94968 -0.30278
vn -0.08017 -0.94968 -0.30278
vn -0.78982 -0.58522 -0.18358
vn -0.78982 -0.58522 -0.18358
vn -0.78982 -0.58522 -0.18358
vn -0.93069 -0.25645 -0.26085
vn -0.93069 -0.25645 -0.26085
vn -0.73306 -0.22559 0.64167
vn -0.73306 -0.22559 0.64167
vn -0.73306 -0.22559 0.64167
vn 0.69565 -0.11859 -0.70853
vn 0.69565 -0.11859 -0.70853
vn 0.69565 -0.11859 -0.70853
vn 0.69565 -0.11859 -0.70853
vn -0.94 -0.23782 -0.24464
vn -0.94 -0.23782 -0.24464
vn -0.94 -0.23782 -0.24464
vn -0.94 -0.23782 -0.24464
vn 0.45536 -0.25704 0.85239
vn 0.45536 -0.25704 0.85239
vn 0.45536 -0.25704 0.85239
vn -0.04073 -0.39284 -0.91871
vn -0.04073 -0.39284 -0.91871
vn 0.1887 0.95509 -0.22846
vn 0.1887 0.95509 -0.22846
vn 0.1887 0.95509 -0.22846
vn -0.59512 0.80068 -0.06883
vn -0.59512 0.80068 -0.06883
vn -0.59512 0.80068 -0.06883
vn -0.59512 0.80068 -0.06883
vn 0.27578 0.80703 0.52216
vn 0.27578 0.80703 0.52216
vn 0.27578 0.80703 0.52216
vn -0.67143 0.61142 0.41875
vn -0.67143 0.61142 0.41875
vn -0.89998 -0.23219 0.36894
vn -0.89998 -0.23219 0.36894
vn -0.89998 -0.23219 0.36894
vn -0.89998 -0.23219 0.36894
vn 0.77848 -0.51862 0.35355
vn 0.77848 -0.51862 0.35355
vn -0.19688 0.97329 0.1181
vn -0.19688 0.97329 0.1181
vn -0.19688 0.97329 0.1181
vn 0.88188 0.47061 0.02857
vn -0.97922 0.09166 0.18088
vn -0.97922 0.09166 0.18088
vn -0.97922 0.09166 0.18088
vn 0.85647 0.03589 0.51494
vn 0.85647 0.03589 0.51494
vn 0.85647 0.03589 0.51494
vn 0.91306 -0.2114 0.34875
vn 0.91306 -0.2114 0.34875
vn 0.64106 -0.182 0.7456
vn 0.64106 -0.182 0.7456
vn 0.64106 -0.182 0.7456
vn 0.99463 -0.06306 -0.08203
vn 0.99463 -0.06306 -0.08203
vn 0.99463 -0.06306 -0.08203
vn 0.99463 -0.06306 -0.08203
vn 0.97575 -0.2042 -0.07883
vn 0.97575 -0.2042 -0.07883
vn 0.97575 -0.2042 -0.07883
vn -0.94321 -0.30564 0.13016
vn -0.94321 -0.30564 0.13016
vn -0.94321 -0.30564 0.13016
vn -0.8332 -0.54769 0.07631
vn -0.8332 -0.54769 0.07631
vn -0.8332 -0.54769 0.07631
vn -0.79462 -0.60646 0.02809
vn -0.79462 -0.60646 0.02809
vn -0.79462 -0.60646 0.02809
vn -0.79462 -0.60646 0.02809
vn -0.73393 -0.2771 0.62014
vn -0.73393 -0.2771 0.62014
vn -0.73393 -0.2771 0.62014
vn -0.59209 -0.79802 0.11223
vn -0.59209 -0.79802 0.11223
vn -0.97139 0.2317 -0.05211
vn -0.97139 0.2317 -0.05211
vn -0.98061 -0.19299 0.03398
vn -0.98061 -0.19299 0.03398
vn -0.98061 -0.19299 0.03398
vn -0.98628 0.12786 -0.10437
vn -0.98628 0.12786 -0.10437
vn -0.98628 0.12786 -0.10437
vn -0.97163 0.19644 -0.13168
vn -0.97163 0.19644 -0.13168
vn -0.97163 0.19644 -0.13168
vn -0.60843 -0.74538 0.27243
vn -0.60843 -0.74538 0.27243
vn -0.60843 -0.74538 0.27243
vn -0.54406 -0.81742 0.18925
vn -0.54406 -0.81742 0.18925
vn -0.54406 -0.81742 0.18925
vn -0.38236 -0.77512 0.50298
vn -0.38236 -0.77512 0.50298
vn -0.38236 -0.77512 0.50298
vn -0.98244 -0.15894 0.09777
vn -0.98244 -0.15894 0.09777
vn -0.98244 -0.15894 0.09777
vn -0.97228 -0.1492 -0.18002
vn -0.97228 -0.1492 -0.18002
vn -0.97228 -0.1492 -0.18002
vn -0.99254 -0.10002 -0.06977
vn -0.99254 -0.10002 -0.06977
vn 0.89111 -0.43358 0.13393
vn 0.89111 -0.43358 0.13393
vn 0.85587 -0.46577 0.22484
vn 0.85587 -0.46577 0.22484
vn 0.77604 -0.07562 -0.62613
vn 0.77604 -0.07562 -0.62613
vn 0.59831 0.33446 -0.72812
vn 0.59831 0.33446 -0.72812
vn 0.64154 0.55593 -0.52855
vn 0.64154 0.55593 -0.52855
vn 0.64154 0.55593 -0.52855
vn 0.64154 0.55593 -0.52855
vn 0.60952 0.74497 -0.2711
vn 0.60952 0.74497 -0.2711
vn 0.60952 0.74497 -0.2711
vn 0.75016 0.59685 -0.28466
vn 0.75016 0.59685 -0.28466
vn 0.75016 0.59685 -0.28466
vn 0.57961 0.79298 -0.18771
vn 0.57961 0.79298 -0.18771
vn 0.54137 -0.71412 0.44379
vn 0.54137 -0.71412 0.44379
vn 0.49528 -0.8531 0.16406
vn 0.49528 -0.8531 0.16406
vn 0.49528 -0.8531 0.16406
vn 0.85969 0.25693 -0.4415
vn 0.85969 0.25693 -0.4415
vn 0.85969 0.25693 -0.4415
vn -0.75488 0.32988 -0.56687
vn -0.75488 0.32988 -0.56687
vn -0.75488 0.32988 -0.56687
vn 0.85713 -0.50122 0.11879
vn 0.85713 -0.50122 0.11879
vn 0.85713 -0.50122 0.11879
vn -0.85713 -0.50122 0.11879
vn -0.85713 -0.50122 0.11879
vn -0.85713 -0.50122 0.11879
vn 0.83803 -0.50046 0.21735
vn 0.83803 -0.50046 0.21735
vn 0.83803 -0.50046 0.21735
vn -0.72503 -0.6316 0.27461
vn -0.72503 -0.6316 0.27461
vn -0.72503 -0.6316 0.27461
vn 0.87416 -0.39349 -0.28461
vn 0.87416 -0.39349 -0.28461
vn 0.87416 -0.39349 -0.28461
vn -0.83169 -0.32163 -0.45261
vn -0.83169 -0.32163 -0.45261
vn -0.83169 -0.32163 -0.45261
vn 0.80689 0.1257 -0.57717
vn 0.80689 0.1257 -0.57717
vn 0.80689 0.1257 -0.57717
vn -0.6827 0.15549 -0.71396
vn -0.6827 0.15549 -0.71396
vn -0.6827 0.15549 -0.71396
vn 0.95991 -0.02618 -0.27908
vn 0.95991 -0.02618 -0.27908
vn 0.95991 -0.02618 -0.27908
vn -0.89912 -0.39698 0.18433
vn -0.89912 -0.39698 0.18433
vn -0.89912 -0.39698 0.18433
vn -0.8992 -0.42667 0.09695
vn -0.8992 -0.42667 0.09695
vn -0.8992 -0.42667 0.09695
vn -0.91332 -0.34977 -0.20858
vn -0.91332 -0.34977 -0.20858
vn -0.91332 -0.34977 -0.20858
vn 0.71774 -0.66533 0.20538
vn -0 0.96726 -0.25377
vn -0 0.96726 -0.25377
vn 0.79988 -0.52015 0.29938
vn 0.79988 -0.52015 0.29938
vn 0.79988 -0.52015 0.29938
vn 0.71667 -0.58371 0.38167
vn 0.71667 -0.58371 0.38167
vn 0.71667 -0.58371 0.38167
vn -0.26109 0.61586 0.74334
vn -0.26109 0.61586 0.74334
vn -0.93956 0.34152 0.02425
vn -0.93956 0.34152 0.02425
vn -0.93956 0.34152 0.02425
vn -0.93956 0.34152 0.02425
vn 0.82848 -0.53545 -0.16405
vn 0.82848 -0.53545 -0.16405
vn 0.82848 -0.53545 -0.16405
vn 0.6225 0.46 0.63316
vn 0.6225 0.46 0.63316
vn 0.6225 0.46 0.63316
vn 0.46899 0.86614 0.17278
vn 0.46899 0.86614 0.17278
vn 0.46899 0.86614 0.17278
vn 0.96456 0.15337 0.2147
vn 0.96456 0.15337 0.2147
vn 0.91698 -0.38894 -0.08872
vn 0.91698 -0.38894 -0.08872
vn 0.91698 -0.38894 -0.08872
vn 0.91698 -0.38894 -0.08872
vn 0.30471 -0.58976 -0.74789
vn 0.30471 -0.58976 -0.74789
vn 0.30471 -0.58976 -0.74789
vn -0.88286 0.45889 0.09993
vn -0.88286 0.45889 0.09993
vn -0.8721 -0.16517 -0.4606
vn -0.8721 -0.16517 -0.4606
vn -0.8721 -0.16517 -0.4606
vn -0.8721 -0.16517 -0.4606
vn 0.29961 0.91054 -0.28485
vn 0.29961 0.91054 -0.28485
vn 0.85204 0.2206 0.47472
vn 0.85204 0.2206 0.47472
vn 0.85204 0.2206 0.47472
vn 0.1522 0.50938 0.84697
vn 0.1522 0.50938 0.84697
vn 0.1522 0.50938 0.84697
vn 0.87616 0.47111 0.10194
vn 0.87616 0.47111 0.10194
vn 0.87616 0.47111 0.10194
vn 0.87616 0.47111 0.10194
vn -0.71339 -0.63662 -0.29289
vn -0.71339 -0.63662 -0.29289
vn -0.71339 -0.63662 -0.29289
vn -0.66478 0.26366 0.69896
vn -0.66478 0.26366 0.69896
vn -0.66478 0.26366 0.69896
vn -0.66478 0.26366 0.69896
vn -0.60151 0.73787 0.30617
vn -0.60151 0.73787 0.30617
vn -0.60151 0.73787 0.30617
vn -0.60151 0.73787 0.30617
vn -0.97418 -0.00889 0.22559
vn -0.97418 -0.00889 0.22559
vn -0.97418 -0.00889 0.22559
vn -0.8453 -0.50426 -0.17663
vn -0.8453 -0.50426 -0.17663
vn -0.8453 -0.50426 -0.17663
vn -0.19968 -0.48924 -0.84899
vn -0.19968 -0.48924 -0.84899
vn 0.78765 0.57794 0.21355
vn 0.78765 0.57794 0.21355
vn 0.78765 0.57794 0.21355
vn 0.88174 0.03735 -0.47026
vn 0.88174 0.03735 -0.47026
vn 0.88174 0.03735 -0.47026
vn -0.46275 0.8776 -0.12521
vn -0.46275 0.8776 -0.12521
vn -0.46275 0.8776 -0.12521
vn -0.46275 0.8776 -0.12521
vn -0.8688 0.02091 0.49473
vn -0.8688 0.02091 0.49473
vn -0.8688 0.02091 0.49473
vn -0.8688 0.02091 0.49473
vn -0.3304 0.77755 0.53503
vn -0.3304 0.77755 0.53503
vn -0.3304 0.77755 0.53503
vn -0.24581 0.75054 0.6134
vn -0.24581 0.75054 0.6134
vn -0.24581 0.75054 0.6134
vn -0.24581 0.75054 0.6134
vn -0.41443 0.07038 0.90736
vn -0.41443 0.07038 0.90736
vn -0.41443 0.07038 0.90736
vn -0.11155 0.8329 0.54206
vn -0.11155 0.8329 0.54206
vn -0.11155 0.8329 0.54206
vn -0.55 0.70596 0.44623
vn -0.55 0.70596 0.44623
vn -0.55 0.70596 0.44623
vn -0.58917 0.68423 0.42978
vn -0.58917 0.68423 0.42978
vn 0.11656 0.83433 0.5388
vn 0.11656 0.83433 0.5388
vn 0.11656 0.83433 0.5388
vn 0.11656 0.83433 0.5388
vn 0.56696 0.69594 0.44071
vn 0.56696 0.69594 0.44071
vn 0.56696 0.69594 0.44071
vn 0.58917 0.68423 0.42979
vn 0.58917 0.68423 0.42979
vn 0.45158 0.02687 0.89183
vn 0.45158 0.02687 0.89183
vn 0.45158 0.02687 0.89183
vn 0.332 0.77366 0.53965
vn 0.332 0.77366 0.53965
vn 0.332 0.77366 0.53965
vn 0.09545 0.68018 0.7268
vn 0.09545 0.68018 0.7268
vn 0.09545 0.68018 0.7268
vn 0.32231 0.77966 0.53689
vn 0.32231 0.77966 0.53689
vn 0.66323 -0.65181 -0.36779
vn 0.66323 -0.65181 -0.36779
vn 0.66323 -0.65181 -0.36779
vn -0.20512 -0.94457 -0.25634
vn -0.20512 -0.94457 -0.25634
vn -0.20512 -0.94457 -0.25634
vn -0.20512 -0.94457 -0.25634
vn -0.9707 -0.21238 0.11245
vn -0.9707 -0.21238 0.11245
vn -0.9707 -0.21238 0.11245
vn -0.85822 0.34467 0.38035
vn -0.85822 0.34467 0.38035
vn -0.85822 0.34467 0.38035
vn -0.85822 0.34467 0.38035
vn 0.57486 0.79101 0.20939
vn 0.57486 0.79101 0.20939
vn 0.66187 0.73586 0.14298
vn 0.66187 0.73586 0.14298
vn 0.66187 0.73586 0.14298
vn 0.76551 -0.57083 -0.29691
vn 0.76551 -0.57083 -0.29691
vn 0.48441 0.74681 0.45565
vn 0.48441 0.74681 0.45565
vn 0.48441 0.74681 0.45565
vn 0.82373 0.46321 0.32696
vn 0.82373 0.46321 0.32696
vn 0.82373 0.46321 0.32696
vn 0.92763 0.31371 0.20268
vn 0.92763 0.31371 0.20268
vn 0.92489 0.32712 0.19385
vn 0.92489 0.32712 0.19385
vn 0.98224 0.08812 0.16565
vn 0.98224 0.08812 0.16565
vn 0.98224 0.08812 0.16565
vn 0.98103 0.08065 0.1763
vn 0.98103 0.08065 0.1763
vn 0.97433 0.18643 0.12619
vn 0.97433 0.18643 0.12619
vn 0.91574 -0.37329 -0.14861
vn 0.91574 -0.37329 -0.14861
vn 0.87238 -0.47582 -0.11204
vn 0.87238 -0.47582 -0.11204
vn 0.87238 -0.47582 -0.11204
vn 0.7058 -0.53968 0.4589
vn 0.7058 -0.53968 0.4589
vn 0.7058 -0.53968 0.4589
vn 0.7058 -0.53968 0.4589
vn 0.42879 -0.65479 0.6224
vn 0.42879 -0.65479 0.6224
vn 0.42879 -0.65479 0.6224
vn -0.42988 -0.65495 0.62149
vn -0.42988 -0.65495 0.62149
vn -0.42988 -0.65495 0.62149
vn -0.71347 -0.47295 0.51698
vn -0.71347 -0.47295 0.51698
vn -0.71347 -0.47295 0.51698
vn -0.79001 -0.23232 0.56738
vn -0.79001 -0.23232 0.56738
vn -0.81406 -0.15191 0.56056
vn -0.81406 -0.15191 0.56056
vn -0.81406 -0.15191 0.56056
vn -0.96787 0.12089 0.22048
vn -0.96787 0.12089 0.22048
vn -0.96787 0.12089 0.22048
vn -0.92791 0.30604 0.21288
vn -0.92791 0.30604 0.21288
vn -0.92791 0.30604 0.21288
vn -0.82373 0.46321 0.32697
vn -0.82373 0.46321 0.32697
vn -0.82373 0.46321 0.32697
vn -0.46104 0.75868 0.46026
vn -0.46104 0.75868 0.46026
vn -0.46104 0.75868 0.46026
vt 0.75413 0.45213
vt 0.83201 0.49314
vt 0.81532 0.46483
vt 0.93068 0.52691
vt 0.87351 0.56127
vt 0.9216 0.57068
vt 0.87783 0.62543
vt 0.78277 0.38733
vt 0.69924 0.36614
vt 0.89437 0.28154
vt 0.96967 0.3729
vt 0.94456 0.26728
vt 0.91091 0.38516
vt 0.77401 0.28018
vt 0.85826 0.21882
vt 0.77146 0.24788
vt 0.90146 0.24106
vt 0.73842 0.19252
vt 0.76201 0.17341
vt 0.72238 0.12623
vt 0.92087 0.09738
vt 0.87004 0.10683
vt 0.87497 0.17302
vt 0.84099 0.15217
vt 0.47347 0.48355
vt 0.45655 0.48914
vt 0.4705 0.4561
vt 0.46452 0.52075
vt 0.80744 0.13102
vt 0.88314 0.02519
vt 0.7904 0.1042
vt 0.92031 0.18522
vt 0.57528 0.33204
vt 0.55855 0.33706
vt 0.57356 0.31065
vt 0.80374 0.19236
vt 0.93344 0.44425
vt 0.69291 0.27979
vt 0.249 0.89423
vt 0.18711 0.85662
vt 0.19823 0.82416
vt 0.2053 0.90947
vt 0.98914 0.46373
vt 0.94496 0.47708
vt 0.9873 0.53659
vt 0.658 0.37122
vt 0.6707 0.43374
vt 0.73032 0.44597
vt 0.547 0.52383
vt 0.57369 0.52582
vt 0.53922 0.62398
vt 0.1923 0.99756
vt 0.23757 0.96183
vt 0.1473 0.9184
vt 0.05144 0.61145
vt 0.04889 0.59076
vt 0.07643 0.61067
vt 0.07955 0.89612
vt 0.11545 0.90459
vt 0.1398 0.97785
vt 0.07079 0.90475
vt 0.28292 0.93961
vt 0.25638 0.85826
vt 0.26697 0.84913
vt 0.05165 0.89234
vt 0.13449 0.86092
vt 0.0963 0.85397
vt 0.05996 0.86367
vt 0.24851 0.7905
vt 0.27295 0.7488
vt 0.13339 0.78594
vt 0.15101 0.76849
vt 0.09978 0.79824
vt 0.11753 0.79172
vt 0.07079 0.79231
vt 0.09484 0.78985
vt 0.06974 0.78412
vt 0.10635 0.6608
vt 0.11572 0.6649
vt 0.09513 0.67659
vt 0.09195 0.66518
vt 0.06808 0.67813
vt 0.04546 0.67297
vt 0.06481 0.65396
vt 0.03979 0.65523
vt 0.11937 0.63841
vt 0.10294 0.64395
vt 0.06064 0.64094
vt 0.08331 0.632
vt 0.08398 0.64179
vt 0.02157 0.66254
vt 0.01846 0.65286
vt 0.03627 0.63987
vt 0.10048 0.63675
vt 0.11612 0.62786
vt 0.01616 0.61891
vt 0.03109 0.6108
vt 0.09534 0.60817
vt 0.10835 0.5916
vt 0.69322 0.48524
vt 0.73722 0.53903
vt 0.68236 0.51417
vt 0.77031 0.51357
vt 0.69499 0.62467
vt 0.67388 0.52259
vt 0.61934 0.60723
vt 0.62811 0.52238
vt 0.58978 0.43878
vt 0.57804 0.44126
vt 0.58825 0.51657
vt 0.64599 0.41097
vt 0.63438 0.42285
vt 0.61898 0.42948
vt 0.5877 0.42522
vt 0.57336 0.42756
vt 0.63031 0.41324
vt 0.64424 0.40788
vt 0.61295 0.42051
vt 0.5515 0.38752
vt 0.56654 0.37797
vt 0.62174 0.34726
vt 0.60458 0.35803
vt 0.58091 0.36522
vt 0.54027 0.38978
vt 0.54667 0.38015
vt 0.51841 0.34107
vt 0.53922 0.33896
vt 0.5631 0.37042
vt 0.58699 0.31704
vt 0.60962 0.28966
vt 0.28194 0.58128
vt 0.30794 0.5611
vt 0.3059 0.5791
vt 0.28325 0.55876
vt 0.35482 0.57564
vt 0.34655 0.6127
vt 0.33732 0.6126
vt 0.39676 0.53358
vt 0.37454 0.59161
vt 0.42926 0.56004
vt 0.40484 0.58391
vt 0.39226 0.64242
vt 0.36292 0.66385
vt 0.38707 0.63766
vt 0.35248 0.68808
vt 0.34891 0.68252
vt 0.34453 0.69863
vt 0.33224 0.70257
vt 0.33958 0.68883
vt 0.32979 0.69085
vt 0.32056 0.68673
vt 0.32391 0.67793
vt 0.32837 0.68676
vt 0.32902 0.682
vt 0.31454 0.69455
vt 0.31083 0.70095
vt 0.31429 0.67202
vt 0.30714 0.60072
vt 0.29732 0.65374
vt 0.30866 0.66596
vt 0.31769 0.66325
vt 0.32339 0.56684
vt 0.33486 0.52587
vt 0.65111 0.27466
vt 0.53022 0.31741
vt 0.54352 0.29377
vt 0.55782 0.61185
vt 0.06449 0.58282
vt 0.08226 0.59393
vt 0.01102 0.93062
vt 0.0137 0.88515
vt 0.04197 0.79173
vt 0.02575 0.68843
vt 0.56646 0.44238
vt 0.56358 0.43146
vt 0.49855 0.35619
vt 0.79861 0.42529
vt 0.47612 0.51265
vt 0.48285 0.49551
vt 0.28883 0.6863
vt 0.28202 0.66985
vt 0.29666 0.68035
vt 0.2927 0.66669
vt 0.28337 0.60188
vt 0.30903 0.54797
vt 0.33138 0.66548
vt 0.33242 0.682
vt 0.33281 0.6643
vt 0.37685 0.6283
vt 0.33733 0.67607
vt 0.38763 0.60797
vt 0.40485 0.60747
vt 0.40226 0.63066
vt 0.39516 0.61965
vt 0.42321 0.60617
vt 0.38207 0.6094
vt 0.90585 0.04651
vt 0.83835 0.51306
vt 0.34344 0.68256
vt 0.33055 0.67278
vt 0.31109 0.6712
vt 0.48106 0.30515
vt 0.44565 0.31138
vt 0.46899 0.29562
vt 0.9598 0.03423
vt 0.98389 0.04474
vt 0.93297 0.15135
vt 0.41029 0.45221
vt 0.43118 0.4094
vt 0.4603 0.41455
vt 0.46106 0.37477
vt 0.4081 0.41423
vt 0.43133 0.37782
vt 0.48107 0.33874
vt 0.43555 0.49343
vt 0.43619 0.46403
vt 0.47109 0.41611
vt 0.30714 0.68867
vt 0.46638 0.33961
vt 0.49528 0.31412
vt 0.44264 0.58354
vt 0.92887 0.21095
vt 0.94083 0.22833
vt 0.94168 0.24202
vt 0.49371 0.51371
vt 0.50214 0.53263
vt 0.49352 0.54765
vt 0.49514 0.48721
vt 0.95309 0.11664
vt 0.96201 0.08711
vt 0.96922 0.57808
vt 0.96099 0.58859
vt 0.95627 0.6041
vt 0.91976 0.66214
vt 0.96008 0.61161
vt 0.97779 0.57981
vt 0.29178 0.73032
vt 0.31557 0.73109
vt 0.28782 0.71799
vt 0.31073 0.73966
vt 0.2941 0.74617
vt 0.30381 0.75407
vt 0.29319 0.76267
vt 0.2886 0.75256
vt 0.29301 0.71111
vt 0.32056 0.71666
vt 0.35305 0.81984
vt 0.33826 0.83015
vt 0.3171 0.8504
vt 0.29771 0.85706
vt 0.37544 0.79667
vt 0.34204 0.88827
vt 0.32421 0.91144
vt 0.40181 0.81407
vt 0.4233 0.88146
vt 0.46457 0.89127
vt 0.42925 0.8651
vt 0.4002 0.91943
vt 0.43468 0.91941
vt 0.41236 0.89418
vt 0.39815 0.9463
vt 0.43477 0.9508
vt 0.45912 0.83119
vt 0.48203 0.87758
vt 0.50399 0.87347
vt 0.4373 0.84882
vt 0.39328 0.83934
vt 0.5131 0.9306
vt 0.51916 0.97462
vt 0.45062 0.90936
vt 0.50162 0.96287
vt 0.4876 0.9631
vt 0.52454 0.92998
vt 0.42948 0.34718
vt 0.45456 0.32307
vt 0.86621 0.00783
vt 0.77522 0.07452
vt 0.71512 0.08545
vt 0.30375 0.69623
vt 0.50211 0.29412
vt 0.28358 0.65399
vt 0.28326 0.55018
vt 0.45065 0.2358
vt 0.46239 0.19691
vt 0.49008 0.18211
vt 0.53088 0.08888
vt 0.57338 0.10108
vt 0.56048 0.1478
vt 0.62413 0.14837
vt 0.36811 0.31051
vt 0.38489 0.22686
vt 0.27413 0.05861
vt 0.38063 0.04008
vt 0.28488 0.10953
vt 0.38917 0.09931
vt 0.22016 0.1411
vt 0.27461 0.23148
vt 0.24148 0.22986
vt 0.24526 0.09967
vt 0.18257 0.25477
vt 0.12258 0.27275
vt 0.16743 0.23379
vt 0.10279 0.07119
vt 0.17569 0.12148
vt 0.10933 0.12252
vt 0.15286 0.15395
vt 0.54647 0.19865
vt 0.51258 0.19649
vt 0.54564 0.21307
vt 0.57318 0.21611
vt 0.13004 0.1862
vt 0.10271 0.21556
vt 0.02836 0.10501
vt 0.19079 0.07707
vt 0.54138 0.85503
vt 0.53135 0.82404
vt 0.54758 0.83586
vt 0.51508 0.83593
vt 0.1902 0.19278
vt 0.44921 0.08061
vt 0.25601 0.28592
vt 0.13162 0.45964
vt 0.09821 0.42005
vt 0.14747 0.43136
vt 0.07937 0.46953
vt 0.48284 0.07129
vt 0.4725 0.02648
vt 0.5446 0.0336
vt 0.43896 0.32693
vt 0.38035 0.35024
vt 0.44954 0.26311
vt 0.76395 0.79245
vt 0.89695 0.79684
vt 0.78424 0.81255
vt 0.03488 0.51924
vt 0.04843 0.46517
vt 0.10253 0.52184
vt 0.34856 0.41475
vt 0.36172 0.40016
vt 0.36483 0.43819
vt 0.14107 0.58615
vt 0.07069 0.55862
vt 0.14122 0.55487
vt 0.13701 0.59648
vt 0.12312 0.39455
vt 0.0434 0.41678
vt 0.12481 0.38123
vt 0.15901 0.60429
vt 0.14942 0.50669
vt 0.17605 0.54588
vt 0.18512 0.57839
vt 0.26578 0.63951
vt 0.19519 0.62802
vt 0.27319 0.62786
vt 0.15745 0.66413
vt 0.1684 0.46449
vt 0.17455 0.44236
vt 0.18498 0.49355
vt 0.17371 0.47724
vt 0.22896 0.52248
vt 0.27022 0.55726
vt 0.27243 0.58611
vt 0.23951 0.51221
vt 0.26672 0.39857
vt 0.28489 0.42013
vt 0.27348 0.42611
vt 0.31271 0.46518
vt 0.31562 0.44245
vt 0.32604 0.4581
vt 0.29112 0.45478
vt 0.33238 0.46786
vt 0.32795 0.4794
vt 0.31478 0.49036
vt 0.32568 0.43534
vt 0.29712 0.41378
vt 0.30921 0.40773
vt 0.34123 0.46646
vt 0.34096 0.45033
vt 0.3363 0.48154
vt 0.33314 0.39806
vt 0.36433 0.46047
vt 0.3603 0.48458
vt 0.31603 0.28135
vt 0.8078 0.75947
vt 0.24464 0.39737
vt 0.23995 0.34612
vt 0.28558 0.3749
vt 0.32174 0.30963
vt 0.85121 0.8798
vt 0.77872 0.91858
vt 0.80439 0.87485
vt 0.71963 0.9384
vt 0.72961 0.90292
vt 0.75361 0.92268
vt 0.75999 0.87942
vt 0.68615 0.83031
vt 0.70878 0.82558
vt 0.70448 0.84191
vt 0.689 0.81948
vt 0.66297 0.87688
vt 0.67754 0.90151
vt 0.66509 0.89978
vt 0.67536 0.87919
vt 0.67695 0.83962
vt 0.68132 0.86229
vt 0.66442 0.85186
vt 0.69542 0.84997
vt 0.59585 0.79757
vt 0.59321 0.80985
vt 0.6083 0.87604
vt 0.60621 0.85731
vt 0.59725 0.82152
vt 0.61103 0.84025
vt 0.57225 0.87326
vt 0.57506 0.89527
vt 0.56633 0.89049
vt 0.58328 0.79856
vt 0.53975 0.81569
vt 0.53337 0.79396
vt 0.582 0.81901
vt 0.55408 0.85174
vt 0.58453 0.85258
vt 0.58673 0.83104
vt 0.55659 0.8347
vt 0.4696 0.7417
vt 0.48544 0.71302
vt 0.49153 0.73694
vt 0.46804 0.71782
vt 0.46378 0.66905
vt 0.43014 0.69221
vt 0.42856 0.68306
vt 0.49881 0.62127
vt 0.44486 0.65216
vt 0.4678 0.59321
vt 0.50236 0.5906
vt 0.35944 0.69118
vt 0.3986 0.64746
vt 0.37782 0.67499
vt 0.355 0.70207
vt 0.34238 0.71145
vt 0.35427 0.71204
vt 0.35864 0.71343
vt 0.368 0.71555
vt 0.35989 0.7204
vt 0.36297 0.711
vt 0.35326 0.7276
vt 0.34757 0.73228
vt 0.36766 0.72538
vt 0.37093 0.71913
vt 0.37538 0.7242
vt 0.39605 0.73794
vt 0.44657 0.71997
vt 0.47737 0.69869
vt 0.51603 0.68106
vt 0.52131 0.8551
vt 0.82531 0.84411
vt 0.87838 0.82984
vt 0.38566 0.42844
vt 0.38013 0.40271
vt 0.29459 0.38914
vt 0.28527 0.38787
vt 0.32367 0.37822
vt 0.73449 0.89503
vt 0.69515 0.80695
vt 0.71316 0.81441
vt 0.52943 0.87175
vt 0.52076 0.89043
vt 0.42337 0.21248
vt 0.8319 0.93989
vt 0.51084 0.21008
vt 0.52998 0.22106
vt 0.37006 0.74285
vt 0.38269 0.75552
vt 0.36547 0.75148
vt 0.38408 0.74454
vt 0.44916 0.74348
vt 0.4982 0.70994
vt 0.37224 0.70847
vt 0.36288 0.70829
vt 0.40866 0.65547
vt 0.36662 0.70398
vt 0.44799 0.62089
vt 0.42691 0.64128
vt 0.42509 0.62353
vt 0.41116 0.63449
vt 0.42712 0.64775
vt 0.05094 0.0834
vt 0.51035 0.17877
vt 0.08046 0.57429
vt 0.18984 0.43606
vt 0.18284 0.45968
vt 0.18999 0.47606
vt 0.20246 0.48876
vt 0.27367 0.54359
vt 0.35898 0.69861
vt 0.72157 0.21722
vt 0.73094 0.20116
vt 0.70967 0.18223
vt 0.04164 0.02858
vt 0.05356 0.005
vt 0.1576 0.06232
vt 0.57488 0.15753
vt 0.61398 0.20881
vt 0.61798 0.17967
vt 0.68997 0.22409
vt 0.64475 0.18265
vt 0.65276 0.20865
vt 0.60874 0.15744
vt 0.61199 0.21952
vt 0.5653 0.18673
vt 0.53512 0.1793
vt 0.35951 0.73327
vt 0.71719 0.23256
vt 0.68641 0.2094
vt 0.64281 0.22195
vt 0.57336 0.22695
vt 0.53957 0.2342
vt 0.21711 0.0703
vt 0.23523 0.05963
vt 0.2489 0.05975
vt 0.51017 0.23226
vt 0.47118 0.22747
vt 0.48772 0.23726
vt 0.12397 0.04003
vt 0.09484 0.02936
vt 0.58426 0.05458
vt 0.59402 0.0635
vt 0.60898 0.06933
vt 0.66353 0.10975
vt 0.61669 0.06614
vt 0.58661 0.04624
vt 0.539 0.6762
vt 0.5533 0.65973
vt 0.55948 0.67277
vt 0.52905 0.66734
vt 0.55005 0.68753
vt 0.56229 0.68812
vt 0.54945 0.69577
vt 0.55897 0.70105
vt 0.52924 0.65845
vt 0.55573 0.64904
vt 0.60171 0.7044
vt 0.60518 0.68686
vt 0.62226 0.73807
vt 0.61538 0.76378
vt 0.6381 0.6841
vt 0.6598 0.73144
vt 0.67612 0.78366
vt 0.67209 0.68711
vt 0.75872 0.73921
vt 0.766 0.71529
vt 0.79163 0.74781
vt 0.7254 0.65357
vt 0.78405 0.64618
vt 0.77264 0.66956
vt 0.77319 0.69045
vt 0.7458 0.73952
vt 0.75996 0.76516
vt 0.83043 0.67896
vt 0.86802 0.70316
vt 0.84876 0.70564
vt 0.83747 0.71557
vt 0.86989 0.72014
vt 0.83916 0.66822
vt 0.6714 0.17436
vt 0.66154 0.18653
vt 0.00859 0.12109
vt 0.06924 0.21825
vt 0.08061 0.27994
vt 0.35334 0.73846
vt 0.73832 0.23241
vt 0.398 0.75146
vt 0.49997 0.73563
vt 0.70068 0.19444
vt 0.43792 0.36057
vt 0.47373 0.38573
vt 0.4199 0.47298
vt 0.55739 0.17002
vt 0.47519 0.52688
vt 0.49741 0.21516
vt 0.48162 0.52616
vt 0.49796 0.22232
vt 0.42705 0.45037
vt 0.58069 0.1737
vt 0.4311 0.3689
vt 0.41478 0.36915
vt 0.64457 0.16598
vt 0.65394 0.1804
vt 0.48153 0.45427
vt 0.42661 0.52541
vt 0.21652 0.44814
vt 0.19301 0.45724
vt 0.20198 0.43645
vt 0.21714 0.42757
vt 0.21022 0.46837
vt 0.20018 0.47006
vt 0.23949 0.47457
vt 0.25665 0.50119
vt 0.28202 0.53665
vt 0.28969 0.52581
vt 0.26045 0.31262
vt 0.58864 0.873
vt 0.59661 0.8578
vt 0.5994 0.83935
vt 0.71349 0.79847
vt 0.67318 0.91236
vt 0.75386 0.46912
vt 0.53129 0.39686
vt 0.52187 0.52225
vt 0.55308 0.4435
vt 0.55133 0.43588
vt 0.49502 0.5723
vt 0.3816 0.86578
vt 0.5086 0.98766
vt 0.50305 0.96973
vt 0.85438 0.7094
vt 0.06876 0.30903
vt 0.07335 0.33441
vt 0.06642 0.34055
vt 0.07898 0.29571
vt 0.08166 0.33354
vt 0.08993 0.32998
vt 0.09205 0.28886
vt 0.10474 0.34056
vt 0.02831 0.26763
vt 0.05721 0.25732
vt 0.05813 0.25929
vt 0.0269 0.26629
vt 0.01547 0.27798
vt 0.01414 0.27722
vt 0.06183 0.29104
vt 0.00859 0.29089
vt 0.01047 0.289
vt 0.06171 0.28916
vt 0.02479 0.07301
vt 0.02047 0.03519
vt 0.03187 0.04716
vt 0.03089 0.07239
vt 0.03874 0.07742
vt 0.00859 0.08263
vt 0.00898 0.03128
vt 0.01805 0.07104
vt 0.01101 0.33624
vt 0.00859 0.30473
vt 0.01554 0.31085
vt 0.02385 0.3117
vt 0.02126 0.34954
vt 0.03213 0.31524
vt 0.04691 0.30463
vt 0.03434 0.35636
vt 0.00859 0.24293
vt 0.01884 0.21401
vt 0.01056 0.24385
vt 0.01749 0.2126
vt 0.02915 0.20115
vt 0.02839 0.19982
vt 0.04205 0.19424
vt 0.04232 0.24749
vt 0.04017 0.19612
vt 0.04044 0.24736
vt 0.11244 0.30098
vt 0.15027 0.3051
vt 0.12446 0.31231
vt 0.14968 0.31121
vt 0.15476 0.31904
vt 0.15981 0.28886
vt 0.14827 0.29838
vt 0.10847 0.28951
vt 0.22918 0.42053
vt 0.29578 0.5172
usemtl mat0
f 1/1/1 2/2/2 3/3/3
f 4/4/4 5/5/4 6/6/4
f 6/6/4 5/5/4 7/7/5
f 1/1/6 8/8/7 9/9/6
f 10/10/8 11/11/9 12/12/8
f 11/11/9 10/10/8 13/13/10
f 14/14/11 15/15/12 16/16/13
f 15/15/12 14/14/11 17/17/14
f 18/18/15 19/19/16 20/20/17
f 21/21/18 22/22/19 23/23/20
f 23/23/20 22/22/19 24/24/21
f 25/25/22 26/26/23 27/27/23
f 26/26/23 25/25/22 28/28/23
f 29/29/24 30/30/25 31/31/26
f 32/32/27 21/21/28 23/23/29
f 33/33/30 34/34/31 35/35/32
f 18/18/33 16/16/34 36/36/33
f 36/36/33 16/16/34 15/15/35
f 37/37/36 13/13/37 3/3/38
f 8/8/39 10/10/40 14/14/41
f 9/9/42 14/14/42 38/38/42
f 16/16/43 38/38/42 14/14/42
f 39/39/44 40/40/45 41/41/46
f 40/40/45 39/39/44 42/42/47
f 43/43/48 44/44/49 45/45/50
f 44/44/49 4/4/51 45/45/50
f 11/11/52 37/37/53 43/43/54
f 37/37/53 11/11/52 13/13/52
f 9/9/55 46/46/56 47/47/57
f 47/47/57 48/48/58 9/9/55
f 49/49/59 50/50/60 51/51/61
f 52/52/62 42/42/63 53/53/62
f 42/42/63 52/52/62 54/54/64
f 55/55/65 56/56/66 57/57/66
f 58/58/67 59/59/68 60/60/67
f 60/60/69 61/61/70 58/58/71
f 62/62/72 63/63/73 64/64/74
f 63/63/73 62/62/72 39/39/75
f 39/39/76 53/53/77 42/42/77
f 53/53/77 39/39/76 62/62/78
f 58/58/79 61/61/80 65/65/80
f 42/42/81 54/54/81 66/66/82
f 59/59/83 58/58/83 67/67/84
f 68/68/85 58/58/86 65/65/87
f 58/58/86 68/68/85 67/67/88
f 69/69/89 64/64/90 63/63/91
f 64/64/90 69/69/89 70/70/92
f 63/63/93 39/39/94 41/41/93
f 71/71/95 41/41/96 40/40/97
f 41/41/96 71/71/95 72/72/96
f 66/66/98 73/73/99 74/74/100
f 73/73/99 66/66/98 67/67/101
f 67/67/102 75/75/103 73/73/104
f 69/69/105 41/41/106 72/72/107
f 74/74/108 73/73/109 76/76/110
f 77/77/111 76/76/112 75/75/113
f 73/73/114 75/75/113 76/76/112
f 78/78/115 79/79/116 80/80/115
f 78/78/115 80/80/115 81/81/117
f 82/82/118 83/83/119 84/84/120
f 83/83/119 85/85/120 84/84/120
f 78/78/121 86/86/122 79/79/123
f 86/86/122 78/78/121 87/87/124
f 88/88/125 89/89/126 90/90/127
f 88/88/125 90/90/127 84/84/128
f 85/85/129 91/91/130 92/92/131
f 92/92/131 93/93/132 85/85/129
f 86/86/133 87/87/134 94/94/135
f 94/94/135 95/95/136 86/86/133
f 57/57/137 89/89/138 88/88/137
f 88/88/137 55/55/137 57/57/137
f 92/92/139 96/96/139 93/93/140
f 96/96/139 97/97/139 93/93/140
f 94/94/141 98/98/142 95/95/143
f 98/98/142 99/99/144 95/95/143
f 8/8/145 14/14/145 9/9/145
f 100/100/146 101/101/147 102/102/148
f 101/101/147 100/100/146 103/103/146
f 101/101/149 104/104/150 105/105/151
f 106/106/152 107/107/153 105/105/154
f 108/108/155 50/50/156 109/109/156
f 50/50/156 108/108/155 110/110/157
f 111/111/158 100/100/159 112/112/160
f 102/102/161 112/112/160 100/100/159
f 107/107/162 113/113/163 105/105/164
f 113/113/163 107/107/162 108/108/165
f 109/109/166 114/114/167 108/108/168
f 114/114/167 109/109/166 115/115/169
f 111/111/170 116/116/171 117/117/172
f 116/116/171 111/111/170 112/112/173
f 108/108/174 118/118/174 113/113/175
f 118/118/174 108/108/174 114/114/176
f 115/115/177 119/119/178 114/114/179
f 114/114/179 119/119/178 120/120/180
f 121/121/181 116/116/182 122/122/183
f 116/116/182 121/121/181 117/117/184
f 118/118/185 120/120/186 123/123/187
f 120/120/186 118/118/185 114/114/186
f 124/124/188 125/125/189 119/119/190
f 125/125/191 126/126/192 127/127/193
f 125/125/191 127/127/193 128/128/194
f 122/122/195 129/129/196 121/121/197
f 130/130/198 121/121/197 129/129/196
f 128/128/199 34/34/200 123/123/201
f 123/123/201 34/34/200 33/33/201
f 131/131/202 132/132/203 133/133/204
f 132/132/203 131/131/202 134/134/205
f 135/135/206 136/136/206 137/137/207
f 138/138/208 139/139/209 135/135/210
f 138/138/211 140/140/212 141/141/211
f 142/142/213 143/143/214 144/144/215
f 143/143/214 142/142/213 145/145/216
f 145/145/217 146/146/218 143/143/219
f 147/147/220 148/148/221 149/149/221
f 149/149/221 148/148/221 150/150/222
f 151/151/223 152/152/224 153/153/225
f 152/152/224 154/154/225 153/153/225
f 148/148/226 155/155/227 150/150/228
f 148/148/226 156/156/228 155/155/227
f 150/150/229 155/155/230 151/151/231
f 151/151/232 155/155/233 157/157/234
f 158/158/235 137/137/236 159/159/237
f 159/159/238 137/137/239 160/160/239
f 137/137/240 161/161/241 160/160/242
f 137/137/243 162/162/244 135/135/245
f 163/163/246 135/135/247 162/162/248
f 135/135/247 163/163/246 138/138/249
f 133/133/250 132/132/251 162/162/252
f 133/133/250 162/162/252 158/158/253
f 137/137/254 158/158/255 162/162/255
f 63/63/256 41/41/257 69/69/258
f 38/38/259 46/46/260 9/9/261
f 46/46/260 38/38/259 164/164/262
f 165/165/263 166/166/264 35/35/263
f 42/42/265 66/66/266 40/40/265
f 48/48/267 1/1/268 9/9/269
f 50/50/270 167/167/271 51/51/272
f 57/57/273 56/56/274 168/168/275
f 168/168/275 169/169/276 57/57/273
f 170/170/277 171/171/278 65/65/277
f 65/65/277 171/171/278 68/68/279
f 71/71/280 40/40/281 74/74/282
f 40/40/281 66/66/283 74/74/282
f 171/171/284 172/172/285 68/68/286
f 68/68/286 172/172/285 75/75/284
f 75/75/287 172/172/288 77/77/287
f 80/80/289 82/82/290 81/81/291
f 91/91/292 83/83/293 173/173/294
f 83/83/293 91/91/292 85/85/295
f 90/90/296 94/94/297 87/87/297
f 94/94/297 90/90/296 89/89/297
f 85/85/298 88/88/298 84/84/298
f 88/88/298 85/85/298 93/93/299
f 57/57/300 94/94/301 89/89/302
f 94/94/301 57/57/300 98/98/303
f 93/93/304 55/55/304 88/88/304
f 55/55/304 93/93/304 97/97/305
f 101/101/306 105/105/306 102/102/307
f 109/109/308 50/50/309 174/174/308
f 49/49/310 174/174/308 50/50/309
f 105/105/311 112/112/312 102/102/313
f 112/112/312 105/105/311 113/113/314
f 115/115/315 109/109/316 175/175/317
f 109/109/316 174/174/318 175/175/317
f 112/112/319 118/118/320 116/116/321
f 118/118/320 112/112/319 113/113/322
f 119/119/323 175/175/323 124/124/324
f 175/175/323 119/119/323 115/115/323
f 118/118/325 123/123/326 116/116/325
f 116/116/325 123/123/326 122/122/327
f 120/120/328 119/119/329 125/125/330
f 125/125/330 128/128/331 120/120/328
f 124/124/332 126/126/332 125/125/333
f 126/126/332 124/124/332 176/176/334
f 123/123/335 33/33/336 122/122/337
f 129/129/338 122/122/337 33/33/336
f 90/90/339 78/78/340 81/81/341
f 78/78/340 90/90/339 87/87/342
f 81/81/343 84/84/344 90/90/345
f 84/84/344 81/81/343 82/82/346
f 13/13/347 8/8/348 177/177/349
f 177/177/350 8/8/351 1/1/350
f 177/177/350 1/1/350 3/3/352
f 104/104/353 106/106/354 105/105/355
f 31/31/356 19/19/357 29/29/358
f 36/36/359 29/29/360 19/19/360
f 36/36/359 24/24/361 29/29/360
f 32/32/362 15/15/363 17/17/364
f 15/15/363 32/32/362 23/23/365
f 25/25/366 178/178/367 28/28/368
f 178/178/367 25/25/366 179/179/369
f 19/19/370 31/31/371 20/20/372
f 15/15/373 24/24/374 36/36/375
f 24/24/374 15/15/373 23/23/376
f 10/10/377 17/17/377 14/14/378
f 106/106/379 50/50/380 110/110/380
f 106/106/379 167/167/381 50/50/380
f 180/180/382 181/181/383 182/182/384
f 182/182/384 181/181/383 183/183/385
f 131/131/386 158/158/387 184/184/388
f 158/158/387 131/131/386 133/133/387
f 163/163/389 162/162/390 185/185/391
f 162/162/390 132/132/390 185/185/391
f 151/151/392 157/157/392 152/152/393
f 186/186/394 161/161/395 137/137/396
f 187/187/397 149/149/398 150/150/399
f 136/136/400 188/188/401 137/137/400
f 186/186/400 137/137/400 188/188/401
f 139/139/402 189/189/402 136/136/403
f 189/189/404 190/190/405 188/188/406
f 189/189/404 188/188/406 136/136/404
f 135/135/407 139/139/408 136/136/407
f 141/141/409 191/191/409 139/139/409
f 138/138/410 141/141/411 139/139/411
f 192/192/412 193/193/413 194/194/414
f 193/193/413 192/192/412 195/195/412
f 196/196/415 189/189/416 139/139/417
f 197/197/418 29/29/419 22/22/419
f 197/197/420 30/30/421 29/29/422
f 120/120/423 128/128/424 123/123/425
f 108/108/426 107/107/426 110/110/427
f 110/110/428 107/107/429 106/106/430
f 36/36/431 19/19/432 18/18/433
f 8/8/434 13/13/434 10/10/435
f 67/67/436 68/68/437 75/75/438
f 66/66/439 59/59/439 67/67/440
f 59/59/439 66/66/439 54/54/439
f 60/60/441 59/59/442 54/54/441
f 54/54/441 52/52/443 60/60/441
f 44/44/444 198/198/445 4/4/446
f 4/4/446 198/198/445 5/5/444
f 1/1/447 198/198/447 2/2/448
f 3/3/449 2/2/450 37/37/449
f 198/198/451 37/37/452 2/2/452
f 37/37/452 198/198/451 44/44/452
f 37/37/453 44/44/454 43/43/454
f 79/79/455 72/72/456 80/80/457
f 71/71/458 80/80/457 72/72/456
f 76/76/459 82/82/460 74/74/461
f 82/82/462 76/76/463 77/77/462
f 77/77/462 83/83/464 82/82/462
f 80/80/465 71/71/466 74/74/465
f 74/74/465 82/82/467 80/80/465
f 83/83/468 77/77/469 173/173/470
f 172/172/471 173/173/470 77/77/469
f 189/189/472 199/199/473 190/190/473
f 152/152/474 200/200/475 154/154/476
f 160/160/477 183/183/478 159/159/479
f 201/201/480 183/183/478 160/160/477
f 182/182/481 183/183/482 201/201/483
f 202/202/484 203/203/485 204/204/486
f 21/21/487 205/205/488 22/22/489
f 205/205/490 197/197/491 22/22/492
f 206/206/493 205/205/494 21/21/493
f 32/32/495 207/207/496 21/21/497
f 208/208/498 209/209/499 210/210/499
f 211/211/500 212/212/501 213/213/502
f 213/213/502 214/214/503 211/211/500
f 27/27/504 215/215/505 216/216/506
f 216/216/506 217/217/505 27/27/504
f 177/177/507 3/3/508 13/13/509
f 201/201/510 218/218/511 182/182/512
f 202/202/513 214/214/514 219/219/515
f 214/214/514 202/202/513 220/220/516
f 141/141/517 140/140/518 221/221/518
f 32/32/519 17/17/520 222/222/521
f 223/223/522 222/222/523 17/17/524
f 223/223/522 17/17/524 224/224/525
f 225/225/526 226/226/527 227/227/528
f 25/25/529 228/228/529 179/179/530
f 229/229/531 230/230/532 21/21/532
f 207/207/533 229/229/533 21/21/534
f 230/230/535 206/206/536 21/21/537
f 231/231/538 6/6/539 232/232/539
f 6/6/539 231/231/538 4/4/540
f 6/6/541 7/7/542 233/233/543
f 6/6/541 233/233/543 232/232/544
f 234/234/545 233/233/546 7/7/547
f 233/233/546 234/234/545 235/235/548
f 4/4/549 231/231/550 45/45/551
f 45/45/551 231/231/550 236/236/552
f 237/237/553 238/238/554 239/239/553
f 238/238/554 237/237/553 240/240/555
f 241/241/556 240/240/557 237/237/557
f 240/240/557 241/241/556 242/242/558
f 243/243/559 241/241/560 244/244/561
f 241/241/560 243/243/559 242/242/559
f 239/239/562 238/238/563 245/245/564
f 245/245/564 238/238/563 246/246/565
f 247/247/566 240/240/567 248/248/568
f 247/247/566 238/238/569 240/240/567
f 248/248/570 242/242/571 249/249/572
f 248/248/570 240/240/570 242/242/571
f 249/249/573 242/242/574 243/243/575
f 243/243/575 250/250/576 249/249/573
f 238/238/577 251/251/578 246/246/579
f 251/251/578 238/238/577 247/247/580
f 249/249/581 252/252/582 248/248/583
f 250/250/584 252/252/585 249/249/584
f 252/252/585 250/250/584 253/253/585
f 247/247/586 254/254/587 251/251/588
f 255/255/589 256/256/590 257/257/591
f 258/258/592 259/259/592 260/260/593
f 261/261/594 259/259/594 258/258/595
f 259/259/594 261/261/594 262/262/596
f 263/263/597 264/264/598 265/265/599
f 264/264/598 263/263/597 266/266/599
f 267/267/600 247/247/601 248/248/602
f 248/248/602 257/257/603 267/267/600
f 252/252/604 258/258/605 248/248/606
f 258/258/607 252/252/608 253/253/609
f 253/253/609 261/261/610 258/258/607
f 266/266/611 254/254/612 267/267/612
f 254/254/612 247/247/613 267/267/612
f 263/263/614 254/254/615 266/266/616
f 256/256/617 268/268/618 264/264/617
f 269/269/619 270/270/619 271/271/620
f 271/271/621 270/270/622 272/272/623
f 272/272/623 270/270/622 259/259/624
f 262/262/625 272/272/626 259/259/627
f 273/273/628 265/265/629 268/268/630
f 268/268/630 265/265/629 264/264/628
f 219/219/631 274/274/632 275/275/633
f 31/31/634 276/276/635 277/277/634
f 276/276/635 31/31/634 30/30/636
f 194/194/637 193/193/638 144/144/639
f 144/144/639 193/193/638 142/142/640
f 277/277/641 20/20/642 31/31/643
f 277/277/641 278/278/643 20/20/642
f 180/180/644 218/218/645 279/279/646
f 218/218/645 180/180/644 182/182/647
f 195/195/648 141/141/649 221/221/650
f 280/280/651 202/202/652 204/204/651
f 281/281/653 184/184/653 159/159/654
f 184/184/653 158/158/653 159/159/654
f 183/183/655 181/181/655 281/281/656
f 183/183/655 281/281/656 159/159/655
f 224/224/657 17/17/658 12/12/659
f 17/17/658 10/10/658 12/12/659
f 132/132/660 134/134/661 282/282/661
f 132/132/660 282/282/661 185/185/661
f 280/280/662 220/220/663 202/202/664
f 275/275/665 202/202/666 219/219/667
f 203/203/668 202/202/669 275/275/669
f 283/283/670 284/284/671 285/285/672
f 286/286/673 287/287/674 288/288/675
f 288/288/675 287/287/674 289/289/676
f 283/283/677 290/290/678 291/291/679
f 292/292/680 293/293/681 294/294/682
f 294/294/682 293/293/681 295/295/683
f 296/296/684 297/297/685 298/298/686
f 297/297/685 296/296/684 299/299/684
f 300/300/687 301/301/687 302/302/688
f 303/303/689 304/304/690 305/305/691
f 304/304/690 306/306/692 305/305/691
f 307/307/693 308/308/694 309/309/695
f 309/309/695 310/310/696 307/307/693
f 311/311/697 312/312/698 313/313/699
f 314/314/700 304/304/701 303/303/701
f 315/315/702 316/316/703 317/317/704
f 316/316/703 315/315/702 318/318/704
f 319/319/705 298/298/706 300/300/707
f 298/298/706 319/319/705 296/296/708
f 320/320/709 284/284/710 295/295/709
f 291/291/711 297/297/712 294/294/713
f 298/298/714 297/297/714 321/321/715
f 322/322/716 323/323/717 324/324/718
f 323/323/717 322/322/716 325/325/719
f 326/326/720 327/327/721 328/328/722
f 328/328/722 286/286/723 326/326/720
f 293/293/724 320/320/725 295/295/726
f 320/320/725 293/293/724 327/327/727
f 290/290/728 329/329/729 330/330/728
f 290/290/728 331/331/728 329/329/729
f 332/332/730 333/333/731 334/334/732
f 325/325/733 335/335/734 336/336/733
f 337/337/735 335/335/734 325/325/733
f 338/338/736 339/339/736 340/340/736
f 341/341/737 342/342/738 343/343/739
f 342/342/740 341/341/741 344/344/741
f 345/345/742 346/346/743 347/347/744
f 346/346/743 345/345/742 323/323/745
f 336/336/746 323/323/747 325/325/748
f 323/323/747 336/336/746 346/346/749
f 341/341/750 348/348/751 344/344/752
f 325/325/753 349/349/754 337/337/755
f 343/343/756 350/350/757 341/341/758
f 351/351/759 348/348/759 341/341/760
f 341/341/760 350/350/761 351/351/759
f 352/352/762 353/353/763 354/354/764
f 353/353/763 352/352/762 355/355/765
f 345/345/766 324/324/767 323/323/768
f 356/356/769 324/324/770 357/357/770
f 324/324/770 356/356/769 322/322/771
f 358/358/772 349/349/773 359/359/774
f 349/349/773 358/358/772 350/350/775
f 350/350/776 358/358/777 360/360/778
f 353/353/779 361/361/779 362/362/780
f 358/358/781 363/363/782 360/360/783
f 364/364/784 365/365/785 366/366/786
f 367/367/787 368/368/787 369/369/787
f 367/367/787 370/370/788 368/368/787
f 371/371/789 372/372/790 373/373/790
f 374/374/791 375/375/792 376/376/793
f 375/375/792 374/374/791 368/368/791
f 371/371/794 369/369/795 377/377/796
f 369/369/795 378/378/795 377/377/796
f 379/379/797 371/371/798 377/377/799
f 371/371/798 379/379/797 372/372/797
f 374/374/800 380/380/801 338/338/802
f 380/380/801 374/374/800 376/376/802
f 340/340/803 381/381/804 378/378/805
f 378/378/805 381/381/804 377/377/803
f 382/382/806 377/377/807 381/381/808
f 377/377/807 382/382/806 379/379/809
f 291/291/810 383/383/811 297/297/812
f 333/333/813 332/332/814 384/384/815
f 385/385/816 386/386/817 387/387/818
f 387/387/819 388/388/820 290/290/819
f 389/389/821 390/390/822 391/391/823
f 392/392/824 393/393/825 394/394/826
f 390/390/827 395/395/828 391/391/829
f 396/396/830 397/397/831 398/398/832
f 397/397/831 396/396/830 399/399/832
f 400/400/833 401/401/834 402/402/835
f 401/401/834 400/400/833 403/403/834
f 404/404/836 405/405/837 406/406/838
f 404/404/836 407/407/839 405/405/837
f 408/408/840 399/399/841 396/396/840
f 396/396/840 409/409/842 408/408/840
f 402/402/843 410/410/844 400/400/845
f 410/410/844 411/411/846 400/400/845
f 412/412/847 404/404/848 413/413/849
f 413/413/849 404/404/848 406/406/850
f 414/414/851 415/415/852 416/416/853
f 417/417/854 418/418/855 419/419/854
f 418/418/855 417/417/854 420/420/854
f 414/414/856 421/421/857 422/422/856
f 423/423/858 424/424/859 420/420/860
f 425/425/861 426/426/862 427/427/863
f 426/426/862 425/425/861 428/428/864
f 429/429/865 430/430/866 431/431/867
f 432/432/868 429/429/869 433/433/870
f 432/432/871 434/434/872 435/435/873
f 436/436/874 142/142/875 437/437/876
f 142/142/875 436/436/874 145/145/874
f 437/437/877 438/438/877 436/436/878
f 147/147/879 439/439/880 440/440/880
f 439/439/880 441/441/879 440/440/880
f 442/442/881 443/443/882 444/444/883
f 443/443/882 442/442/881 445/445/881
f 441/441/884 446/446/884 440/440/885
f 440/440/885 446/446/884 447/447/885
f 441/441/886 444/444/887 446/446/887
f 448/448/888 449/449/889 450/450/890
f 451/451/891 430/430/892 452/452/893
f 430/430/892 451/451/891 450/450/894
f 430/430/895 429/429/896 453/453/897
f 429/429/898 454/454/899 453/453/898
f 454/454/899 429/429/898 432/432/898
f 453/453/900 426/426/900 428/428/901
f 453/453/900 428/428/901 452/452/901
f 430/430/902 453/453/903 452/452/902
f 354/354/904 353/353/905 362/362/905
f 290/290/906 330/330/907 387/387/908
f 318/318/909 315/315/909 455/455/910
f 325/325/911 322/322/912 349/349/912
f 331/331/913 290/290/913 283/283/914
f 456/456/915 333/333/916 457/457/917
f 339/339/918 458/458/919 340/340/920
f 458/458/919 339/339/918 459/459/921
f 355/355/922 348/348/923 353/353/924
f 348/348/923 351/351/925 353/353/924
f 349/349/926 356/356/926 359/359/927
f 356/356/926 349/349/926 322/322/928
f 353/353/929 360/360/930 361/361/931
f 360/360/930 353/353/929 351/351/932
f 360/360/933 363/363/934 361/361/935
f 366/366/936 365/365/937 370/370/937
f 367/367/938 371/371/939 373/373/940
f 371/371/939 367/367/938 369/369/938
f 460/460/941 375/375/942 461/461/943
f 375/375/942 460/460/941 376/376/944
f 378/378/945 369/369/946 368/368/945
f 378/378/945 368/368/945 374/374/945
f 462/462/947 376/376/948 460/460/949
f 376/376/948 462/462/947 380/380/950
f 374/374/951 338/338/952 340/340/953
f 340/340/953 378/378/954 374/374/951
f 290/290/955 388/388/955 383/383/956
f 463/463/957 394/394/958 393/393/959
f 463/463/957 390/390/960 394/394/958
f 397/397/961 399/399/962 464/464/961
f 397/397/961 464/464/961 465/465/963
f 406/406/964 405/405/964 400/400/965
f 403/403/966 400/400/965 405/405/964
f 399/399/967 408/408/968 464/464/968
f 413/413/969 406/406/969 400/400/970
f 400/400/970 411/411/969 413/413/969
f 417/417/971 409/409/971 420/420/972
f 409/409/971 417/417/971 408/408/973
f 416/416/974 466/466/975 414/414/976
f 466/466/975 416/416/974 467/467/977
f 423/423/978 421/421/979 424/424/978
f 421/421/979 423/423/978 422/422/980
f 364/364/981 375/375/982 365/365/983
f 375/375/982 364/364/981 461/461/983
f 370/370/984 375/375/985 368/368/985
f 370/370/984 365/365/985 375/375/985
f 295/295/986 468/468/987 291/291/988
f 468/468/989 284/284/989 283/283/990
f 283/283/990 291/291/989 468/468/989
f 469/469/991 390/390/992 389/389/992
f 312/312/993 311/311/994 302/302/995
f 319/319/996 302/302/997 311/311/996
f 319/319/996 311/311/996 306/306/997
f 299/299/998 296/296/999 314/314/1000
f 314/314/1000 296/296/999 304/304/1001
f 309/309/1002 470/470/1003 471/471/1004
f 470/470/1003 309/309/1002 308/308/1005
f 302/302/1006 301/301/1007 312/312/1008
f 296/296/1009 306/306/1009 304/304/1010
f 306/306/1009 296/296/1009 319/319/1009
f 294/294/1011 297/297/1012 299/299/1013
f 456/456/1014 389/389/1015 391/391/1016
f 472/472/1017 473/473/1018 474/474/1017
f 473/473/1018 472/472/1017 475/475/1017
f 452/452/1019 425/425/1020 476/476/1020
f 425/425/1020 452/452/1019 428/428/1021
f 426/426/1022 453/453/1023 477/477/1024
f 453/453/1023 454/454/1025 477/477/1024
f 478/478/1026 450/450/1027 449/449/1028
f 450/450/1027 478/478/1026 430/430/1026
f 479/479/1029 441/441/1030 439/439/1031
f 430/430/1032 478/478/1033 431/431/1032
f 433/433/1034 431/431/1035 480/480/1036
f 481/481/1037 480/480/1038 478/478/1039
f 478/478/1039 480/480/1038 431/431/1040
f 429/429/1041 431/431/1042 433/433/1043
f 482/482/1044 433/433/1045 483/483/1044
f 432/432/1046 433/433/1047 482/482/1048
f 193/193/1049 484/484/1049 485/485/1050
f 484/484/1049 193/193/1049 195/195/1051
f 486/486/1052 433/433/1053 480/480/1052
f 487/487/1054 305/305/1055 311/311/1056
f 487/487/1057 311/311/1058 313/313/1059
f 319/319/1060 300/300/1061 302/302/1060
f 291/291/1062 294/294/1062 295/295/1063
f 350/350/1064 360/360/1065 351/351/1066
f 343/343/1067 349/349/1067 350/350/1068
f 349/349/1067 343/343/1067 337/337/1069
f 335/335/1070 337/337/1071 342/342/1070
f 343/343/1071 342/342/1070 337/337/1071
f 488/488/1072 326/326/1073 286/286/1074
f 488/488/1072 286/286/1074 288/288/1075
f 344/344/1076 489/489/1077 342/342/1078
f 284/284/1079 320/320/1080 285/285/1081
f 320/320/1082 488/488/1083 285/285/1084
f 488/488/1083 320/320/1082 326/326/1085
f 320/320/1086 327/327/1087 326/326/1088
f 490/490/1089 491/491/1090 357/357/1091
f 356/356/1090 357/357/1091 491/491/1090
f 359/359/1092 492/492/1093 358/358/1094
f 358/358/1094 492/492/1093 493/493/1095
f 358/358/1096 493/493/1097 363/363/1098
f 491/491/1099 359/359/1100 356/356/1100
f 359/359/1100 491/491/1099 492/492/1101
f 361/361/1102 363/363/1103 494/494/1104
f 480/480/1105 481/481/1106 495/495/1107
f 443/443/1108 445/445/1109 478/478/1110
f 475/475/1111 450/450/1112 451/451/1113
f 472/472/1114 450/450/1115 475/475/1114
f 496/496/1116 497/497/1117 498/498/1118
f 303/303/1119 305/305/1120 499/499/1121
f 499/499/1122 305/305/1123 487/487/1122
f 500/500/1124 303/303/1125 499/499/1126
f 314/314/1127 303/303/1128 501/501/1129
f 502/502/1130 503/503/1131 504/504/1130
f 505/505/1132 506/506/1133 507/507/1134
f 508/508/1135 507/507/1134 506/506/1133
f 509/509/1136 510/510/1136 310/310/1137
f 511/511/1138 310/310/1137 510/510/1136
f 468/468/1139 295/295/1139 284/284/1140
f 450/450/1141 512/512/1142 448/448/1143
f 512/512/1142 450/450/1141 472/472/1141
f 496/496/1144 505/505/1145 513/513/1146
f 505/505/1145 496/496/1144 514/514/1147
f 505/505/1148 507/507/1149 515/515/1150
f 515/515/1151 503/503/1152 509/509/1153
f 509/509/1154 310/310/1155 516/516/1156
f 309/309/1157 516/516/1158 310/310/1159
f 516/516/1158 309/309/1157 517/517/1159
f 482/482/1160 221/221/1161 434/434/1161
f 314/314/1162 518/518/1163 299/299/1162
f 299/299/1164 518/518/1165 519/519/1166
f 299/299/1164 519/519/1166 520/520/1167
f 521/521/1168 522/522/1169 523/523/1170
f 309/309/1171 471/471/1171 517/517/1172
f 524/524/1173 303/303/1174 525/525/1175
f 501/501/1176 303/303/1177 524/524/1178
f 525/525/1179 303/303/1180 500/500/1181
f 287/287/1182 526/526/1183 527/527/1183
f 526/526/1183 287/287/1182 286/286/1184
f 528/528/1185 289/289/1186 287/287/1185
f 528/528/1185 287/287/1185 527/527/1187
f 528/528/1188 529/529/1188 289/289/1189
f 529/529/1188 528/528/1188 530/530/1190
f 526/526/1191 286/286/1192 328/328/1193
f 328/328/1193 531/531/1194 526/526/1191
f 532/532/1195 533/533/1196 534/534/1197
f 533/533/1196 532/532/1195 535/535/1197
f 534/534/1198 536/536/1199 532/532/1200
f 536/536/1199 534/534/1198 537/537/1201
f 538/538/1202 536/536/1203 539/539/1204
f 536/536/1203 537/537/1205 539/539/1204
f 533/533/1206 535/535/1207 540/540/1208
f 540/540/1208 541/541/1209 533/533/1206
f 542/542/1210 534/534/1211 543/543/1211
f 533/533/1212 543/543/1211 534/534/1211
f 544/544/1213 537/537/1214 542/542/1214
f 534/534/1215 542/542/1214 537/537/1214
f 537/537/1216 544/544/1217 539/539/1217
f 539/539/1217 544/544/1217 545/545/1218
f 541/541/1219 546/546/1220 543/543/1220
f 541/541/1219 543/543/1220 533/533/1221
f 542/542/1222 543/543/1223 547/547/1224
f 544/544/1225 542/542/1226 547/547/1227
f 544/544/1228 547/547/1229 548/548/1229
f 544/544/1228 548/548/1229 545/545/1230
f 549/549/1231 547/547/1232 546/546/1233
f 547/547/1232 543/543/1234 546/546/1233
f 550/550/1235 551/551/1236 552/552/1237
f 553/553/1238 554/554/1239 555/555/1238
f 547/547/1240 555/555/1241 556/556/1240
f 547/547/1242 556/556/1242 551/551/1243
f 557/557/1244 548/548/1245 547/547/1246
f 548/548/1245 557/557/1244 558/558/1247
f 547/547/1248 553/553/1249 555/555/1250
f 553/553/1249 547/547/1248 549/549/1251
f 556/556/1252 559/559/1252 560/560/1253
f 560/560/1254 561/561/1255 556/556/1256
f 562/562/1257 556/556/1257 561/561/1258
f 556/556/1257 562/562/1257 551/551/1259
f 552/552/1260 562/562/1261 563/563/1262
f 559/559/1263 554/554/1264 564/564/1265
f 554/554/1264 559/559/1263 555/555/1266
f 514/514/1267 565/565/1268 566/566/1269
f 313/313/1270 312/312/1270 567/567/1271
f 567/567/1271 312/312/1270 568/568/1272
f 485/485/1273 437/437/1273 193/193/1273
f 193/193/1273 437/437/1273 142/142/1274
f 312/312/1275 301/301/1276 568/568/1277
f 569/569/1278 568/568/1277 301/301/1276
f 512/512/1279 474/474/1280 570/570/1280
f 474/474/1280 512/512/1279 472/472/1281
f 195/195/1282 221/221/1283 482/482/1284
f 571/571/1285 497/497/1285 496/496/1286
f 451/451/1287 476/476/1288 572/572/1289
f 476/476/1288 451/451/1287 452/452/1290
f 475/475/1291 572/572/1292 473/473/1291
f 572/572/1292 475/475/1291 451/451/1293
f 299/299/1294 520/520/1294 292/292/1295
f 292/292/1295 294/294/1296 299/299/1294
f 426/426/1297 573/573/1298 427/427/1299
f 573/573/1298 426/426/1297 477/477/1300
f 571/571/1301 496/496/1302 513/513/1303
f 574/574/1304 514/514/1305 496/496/1306
f 498/498/1307 574/574/1308 496/496/1309
f 214/214/1310 213/213/1311 575/575/1312
f 214/214/1310 575/575/1312 219/219/1313
f 505/505/1314 566/566/1314 506/506/1314
f 566/566/1314 505/505/1314 514/514/1315
f 576/576/1316 209/209/1317 211/211/1317
f 212/212/1318 211/211/1317 209/209/1317
f 507/507/1319 504/504/1320 515/515/1321
f 504/504/1320 507/507/1319 508/508/1319
f 216/216/1322 577/577/1323 217/217/1322
f 509/509/1324 578/578/1325 510/510/1326
f 26/26/1327 215/215/1328 27/27/1329
f 310/310/1330 511/511/1331 307/307/1332
f 228/228/1333 579/579/1334 178/178/1335
f 228/228/1333 178/178/1335 179/179/1335
f 580/580/1336 517/517/1337 470/470/1337
f 470/470/1337 517/517/1337 471/471/1338
f 219/219/1339 575/575/1340 274/274/1341
f 514/514/1342 574/574/1343 565/565/1344
f 225/225/1345 227/227/1346 581/581/1347
f 582/582/1348 522/522/1349 521/521/1350
f 228/228/1351 581/581/1352 579/579/1353
f 581/581/1352 228/228/1351 225/225/1354
f 582/582/1355 517/517/1356 580/580/1357
f 517/517/1356 582/582/1355 521/521/1358
f 583/583/1359 217/217/1360 577/577/1361
f 217/217/1360 583/583/1359 210/210/1359
f 509/509/1362 584/584/1363 578/578/1364
f 584/584/1363 509/509/1362 503/503/1365
f 583/583/1366 208/208/1367 210/210/1366
f 503/503/1368 502/502/1369 584/584/1370
f 585/585/1371 586/586/1372 575/575/1373
f 566/566/1374 587/587/1374 588/588/1375
f 213/213/1376 585/585/1377 575/575/1378
f 566/566/1379 588/588/1379 506/506/1380
f 565/565/1381 587/587/1382 566/566/1383
f 575/575/1384 586/586/1385 274/274/1386
f 25/25/1387 27/27/1388 589/589/1389
f 589/589/1389 228/228/1390 25/25/1387
f 217/217/1391 589/589/1391 27/27/1391
f 576/576/1392 217/217/1393 210/210/1394
f 214/214/1395 576/576/1396 211/211/1397
f 209/209/1398 576/576/1399 210/210/1399
f 503/503/1400 515/515/1401 504/504/1401
f 305/305/1402 306/306/1403 311/311/1404
f 29/29/1405 24/24/1406 22/22/1406
f 138/138/1407 590/590/1408 140/140/1409
f 432/432/1410 482/482/1411 434/434/1412
f 150/150/1413 151/151/1414 153/153/1415
f 200/200/1416 187/187/1417 154/154/1418
f 153/153/1419 154/154/1420 187/187/1421
f 187/187/1421 150/150/1422 153/153/1419
f 442/442/1423 479/479/1423 445/445/1424
f 479/479/1423 442/442/1423 441/441/1425
f 479/479/1426 478/478/1426 445/445/1427
f 444/444/1428 441/441/1429 442/442/1428
f 191/191/1430 189/189/1431 196/196/1432
f 139/139/1433 191/191/1434 196/196/1435
f 480/480/1436 483/483/1437 486/486/1437
f 483/483/1438 433/433/1439 486/486/1440
f 591/591/1441 592/592/1442 593/593/1443
f 593/593/1443 594/594/1444 591/591/1441
f 595/595/1445 493/493/1446 596/596/1447
f 493/493/1446 595/595/1445 597/597/1448
f 493/493/1449 597/597/1450 363/363/1451
f 597/597/1450 598/598/1450 363/363/1451
f 596/596/1452 591/591/1453 595/595/1454
f 592/592/1455 591/591/1453 596/596/1452
f 599/599/1456 363/363/1456 600/600/1457
f 363/363/1456 598/598/1457 600/600/1457
f 593/593/1458 592/592/1458 490/490/1459
f 490/490/1459 592/592/1458 491/491/1459
f 492/492/1460 596/596/1461 493/493/1461
f 596/596/1462 491/491/1463 592/592/1462
f 491/491/1463 596/596/1462 492/492/1464
f 363/363/1465 599/599/1466 494/494/1465
f 383/383/1467 601/601/1468 321/321/1469
f 601/601/1468 383/383/1467 388/388/1470
f 601/601/1471 387/387/1472 386/386/1472
f 387/387/1472 601/601/1471 388/388/1472
f 291/291/1473 290/290/1474 383/383/1475
f 383/383/1476 321/321/1477 297/297/1476
f 397/397/1478 456/456/1479 391/391/1480
f 397/397/1478 391/391/1480 398/398/1480
f 393/393/1481 401/401/1482 403/403/1483
f 401/401/1482 393/393/1481 392/392/1484
f 407/407/1485 395/395/1486 463/463/1487
f 407/407/1485 463/463/1487 405/405/1488
f 456/456/1489 465/465/1490 334/334/1491
f 405/405/1492 463/463/1492 403/403/1492
f 403/403/1492 463/463/1492 393/393/1493
f 414/414/1494 422/422/1495 602/602/1496
f 603/603/1494 602/602/1496 422/422/1495
f 604/604/1497 603/603/1498 422/422/1499
f 422/422/1499 423/423/1500 604/604/1497
f 410/410/1501 603/603/1502 411/411/1503
f 603/603/1502 410/410/1501 602/602/1502
f 411/411/1504 604/604/1505 413/413/1504
f 604/604/1505 411/411/1504 603/603/1505
f 412/412/1506 604/604/1507 423/423/1508
f 604/604/1507 412/412/1506 413/413/1509
f 415/415/1510 602/602/1511 410/410/1510
f 424/424/1512 421/421/1513 317/317/1514
f 421/421/1513 315/315/1514 317/317/1514
f 421/421/1515 414/414/1515 315/315/1515
f 414/414/1515 466/466/1515 315/315/1515
f 418/418/1516 420/420/1517 424/424/1516
f 418/418/1516 424/424/1516 317/317/1518
f 464/464/1519 605/605/1520 465/465/1521
f 605/605/1522 332/332/1522 465/465/1522
f 334/334/1523 465/465/1522 332/332/1522
f 456/456/1524 397/397/1525 465/465/1526
f 402/402/1527 415/415/1528 410/410/1529
f 415/415/1528 402/402/1527 606/606/1530
f 606/606/1531 402/402/1532 401/401/1533
f 398/398/1534 404/404/1535 396/396/1536
f 420/420/1537 412/412/1538 423/423/1539
f 412/412/1538 420/420/1537 409/409/1539
f 409/409/1540 404/404/1541 412/412/1542
f 404/404/1541 409/409/1540 396/396/1543
f 456/456/1544 457/457/1545 389/389/1546
f 103/103/1547 100/100/1548 607/607/1547
f 608/608/1549 176/176/1549 124/124/1550
f 609/609/1551 610/610/1552 49/49/1553
f 49/49/1553 610/610/1552 174/174/1552
f 175/175/1554 174/174/1555 611/611/1556
f 174/174/1555 610/610/1556 611/611/1556
f 124/124/1557 611/611/1557 608/608/1558
f 611/611/1557 124/124/1557 175/175/1559
f 609/609/1560 49/49/1561 612/612/1562
f 49/49/1563 51/51/1564 612/612/1565
f 333/333/1566 456/456/1567 334/334/1568
f 398/398/1569 391/391/1570 395/395/1569
f 398/398/1569 395/395/1569 407/407/1571
f 390/390/1572 463/463/1573 395/395/1574
f 404/404/1575 398/398/1575 407/407/1576
f 415/415/1577 414/414/1578 602/602/1578
f 128/128/1579 127/127/1580 34/34/1579
f 34/34/1581 127/127/1581 165/165/1582
f 34/34/1583 165/165/1583 35/35/1584
f 270/270/1585 260/260/1586 259/259/1587
f 260/260/1586 270/270/1585 255/255/1588
f 260/260/1589 255/255/1590 613/613/1591
f 264/264/1592 257/257/1593 256/256/1592
f 257/257/1593 264/264/1592 266/266/1594
f 257/257/1595 266/266/1596 267/267/1595
f 269/269/1597 256/256/1598 270/270/1598
f 270/270/1599 256/256/1600 255/255/1601
f 614/614/1602 615/615/1603 272/272/1604
f 562/562/1605 616/616/1606 563/563/1607
f 615/615/1608 269/269/1609 271/271/1610
f 561/561/1611 560/560/1612 616/616/1613
f 262/262/1614 614/614/1615 272/272/1616
f 552/552/1617 551/551/1618 562/562/1619
f 615/615/1620 271/271/1621 272/272/1622
f 562/562/1623 561/561/1624 616/616/1625
f 268/268/1626 269/269/1627 273/273/1628
f 564/564/1629 560/560/1630 559/559/1631
f 256/256/1632 269/269/1633 268/268/1634
f 556/556/1635 555/555/1636 559/559/1637
f 547/547/1638 550/550/1639 557/557/1640
f 547/547/1638 551/551/1639 550/550/1639
f 558/558/1641 550/550/1642 552/552/1643
f 550/550/1642 558/558/1641 557/557/1643
f 248/248/1644 255/255/1644 257/257/1644
f 248/248/1645 613/613/1646 255/255/1645
f 258/258/1647 613/613/1648 248/248/1649
f 258/258/1650 260/260/1651 613/613/1652
f 617/617/1653 618/618/1653 619/619/1654
f 620/620/1655 621/621/1656 617/617/1657
f 617/617/1657 621/621/1656 618/618/1658
f 622/622/1659 623/623/1660 624/624/1661
f 625/625/1662 626/626/1663 627/627/1664
f 626/626/1663 625/625/1662 628/628/1662
f 625/625/1665 629/629/1666 628/628/1667
f 628/628/1667 629/629/1666 630/630/1667
f 631/631/1668 632/632/1669 633/633/1669
f 631/631/1668 633/633/1669 634/634/1669
f 635/635/1670 636/636/1671 637/637/1672
f 635/635/1670 637/637/1672 638/638/1673
f 638/638/1674 637/637/1675 639/639/1676
f 640/640/1677 641/641/1678 642/642/1677
f 623/623/1679 622/622/1680 620/620/1681
f 620/620/1681 622/622/1680 621/621/1682
f 632/632/1683 630/630/1684 633/633/1684
f 633/633/1684 630/630/1684 629/629/1684
f 636/636/1685 642/642/1686 641/641/1687
f 642/642/1686 636/636/1685 635/635/1685
f 643/643/1688 644/644/1689 645/645/1690
f 646/646/1691 647/647/1692 643/643/1693
f 646/646/1691 643/643/1693 645/645/1694
f 648/648/1695 649/649/1696 650/650/1697
f 651/651/1698 652/652/1699 653/653/1700
f 652/652/1699 651/651/1698 654/654/1701
f 655/655/1702 652/652/1703 654/654/1704
f 654/654/1704 656/656/1705 655/655/1702
f 657/657/1706 658/658/1707 659/659/1708
f 659/659/1708 658/658/1707 660/660/1706
f 661/661/1709 662/662/1709 663/663/1710
f 663/663/1710 662/662/1709 664/664/1711
f 664/664/1712 665/665/1713 663/663/1712
f 666/666/1714 667/667/1715 668/668/1716
f 648/648/1717 650/650/1718 647/647/1719
f 647/647/1719 646/646/1718 648/648/1717
f 659/659/1720 655/655/1721 656/656/1722
f 656/656/1722 657/657/1723 659/659/1720
f 668/668/1724 667/667/1725 661/661/1726
f 661/661/1726 667/667/1725 662/662/1727
f 195/195/1728 482/482/1729 484/484/1730
f 482/482/1731 483/483/1732 484/484/1733
f 483/483/1732 485/485/1734 484/484/1733
f 480/480/1735 485/485/1736 483/483/1736
f 485/485/1736 480/480/1735 437/437/1737
f 147/147/1738 436/436/1739 439/439/1740
f 436/436/1739 147/147/1738 145/145/1738
f 480/480/1741 495/495/1742 438/438/1741
f 438/438/1741 495/495/1742 436/436/1743
f 438/438/1744 437/437/1745 480/480/1744
f 147/147/1746 146/146/1747 145/145/1748
f 146/146/1747 147/147/1746 149/149/1749
f 199/199/1750 143/143/1751 146/146/1752
f 199/199/1750 189/189/1750 143/143/1751
f 144/144/1753 143/143/1753 189/189/1754
f 191/191/1755 194/194/1755 189/189/1756
f 189/189/1756 194/194/1755 144/144/1757
f 141/141/1758 195/195/1759 192/192/1760
f 191/191/1761 192/192/1762 194/194/1763
f 141/141/1764 192/192/1765 191/191/1764
f 591/591/1766 669/669/1767 366/366/1766
f 669/669/1767 591/591/1766 594/594/1768
f 370/370/1769 595/595/1770 366/366/1771
f 366/366/1771 595/595/1770 591/591/1772
f 597/597/1773 595/595/1774 370/370/1775
f 367/367/1776 598/598/1777 370/370/1778
f 597/597/1779 370/370/1778 598/598/1777
f 598/598/1780 373/373/1780 670/670/1781
f 373/373/1780 598/598/1780 367/367/1780
f 600/600/1782 598/598/1783 670/670/1784
f 366/366/1785 669/669/1785 364/364/1786
f 146/146/1787 149/149/1788 199/199/1789
f 187/187/1790 199/199/1791 149/149/1790
f 199/199/1791 187/187/1790 190/190/1792
f 190/190/1793 200/200/1793 188/188/1794
f 200/200/1793 190/190/1793 187/187/1794
f 186/186/1795 188/188/1795 200/200/1796
f 186/186/1797 200/200/1798 161/161/1799
f 200/200/1800 152/152/1801 161/161/1800
f 152/152/1802 157/157/1803 161/161/1802
f 160/160/1804 161/161/1805 157/157/1804
f 201/201/1806 160/160/1807 157/157/1808
f 157/157/1809 218/218/1810 201/201/1811
f 218/218/1810 157/157/1809 155/155/1812
f 155/155/1813 156/156/1814 279/279/1813
f 279/279/1813 218/218/1815 155/155/1813
f 446/446/1816 570/570/1817 447/447/1818
f 570/570/1817 446/446/1816 512/512/1817
f 446/446/1819 448/448/1820 512/512/1821
f 446/446/1822 444/444/1823 448/448/1822
f 444/444/1823 449/449/1823 448/448/1822
f 444/444/1824 443/443/1825 449/449/1826
f 443/443/1827 478/478/1828 449/449/1829
f 478/478/1830 479/479/1831 481/481/1832
f 479/479/1833 495/495/1833 481/481/1834
f 495/495/1833 479/479/1833 439/439/1835
f 436/436/1836 495/495/1837 439/439/1838
# Vertices: 670, normals: 1838, texture coordinates: 670, faces: 932

