# File generated by ImageToStl.com - Free Image and 3D model conversion tools

mtllib soldier.mtl

o obj1
v 0.6278193 0.07117481 2.35084152
v 0.63991576 0.07027189 2.19436646
v 0.71275377 0.0431597 2.23062277
v 0.67050052 0.01695834 2.37413406
v 0.74924755 -0.02205217 2.24856997
v 0.52092683 -0.00479315 2.27723408
v 0.56398481 0.09457868 2.30886841
v 0.65717638 -0.05180503 2.3576827
v 0.67480707 -0.1081605 2.19390726
v 0.73311025 -0.09320179 2.23471642
v 0.58084512 -0.08335224 2.33468628
v 0.5870257 -0.04691232 2.15291023
v 0.40809703 -0.02443448 0.20276982
v 0.3683458 0.11823738 0.75680065
v 0.36894685 0.06757449 0.18081938
v 0.33173835 -0.07374654 0.23907375
v 0.36630714 -0.09053332 0.76013011
v 0.37820554 -0.07240776 0.23317671
v 0.30026436 0.00347732 0.18587577
v 0.26877129 0.12028664 0.75602311
v 0.20088613 0.01722689 0.75803721
v 0.32258296 0.06576601 0.18117492
v 0.42880893 0.01729836 0.75741845
v 0.27370322 -0.07628666 0.76320368
v 0.34860885 -0.11806546 0.92923969
v 0.23671794 0.06544615 1.01444077
v 0.18086338 -0.02644311 1.0048157
v 0.33033705 0.08055612 0.98859322
v 0.39372933 -0.00979458 0.95619565
v 0.24804169 -0.11761723 0.96001858
v 0.24070746 -0.15708587 1.06585729
v 0.15742874 -0.08017204 1.11868453
v 0.23311162 -0.1759517 1.15353537
v 0.38237178 -0.03203281 1.05514085
v 0.30070251 0.05246175 1.12932909
v 0.3201865 0.06102512 1.04939592
v 0.3357659 -0.15308206 1.0605489
v 0.3424558 -0.17349954 1.17114258
v 0.16643655 -0.05635207 1.06348944
v 0.19806349 0.03722856 1.10796654
v 0.22222078 0.05201305 1.05760074
v 0.37921333 -0.04440533 1.16142249
v 0.12999117 -0.08482637 1.23092735
v 0.11858523 0.07024548 1.62581289
v 0.03957689 -0.08985144 1.6153245
v 0.29470897 0.06234662 1.26302469
v 0.1869911 0.0497252 1.22628045
v 0.34969467 -0.19865392 1.31234694
v 0.34099197 -0.05346008 1.74061763
v 0.38424599 -0.04590703 1.30537915
v 0.22017217 -0.20856345 1.27887619
v 0.15871608 -0.21752325 1.68941355
v 0.27977133 0.08550427 1.68149137
v 0.30526102 -0.19976044 1.76594996
v 0.09239638 0.1107084 1.71092141
v 0.3151741 -0.052691 1.97828412
v 0.02855229 -0.08921774 1.68803442
v 0.14446723 -0.21633025 1.78923953
v 0.26595294 0.09646977 1.76077557
v 0.24203521 -0.19600338 1.98090982
v 0 -0.26373333 1.90475988
v 0 -0.20550327 1.77404857
v 0 -0.07923339 1.70049417
v 0 0.11667875 1.79106867
v 0 0.09726833 1.75541878
v 0.11328566 0.15746826 1.88059175
v 0 0.12915726 1.87197495
v 0.07474232 0.07584038 2.13890791
v 0 0.07165281 2.13705826
v 0.12559843 0.16907607 1.78748155
v 0 -0.28850061 2.12100887
v 0.21682 -0.22532062 2.14661217
v 0.27951699 -0.06359556 2.16676855
v 0 0.14383523 2.40511942
v 0.280779 0.07550424 2.38359499
v 0.23888719 0.02447646 2.15831709
v 0 -0.27492669 2.50029802
v 0.26253301 -0.18412271 2.5097537
v 0.13059783 0.16642462 2.40583706
v 0.3151598 -0.04686441 2.4641366
v 0.24610126 -0.21349983 2.55293989
v 0.15641344 0.19863857 2.57891703
v 0.32395929 0.00163901 2.59864473
v 0.33689249 0.13811302 2.6546092
v 0 0.18451549 2.55777216
v 0 0.14400345 2.8643527
v 0.14208984 0.1716467 2.86083746
v 0 -0.15754294 2.83898354
v 0.12112391 -0.08369051 2.94543123
v 0.29335022 -0.06522384 2.87296915
v 0.17344928 0.00263332 3.00140429
v 0.29929078 0.01890163 2.93578672
v 0.29286236 0.12215493 2.89559269
v 0.10663891 0.07770962 3.01511526
v 0 0.08060477 2.98904657
v 0 -0.1730776 3.01979256
v 0.08465564 -0.12034223 3.04448843
v 0.11332512 -0.04903944 3.06980515
v 0.08723199 0.02460663 3.09513569
v 0.01147274 0.04424689 3.09964466
v 0 0.04722115 3.10032749
v 0.38383853 0.1028972 2.83163404
v 0.40663576 0.01747698 2.86631155
v 0.39894485 -0.06986426 2.83707571
v 0.35103554 -0.14020133 2.66086626
v 0.28814739 -0.18344055 2.6719327
v 0.47014689 0.02622762 2.77539873
v 0.45420611 -0.07360487 2.77188969
v 0.43925697 0.09917634 2.76653957
v 0.40056014 -0.09808758 2.61102343
v 0.36682791 0.13261878 2.60917568
v 0.48057288 0.09980872 2.67555141
v 0.50496531 0.02418975 2.6789012
v 0.48613572 -0.0618217 2.6503644
v 0.85384262 -0.06707896 1.89337361
v 0.91864622 -0.08464935 1.84722793
v 0.89485025 -0.07763925 1.91890454
v 0.8977322 -0.11363865 1.92486334
v 0.92690754 -0.13255645 1.84821272
v 0.82433784 -0.12650742 1.89025688
v 0.87236542 -0.07584688 1.82626176
v 0.8491466 -0.17362727 1.91377127
v 0.90962571 -0.17839022 1.85179102
v 0.8795622 -0.15589102 1.92543781
v 0.7967999 -0.21006823 1.82962584
v 0.81759053 -0.23337361 1.83491457
v 0.76766276 -0.25942788 1.76239216
v 0.79149699 -0.27725589 1.76598549
v 0.77569121 -0.30248988 1.72042906
v 0.87519562 -0.22143653 1.83825433
v 0.84451157 -0.2438346 1.78995407
v 0.78154653 -0.29244277 1.71415734
v 0.84298348 -0.13382979 1.82299733
v 0.81663275 -0.19590092 1.79051638
v 0.78203851 -0.25168738 1.7454325
v 0.76205081 -0.28176191 1.71209311
v 0.7498734 -0.28855333 1.71842527
v 0.80709302 -0.26307234 1.75258744
v 0.88635284 -0.16105095 1.75871944
v 0.90953082 -0.06468847 1.77396917
v 0.94488078 -0.08124191 1.79059541
v 0.94559276 -0.14953786 1.78506804
v 0.88605565 -0.24597193 1.78012192
v 0.92209047 -0.20936342 1.78415132
v 0.86334836 -0.21193048 1.74846709
v 0.86281103 -0.2492394 1.76433158
v 0.92007738 -0.24132439 1.72209501
v 0.95548964 -0.17385076 1.72447634
v 0.96559924 -0.09295446 1.73122168
v 0.93400818 -0.08443014 1.72056198
v 0.90271586 -0.17557292 1.70702755
v 0.88498896 -0.23310012 1.70654774
v 0.88531053 -0.26990044 1.70372605
v 0.90010113 -0.27380747 1.7172693
v 0.91179156 -0.29275867 1.67868412
v 0.90591919 -0.26212788 1.65448189
v 0.89583534 -0.28586841 1.66519976
v 0.93039513 -0.26372936 1.67893219
v 0.93570161 -0.28194204 1.63135958
v 0.91740245 -0.30686632 1.63107204
v 0.93857241 -0.30064642 1.58419561
v 0.90344924 -0.29793826 1.62772119
v 0.92292345 -0.29555655 1.58285785
v 0.91471469 -0.30920023 1.58549976
v 0.92540336 -0.31647733 1.582847
v 0.9110797 -0.27784246 1.62307
v 0.90038854 -0.24033725 1.64506865
v 0.92051524 -0.17743836 1.64429748
v 0.97925508 -0.11005928 1.67389727
v 0.93422389 -0.24826783 1.66006064
v 0.94879216 -0.10183938 1.66361821
v 0.97140437 -0.1757777 1.66112316
v 0.97492176 -0.13526013 1.62479925
v 0.96504641 -0.18827039 1.60951257
v 0.92730558 -0.24800633 1.60721934
v 0.94353974 -0.1248638 1.62768042
v 0.91995513 -0.18862662 1.61284661
v 0.94720876 -0.17111708 1.58545637
v 0.94084382 -0.20470998 1.58092046
v 0.90208006 -0.23962408 1.60952437
v 0.9111166 -0.20341885 1.58187878
v 0.92175609 -0.24780828 1.59282446
v 0.92978638 -0.16534533 1.58705592
v 0.89915282 -0.24051978 1.59386516
v 0.33573693 -0.12854958 0.1419481
v 0.39911771 -0.2088687 0.09227741
v 0.33857846 -0.22728106 0.09503096
v 0.41255641 -0.3003659 0.04946601
v 0.33533299 -0.32627678 0.05783867
v 0.4170475 -0.38315547 0.02027798
v 0.34312344 -0.40705428 0.02718657
v 0.48067141 -0.27056816 0.04205659
v 0.40567964 -0.1099996 0.13736987
v 0.46546805 -0.1629997 0.05575416
v 0.43669939 -0.04771162 0.07775474
v 0.3151173 0.08774537 0.08413289
v 0.29808575 -0.03106491 0.11245564
v 0.36555541 0.08168863 0.00488239
v 0.37330538 0.09360181 0.08265695
v 0.31247032 0.07874475 0.00488239
v 0.30845106 -0.07937132 0.00488239
v 0.31278038 -0.17671187 0.09013523
v 0.30219924 -0.30786076 0.0485288
v 0.30066234 -0.26625466 0.00488239
v 0.33383411 -0.38963535 0.00488239
v 0.47599697 -0.28794089 0.00488239
v 0.4170475 -0.38315547 0.00488239
v 0.4678849 -0.16769007 0.00488239
v 0.4389382 -0.04983382 0.00488239
v 0.31682074 -0.1487558 0.00488239
v 0.03530028 -0.01056638 3.47390866
v 0.05639926 0.200082 3.45436239
v 0.0114728 0.07551651 3.38981414
v 0.01147275 0.05133796 3.14363289
v 0.01689525 0.17197816 3.15394711
v 0.01461645 0.19110581 3.11477947
v 0.0863651 0.01938082 3.18115425
v 0.12293494 -0.0078556 3.22984123
v 0.08936566 0.03888936 3.23331451
v 0.11913621 -0.02439917 3.17967606
v 0.13812566 -0.07008455 3.22692537
v 0.08679855 0.02199373 3.13814497
v 0.11675322 -0.04840022 3.13954353
v 0.11794472 -0.03639969 3.15960979
v 0.1257081 -0.07838324 3.18047428
v 0.12486982 -0.10672563 3.1726203
v 0.11016023 -0.10064376 3.11198997
v 0.10075152 -0.1980131 3.16323185
v 0.08172321 -0.1807628 3.08446407
v 0.08257318 -0.14801383 3.07596445
v 0 -0.21327716 3.03676033
v 0.03982687 -0.25928423 3.0630908
v 0 -0.27916855 3.05707932
v 0.05093062 -0.27042416 3.13665915
v 0 -0.27955863 3.13281155
v 0.14722121 -0.05455305 3.1930685
v 0.16114557 -0.04452204 3.23442173
v 0.15054321 -0.06178585 3.27337646
v 0.17506993 -0.03449103 3.27577496
v 0.16201401 -0.06906866 3.29042816
v 0.14267468 -0.10470835 3.26765442
v 0.09367114 0.05769556 3.33145881
v 0.12952864 0.00846828 3.33433008
v 0.09497607 0.05699323 3.37744284
v 0.1442914 -0.04588474 3.36434889
v 0.09850633 -0.01615494 3.45367527
v 0.1386261 -0.10231633 3.37047625
v 0.09480464 -0.11353455 3.46677494
v 0.13057232 -0.15074158 3.35361958
v 0.09173727 -0.20880111 3.4299984
v 0.14741731 -0.0538353 3.31886268
v 0.12813115 0.00857813 3.30716825
v 0.14065039 -0.10351235 3.31906533
v 0.12376535 -0.18599273 3.32247019
v 0.09101748 -0.25652725 3.35995483
v 0.11817002 -0.22206894 3.27944946
v 0.07911074 -0.27897003 3.30412388
v 0.0701406 -0.26346198 3.25101805
v 0 -0.2894713 3.29869461
v 0.06355226 -0.24960127 3.27543449
v 0 -0.28792787 3.28485012
v 0 -0.32899693 3.19094944
v 0.03134537 -0.29101261 3.19766521
v 0 -0.29738998 3.18256807
v 0.09052222 -0.12811467 3.62696004
v 0.08184271 0.05426004 3.60050988
v 0.03736886 -0.11854402 3.48739052
v 0 -0.27935675 3.39760399
v 0 -0.24675715 2.62099504
v 0.25449944 0.10283694 1.83884966
v 0.25639868 0.06121153 2.01011133
v 0.04406452 0.19956082 3.36656332
v 0.01147278 0.08376402 3.33900881
v 0.01147275 0.09201152 3.28820348
v 0.02431251 0.15929277 3.2163558
v 0.01147276 0.07522027 3.23791218
v 0.02628254 -0.21356872 3.46077704
v 0 -0.38690001 3.48854804
v 0.08200545 -0.29001096 3.57674289
v 0.01233766 0.22827697 3.07561207
v 0 0.22885405 3.07574463
v 0.01147276 0.05842903 3.18762088
v 0 0.17327225 3.15363789
v 0 0.1920414 3.11469126
v 0 0.17221013 3.28017354
v 0 0.16117212 3.21690559
v 0 0.2029366 3.45540261
v 0 0.20222043 3.36778808
v 0 -0.1344337 3.63995123
v 0 -0.28853333 3.59113097
v 0 0.05681917 3.61207914
v 0.09236622 0.05839789 3.28547478
v 0.12673366 0.00868798 3.28000641
v 0.03172978 0.1697455 3.27876425
v -0.6278193 0.07117481 2.35084152
v -0.63991576 0.07027189 2.19436646
v -0.56398481 0.09457868 2.30886841
v -0.67050052 0.01695834 2.37413406
v -0.71275377 0.0431597 2.23062277
v -0.52092683 -0.00479315 2.27723408
v -0.65717638 -0.05180503 2.3576827
v -0.67480707 -0.1081605 2.19390726
v -0.58084512 -0.08335224 2.33468628
v -0.74924755 -0.02205217 2.24856997
v -0.5870257 -0.04691232 2.15291023
v -0.3683458 0.11823738 0.75680065
v -0.40809703 -0.02443448 0.20276982
v -0.36894685 0.06757449 0.18081938
v -0.36630714 -0.09053332 0.76013011
v -0.33173835 -0.07374654 0.23907375
v -0.37820554 -0.07240776 0.23317671
v -0.30026436 0.00347732 0.18587577
v -0.26877129 0.12028664 0.75602311
v -0.32258296 0.06576601 0.18117492
v -0.42880893 0.01729836 0.75741845
v -0.20088613 0.01722689 0.75803721
v -0.34860885 -0.11806546 0.92923969
v -0.27370322 -0.07628666 0.76320368
v -0.23671794 0.06544615 1.01444077
v -0.33033705 0.08055612 0.98859322
v -0.39372933 -0.00979458 0.95619565
v -0.24804169 -0.11761723 0.96001858
v -0.24070746 -0.15708587 1.06585729
v -0.15742874 -0.08017204 1.11868453
v -0.16643655 -0.05635207 1.06348944
v -0.30070251 0.05246175 1.12932909
v -0.38237178 -0.03203281 1.05514085
v -0.3201865 0.06102512 1.04939592
v -0.3357659 -0.15308206 1.0605489
v -0.23311162 -0.1759517 1.15353537
v -0.19806349 0.03722856 1.10796654
v -0.22222078 0.05201305 1.05760074
v -0.37921333 -0.04440533 1.16142249
v -0.18086338 -0.02644311 1.0048157
v -0.12999117 -0.08482637 1.23092735
v -0.11858523 0.07024548 1.62581289
v -0.1869911 0.0497252 1.22628045
v -0.29470897 0.06234662 1.26302469
v -0.34099197 -0.05346008 1.74061763
v -0.34969467 -0.19865392 1.31234694
v -0.38424599 -0.04590703 1.30537915
v -0.22017217 -0.20856345 1.27887619
v -0.03957689 -0.08985144 1.6153245
v -0.27977133 0.08550427 1.68149137
v -0.15871608 -0.21752325 1.68941355
v -0.3424558 -0.17349954 1.17114258
v -0.09239638 0.1107084 1.71092141
v -0.3151741 -0.052691 1.97828412
v -0.30526102 -0.19976044 1.76594996
v -0.02855229 -0.08921774 1.68803442
v -0.26595294 0.09646977 1.76077557
v -0.14446723 -0.21633025 1.78923953
v -0.24203521 -0.19600338 1.98090982
v -0.11328566 0.15746826 1.88059175
v -0.12559843 0.16907607 1.78748155
v -0.07474232 0.07584038 2.13890791
v -0.25449944 0.10283694 1.83884966
v -0.27951699 -0.06359556 2.16676855
v -0.21682 -0.22532062 2.14661217
v -0.280779 0.07550424 2.38359499
v -0.23888719 0.02447646 2.15831709
v -0.13059783 0.16642462 2.40583706
v -0.26253301 -0.18412271 2.5097537
v -0.24610126 -0.21349983 2.55293989
v -0.15641344 0.19863857 2.57891703
v -0.32395929 0.00163901 2.59864473
v -0.3151598 -0.04686441 2.4641366
v -0.14208984 0.1716467 2.86083746
v -0.33689249 0.13811302 2.6546092
v -0.12112391 -0.08369051 2.94543123
v -0.29335022 -0.06522384 2.87296915
v -0.17344928 0.00263332 3.00140429
v -0.29286236 0.12215493 2.89559269
v -0.29929078 0.01890163 2.93578672
v -0.10663891 0.07770962 3.01511526
v 0 -0.1497266 2.89898872
v -0.11332512 -0.04903944 3.06980515
v -0.08465564 -0.12034223 3.04448843
v -0.08723199 0.02460663 3.09513569
v -0.01147274 0.04424689 3.09964466
v -0.38383853 0.1028972 2.83163404
v -0.40663576 0.01747698 2.86631155
v -0.35103554 -0.14020133 2.66086626
v -0.39894485 -0.06986426 2.83707571
v -0.47014689 0.02622762 2.77539873
v -0.45420611 -0.07360487 2.77188969
v -0.43925697 0.09917634 2.76653957
v -0.40056014 -0.09808758 2.61102343
v -0.36682791 0.13261878 2.60917568
v -0.48057288 0.09980872 2.67555141
v -0.50496531 0.02418975 2.6789012
v -0.48613572 -0.0618217 2.6503644
v -0.91864622 -0.08464935 1.84722793
v -0.85384262 -0.06707896 1.89337361
v -0.89485025 -0.07763925 1.91890454
v -0.8977322 -0.11363865 1.92486334
v -0.87236542 -0.07584688 1.82626176
v -0.82433784 -0.12650742 1.89025688
v -0.90962571 -0.17839022 1.85179102
v -0.8491466 -0.17362727 1.91377127
v -0.8795622 -0.15589102 1.92543781
v -0.92690754 -0.13255645 1.84821272
v -0.7967999 -0.21006823 1.82962584
v -0.81759053 -0.23337361 1.83491457
v -0.76766276 -0.25942788 1.76239216
v -0.77569121 -0.30248988 1.72042906
v -0.79149699 -0.27725589 1.76598549
v -0.87519562 -0.22143653 1.83825433
v -0.84451157 -0.2438346 1.78995407
v -0.80709302 -0.26307234 1.75258744
v -0.78154653 -0.29244277 1.71415734
v -0.84298348 -0.13382979 1.82299733
v -0.81663275 -0.19590092 1.79051638
v -0.76205081 -0.28176191 1.71209311
v -0.7498734 -0.28855333 1.71842527
v -0.78203851 -0.25168738 1.7454325
v -0.88635284 -0.16105095 1.75871944
v -0.90953082 -0.06468847 1.77396917
v -0.94488078 -0.08124191 1.79059541
v -0.88605565 -0.24597193 1.78012192
v -0.92209047 -0.20936342 1.78415132
v -0.86334836 -0.21193048 1.74846709
v -0.94559276 -0.14953786 1.78506804
v -0.92007738 -0.24132439 1.72209501
v -0.95548964 -0.17385076 1.72447634
v -0.96559924 -0.09295446 1.73122168
v -0.93400818 -0.08443014 1.72056198
v -0.90271586 -0.17557292 1.70702755
v -0.88498896 -0.23310012 1.70654774
v -0.86281103 -0.2492394 1.76433158
v -0.90010113 -0.27380747 1.7172693
v -0.88531053 -0.26990044 1.70372605
v -0.91179156 -0.29275867 1.67868412
v -0.90591919 -0.26212788 1.65448189
v -0.93039513 -0.26372936 1.67893219
v -0.93570161 -0.28194204 1.63135958
v -0.93857241 -0.30064642 1.58419561
v -0.91740245 -0.30686632 1.63107204
v -0.90344924 -0.29793826 1.62772119
v -0.89583534 -0.28586841 1.66519976
v -0.92292345 -0.29555655 1.58285785
v -0.9110797 -0.27784246 1.62307
v -0.91471469 -0.30920023 1.58549976
v -0.92540336 -0.31647733 1.582847
v -0.90038854 -0.24033725 1.64506865
v -0.97925508 -0.11005928 1.67389727
v -0.93422389 -0.24826783 1.66006064
v -0.94879216 -0.10183938 1.66361821
v -0.97492176 -0.13526013 1.62479925
v -0.96504641 -0.18827039 1.60951257
v -0.97140437 -0.1757777 1.66112316
v -0.92730558 -0.24800633 1.60721934
v -0.94353974 -0.1248638 1.62768042
v -0.92051524 -0.17743836 1.64429748
v -0.91995513 -0.18862662 1.61284661
v -0.94720876 -0.17111708 1.58545637
v -0.9111166 -0.20341885 1.58187878
v -0.90208006 -0.23962408 1.60952437
v -0.94084382 -0.20470998 1.58092046
v -0.92175609 -0.24780828 1.59282446
v -0.92978638 -0.16534533 1.58705592
v -0.33573693 -0.12854958 0.1419481
v -0.39911771 -0.2088687 0.09227741
v -0.40567964 -0.1099996 0.13736987
v -0.33857846 -0.22728106 0.09503096
v -0.41255641 -0.3003659 0.04946601
v -0.33533299 -0.32627678 0.05783867
v -0.4170475 -0.38315547 0.02027798
v -0.48067141 -0.27056816 0.04205659
v -0.46546805 -0.1629997 0.05575416
v -0.43669939 -0.04771162 0.07775474
v -0.37330538 0.09360181 0.08265695
v -0.3151173 0.08774537 0.08413289
v -0.29808575 -0.03106491 0.11245564
v -0.36555541 0.08168863 0.00488239
v -0.31247032 0.07874475 0.00488239
v -0.30845106 -0.07937132 0.00488239
v -0.31278038 -0.17671187 0.09013523
v -0.30219924 -0.30786076 0.0485288
v -0.34312344 -0.40705428 0.02718657
v -0.30066234 -0.26625466 0.00488239
v -0.31682074 -0.1487558 0.00488239
v -0.33383411 -0.38963535 0.00488239
v -0.47599697 -0.28794089 0.00488239
v -0.4678849 -0.16769007 0.00488239
v -0.4389382 -0.04983382 0.00488239
v -0.4170475 -0.38315547 0.00488239
v -0.05639926 0.200082 3.45436239
v -0.03530028 -0.01056638 3.47390866
v -0.0114728 0.07551651 3.38981414
v -0.01147275 0.05133796 3.14363289
v -0.01689525 0.17197816 3.15394711
v -0.01147276 0.05842903 3.18762088
v -0.12293494 -0.0078556 3.22984123
v -0.0863651 0.01938082 3.18115425
v -0.08936566 0.03888936 3.23331451
v -0.13812566 -0.07008455 3.22692537
v -0.11913621 -0.02439917 3.17967606
v -0.08679855 0.02199373 3.13814497
v -0.11675322 -0.04840022 3.13954353
v -0.1257081 -0.07838324 3.18047428
v -0.11794472 -0.03639969 3.15960979
v -0.12486982 -0.10672563 3.1726203
v -0.10075152 -0.1980131 3.16323185
v -0.11016023 -0.10064376 3.11198997
v -0.08172321 -0.1807628 3.08446407
v -0.08257318 -0.14801383 3.07596445
v -0.03982687 -0.25928423 3.0630908
v -0.05093062 -0.27042416 3.13665915
v -0.14722121 -0.05455305 3.1930685
v -0.15054321 -0.06178585 3.27337646
v -0.16201401 -0.06906866 3.29042816
v -0.17506993 -0.03449103 3.27577496
v -0.14267468 -0.10470835 3.26765442
v -0.16114557 -0.04452204 3.23442173
v -0.09367114 0.05769556 3.33145881
v -0.12952864 0.00846828 3.33433008
v -0.12813115 0.00857813 3.30716825
v -0.09497607 0.05699323 3.37744284
v -0.1442914 -0.04588474 3.36434889
v -0.09850633 -0.01615494 3.45367527
v -0.1386261 -0.10231633 3.37047625
v -0.09480464 -0.11353455 3.46677494
v -0.13057232 -0.15074158 3.35361958
v -0.14741731 -0.0538353 3.31886268
v -0.14065039 -0.10351235 3.31906533
v -0.09173727 -0.20880111 3.4299984
v -0.12376535 -0.18599273 3.32247019
v -0.09101748 -0.25652725 3.35995483
v -0.11817002 -0.22206894 3.27944946
v -0.0701406 -0.26346198 3.25101805
v -0.06355226 -0.24960127 3.27543449
v -0.07911074 -0.27897003 3.30412388
v -0.03134537 -0.29101261 3.19766521
v -0.09052222 -0.12811467 3.62696004
v -0.03736886 -0.11854402 3.48739052
v -0.02628254 -0.21356872 3.46077704
v -0.28814739 -0.18344055 2.6719327
v -0.25639868 0.06121153 2.01011133
v -0.04406452 0.19956082 3.36656332
v -0.01147278 0.08376402 3.33900881
v -0.02431251 0.15929277 3.2163558
v -0.01147275 0.09201152 3.28820348
v -0.01147276 0.07522027 3.23791218
v -0.01233766 0.22827697 3.07561207
v -0.01461645 0.19110581 3.11477947
v -0.08200545 -0.29001096 3.57674289
v -0.08184271 0.05426004 3.60050988
v -0.09236622 0.05839789 3.28547478
v -0.12673366 0.00868798 3.28000641
v -0.03172978 0.1697455 3.27876425
v -0.73311025 -0.09320179 2.23471642
v -0.89915282 -0.24051978 1.59386516
vn -0.50814 -0.84046 -0.18821
vn 0.17141 -0.90248 0.39515
vn -0.60926 -0.78292 -0.12585
vn -0.84538 -0.24257 -0.47592
vn -0.88139 -0.1247 -0.45563
vn 0.62536 -0.49332 0.60461
vn 0.2632 -0.91566 0.3038
vn -0.87054 0.19887 -0.45013
vn -0.22494 -0.97307 0.05038
vn -0.73865 -0.63827 -0.21679
vn -0.30213 0.67548 0.67264
vn 0.05484 -0.95151 0.30268
vn -0.98989 -0.03275 -0.13798
vn -0.5043 -0.86136 -0.0611
vn -0.54979 -0.83073 -0.08727
vn 0.56402 0.81886 -0.10659
vn -0.46516 0.88464 0.03225
vn -0.55883 0.79565 -0.23377
vn 0.99765 -0.04059 0.05521
vn 0.45409 -0.89085 0.014
vn 0.99195 -0.00692 0.12646
vn 0.62665 -0.77916 -0.01478
vn -0.99698 -0.03853 -0.06738
vn 0.50048 0.85312 0.14734
vn -0.52798 0.83957 0.12787
vn 0.49894 -0.85683 -0.12997
vn 0.9851 -0.06166 0.16052
vn -0.43044 -0.85716 -0.28284
vn -0.98559 -0.07201 -0.15305
vn 0.49158 0.82455 0.28011
vn 0.39339 0.87121 0.29366
vn 0.94993 0.21554 0.22622
vn 0.37722 0.8941 0.24143
vn -0.9887 -0.1107 -0.10108
vn -0.36876 -0.92768 -0.05859
vn -0.44498 -0.85439 -0.26833
vn -0.55337 0.81141 0.18816
vn -0.63195 0.75537 0.17335
vn 0.96944 0.08106 0.23154
vn 0.67531 -0.73053 0.10139
vn 0.54791 -0.83601 -0.0295
vn -0.98414 -0.17705 0.01124
vn 0.96104 0.14889 0.2329
vn 0.54051 -0.7849 0.30297
vn 0.97137 0.15855 0.17691
vn -0.3857 -0.92143 0.04688
vn 0.58193 -0.80021 0.145
vn -0.66297 0.74738 0.04346
vn -0.98828 -0.11218 -0.10355
vn -0.97835 -0.20687 -0.00632
vn 0.34885 0.92087 0.17407
vn 0.32454 0.94458 0.0494
vn -0.55401 -0.83198 0.02968
vn -0.65966 0.74483 -0.10036
vn 0.29682 -0.73497 0.60969
vn -0.98514 -0.02095 -0.17048
vn 0.70889 0.27195 0.65078
vn 0.02056 0.9839 0.17754
vn -0.64356 -0.7639 0.04786
vn -0.63371 0.77071 -0.06651
vn 0 0.984 0.17816
vn -0 0.76462 0.64448
vn 0 0.07235 0.99738
vn -0 -0.95647 0.29185
vn -0 -0.67098 0.74148
vn -0.04101 -0.98222 -0.1832
vn 0 -0.99899 -0.04486
vn -0.09426 -0.99537 0.01892
vn 0 -0.99978 0.02084
vn -0.04382 -0.97153 0.23285
vn 0 0.9989 0.04686
vn -0.64032 0.76787 0.01918
vn -0.99982 0.01857 0.00405
vn -0 -0.96231 0.27195
vn -0.78795 -0.56911 0.23506
vn -0.68497 -0.72754 0.03863
vn 0 0.99503 -0.0996
vn -0.72907 0.65702 0.19178
vn -0.16518 -0.94869 0.26962
vn -0.99069 0.11571 0.0717
vn -0.41479 0.9002 0.13261
vn -0.1568 -0.98484 0.07422
vn -0.39821 0.19207 0.89696
vn -0.27396 -0.95391 0.12248
vn 0 -0.99853 0.05416
vn -0 -0.95204 -0.30597
vn -0.03411 -0.95523 -0.29388
vn -0 0.93846 -0.34538
vn -0.51141 0.81245 -0.27997
vn -0.31767 0.7281 -0.60741
vn -0.65359 0.14178 -0.74345
vn -0.51268 0.08852 -0.85401
vn -0.41722 -0.72157 -0.55251
vn -0.25809 -0.76381 -0.5916
vn -0 -0.91856 -0.39528
vn 0 0.80281 0.59623
vn -0.78704 0.58704 0.18961
vn -0.97295 0.15545 -0.17087
vn -0.64499 -0.672 -0.36387
vn -0.50483 -0.86108 0.0607
vn -0 -0.67528 0.73756
vn -0.51198 -0.72681 -0.45785
vn -0.65444 -0.02477 -0.75571
vn -0.43613 0.63765 -0.63498
vn -0.59505 0.79374 0.12608
vn -0.40042 0.87517 -0.27157
vn -0.86911 -0.11051 -0.48211
vn -0.70473 0.60201 -0.37541
vn -0.57934 -0.73121 -0.36014
vn 0.07612 0.92782 0.36518
vn 0.35729 -0.8673 0.3466
vn -0.63258 -0.73676 -0.23882
vn -0.92972 -0.02849 -0.36715
vn -0.67435 0.69928 -0.23718
vn 0.25553 -0.8946 0.36659
vn -0.67915 -0.67897 -0.27884
vn -0.7652 -0.62103 -0.16968
vn -0.90961 0.10902 -0.40091
vn -0.9231 0.09853 -0.37173
vn 0.24828 -0.80426 0.53992
vn 0.49332 -0.82904 0.26331
vn -0.19557 -0.87517 0.44254
vn -0.81677 -0.56889 0.09623
vn -0.74518 -0.66003 -0.0952
vn -0.56119 -0.42543 0.70998
vn -0.24443 -0.76668 0.59368
vn -0.96169 0.05133 0.26931
vn 0.0472 -0.90862 0.41495
vn 0.09718 -0.98343 -0.15301
vn 0.38425 -0.78785 0.4813
vn 0.0795 -0.98331 -0.16366
vn 0.58379 -0.22659 -0.77965
vn 0.7659 -0.47052 0.43819
vn 0.88294 -0.45345 -0.12164
vn -0.17017 0.74492 -0.64508
vn -0.25309 0.34991 -0.90195
vn -0.93749 -0.24693 -0.24523
vn 0.77008 -0.19509 -0.60739
vn 0.7499 -0.40334 0.52437
vn 0.28173 -0.9182 0.27846
vn -0.77571 -0.5874 -0.23072
vn -0.93489 0.19655 -0.29554
vn 0.33966 -0.85802 0.38527
vn -0.79562 -0.57928 0.17725
vn -0.06247 -0.9626 0.26362
vn -0.63565 -0.76402 -0.11056
vn 0.35107 -0.88769 0.29791
vn -0.91995 0.30693 -0.24389
vn -0.82642 -0.55683 -0.08352
vn 0.32996 -0.86822 0.37057
vn 0.8712 -0.34499 0.34927
vn -0.16028 -0.92244 -0.35131
vn -0.85908 -0.50299 -0.09481
vn 0.21249 -0.8837 0.41704
vn 0.20098 -0.90133 0.38369
vn -0.37834 0.7992 -0.46706
vn -0.91848 -0.3887 -0.07289
vn 0.95952 0.27396 0.06541
vn 0.95419 0.29298 -0.06073
vn 0.13729 -0.95664 0.25688
vn 0.85455 0.07439 -0.51401
vn -0.92775 -0.34924 -0.13159
vn -0.23263 0.59331 -0.77063
vn -0.79814 -0.29885 -0.52313
vn 0.13388 -0.8339 -0.53543
vn -0.44972 0.7656 -0.46001
vn 0.4271 -0.89545 0.12553
vn 0.92142 -0.34459 0.17954
vn -0.86662 -0.48946 0.09691
vn -0.94713 -0.3183 -0.04029
vn 0.29597 -0.86206 0.41141
vn -0.952 0.29127 -0.09409
vn -0.76912 -0.4031 0.49594
vn -0.90637 0.26394 0.32989
vn -0.92221 -0.30498 0.23773
vn 0.44849 -0.7445 0.49456
vn 0.93433 -0.35587 0.01961
vn -0.41644 -0.26804 0.86875
vn -0.45535 0.21931 0.86288
vn 0.43238 -0.9016 -0.01293
vn 0.69488 -0.18098 0.69598
vn -0.59278 -0.19229 0.78207
vn 0.49895 -0.54227 0.67601
vn 0.55274 -0.62677 0.54922
vn 0.47523 0.54985 -0.68689
vn -0.33424 0.34185 -0.87831
vn 0.21655 0.34946 -0.91158
vn -0.22519 0.34188 -0.91236
vn 0.12639 0.35471 -0.92639
vn -0.53393 0.69808 -0.47708
vn 0.27027 0.92027 -0.28294
vn -0.84491 0.21748 -0.48871
vn -0.68075 0.40902 -0.60768
vn -0.90832 -0.0472 -0.41561
vn -0.95387 -0.25105 -0.16462
vn 0.65278 -0.75427 -0.07038
vn 0.99727 0.04222 -0.06059
vn -0.37279 -0.65171 0.66053
vn -0.48954 -0.87141 -0.03163
vn 0.57263 -0.54345 0.6138
vn 0.69312 0.03864 0.71979
vn 0.92378 0.14371 -0.35493
vn 0.8712 0.2741 -0.40728
vn 0.74371 0.00604 0.66848
vn 0.54542 0.49333 0.6776
vn -0.73326 0.24334 0.63491
vn -0.46156 0.61467 0.63965
vn -0.71743 -0.12878 0.68462
vn -0.69044 -0.26893 0.67154
vn 0.65613 0.0114 0.75456
vn -0.94284 -0.22016 -0.25016
vn -0.72589 -0.66633 -0.17057
vn -0.92948 -0.36425 -0.05827
vn -0.84311 -0.53313 0.0703
vn -0.77883 -0.61027 -0.14491
vn -0.777 -0.53862 -0.32583
vn -0.63382 -0.76025 0.14242
vn -0.87176 -0.4342 0.22696
vn -0.60358 -0.73739 0.30325
vn -0.91494 -0.35272 0.19614
vn -0.21423 -0.95996 0.18052
vn -0.6566 -0.75423 0.00056
vn -0.97642 -0.16417 0.14017
vn -0.94697 -0.24786 0.20446
vn -0.76788 -0.27998 0.57617
vn -0.9532 0.16203 0.25524
vn -0.95631 0.18008 0.23031
vn -0.89555 0.38436 0.22417
vn -0.79712 0.27427 0.53793
vn -0.78135 0.33421 0.52707
vn 0 0.24325 0.96996
vn -0.60882 0.55447 0.56736
vn 0 0.83049 0.55703
vn -0.5958 0.77602 0.20691
vn -0 0.97914 0.20318
vn -0.37601 -0.78653 0.48988
vn -0.46046 -0.81863 0.34325
vn -0.3568 -0.80269 -0.47789
vn -0.5491 -0.7767 -0.30858
vn -0.3041 0.20887 -0.92946
vn -0.96154 0.27049 0.04772
vn -0.59972 -0.80018 -0.00676
vn -0.90007 -0.43043 -0.06778
vn -0.57891 -0.75364 -0.31128
vn -0.96098 -0.1293 -0.24455
vn -0.62723 -0.35028 -0.69563
vn -0.95488 0.14401 -0.25974
vn -0.65534 0.10808 -0.74756
vn -0.95285 0.24605 -0.17759
vn -0.6807 0.46253 -0.56808
vn -0.99535 -0.08828 -0.03851
vn -0.89766 -0.43873 0.04145
vn -0.98545 0.16276 -0.049
vn -0.95399 0.2769 -0.11502
vn -0.65891 0.69956 -0.2765
vn -0.87623 0.47322 0.091
vn -0.53959 0.78195 -0.31206
vn -0.61593 0.78478 0.06886
vn 0 0.02649 -0.99965
vn -0.06953 -0.21367 0.97443
vn 0 -0.99992 0.01269
vn -0 -0.92761 -0.37356
vn -0.2293 0.97117 0.06523
vn -0 0.85876 -0.51239
vn -0.82567 0.05014 -0.56192
vn -0.78549 -0.33081 -0.52303
vn -0.94008 0.09024 -0.32879
vn 0 0.97673 -0.21448
vn -0 0.95791 -0.28708
vn -0.67582 -0.7284 -0.11268
vn -0.66384 -0.71195 -0.22898
vn -0.76323 -0.61435 0.20013
vn -0.87367 -0.48269 -0.06088
vn -0.9207 -0.3844 0.06738
vn -0.82355 -0.56504 0.05001
vn -0.86849 -0.46804 0.1633
vn -0.9092 0.37752 -0.17557
vn 0 0.95206 0.30592
vn -0.82349 0.45725 -0.33585
vn -0.5478 -0.73584 0.39808
vn 0 -0.89778 0.44045
vn -0.8508 -0.50273 0.15299
vn -0 -0.9482 -0.31769
vn 0 -0.82119 -0.57066
vn 0 -0.96767 0.25221
vn 0 -0.99998 -0.0065
vn 0 -0.9326 -0.36091
vn 0 -0.98613 0.16595
vn -0 0.08951 -0.99599
vn -0 0.51444 -0.85753
vn -0 -0.45257 -0.89173
vn -0.60446 -0.78166 0.15371
vn -0.87789 -0.46101 0.12953
vn -0.81697 -0.52564 0.2372
vn 0.50814 -0.84046 -0.18821
vn -0.17141 -0.90248 0.39515
vn -0.2632 -0.91566 0.3038
vn 0.84538 -0.24257 -0.47592
vn 0.60926 -0.78292 -0.12585
vn -0.62536 -0.49332 0.60461
vn 0.87054 0.19887 -0.45013
vn 0.22494 -0.97307 0.05038
vn 0.30213 0.67548 0.67264
vn 0.88139 -0.1247 -0.45563
vn -0.05484 -0.95151 0.30268
vn 0.5043 -0.86136 -0.0611
vn 0.98989 -0.03275 -0.13798
vn 0.54979 -0.83073 -0.08727
vn 0.46516 0.88464 0.03225
vn -0.56402 0.81886 -0.10659
vn 0.55883 0.79565 -0.23377
vn -0.99765 -0.04059 0.05521
vn -0.45409 -0.89085 0.014
vn -0.62665 -0.77916 -0.01478
vn 0.99698 -0.03853 -0.06738
vn -0.99195 -0.00692 0.12646
vn 0.52798 0.83957 0.12787
vn -0.50048 0.85312 0.14734
vn -0.49894 -0.85683 -0.12997
vn 0.43044 -0.85716 -0.28284
vn 0.98559 -0.07201 -0.15305
vn -0.49158 0.82455 0.28011
vn -0.39339 0.87121 0.29366
vn -0.94993 0.21554 0.22622
vn -0.96944 0.08106 0.23154
vn 0.36876 -0.92768 -0.05859
vn 0.9887 -0.1107 -0.10108
vn 0.44498 -0.85439 -0.26833
vn 0.55337 0.81141 0.18816
vn -0.37722 0.8941 0.24143
vn -0.67531 -0.73053 0.10139
vn -0.54791 -0.83601 -0.0295
vn 0.98414 -0.17705 0.01124
vn -0.9851 -0.06166 0.16052
vn -0.96104 0.14889 0.2329
vn -0.54051 -0.7849 0.30297
vn -0.58193 -0.80021 0.145
vn 0.3857 -0.92143 0.04688
vn 0.98828 -0.11218 -0.10355
vn 0.66297 0.74738 0.04346
vn 0.97835 -0.20687 -0.00632
vn -0.34885 0.92087 0.17407
vn -0.97137 0.15855 0.17691
vn 0.55401 -0.83198 0.02968
vn -0.32454 0.94458 0.0494
vn 0.63195 0.75537 0.17335
vn -0.29682 -0.73497 0.60969
vn 0.98514 -0.02095 -0.17048
vn 0.65966 0.74483 -0.10036
vn -0.70889 0.27195 0.65078
vn 0.64356 -0.7639 0.04786
vn -0.02056 0.9839 0.17754
vn 0.63371 0.77071 -0.06651
vn 0.04101 -0.98222 -0.1832
vn 0.04382 -0.97153 0.23285
vn 0.09426 -0.99537 0.01892
vn 0.67582 -0.7284 -0.11268
vn 0.99982 0.01857 0.00405
vn 0.64032 0.76787 0.01918
vn 0.78795 -0.56911 0.23506
vn 0.68497 -0.72754 0.03863
vn 0.16518 -0.94869 0.26962
vn 0.72907 0.65702 0.19178
vn 0.41479 0.9002 0.13261
vn 0.1568 -0.98484 0.07422
vn 0.39821 0.19207 0.89696
vn 0.99069 0.11571 0.0717
vn 0.03411 -0.95523 -0.29388
vn 0.27396 -0.95391 0.12248
vn 0.51141 0.81245 -0.27997
vn 0.31767 0.7281 -0.60741
vn 0.65359 0.14178 -0.74345
vn 0.41722 -0.72157 -0.55251
vn 0.51268 0.08852 -0.85401
vn 0.25809 -0.76381 -0.5916
vn 0 0.99999 -0.00319
vn 0.97295 0.15545 -0.17087
vn 0.78704 0.58704 0.18961
vn 0.64499 -0.672 -0.36387
vn 0.50483 -0.86108 0.0607
vn 0.51198 -0.72681 -0.45785
vn 0.65444 -0.02477 -0.75571
vn 0.59505 0.79374 0.12608
vn 0.43613 0.63765 -0.63498
vn 0.86911 -0.11051 -0.48211
vn 0.70473 0.60201 -0.37541
vn 0.57934 -0.73121 -0.36014
vn -0.07612 0.92782 0.36518
vn -0.35729 -0.8673 0.3466
vn 0.63258 -0.73676 -0.23882
vn 0.92972 -0.02849 -0.36715
vn 0.67435 0.69928 -0.23718
vn 0.67915 -0.67897 -0.27884
vn -0.25553 -0.8946 0.36659
vn 0.7652 -0.62103 -0.16968
vn 0.90961 0.10902 -0.40091
vn -0.49332 -0.82904 0.26331
vn -0.24828 -0.80426 0.53992
vn 0.81677 -0.56889 0.09623
vn 0.19557 -0.87517 0.44254
vn 0.74518 -0.66003 -0.0952
vn 0.9231 0.09853 -0.37173
vn 0.56119 -0.42543 0.70998
vn 0.24443 -0.76668 0.59368
vn 0.96169 0.05133 0.26931
vn -0.09718 -0.98343 -0.15301
vn -0.0472 -0.90862 0.41495
vn -0.38425 -0.78785 0.4813
vn -0.0795 -0.98331 -0.16366
vn -0.77008 -0.19509 -0.60739
vn -0.58379 -0.22659 -0.77965
vn -0.7659 -0.47052 0.43819
vn -0.88294 -0.45345 -0.12164
vn 0.25309 0.34991 -0.90195
vn 0.93749 -0.24693 -0.24523
vn 0.17017 0.74492 -0.64508
vn -0.7499 -0.40334 0.52437
vn -0.28173 -0.9182 0.27846
vn 0.77571 -0.5874 -0.23072
vn -0.33966 -0.85802 0.38527
vn 0.79562 -0.57928 0.17725
vn 0.06247 -0.9626 0.26362
vn 0.93489 0.19655 -0.29554
vn -0.35107 -0.88769 0.29791
vn 0.91995 0.30693 -0.24389
vn 0.82642 -0.55683 -0.08352
vn -0.32996 -0.86822 0.37057
vn -0.8712 -0.34499 0.34927
vn 0.16028 -0.92244 -0.35131
vn 0.63565 -0.76402 -0.11056
vn -0.21249 -0.8837 0.41704
vn 0.85908 -0.50299 -0.09481
vn -0.20098 -0.90133 0.38369
vn 0.37834 0.7992 -0.46706
vn -0.95952 0.27396 0.06541
vn -0.95419 0.29298 -0.06073
vn -0.85455 0.07439 -0.51401
vn -0.13729 -0.95664 0.25688
vn 0.92775 -0.34924 -0.13159
vn 0.91848 -0.3887 -0.07289
vn 0.23263 0.59331 -0.77063
vn 0.44972 0.7656 -0.46001
vn 0.79814 -0.29885 -0.52313
vn -0.13388 -0.8339 -0.53543
vn -0.4271 -0.89545 0.12553
vn 0.86662 -0.48946 0.09691
vn 0.94713 -0.3183 -0.04029
vn -0.29597 -0.86206 0.41141
vn 0.76912 -0.4031 0.49594
vn 0.90637 0.26394 0.32989
vn 0.952 0.29127 -0.09409
vn 0.92221 -0.30498 0.23773
vn -0.44849 -0.7445 0.49456
vn -0.92142 -0.34459 0.17954
vn -0.93433 -0.35587 0.01961
vn 0.41644 -0.26804 0.86875
vn -0.69488 -0.18098 0.69598
vn -0.43238 -0.9016 -0.01293
vn 0.45535 0.21931 0.86288
vn 0.59278 -0.19229 0.78207
vn -0.49895 -0.54227 0.67601
vn -0.47523 0.54985 -0.68689
vn 0.33424 0.34185 -0.87831
vn 0.68075 0.40902 -0.60768
vn -0.21655 0.34946 -0.91158
vn 0.22519 0.34188 -0.91236
vn -0.12639 0.35471 -0.92639
vn 0.53393 0.69808 -0.47708
vn 0.84491 0.21748 -0.48871
vn 0.90832 -0.0472 -0.41561
vn 0.95387 -0.25105 -0.16462
vn 0.48954 -0.87141 -0.03163
vn -0.65278 -0.75427 -0.07038
vn -0.99727 0.04222 -0.06059
vn 0.37279 -0.65171 0.66053
vn -0.57263 -0.54345 0.6138
vn -0.69312 0.03864 0.71979
vn -0.92378 0.14371 -0.35493
vn -0.8712 0.2741 -0.40728
vn -0.27027 0.92027 -0.28294
vn -0.74371 0.00604 0.66848
vn -0.65613 0.0114 0.75456
vn -0.54542 0.49333 0.6776
vn 0.73326 0.24334 0.63491
vn 0.71743 -0.12878 0.68462
vn 0.69044 -0.26893 0.67154
vn 0.46156 0.61467 0.63965
vn 0.72589 -0.66633 -0.17057
vn 0.94284 -0.22016 -0.25016
vn 0.92948 -0.36425 -0.05827
vn 0.84311 -0.53313 0.0703
vn 0.77883 -0.61027 -0.14491
vn 0.8508 -0.50273 0.15299
vn 0.87176 -0.4342 0.22696
vn 0.63382 -0.76026 0.14242
vn 0.60358 -0.73739 0.30325
vn 0.21423 -0.95996 0.18052
vn 0.91494 -0.35272 0.19614
vn 0.6566 -0.75423 0.00056
vn 0.97642 -0.16417 0.14017
vn 0.76788 -0.27998 0.57617
vn 0.94697 -0.24786 0.20446
vn 0.9532 0.16203 0.25524
vn 0.89556 0.38436 0.22417
vn 0.95631 0.18008 0.23031
vn 0.79712 0.27427 0.53793
vn 0.78135 0.33421 0.52707
vn 0.60882 0.55447 0.56736
vn 0.5958 0.77602 0.20691
vn 0.37601 -0.78653 0.48988
vn 0.3568 -0.80269 -0.47789
vn 0.3041 0.20887 -0.92946
vn 0.5491 -0.7767 -0.30858
vn 0.96154 0.27049 0.04772
vn 0.46046 -0.81863 0.34325
vn 0.59972 -0.80018 -0.00676
vn 0.90007 -0.43043 -0.06778
vn 0.89766 -0.43873 0.04145
vn 0.57891 -0.75364 -0.31128
vn 0.96098 -0.1293 -0.24455
vn 0.62723 -0.35028 -0.69563
vn 0.95488 0.14401 -0.25974
vn 0.65534 0.10808 -0.74756
vn 0.95285 0.24605 -0.17759
vn 0.99535 -0.08828 -0.03851
vn 0.98545 0.16276 -0.049
vn 0.6807 0.46253 -0.56808
vn 0.95399 0.2769 -0.11502
vn 0.65891 0.69956 -0.2765
vn 0.87623 0.47322 0.091
vn 0.61593 0.78478 0.06886
vn 0.06953 -0.21368 0.97443
vn 0.53959 0.78195 -0.31206
vn 0.2293 0.97117 0.06523
vn 0.82567 0.05014 -0.56192
vn 0.94008 0.09024 -0.32879
vn 0.9092 0.37752 -0.17557
vn 0.40042 0.87517 -0.27157
vn 0.66384 -0.71195 -0.22898
vn 0.76323 -0.61435 0.20013
vn 0.87367 -0.48269 -0.06088
vn 0.82355 -0.56504 0.05001
vn 0.9207 -0.3844 0.06738
vn 0.86849 -0.46804 0.1633
vn 0.5478 -0.73584 0.39808
vn 0.777 -0.53862 -0.32583
vn 0.82349 0.45725 -0.33585
vn 0.78549 -0.33081 -0.52303
vn 0.60446 -0.78166 0.15371
vn 0.87789 -0.46101 0.12953
vn 0.81697 -0.52564 0.2372
vn 0.73865 -0.63827 -0.21679
vn -0.55274 -0.62677 0.54922
vt 0 0
usemtl mat0
f 13/1/13 14/1/14 15/1/15
f 16/1/16 17/1/17 18/1/18
f 19/1/19 20/1/20 21/1/21
f 22/1/22 14/1/14 20/1/20
f 18/1/18 23/1/23 13/1/13
f 16/1/16 21/1/21 24/1/24
f 24/1/24 25/1/25 17/1/17
f 21/1/21 26/1/26 27/1/27
f 20/1/20 28/1/28 26/1/26
f 17/1/17 29/1/29 23/1/23
f 21/1/21 30/1/30 24/1/24
f 14/1/14 29/1/29 28/1/28
f 31/1/31 32/1/32 33/1/33
f 34/1/34 35/1/35 36/1/36
f 37/1/37 33/1/33 38/1/38
f 39/1/39 40/1/40 32/1/32
f 41/1/41 35/1/35 40/1/40
f 37/1/37 42/1/42 34/1/34
f 25/1/25 34/1/34 29/1/29
f 26/1/26 36/1/36 41/1/41
f 27/1/27 41/1/41 39/1/39
f 30/1/30 37/1/37 25/1/25
f 29/1/29 36/1/36 28/1/28
f 30/1/30 39/1/39 31/1/31
f 43/1/43 44/1/44 45/1/45
f 46/1/46 44/1/44 47/1/47
f 48/1/48 49/1/49 50/1/50
f 51/1/51 45/1/45 52/1/52
f 50/1/50 53/1/53 46/1/46
f 48/1/48 52/1/52 54/1/54
f 38/1/38 51/1/51 48/1/48
f 42/1/42 46/1/46 35/1/35
f 33/1/33 43/1/43 51/1/51
f 38/1/38 50/1/50 42/1/42
f 35/1/35 47/1/47 40/1/40
f 32/1/32 47/1/47 43/1/43
f 53/1/53 55/1/55 44/1/44
f 54/1/54 56/1/56 49/1/49
f 52/1/52 57/1/57 58/1/58
f 49/1/49 59/1/59 53/1/53
f 54/1/54 58/1/58 60/1/60
f 44/1/44 57/1/57 45/1/45
f 58/1/58 61/1/61 60/1/60
f 57/1/57 62/1/62 58/1/58
f 55/1/55 63/1/63 57/1/57
f 55/1/55 64/1/64 65/1/65
f 64/1/64 66/1/66 67/1/67
f 67/1/67 68/1/68 69/1/69
f 59/1/59 70/1/70 55/1/55
f 60/1/60 71/1/71 72/1/72
f 60/1/60 73/1/73 56/1/56
f 68/1/68 74/1/74 69/1/69
f 73/1/73 75/1/75 76/1/76
f 72/1/72 77/1/77 78/1/78
f 76/1/76 79/1/79 68/1/68
f 73/1/73 78/1/78 80/1/80
f 78/1/78 77/1/77 81/1/81
f 75/1/75 82/1/82 79/1/79
f 75/1/75 83/1/83 84/1/84
f 79/1/79 85/1/85 74/1/74
f 78/1/78 83/1/83 80/1/80
f 82/1/82 86/1/86 85/1/85
f 84/1/84 87/1/87 82/1/82
f 88/1/88 89/1/89 90/1/90
f 90/1/90 91/1/91 92/1/92
f 91/1/91 93/1/93 92/1/92
f 93/1/93 94/1/94 87/1/87
f 86/1/86 94/1/94 95/1/95
f 89/1/89 96/1/96 97/1/97
f 89/1/89 98/1/98 91/1/91
f 91/1/91 99/1/99 94/1/94
f 100/1/100 101/1/101 95/1/95
f 92/1/92 102/1/102 103/1/103
f 90/1/90 103/1/103 104/1/104
f 93/1/93 84/1/84 102/1/102
f 90/1/90 105/1/105 106/1/106
f 102/1/102 107/1/107 103/1/103
f 104/1/104 107/1/107 108/1/108
f 104/1/104 108/1/108 105/1/105
f 102/1/102 84/1/84 109/1/109
f 83/1/83 105/1/105 110/1/110
f 83/1/83 111/1/111 84/1/84
f 107/1/107 112/1/112 113/1/113
f 108/1/108 113/1/113 114/1/114
f 108/1/108 110/1/110 105/1/105
f 84/1/84 112/1/112 109/1/109
f 114/1/114 11/1/11 110/1/110
f 114/1/114 4/1/4 8/1/8
f 113/1/113 1/1/1 4/1/4
f 111/1/111 1/1/1 112/1/112
f 83/1/83 7/1/7 111/1/111
f 110/1/110 6/1/6 83/1/83
f 115/1/115 116/1/116 117/1/117
f 118/1/118 116/1/116 119/1/119
f 120/1/120 121/1/121 115/1/115
f 122/1/122 123/1/123 124/1/124
f 124/1/124 119/1/119 123/1/123
f 122/1/122 125/1/125 126/1/126
f 126/1/126 127/1/127 128/1/128
f 127/1/127 129/1/129 128/1/128
f 130/1/130 126/1/126 131/1/131
f 128/1/128 131/1/131 126/1/126
f 132/1/132 128/1/128 129/1/129
f 133/1/133 125/1/125 134/1/134
f 127/1/127 134/1/134 135/1/135
f 127/1/127 136/1/136 137/1/137
f 136/1/136 129/1/129 137/1/137
f 132/1/132 135/1/135 138/1/138
f 138/1/138 134/1/134 131/1/131
f 134/1/134 139/1/139 133/1/133
f 116/1/116 140/1/140 141/1/141
f 119/1/119 141/1/141 142/1/142
f 121/1/121 139/1/139 140/1/140
f 131/1/131 143/1/143 130/1/130
f 130/1/130 144/1/144 123/1/123
f 131/1/131 145/1/145 146/1/146
f 123/1/123 142/1/142 144/1/144
f 143/1/143 147/1/147 144/1/144
f 148/1/148 144/1/144 142/1/142
f 149/1/149 142/1/142 141/1/141
f 150/1/150 141/1/141 140/1/140
f 139/1/139 150/1/150 140/1/140
f 145/1/145 151/1/151 139/1/139
f 146/1/146 152/1/152 153/1/153
f 146/1/146 154/1/154 143/1/143
f 153/1/153 155/1/155 154/1/154
f 153/1/153 156/1/156 157/1/157
f 154/1/154 158/1/158 147/1/147
f 152/1/152 158/1/158 156/1/156
f 155/1/155 159/1/159 158/1/158
f 160/1/160 161/1/161 159/1/159
f 156/1/156 162/1/162 157/1/157
f 162/1/162 163/1/163 164/1/164
f 157/1/157 160/1/160 155/1/155
f 160/1/160 164/1/164 165/1/165
f 165/1/165 163/1/163 161/1/161
f 163/1/163 159/1/159 161/1/161
f 156/1/156 159/1/159 166/1/166
f 151/1/151 167/1/167 168/1/168
f 150/1/150 169/1/169 149/1/149
f 148/1/148 170/1/170 147/1/147
f 151/1/151 171/1/171 150/1/150
f 148/1/148 169/1/169 172/1/172
f 152/1/152 170/1/170 147/1/147
f 171/1/171 173/1/173 169/1/169
f 170/1/170 174/1/174 175/1/175
f 167/1/167 175/1/175 170/1/170
f 168/1/168 176/1/176 171/1/171
f 172/1/172 173/1/173 174/1/174
f 167/1/167 177/1/177 168/1/168
f 174/1/174 178/1/178 179/1/179
f 180/1/180 181/1/181 177/1/177
f 176/1/176 178/1/178 173/1/173
f 175/1/175 179/1/179 182/1/182
f 180/1/180 182/1/182 175/1/175
f 177/1/177 183/1/183 176/1/176
f 182/1/182 181/1/181 184/1/184
f 179/1/179 183/1/183 181/1/181
f 18/1/18 185/1/185 16/1/16
f 185/1/185 186/1/186 187/1/187
f 187/1/187 188/1/188 189/1/189
f 189/1/189 190/1/190 191/1/191
f 186/1/186 192/1/192 188/1/188
f 193/1/193 194/1/194 186/1/186
f 13/1/13 193/1/193 18/1/18
f 15/1/15 195/1/195 13/1/13
f 196/1/196 15/1/15 22/1/22
f 196/1/196 22/1/22 197/1/197
f 22/1/22 19/1/19 197/1/197
f 16/1/16 197/1/197 19/1/19
f 196/1/196 198/1/198 199/1/199
f 197/1/197 200/1/200 196/1/196
f 200/1/200 197/1/197 201/1/201
f 202/1/202 185/1/185 187/1/187
f 203/1/203 187/1/187 189/1/189
f 189/1/189 191/1/191 203/1/203
f 202/1/202 201/1/201 197/1/197
f 204/1/204 202/1/202 203/1/203
f 205/1/205 203/1/203 191/1/191
f 188/1/188 192/1/192 190/1/190
f 190/1/190 206/1/206 207/1/207
f 192/1/192 208/1/208 206/1/206
f 194/1/194 209/1/209 208/1/208
f 207/1/207 191/1/191 190/1/190
f 195/1/195 198/1/198 209/1/209
f 208/1/208 209/1/209 210/1/210
f 217/1/217 218/1/218 219/1/219
f 220/1/220 221/1/221 218/1/218
f 222/1/222 223/1/223 224/1/224
f 224/1/224 225/1/225 220/1/220
f 223/1/223 226/1/226 225/1/225
f 227/1/227 228/1/228 226/1/226
f 98/1/98 223/1/223 99/1/99
f 229/1/229 227/1/227 230/1/230
f 97/1/97 227/1/227 98/1/98
f 230/1/230 96/1/96 231/1/231
f 229/1/229 231/1/231 232/1/232
f 232/1/232 231/1/231 233/1/233
f 229/1/229 234/1/234 228/1/228
f 235/1/235 232/1/232 233/1/233
f 221/1/221 236/1/236 237/1/237
f 238/1/238 239/1/239 240/1/240
f 241/1/241 238/1/238 240/1/240
f 225/1/225 226/1/226 236/1/236
f 241/1/241 240/1/240 237/1/237
f 242/1/242 243/1/243 244/1/244
f 244/1/244 245/1/245 246/1/246
f 246/1/246 247/1/247 248/1/248
f 248/1/248 249/1/249 250/1/250
f 251/1/251 243/1/243 252/1/252
f 247/1/247 251/1/251 253/1/253
f 253/1/253 249/1/249 247/1/247
f 250/1/250 254/1/254 255/1/255
f 255/1/255 256/1/256 257/1/257
f 241/1/241 254/1/254 249/1/249
f 228/1/228 241/1/241 226/1/226
f 258/1/258 228/1/228 234/1/234
f 259/1/259 260/1/260 257/1/257
f 257/1/257 256/1/256 260/1/260
f 258/1/258 260/1/260 256/1/256
f 260/1/260 261/1/261 258/1/258
f 262/1/262 263/1/263 261/1/261
f 263/1/263 258/1/258 234/1/234
f 235/1/235 263/1/263 234/1/234
f 263/1/263 262/1/262 264/1/264
f 263/1/263 235/1/235 264/1/264
f 211/1/211 244/1/244 246/1/246
f 248/1/248 211/1/211 246/1/246
f 250/1/250 267/1/267 248/1/248
f 268/1/268 250/1/250 255/1/255
f 255/1/255 259/1/259 268/1/268
f 105/1/105 81/1/81 106/1/106
f 269/1/269 81/1/81 77/1/77
f 88/1/88 106/1/106 269/1/269
f 56/1/56 270/1/270 59/1/59
f 271/1/271 73/1/73 76/1/76
f 68/1/68 271/1/271 76/1/76
f 66/1/66 270/1/270 271/1/271
f 282/1/282 219/1/219 276/1/276
f 274/1/274 242/1/242 273/1/273
f 100/1/100 222/1/222 214/1/214
f 214/1/214 217/1/217 282/1/282
f 222/1/222 220/1/220 217/1/217
f 276/1/276 292/1/292 274/1/274
f 238/1/238 237/1/237 239/1/239
f 218/1/218 238/1/238 293/1/293
f 219/1/219 293/1/293 292/1/292
f 273/1/273 244/1/244 213/1/213
f 253/1/253 238/1/238 241/1/241
f 251/1/251 293/1/293 238/1/238
f 292/1/292 252/1/252 242/1/242
f 306/1/306 307/1/307 308/1/308
f 309/1/309 310/1/310 311/1/311
f 312/1/312 313/1/313 314/1/314
f 314/1/314 306/1/306 308/1/308
f 315/1/315 311/1/311 307/1/307
f 310/1/310 316/1/316 312/1/312
f 317/1/317 318/1/318 309/1/309
f 316/1/316 319/1/319 313/1/313
f 313/1/313 320/1/320 306/1/306
f 321/1/321 309/1/309 315/1/315
f 322/1/322 316/1/316 318/1/318
f 306/1/306 321/1/321 315/1/315
f 323/1/323 324/1/324 325/1/325
f 326/1/326 327/1/327 328/1/328
f 329/1/329 330/1/330 323/1/323
f 325/1/325 331/1/331 332/1/332
f 332/1/332 326/1/326 328/1/328
f 333/1/333 329/1/329 327/1/327
f 327/1/327 317/1/317 321/1/321
f 319/1/319 328/1/328 320/1/320
f 334/1/334 332/1/332 319/1/319
f 329/1/329 322/1/322 317/1/317
f 328/1/328 321/1/321 320/1/320
f 322/1/322 325/1/325 334/1/334
f 335/1/335 336/1/336 337/1/337
f 336/1/336 338/1/338 337/1/337
f 339/1/339 340/1/340 341/1/341
f 342/1/342 343/1/343 335/1/335
f 344/1/344 341/1/341 338/1/338
f 340/1/340 345/1/345 342/1/342
f 346/1/346 342/1/342 330/1/330
f 338/1/338 333/1/333 326/1/326
f 330/1/330 335/1/335 324/1/324
f 341/1/341 346/1/346 333/1/333
f 337/1/337 326/1/326 331/1/331
f 324/1/324 337/1/337 331/1/331
f 347/1/347 344/1/344 336/1/336
f 348/1/348 349/1/349 339/1/339
f 345/1/345 350/1/350 343/1/343
f 351/1/351 339/1/339 344/1/344
f 349/1/349 352/1/352 345/1/345
f 350/1/350 336/1/336 343/1/343
f 61/1/61 352/1/352 353/1/353
f 62/1/62 350/1/350 352/1/352
f 347/1/347 63/1/63 65/1/65
f 64/1/64 347/1/347 65/1/65
f 64/1/64 354/1/354 355/1/355
f 67/1/67 356/1/356 354/1/354
f 351/1/351 355/1/355 357/1/357
f 353/1/353 71/1/71 61/1/61
f 353/1/353 358/1/358 359/1/359
f 74/1/74 356/1/356 69/1/69
f 360/1/360 358/1/358 361/1/361
f 359/1/359 77/1/77 71/1/71
f 362/1/362 361/1/361 356/1/356
f 358/1/358 363/1/363 359/1/359
f 363/1/363 364/1/364 77/1/77
f 365/1/365 360/1/360 362/1/362
f 360/1/360 366/1/366 367/1/367
f 85/1/85 362/1/362 74/1/74
f 366/1/366 363/1/363 367/1/367
f 86/1/86 365/1/365 85/1/85
f 368/1/368 369/1/369 365/1/365
f 370/1/370 88/1/88 371/1/371
f 371/1/371 372/1/372 370/1/370
f 373/1/373 372/1/372 374/1/374
f 373/1/373 368/1/368 375/1/375
f 375/1/375 86/1/86 95/1/95
f 370/1/370 96/1/96 376/1/376
f 370/1/370 377/1/377 378/1/378
f 372/1/372 379/1/379 377/1/377
f 95/1/95 101/1/101 380/1/380
f 374/1/374 381/1/381 373/1/373
f 371/1/371 382/1/382 374/1/374
f 373/1/373 381/1/381 369/1/369
f 371/1/371 383/1/383 384/1/384
f 385/1/385 381/1/381 382/1/382
f 384/1/384 385/1/385 382/1/382
f 384/1/384 383/1/383 386/1/386
f 381/1/381 387/1/387 369/1/369
f 366/1/366 388/1/388 383/1/383
f 366/1/366 369/1/369 389/1/389
f 385/1/385 390/1/390 387/1/387
f 386/1/386 391/1/391 385/1/385
f 386/1/386 388/1/388 392/1/392
f 390/1/390 369/1/369 387/1/387
f 303/1/303 392/1/392 388/1/388
f 392/1/392 298/1/298 391/1/391
f 391/1/391 295/1/295 390/1/390
f 295/1/295 389/1/389 390/1/390
f 297/1/297 366/1/366 389/1/389
f 300/1/300 388/1/388 366/1/366
f 393/1/393 394/1/394 395/1/395
f 396/1/396 393/1/393 395/1/395
f 397/1/397 398/1/398 394/1/394
f 399/1/399 400/1/400 401/1/401
f 401/1/401 402/1/402 396/1/396
f 400/1/400 403/1/403 398/1/398
f 404/1/404 405/1/405 403/1/403
f 406/1/406 405/1/405 407/1/407
f 408/1/408 404/1/404 400/1/400
f 407/1/407 409/1/409 410/1/410
f 411/1/411 407/1/407 410/1/410
f 412/1/412 403/1/403 398/1/398
f 405/1/405 413/1/413 403/1/403
f 414/1/414 405/1/405 415/1/415
f 406/1/406 414/1/414 415/1/415
f 411/1/411 416/1/416 414/1/414
f 410/1/410 413/1/413 416/1/416
f 417/1/417 413/1/413 412/1/412
f 393/1/393 418/1/418 397/1/397
f 402/1/402 419/1/419 393/1/393
f 397/1/397 417/1/417 412/1/412
f 420/1/420 409/1/409 408/1/408
f 421/1/421 408/1/408 399/1/399
f 409/1/409 422/1/422 413/1/413
f 399/1/399 423/1/423 402/1/402
f 424/1/424 420/1/420 421/1/421
f 421/1/421 425/1/425 423/1/423
f 423/1/423 426/1/426 419/1/419
f 419/1/419 427/1/427 418/1/418
f 417/1/417 427/1/427 428/1/428
f 422/1/422 428/1/428 429/1/429
f 430/1/430 429/1/429 422/1/422
f 430/1/430 431/1/431 432/1/432
f 433/1/433 432/1/432 431/1/431
f 432/1/432 434/1/434 429/1/429
f 435/1/435 431/1/431 424/1/424
f 429/1/429 435/1/435 424/1/424
f 436/1/436 433/1/433 435/1/435
f 437/1/437 438/1/438 436/1/436
f 439/1/439 434/1/434 440/1/440
f 439/1/439 441/1/441 442/1/442
f 440/1/440 438/1/438 439/1/439
f 438/1/438 443/1/443 439/1/439
f 444/1/444 441/1/441 443/1/443
f 436/1/436 441/1/441 437/1/437
f 434/1/434 436/1/436 435/1/435
f 428/1/428 445/1/445 429/1/429
f 446/1/446 427/1/427 426/1/426
f 447/1/447 425/1/425 424/1/424
f 448/1/448 428/1/428 427/1/427
f 425/1/425 446/1/446 426/1/426
f 447/1/447 429/1/429 424/1/424
f 449/1/449 448/1/448 446/1/446
f 447/1/447 450/1/450 451/1/451
f 452/1/452 445/1/445 447/1/447
f 453/1/453 454/1/454 448/1/448
f 451/1/451 449/1/449 446/1/446
f 455/1/455 445/1/445 454/1/454
f 450/1/450 456/1/456 449/1/449
f 457/1/457 458/1/458 455/1/455
f 456/1/456 453/1/453 449/1/449
f 452/1/452 459/1/459 450/1/450
f 460/1/460 458/1/458 452/1/452
f 461/1/461 455/1/455 453/1/453
f 460/1/460 457/1/457 459/1/459
f 459/1/459 461/1/461 456/1/456
f 462/1/462 311/1/311 310/1/310
f 462/1/462 463/1/463 464/1/464
f 465/1/465 466/1/466 463/1/463
f 467/1/467 468/1/468 466/1/466
f 469/1/469 463/1/463 466/1/466
f 470/1/470 464/1/464 463/1/463
f 307/1/307 464/1/464 471/1/471
f 308/1/308 471/1/471 472/1/472
f 473/1/473 308/1/308 472/1/472
f 473/1/473 474/1/474 314/1/314
f 314/1/314 474/1/474 312/1/312
f 474/1/474 310/1/310 312/1/312
f 475/1/475 473/1/473 472/1/472
f 474/1/474 473/1/473 476/1/476
f 476/1/476 477/1/477 474/1/474
f 462/1/462 478/1/478 465/1/465
f 479/1/479 465/1/465 478/1/478
f 467/1/467 479/1/479 480/1/480
f 477/1/477 478/1/478 474/1/474
f 481/1/481 478/1/478 482/1/482
f 483/1/483 479/1/479 481/1/481
f 466/1/466 468/1/468 469/1/469
f 468/1/468 484/1/484 469/1/469
f 469/1/469 485/1/485 470/1/470
f 470/1/470 486/1/486 471/1/471
f 480/1/480 487/1/487 468/1/468
f 471/1/471 475/1/475 472/1/472
f 482/1/482 477/1/477 486/1/486
f 494/1/494 495/1/495 496/1/496
f 497/1/497 498/1/498 494/1/494
f 499/1/499 500/1/500 379/1/379
f 501/1/501 502/1/502 498/1/498
f 503/1/503 500/1/500 501/1/501
f 504/1/504 505/1/505 503/1/503
f 377/1/377 500/1/500 505/1/505
f 506/1/506 507/1/507 505/1/505
f 378/1/378 505/1/505 507/1/507
f 96/1/96 507/1/507 231/1/231
f 506/1/506 231/1/231 507/1/507
f 508/1/508 233/1/233 231/1/231
f 509/1/509 506/1/506 504/1/504
f 508/1/508 235/1/235 233/1/233
f 497/1/497 510/1/510 501/1/501
f 511/1/511 512/1/512 513/1/513
f 514/1/514 512/1/512 511/1/511
f 501/1/501 510/1/510 503/1/503
f 515/1/515 514/1/514 510/1/510
f 516/1/516 517/1/517 518/1/518
f 519/1/519 520/1/520 517/1/517
f 521/1/521 522/1/522 520/1/520
f 523/1/523 524/1/524 522/1/522
f 525/1/525 517/1/517 520/1/520
f 525/1/525 522/1/522 526/1/526
f 524/1/524 526/1/526 522/1/522
f 527/1/527 528/1/528 524/1/524
f 529/1/529 530/1/530 528/1/528
f 514/1/514 528/1/528 530/1/530
f 504/1/504 514/1/514 530/1/530
f 504/1/504 531/1/531 509/1/509
f 259/1/259 532/1/532 261/1/261
f 533/1/533 532/1/532 530/1/530
f 531/1/531 530/1/530 532/1/532
f 532/1/532 531/1/531 261/1/261
f 262/1/262 261/1/261 534/1/534
f 531/1/531 534/1/534 509/1/509
f 235/1/235 509/1/509 534/1/534
f 534/1/534 264/1/264 262/1/262
f 534/1/534 264/1/264 235/1/235
f 519/1/519 489/1/489 521/1/521
f 523/1/523 489/1/489 536/1/536
f 527/1/527 536/1/536 537/1/537
f 527/1/527 268/1/268 529/1/529
f 529/1/529 259/1/259 533/1/533
f 364/1/364 383/1/383 538/1/538
f 269/1/269 364/1/364 538/1/538
f 88/1/88 538/1/538 371/1/371
f 348/1/348 357/1/357 539/1/539
f 358/1/358 539/1/539 361/1/361
f 539/1/539 356/1/356 361/1/361
f 354/1/354 357/1/357 355/1/355
f 496/1/496 493/1/493 544/1/544
f 516/1/516 543/1/543 541/1/541
f 499/1/499 380/1/380 491/1/491
f 495/1/495 491/1/491 493/1/493
f 498/1/498 499/1/499 495/1/495
f 549/1/549 544/1/544 543/1/543
f 511/1/511 515/1/515 497/1/497
f 511/1/511 494/1/494 550/1/550
f 550/1/550 496/1/496 549/1/549
f 519/1/519 541/1/541 490/1/490
f 511/1/511 526/1/526 514/1/514
f 550/1/550 525/1/525 511/1/511
f 549/1/549 518/1/518 550/1/550
f 13/1/13 23/1/23 14/1/14
f 16/1/16 24/1/24 17/1/17
f 19/1/19 22/1/22 20/1/20
f 22/1/22 15/1/15 14/1/14
f 18/1/18 17/1/17 23/1/23
f 16/1/16 19/1/19 21/1/21
f 24/1/24 30/1/30 25/1/25
f 21/1/21 20/1/20 26/1/26
f 20/1/20 14/1/14 28/1/28
f 17/1/17 25/1/25 29/1/29
f 21/1/21 27/1/27 30/1/30
f 14/1/14 23/1/23 29/1/29
f 31/1/31 39/1/39 32/1/32
f 34/1/34 42/1/42 35/1/35
f 37/1/37 31/1/31 33/1/33
f 39/1/39 41/1/41 40/1/40
f 41/1/41 36/1/36 35/1/35
f 37/1/37 38/1/38 42/1/42
f 25/1/25 37/1/37 34/1/34
f 26/1/26 28/1/28 36/1/36
f 27/1/27 26/1/26 41/1/41
f 30/1/30 31/1/31 37/1/37
f 29/1/29 34/1/34 36/1/36
f 30/1/30 27/1/27 39/1/39
f 43/1/43 47/1/47 44/1/44
f 46/1/46 53/1/53 44/1/44
f 48/1/48 54/1/54 49/1/49
f 51/1/51 43/1/43 45/1/45
f 50/1/50 49/1/49 53/1/53
f 48/1/48 51/1/51 52/1/52
f 38/1/38 33/1/33 51/1/51
f 42/1/42 50/1/50 46/1/46
f 33/1/33 32/1/32 43/1/43
f 38/1/38 48/1/48 50/1/50
f 35/1/35 46/1/46 47/1/47
f 32/1/32 40/1/40 47/1/47
f 53/1/53 59/1/59 55/1/55
f 54/1/54 60/1/60 56/1/56
f 52/1/52 45/1/45 57/1/57
f 49/1/49 56/1/56 59/1/59
f 54/1/54 52/1/52 58/1/58
f 44/1/44 55/1/55 57/1/57
f 58/1/58 62/1/62 61/1/61
f 57/1/57 63/1/63 62/1/62
f 55/1/55 65/1/65 63/1/63
f 55/1/55 70/1/70 64/1/64
f 64/1/64 70/1/70 66/1/66
f 67/1/67 66/1/66 68/1/68
f 59/1/59 270/1/270 70/1/70
f 60/1/60 61/1/61 71/1/71
f 60/1/60 72/1/72 73/1/73
f 68/1/68 79/1/79 74/1/74
f 73/1/73 80/1/80 75/1/75
f 72/1/72 71/1/71 77/1/77
f 76/1/76 75/1/75 79/1/79
f 73/1/73 72/1/72 78/1/78
f 75/1/75 84/1/84 82/1/82
f 75/1/75 80/1/80 83/1/83
f 79/1/79 82/1/82 85/1/85
f 78/1/78 105/1/105 83/1/83
f 82/1/82 87/1/87 86/1/86
f 84/1/84 93/1/93 87/1/87
f 88/1/88 376/1/376 89/1/89
f 90/1/90 89/1/89 91/1/91
f 91/1/91 94/1/94 93/1/93
f 86/1/86 87/1/87 94/1/94
f 89/1/89 376/1/376 96/1/96
f 89/1/89 97/1/97 98/1/98
f 91/1/91 98/1/98 99/1/99
f 95/1/95 94/1/94 100/1/100
f 94/1/94 99/1/99 100/1/100
f 92/1/92 93/1/93 102/1/102
f 90/1/90 92/1/92 103/1/103
f 90/1/90 104/1/104 105/1/105
f 102/1/102 109/1/109 107/1/107
f 104/1/104 103/1/103 107/1/107
f 107/1/107 109/1/109 112/1/112
f 108/1/108 107/1/107 113/1/113
f 108/1/108 114/1/114 110/1/110
f 84/1/84 111/1/111 112/1/112
f 114/1/114 8/1/8 11/1/11
f 114/1/114 113/1/113 4/1/4
f 113/1/113 112/1/112 1/1/1
f 111/1/111 7/1/7 1/1/1
f 83/1/83 6/1/6 7/1/7
f 110/1/110 11/1/11 6/1/6
f 115/1/115 121/1/121 116/1/116
f 118/1/118 117/1/117 116/1/116
f 120/1/120 133/1/133 121/1/121
f 122/1/122 130/1/130 123/1/123
f 124/1/124 118/1/118 119/1/119
f 122/1/122 120/1/120 125/1/125
f 126/1/126 125/1/125 127/1/127
f 127/1/127 137/1/137 129/1/129
f 130/1/130 122/1/122 126/1/126
f 128/1/128 138/1/138 131/1/131
f 132/1/132 138/1/138 128/1/128
f 133/1/133 120/1/120 125/1/125
f 127/1/127 125/1/125 134/1/134
f 127/1/127 135/1/135 136/1/136
f 136/1/136 132/1/132 129/1/129
f 132/1/132 136/1/136 135/1/135
f 138/1/138 135/1/135 134/1/134
f 134/1/134 145/1/145 139/1/139
f 116/1/116 121/1/121 140/1/140
f 119/1/119 116/1/116 141/1/141
f 121/1/121 133/1/133 139/1/139
f 131/1/131 146/1/146 143/1/143
f 130/1/130 143/1/143 144/1/144
f 131/1/131 134/1/134 145/1/145
f 123/1/123 119/1/119 142/1/142
f 143/1/143 154/1/154 147/1/147
f 148/1/148 147/1/147 144/1/144
f 149/1/149 148/1/148 142/1/142
f 150/1/150 149/1/149 141/1/141
f 139/1/139 151/1/151 150/1/150
f 145/1/145 152/1/152 151/1/151
f 146/1/146 145/1/145 152/1/152
f 146/1/146 153/1/153 154/1/154
f 153/1/153 157/1/157 155/1/155
f 153/1/153 152/1/152 156/1/156
f 154/1/154 155/1/155 158/1/158
f 152/1/152 147/1/147 158/1/158
f 155/1/155 160/1/160 159/1/159
f 160/1/160 165/1/165 161/1/161
f 156/1/156 166/1/166 162/1/162
f 162/1/162 166/1/166 163/1/163
f 157/1/157 162/1/162 160/1/160
f 160/1/160 162/1/162 164/1/164
f 165/1/165 164/1/164 163/1/163
f 163/1/163 166/1/166 159/1/159
f 156/1/156 158/1/158 159/1/159
f 151/1/151 152/1/152 167/1/167
f 150/1/150 171/1/171 169/1/169
f 148/1/148 172/1/172 170/1/170
f 151/1/151 168/1/168 171/1/171
f 148/1/148 149/1/149 169/1/169
f 152/1/152 167/1/167 170/1/170
f 171/1/171 176/1/176 173/1/173
f 170/1/170 172/1/172 174/1/174
f 167/1/167 180/1/180 175/1/175
f 168/1/168 177/1/177 176/1/176
f 172/1/172 169/1/169 173/1/173
f 167/1/167 180/1/180 177/1/177
f 174/1/174 173/1/173 178/1/178
f 180/1/180 184/1/184 181/1/181
f 176/1/176 183/1/183 178/1/178
f 175/1/175 174/1/174 179/1/179
f 180/1/180 184/1/184 182/1/182
f 177/1/177 181/1/181 183/1/183
f 182/1/182 179/1/179 181/1/181
f 179/1/179 178/1/178 183/1/183
f 18/1/18 193/1/193 185/1/185
f 185/1/185 193/1/193 186/1/186
f 187/1/187 186/1/186 188/1/188
f 189/1/189 188/1/188 190/1/190
f 186/1/186 194/1/194 192/1/192
f 193/1/193 195/1/195 194/1/194
f 13/1/13 195/1/195 193/1/193
f 15/1/15 199/1/199 195/1/195
f 196/1/196 199/1/199 15/1/15
f 16/1/16 185/1/185 197/1/197
f 196/1/196 200/1/200 198/1/198
f 202/1/202 197/1/197 185/1/185
f 203/1/203 202/1/202 187/1/187
f 202/1/202 210/1/210 201/1/201
f 204/1/204 210/1/210 202/1/202
f 205/1/205 204/1/204 203/1/203
f 190/1/190 192/1/192 206/1/206
f 192/1/192 194/1/194 208/1/208
f 194/1/194 195/1/195 209/1/209
f 207/1/207 205/1/205 191/1/191
f 195/1/195 199/1/199 198/1/198
f 209/1/209 198/1/198 201/1/201
f 198/1/198 200/1/200 201/1/201
f 201/1/201 210/1/210 209/1/209
f 210/1/210 204/1/204 208/1/208
f 204/1/204 205/1/205 207/1/207
f 206/1/206 204/1/204 207/1/207
f 206/1/206 208/1/208 204/1/204
f 217/1/217 220/1/220 218/1/218
f 220/1/220 225/1/225 221/1/221
f 222/1/222 99/1/99 223/1/223
f 224/1/224 223/1/223 225/1/225
f 223/1/223 227/1/227 226/1/226
f 227/1/227 229/1/229 228/1/228
f 98/1/98 227/1/227 223/1/223
f 97/1/97 230/1/230 227/1/227
f 230/1/230 97/1/97 96/1/96
f 229/1/229 230/1/230 231/1/231
f 229/1/229 232/1/232 234/1/234
f 235/1/235 234/1/234 232/1/232
f 221/1/221 225/1/225 236/1/236
f 240/1/240 239/1/239 237/1/237
f 237/1/237 236/1/236 241/1/241
f 236/1/236 226/1/226 241/1/241
f 242/1/242 252/1/252 243/1/243
f 244/1/244 243/1/243 245/1/245
f 246/1/246 245/1/245 247/1/247
f 248/1/248 247/1/247 249/1/249
f 251/1/251 245/1/245 243/1/243
f 247/1/247 245/1/245 251/1/251
f 253/1/253 241/1/241 249/1/249
f 250/1/250 249/1/249 254/1/254
f 255/1/255 254/1/254 256/1/256
f 241/1/241 256/1/256 254/1/254
f 228/1/228 256/1/256 241/1/241
f 258/1/258 256/1/256 228/1/228
f 259/1/259 261/1/261 260/1/260
f 263/1/263 261/1/261 258/1/258
f 211/1/211 213/1/213 244/1/244
f 248/1/248 267/1/267 211/1/211
f 250/1/250 277/1/277 267/1/267
f 268/1/268 277/1/277 250/1/250
f 255/1/255 257/1/257 259/1/259
f 105/1/105 78/1/78 81/1/81
f 269/1/269 106/1/106 81/1/81
f 88/1/88 90/1/90 106/1/106
f 56/1/56 271/1/271 270/1/270
f 271/1/271 56/1/56 73/1/73
f 68/1/68 66/1/66 271/1/271
f 66/1/66 70/1/70 270/1/270
f 282/1/282 217/1/217 219/1/219
f 274/1/274 292/1/292 242/1/242
f 100/1/100 99/1/99 222/1/222
f 214/1/214 222/1/222 217/1/217
f 222/1/222 224/1/224 220/1/220
f 276/1/276 219/1/219 292/1/292
f 238/1/238 221/1/221 237/1/237
f 218/1/218 221/1/221 238/1/238
f 219/1/219 218/1/218 293/1/293
f 273/1/273 242/1/242 244/1/244
f 253/1/253 251/1/251 238/1/238
f 251/1/251 252/1/252 293/1/293
f 292/1/292 293/1/293 252/1/252
f 306/1/306 315/1/315 307/1/307
f 309/1/309 318/1/318 310/1/310
f 312/1/312 316/1/316 313/1/313
f 314/1/314 313/1/313 306/1/306
f 315/1/315 309/1/309 311/1/311
f 310/1/310 318/1/318 316/1/316
f 317/1/317 322/1/322 318/1/318
f 316/1/316 334/1/334 319/1/319
f 313/1/313 319/1/319 320/1/320
f 321/1/321 317/1/317 309/1/309
f 322/1/322 334/1/334 316/1/316
f 306/1/306 320/1/320 321/1/321
f 323/1/323 330/1/330 324/1/324
f 326/1/326 333/1/333 327/1/327
f 329/1/329 346/1/346 330/1/330
f 325/1/325 324/1/324 331/1/331
f 332/1/332 331/1/331 326/1/326
f 333/1/333 346/1/346 329/1/329
f 327/1/327 329/1/329 317/1/317
f 319/1/319 332/1/332 328/1/328
f 334/1/334 325/1/325 332/1/332
f 329/1/329 323/1/323 322/1/322
f 328/1/328 327/1/327 321/1/321
f 322/1/322 323/1/323 325/1/325
f 335/1/335 343/1/343 336/1/336
f 336/1/336 344/1/344 338/1/338
f 339/1/339 349/1/349 340/1/340
f 342/1/342 345/1/345 343/1/343
f 344/1/344 339/1/339 341/1/341
f 340/1/340 349/1/349 345/1/345
f 346/1/346 340/1/340 342/1/342
f 338/1/338 341/1/341 333/1/333
f 330/1/330 342/1/342 335/1/335
f 341/1/341 340/1/340 346/1/346
f 337/1/337 338/1/338 326/1/326
f 324/1/324 335/1/335 337/1/337
f 347/1/347 351/1/351 344/1/344
f 348/1/348 353/1/353 349/1/349
f 345/1/345 352/1/352 350/1/350
f 351/1/351 348/1/348 339/1/339
f 349/1/349 353/1/353 352/1/352
f 350/1/350 347/1/347 336/1/336
f 61/1/61 62/1/62 352/1/352
f 62/1/62 63/1/63 350/1/350
f 347/1/347 350/1/350 63/1/63
f 64/1/64 355/1/355 347/1/347
f 64/1/64 67/1/67 354/1/354
f 67/1/67 69/1/69 356/1/356
f 351/1/351 347/1/347 355/1/355
f 353/1/353 359/1/359 71/1/71
f 353/1/353 348/1/348 358/1/358
f 74/1/74 362/1/362 356/1/356
f 360/1/360 367/1/367 358/1/358
f 359/1/359 363/1/363 77/1/77
f 362/1/362 360/1/360 361/1/361
f 358/1/358 367/1/367 363/1/363
f 365/1/365 369/1/369 360/1/360
f 360/1/360 369/1/369 366/1/366
f 85/1/85 365/1/365 362/1/362
f 366/1/366 383/1/383 363/1/363
f 86/1/86 368/1/368 365/1/365
f 368/1/368 373/1/373 369/1/369
f 370/1/370 376/1/376 88/1/88
f 371/1/371 374/1/374 372/1/372
f 373/1/373 375/1/375 372/1/372
f 375/1/375 368/1/368 86/1/86
f 370/1/370 378/1/378 96/1/96
f 370/1/370 372/1/372 377/1/377
f 372/1/372 375/1/375 379/1/379
f 379/1/379 375/1/375 380/1/380
f 375/1/375 95/1/95 380/1/380
f 374/1/374 382/1/382 381/1/381
f 371/1/371 384/1/384 382/1/382
f 371/1/371 538/1/538 383/1/383
f 385/1/385 387/1/387 381/1/381
f 384/1/384 386/1/386 385/1/385
f 385/1/385 391/1/391 390/1/390
f 386/1/386 392/1/392 391/1/391
f 386/1/386 383/1/383 388/1/388
f 390/1/390 389/1/389 369/1/369
f 303/1/303 301/1/301 392/1/392
f 392/1/392 301/1/301 298/1/298
f 391/1/391 298/1/298 295/1/295
f 295/1/295 297/1/297 389/1/389
f 297/1/297 300/1/300 366/1/366
f 300/1/300 303/1/303 388/1/388
f 393/1/393 397/1/397 394/1/394
f 396/1/396 402/1/402 393/1/393
f 397/1/397 412/1/412 398/1/398
f 399/1/399 408/1/408 400/1/400
f 401/1/401 399/1/399 402/1/402
f 400/1/400 404/1/404 403/1/403
f 404/1/404 407/1/407 405/1/405
f 406/1/406 415/1/415 405/1/405
f 408/1/408 409/1/409 404/1/404
f 407/1/407 404/1/404 409/1/409
f 411/1/411 406/1/406 407/1/407
f 412/1/412 413/1/413 403/1/403
f 405/1/405 416/1/416 413/1/413
f 414/1/414 416/1/416 405/1/405
f 406/1/406 411/1/411 414/1/414
f 411/1/411 410/1/410 416/1/416
f 410/1/410 409/1/409 413/1/413
f 417/1/417 422/1/422 413/1/413
f 393/1/393 419/1/419 418/1/418
f 402/1/402 423/1/423 419/1/419
f 397/1/397 418/1/418 417/1/417
f 420/1/420 430/1/430 409/1/409
f 421/1/421 420/1/420 408/1/408
f 409/1/409 430/1/430 422/1/422
f 399/1/399 421/1/421 423/1/423
f 424/1/424 431/1/431 420/1/420
f 421/1/421 424/1/424 425/1/425
f 423/1/423 425/1/425 426/1/426
f 419/1/419 426/1/426 427/1/427
f 417/1/417 418/1/418 427/1/427
f 422/1/422 417/1/417 428/1/428
f 430/1/430 432/1/432 429/1/429
f 430/1/430 420/1/420 431/1/431
f 433/1/433 440/1/440 432/1/432
f 432/1/432 440/1/440 434/1/434
f 435/1/435 433/1/433 431/1/431
f 429/1/429 434/1/434 435/1/435
f 436/1/436 438/1/438 433/1/433
f 437/1/437 444/1/444 438/1/438
f 439/1/439 442/1/442 434/1/434
f 439/1/439 443/1/443 441/1/441
f 440/1/440 433/1/433 438/1/438
f 438/1/438 444/1/444 443/1/443
f 444/1/444 437/1/437 441/1/441
f 436/1/436 442/1/442 441/1/441
f 434/1/434 442/1/442 436/1/436
f 428/1/428 454/1/454 445/1/445
f 446/1/446 448/1/448 427/1/427
f 447/1/447 451/1/451 425/1/425
f 448/1/448 454/1/454 428/1/428
f 425/1/425 451/1/451 446/1/446
f 447/1/447 445/1/445 429/1/429
f 449/1/449 453/1/453 448/1/448
f 447/1/447 452/1/452 450/1/450
f 452/1/452 458/1/458 445/1/445
f 453/1/453 455/1/455 454/1/454
f 451/1/451 450/1/450 449/1/449
f 455/1/455 458/1/458 445/1/445
f 450/1/450 459/1/459 456/1/456
f 457/1/457 553/1/553 458/1/458
f 456/1/456 461/1/461 453/1/453
f 452/1/452 460/1/460 459/1/459
f 460/1/460 553/1/553 458/1/458
f 461/1/461 457/1/457 455/1/455
f 460/1/460 553/1/553 457/1/457
f 459/1/459 457/1/457 461/1/461
f 462/1/462 464/1/464 311/1/311
f 462/1/462 465/1/465 463/1/463
f 465/1/465 467/1/467 466/1/466
f 467/1/467 480/1/480 468/1/468
f 469/1/469 470/1/470 463/1/463
f 470/1/470 471/1/471 464/1/464
f 307/1/307 311/1/311 464/1/464
f 308/1/308 307/1/307 471/1/471
f 473/1/473 314/1/314 308/1/308
f 474/1/474 462/1/462 310/1/310
f 475/1/475 476/1/476 473/1/473
f 462/1/462 474/1/474 478/1/478
f 479/1/479 467/1/467 465/1/465
f 477/1/477 482/1/482 478/1/478
f 481/1/481 479/1/479 478/1/478
f 483/1/483 480/1/480 479/1/479
f 468/1/468 487/1/487 484/1/484
f 469/1/469 484/1/484 485/1/485
f 470/1/470 485/1/485 486/1/486
f 480/1/480 483/1/483 487/1/487
f 471/1/471 486/1/486 475/1/475
f 476/1/476 475/1/475 477/1/477
f 475/1/475 486/1/486 477/1/477
f 486/1/486 485/1/485 482/1/482
f 485/1/485 484/1/484 481/1/481
f 482/1/482 485/1/485 481/1/481
f 484/1/484 487/1/487 481/1/481
f 487/1/487 483/1/483 481/1/481
f 494/1/494 498/1/498 495/1/495
f 497/1/497 501/1/501 498/1/498
f 499/1/499 502/1/502 500/1/500
f 501/1/501 500/1/500 502/1/502
f 503/1/503 505/1/505 500/1/500
f 504/1/504 506/1/506 505/1/505
f 377/1/377 379/1/379 500/1/500
f 378/1/378 377/1/377 505/1/505
f 96/1/96 378/1/378 507/1/507
f 506/1/506 508/1/508 231/1/231
f 509/1/509 508/1/508 506/1/506
f 508/1/508 509/1/509 235/1/235
f 497/1/497 515/1/515 510/1/510
f 515/1/515 513/1/513 512/1/512
f 512/1/512 514/1/514 515/1/515
f 514/1/514 503/1/503 510/1/510
f 516/1/516 519/1/519 517/1/517
f 519/1/519 521/1/521 520/1/520
f 521/1/521 523/1/523 522/1/522
f 523/1/523 527/1/527 524/1/524
f 525/1/525 518/1/518 517/1/517
f 525/1/525 520/1/520 522/1/522
f 524/1/524 514/1/514 526/1/526
f 527/1/527 529/1/529 528/1/528
f 529/1/529 533/1/533 530/1/530
f 514/1/514 524/1/524 528/1/528
f 504/1/504 503/1/503 514/1/514
f 504/1/504 530/1/530 531/1/531
f 259/1/259 533/1/533 532/1/532
f 531/1/531 261/1/261 534/1/534
f 519/1/519 490/1/490 489/1/489
f 523/1/523 521/1/521 489/1/489
f 527/1/527 523/1/523 536/1/536
f 527/1/527 537/1/537 268/1/268
f 529/1/529 268/1/268 259/1/259
f 364/1/364 363/1/363 383/1/383
f 269/1/269 77/1/77 364/1/364
f 88/1/88 269/1/269 538/1/538
f 348/1/348 351/1/351 357/1/357
f 358/1/358 348/1/348 539/1/539
f 539/1/539 354/1/354 356/1/356
f 354/1/354 539/1/539 357/1/357
f 496/1/496 495/1/495 493/1/493
f 516/1/516 549/1/549 543/1/543
f 499/1/499 379/1/379 380/1/380
f 495/1/495 499/1/499 491/1/491
f 498/1/498 502/1/502 499/1/499
f 549/1/549 496/1/496 544/1/544
f 511/1/511 513/1/513 515/1/515
f 511/1/511 497/1/497 494/1/494
f 550/1/550 494/1/494 496/1/496
f 519/1/519 516/1/516 541/1/541
f 511/1/511 525/1/525 526/1/526
f 550/1/550 518/1/518 525/1/525
f 549/1/549 516/1/516 518/1/518
usemtl mat1
f 211/1/211 212/1/212 213/1/213
f 214/1/214 215/1/215 216/1/216
f 211/1/211 265/1/265 266/1/266
f 213/1/213 272/1/272 273/1/273
f 274/1/274 275/1/275 276/1/276
f 277/1/277 278/1/278 279/1/279
f 101/1/101 280/1/280 281/1/281
f 216/1/216 283/1/283 284/1/284
f 275/1/275 285/1/285 286/1/286
f 272/1/272 287/1/287 288/1/288
f 279/1/279 289/1/289 265/1/265
f 279/1/279 278/1/278 290/1/290
f 265/1/265 291/1/291 266/1/266
f 212/1/212 291/1/291 287/1/287
f 277/1/277 265/1/265 267/1/267
f 280/1/280 284/1/284 281/1/281
f 100/1/100 216/1/216 280/1/280
f 215/1/215 286/1/286 283/1/283
f 282/1/282 275/1/275 215/1/215
f 294/1/294 288/1/288 285/1/285
f 273/1/273 294/1/294 274/1/274
f 488/1/488 489/1/489 490/1/490
f 491/1/491 492/1/492 493/1/493
f 489/1/489 535/1/535 536/1/536
f 540/1/540 490/1/490 541/1/541
f 542/1/542 543/1/543 544/1/544
f 537/1/537 278/1/278 268/1/268
f 101/1/101 545/1/545 380/1/380
f 283/1/283 546/1/546 284/1/284
f 285/1/285 542/1/542 286/1/286
f 287/1/287 540/1/540 288/1/288
f 289/1/289 547/1/547 535/1/535
f 547/1/547 290/1/290 278/1/278
f 291/1/291 535/1/535 548/1/548
f 488/1/488 291/1/291 548/1/548
f 535/1/535 537/1/537 536/1/536
f 284/1/284 545/1/545 281/1/281
f 380/1/380 546/1/546 491/1/491
f 286/1/286 492/1/492 283/1/283
f 493/1/493 542/1/542 544/1/544
f 288/1/288 551/1/551 285/1/285
f 551/1/551 541/1/541 543/1/543
f 211/1/211 266/1/266 212/1/212
f 214/1/214 282/1/282 215/1/215
f 211/1/211 267/1/267 265/1/265
f 213/1/213 212/1/212 272/1/272
f 274/1/274 294/1/294 275/1/275
f 277/1/277 268/1/268 278/1/278
f 101/1/101 100/1/100 280/1/280
f 216/1/216 215/1/215 283/1/283
f 275/1/275 294/1/294 285/1/285
f 272/1/272 212/1/212 287/1/287
f 279/1/279 290/1/290 289/1/289
f 265/1/265 289/1/289 291/1/291
f 212/1/212 266/1/266 291/1/291
f 277/1/277 279/1/279 265/1/265
f 280/1/280 216/1/216 284/1/284
f 100/1/100 214/1/214 216/1/216
f 215/1/215 275/1/275 286/1/286
f 282/1/282 276/1/276 275/1/275
f 294/1/294 272/1/272 288/1/288
f 273/1/273 272/1/272 294/1/294
f 488/1/488 548/1/548 489/1/489
f 491/1/491 546/1/546 492/1/492
f 489/1/489 548/1/548 535/1/535
f 540/1/540 488/1/488 490/1/490
f 542/1/542 551/1/551 543/1/543
f 537/1/537 547/1/547 278/1/278
f 101/1/101 281/1/281 545/1/545
f 283/1/283 492/1/492 546/1/546
f 285/1/285 551/1/551 542/1/542
f 287/1/287 488/1/488 540/1/540
f 289/1/289 290/1/290 547/1/547
f 291/1/291 289/1/289 535/1/535
f 488/1/488 287/1/287 291/1/291
f 535/1/535 547/1/547 537/1/537
f 284/1/284 546/1/546 545/1/545
f 380/1/380 545/1/545 546/1/546
f 286/1/286 542/1/542 492/1/492
f 493/1/493 492/1/492 542/1/542
f 288/1/288 540/1/540 551/1/551
f 551/1/551 540/1/540 541/1/541
usemtl mat2
f 1/1/1 2/1/2 3/1/3
f 4/1/4 3/1/3 5/1/5
f 6/1/6 2/1/2 7/1/7
f 8/1/8 9/1/9 10/1/10
f 8/1/8 5/1/5 10/1/10
f 11/1/11 12/1/12 9/1/9
f 117/1/117 5/1/5 3/1/3
f 115/1/115 3/1/3 2/1/2
f 120/1/120 9/1/9 12/1/12
f 118/1/118 10/1/10 5/1/5
f 9/1/9 124/1/124 10/1/10
f 12/1/12 115/1/115 2/1/2
f 295/1/295 296/1/296 297/1/297
f 298/1/298 299/1/299 295/1/295
f 296/1/296 300/1/300 297/1/297
f 301/1/301 302/1/302 303/1/303
f 301/1/301 304/1/304 298/1/298
f 303/1/303 305/1/305 300/1/300
f 304/1/304 395/1/395 299/1/299
f 299/1/299 394/1/394 296/1/296
f 302/1/302 398/1/398 305/1/305
f 552/1/552 396/1/396 304/1/304
f 302/1/302 401/1/401 400/1/400
f 305/1/305 394/1/394 398/1/398
f 1/1/1 7/1/7 2/1/2
f 4/1/4 1/1/1 3/1/3
f 6/1/6 12/1/12 2/1/2
f 8/1/8 11/1/11 9/1/9
f 8/1/8 4/1/4 5/1/5
f 11/1/11 6/1/6 12/1/12
f 117/1/117 118/1/118 5/1/5
f 115/1/115 117/1/117 3/1/3
f 120/1/120 122/1/122 9/1/9
f 118/1/118 124/1/124 10/1/10
f 9/1/9 122/1/122 124/1/124
f 12/1/12 120/1/120 115/1/115
f 295/1/295 299/1/299 296/1/296
f 298/1/298 304/1/304 299/1/299
f 296/1/296 305/1/305 300/1/300
f 301/1/301 552/1/552 302/1/302
f 301/1/301 552/1/552 304/1/304
f 303/1/303 302/1/302 305/1/305
f 304/1/304 396/1/396 395/1/395
f 299/1/299 395/1/395 394/1/394
f 302/1/302 400/1/400 398/1/398
f 552/1/552 401/1/401 396/1/396
f 302/1/302 552/1/552 401/1/401
f 305/1/305 296/1/296 394/1/394
# Vertices: 553, normals: 553, texture coordinates: 1, faces: 1102

o obj2
v -0.78131241 -0.03958096 2.18752861
v -0.78834414 -0.00233808 2.10513711
v -0.81272429 -0.05895605 2.1190486
v -0.83989125 -0.07618488 2.05745387
v -0.86114419 -0.05130177 1.98013496
v -0.87130314 -0.09555997 1.98897398
v -0.74982166 0.0232169 2.1710813
v -0.72476733 0.01933669 2.07132506
v -0.82262176 -0.02574679 2.04607868
v -0.81103468 -0.0366301 1.95086074
v -0.70804262 -0.12513629 2.13892674
v -0.67871726 -0.08017829 2.04369617
v -0.74492407 -0.13898575 2.07966399
v -0.77756071 -0.15068896 2.02728677
v -0.77487886 -0.11170866 1.93945312
v -0.81444222 -0.16453844 1.96802413
v -0.76381314 -0.10872616 2.17592716
v -0.79479504 -0.12198804 2.11049962
v -0.82153201 -0.13310365 2.05195713
v -0.85251385 -0.14636554 1.98652935
v -0.62851387 -0.06333998 2.09926033
v -0.67951113 0.04839322 2.13499999
v -0.7246756 -0.09487034 1.99501729
v -0.7657786 -0.00757357 2.01453567
v -0.84315568 -0.0744628 2.06398749
v -0.86684781 -0.04672386 1.97779477
v -0.82390416 -0.01823592 2.05130672
v -0.78629017 -0.03792339 2.19530678
v -0.79412895 0.00359388 2.10345936
v -0.75118524 0.03208181 2.1769712
v -0.80132025 -0.12978834 2.10943723
v -0.70461118 -0.13329794 2.14112639
v -0.76678252 -0.11500439 2.182374
v -0.72325546 0.02775627 2.06576681
v -0.615955 -0.06440923 2.09690785
v -0.67280513 0.06014763 2.13674927
v -0.82268935 -0.13791417 2.0578599
v -0.87817276 -0.09606159 1.98764813
v -0.82130724 -0.05952216 2.11896706
v -0.67192012 -0.08318008 2.03496647
v -0.81098723 -0.03036831 1.94516063
v -0.76053709 0.00202304 2.01614356
v -0.77367139 -0.15751773 2.03035808
v -0.77068186 -0.11406367 1.93244398
v -0.71471667 -0.09529281 1.99438512
v -0.85722697 -0.15269811 1.98492312
v -0.74572563 -0.14873691 2.07506251
v -0.70968115 -0.0017944 2.31377411
v -0.71275377 0.0431597 2.23062277
v -0.68760777 0.0538156 2.26822424
v -0.73311025 -0.09320179 2.23471642
v -0.61901218 -0.09667486 2.27418256
v -0.65717638 -0.05180503 2.3576827
v -0.8795622 -0.15589102 1.92543781
v -0.79880166 -0.1478118 2.00915575
v -0.83074486 -0.13499461 2.0285306
v -0.8977322 -0.11363865 1.92486334
v -0.84823728 -0.08310983 2.03276539
v -0.91305274 -0.08028421 1.9196521
v -0.84628642 -0.04028007 2.02330899
v -0.92690754 -0.13255645 1.84821272
v -0.90962571 -0.17839022 1.85179102
v -0.85475177 -0.15828684 1.91377127
v -0.974967 -0.15772825 1.78415132
v -0.93881935 -0.08948726 1.84796774
v -0.94753265 -0.21963544 1.78432608
v -0.89559114 -0.20973851 1.84336531
v -0.71967453 -0.00750937 2.3264761
v -0.72097725 0.04639686 2.23559642
v -0.69321752 0.05726566 2.27411151
v -0.74585098 -0.10104871 2.24557447
v -0.62125444 -0.10629258 2.28777361
v -0.66101313 -0.05868642 2.3714087
v -0.85493428 -0.14381628 2.03457975
v -0.85416806 -0.17100146 1.92335069
v -0.80038047 -0.16340621 2.01884413
v -0.92977655 -0.12196223 1.92849457
v -0.87447786 -0.09072136 2.03891349
v -0.92655659 -0.0823478 1.92239678
v -0.85803014 -0.04128318 2.02679658
v -0.95314288 -0.09229679 1.8490485
v -0.90947592 -0.16520007 1.92908251
v -0.90949112 -0.2298875 1.83986557
v -0.9623729 -0.14132126 1.85005617
v -0.94306469 -0.18822405 1.85371792
v -0.67480707 -0.11246563 2.19390726
v -0.7385301 -0.14411813 2.11032581
v -0.68071115 -0.12076185 2.20381355
v -0.77952009 0.00143982 2.126966
v -0.76388055 -0.02823962 2.25975108
v -0.78950369 0.00255684 2.1311965
v -0.81917924 -0.05948049 2.14933228
v -0.80039263 -0.12243249 2.14007711
v -0.74924755 -0.02205217 2.24856997
v -0.79874241 -0.052581 2.14066768
v -0.78192759 -0.1140982 2.13162351
v -0.73478866 -0.13217281 2.10052872
v -0.81478584 -0.17295671 1.96429396
vn -0.97969 0.11185 -0.1664
vn -0.30406 0.6553 0.69147
vn -0.48704 0.05887 0.87139
vn -0.9986 -0.00442 -0.05272
vn -0.37631 0.65018 0.66005
vn -0.57641 0.01029 0.81709
vn -0.72175 0.57419 -0.3865
vn 0.52871 0.79203 0.30521
vn -0.76787 0.53232 -0.35639
vn 0.52001 0.8353 0.1785
vn 0.13622 0.82073 0.55483
vn 0.06342 0.97823 -0.19761
vn -0.46619 0.70074 -0.54003
vn 0.10135 0.84402 0.52665
vn 0.03509 0.97148 -0.23451
vn -0.48521 0.67063 -0.56109
vn -0.74616 0.57449 0.33646
vn -0.65453 0.68474 0.3205
vn -0.77969 0.56328 0.2735
vn -0.71029 0.6222 0.32919
vn 0.15949 0.96555 -0.20559
vn -0.22078 0.54994 -0.8055
vn 0.09981 0.97039 -0.21996
vn -0.16593 0.54237 -0.82359
vn 0.16662 -0.07304 -0.98331
vn 0.78405 -0.31071 0.53734
vn 0.07546 -0.59634 -0.79918
vn 0.23006 -0.10858 -0.9671
vn 0.73827 -0.38094 0.55663
vn 0.0618 -0.59317 -0.8027
vn 0.48165 -0.82508 -0.2954
vn 0.5112 -0.6093 0.60617
vn 0.8772 -0.4095 -0.25067
vn 0.19492 -0.54169 0.81766
vn -0.25974 -0.89294 0.36769
vn -0.53291 -0.76688 -0.35764
vn 0.93588 -0.35188 -0.01729
vn 0.85745 0.12734 0.49856
vn 0.91047 0.00873 0.41349
vn 0.11313 -0.96554 0.23439
vn 0.2066 -0.45287 0.86731
vn -0.54426 -0.76887 -0.33557
vn 0.53372 -0.57048 0.62426
vn 0.08552 -0.97716 0.19455
vn -0.21467 -0.90623 0.36423
vn 0.41796 -0.68201 -0.60014
vn -0.2369 -0.7241 -0.64773
vn 0.94212 0.29987 0.14997
vn 0.73755 0.32919 -0.58963
vn 0.92151 0.3432 -0.18175
vn 0.70234 -0.67808 -0.21661
vn -0.88613 -0.26155 0.38258
vn -0.69258 0.70873 0.13428
vn 0.79299 -0.56692 -0.22308
vn -0.72946 -0.42067 0.53937
vn 0.70168 -0.68588 -0.1929
vn 0.83591 0.33233 -0.43683
vn 0.87886 0.11045 -0.46412
vn 0.43275 0.81105 -0.39361
vn 0.56779 0.60257 -0.56082
vn 0.80982 0.25401 -0.52883
vn 0.79702 -0.58894 0.13385
vn 0.09535 -0.96713 0.23573
vn 0.84651 0.28823 -0.4476
vn 0.38461 0.77868 -0.49572
vn 0.89516 0.04953 -0.44298
vn 0.34828 -0.90753 0.2347
vn 0.92437 0.35882 -0.12956
vn 0.74286 0.29508 -0.6009
vn 0.98047 0.19593 0.01706
vn 0.69311 -0.67301 -0.25818
vn -0.85923 -0.48781 0.15419
vn -0.29821 0.88602 0.35502
vn 0.67051 -0.69519 -0.25909
vn -0.2036 -0.83712 0.50772
vn -0.73884 -0.42042 0.52665
vn 0.89499 0.11885 -0.42996
vn 0.88764 -0.00961 -0.46045
vn 0.6733 0.598 -0.43481
vn 0.63274 0.50884 -0.58372
vn 0.51031 0.63056 -0.5848
vn 0.82323 -0.5652 -0.05329
vn 0.16216 -0.9867 -0.01102
vn 0.94954 0.07882 -0.30358
vn 0.87447 -0.48507 0.0001
vn -0.80333 -0.23927 0.54536
vn -0.75938 -0.30405 0.57524
vn -0.79434 -0.25068 0.55334
vn 0.68308 0.43856 -0.58401
vn 0.86903 -0.12816 -0.47787
vn 0.69685 0.39949 -0.59565
vn 0.89594 -0.08507 -0.43595
vn 0.70546 -0.68044 -0.19833
vn 0.88254 -0.11947 -0.45481
vn 0.90346 -0.03642 -0.42712
vn 0.70765 -0.68091 -0.18867
vn -0.76492 -0.32165 0.55806
vn -0.1899 -0.774 -0.60404
vt 0 0
usemtl mat3
f 554/2/554 555/2/555 556/2/556
f 557/2/557 558/2/558 559/2/559
f 560/2/560 561/2/561 555/2/555
f 562/2/562 563/2/563 558/2/558
f 564/2/564 565/2/565 566/2/566
f 567/2/567 568/2/568 569/2/569
f 570/2/570 556/2/556 571/2/571
f 572/2/572 559/2/559 573/2/573
f 564/2/564 571/2/571 570/2/570
f 567/2/567 573/2/573 572/2/572
f 574/2/574 561/2/561 575/2/575
f 576/2/576 563/2/563 577/2/577
f 578/2/578 579/2/579 580/2/580
f 581/2/581 582/2/582 583/2/583
f 584/2/584 585/2/585 586/2/586
f 587/2/587 588/2/588 589/2/589
f 590/2/590 591/2/591 578/2/578
f 586/2/586 592/2/592 581/2/581
f 583/2/583 587/2/587 589/2/589
f 585/2/585 593/2/593 588/2/588
f 580/2/580 594/2/594 595/2/595
f 596/2/596 597/2/597 598/2/598
f 599/2/599 596/2/596 590/2/590
f 594/2/594 598/2/598 595/2/595
f 572/2/572 578/2/578 557/2/557
f 563/2/563 579/2/579 558/2/558
f 577/2/577 598/2/598 576/2/576
f 581/2/581 560/2/560 554/2/554
f 591/2/591 573/2/573 559/2/559
f 585/2/585 574/2/574 564/2/564
f 568/2/568 594/2/594 563/2/563
f 582/2/582 556/2/556 555/2/555
f 570/2/570 585/2/585 564/2/564
f 565/2/565 600/2/600 566/2/566
f 578/2/578 562/2/562 557/2/557
f 566/2/566 584/2/584 571/2/571
f 596/2/596 576/2/576 567/2/567
f 558/2/558 591/2/591 559/2/559
f 590/2/590 567/2/567 572/2/572
f 597/2/597 569/2/569 568/2/568
f 583/2/583 575/2/575 560/2/560
f 569/2/569 599/2/599 573/2/573
f 570/2/570 581/2/581 554/2/554
f 561/2/561 582/2/582 555/2/555
f 575/2/575 588/2/588 574/2/574
f 592/2/592 571/2/571 556/2/556
f 580/2/580 577/2/577 562/2/562
f 565/2/565 587/2/587 561/2/561
f 601/2/601 602/2/602 603/2/603
f 604/2/604 605/2/605 606/2/606
f 604/2/604 601/2/601 606/2/606
f 607/2/607 608/2/608 609/2/609
f 609/2/609 610/2/610 611/2/611
f 611/2/611 612/2/612 613/2/613
f 614/2/614 612/2/612 610/2/610
f 615/2/615 616/2/616 607/2/607
f 607/2/607 614/2/614 610/2/610
f 614/2/614 617/2/617 618/2/618
f 615/2/615 619/2/619 620/2/620
f 615/2/615 617/2/617 614/2/614
f 621/2/621 622/2/622 623/2/623
f 624/2/624 625/2/625 626/2/626
f 624/2/624 621/2/621 626/2/626
f 627/2/627 628/2/628 629/2/629
f 627/2/627 630/2/630 631/2/631
f 631/2/631 632/2/632 633/2/633
f 630/2/630 634/2/634 632/2/632
f 635/2/635 636/2/636 628/2/628
f 635/2/635 637/2/637 630/2/630
f 637/2/637 617/2/617 634/2/634
f 638/2/638 619/2/619 636/2/636
f 638/2/638 617/2/617 637/2/637
f 639/2/639 640/2/640 641/2/641
f 628/2/628 620/2/620 616/2/616
f 620/2/620 636/2/636 619/2/619
f 617/2/617 634/2/634 618/2/618
f 618/2/618 632/2/632 612/2/612
f 642/2/642 622/2/622 602/2/602
f 622/2/622 603/2/603 602/2/602
f 601/2/601 623/2/623 621/2/621
f 606/2/606 621/2/621 626/2/626
f 606/2/606 625/2/625 626/2/626
f 641/2/641 605/2/605 639/2/639
f 612/2/612 633/2/633 613/2/613
f 643/2/643 644/2/644 622/2/622
f 645/2/645 633/2/633 644/2/644
f 624/2/624 645/2/645 643/2/643
f 646/2/646 631/2/631 645/2/645
f 646/2/646 641/2/641 624/2/624
f 646/2/646 629/2/629 640/2/640
f 647/2/647 642/2/642 602/2/602
f 648/2/648 613/2/613 642/2/642
f 604/2/604 648/2/648 647/2/647
f 649/2/649 611/2/611 648/2/648
f 649/2/649 639/2/639 604/2/604
f 609/2/609 650/2/650 649/2/649
f 613/2/613 644/2/644 642/2/642
f 629/2/629 650/2/650 608/2/608
f 608/2/608 628/2/628 629/2/629
f 554/2/554 560/2/560 555/2/555
f 557/2/557 562/2/562 558/2/558
f 560/2/560 575/2/575 561/2/561
f 562/2/562 577/2/577 563/2/563
f 564/2/564 574/2/574 565/2/565
f 567/2/567 576/2/576 568/2/568
f 570/2/570 554/2/554 556/2/556
f 572/2/572 557/2/557 559/2/559
f 564/2/564 566/2/566 571/2/571
f 567/2/567 569/2/569 573/2/573
f 574/2/574 565/2/565 561/2/561
f 576/2/576 568/2/568 563/2/563
f 578/2/578 591/2/591 579/2/579
f 581/2/581 592/2/592 582/2/582
f 584/2/584 600/2/600 585/2/585
f 587/2/587 593/2/593 588/2/588
f 590/2/590 599/2/599 591/2/591
f 586/2/586 584/2/584 592/2/592
f 583/2/583 582/2/582 587/2/587
f 585/2/585 600/2/600 593/2/593
f 580/2/580 579/2/579 594/2/594
f 596/2/596 651/2/651 597/2/597
f 599/2/599 651/2/651 596/2/596
f 594/2/594 597/2/597 598/2/598
f 572/2/572 590/2/590 578/2/578
f 563/2/563 594/2/594 579/2/579
f 577/2/577 595/2/595 598/2/598
f 581/2/581 583/2/583 560/2/560
f 591/2/591 599/2/599 573/2/573
f 585/2/585 588/2/588 574/2/574
f 568/2/568 597/2/597 594/2/594
f 582/2/582 592/2/592 556/2/556
f 570/2/570 586/2/586 585/2/585
f 565/2/565 593/2/593 600/2/600
f 578/2/578 580/2/580 562/2/562
f 566/2/566 600/2/600 584/2/584
f 596/2/596 598/2/598 576/2/576
f 558/2/558 579/2/579 591/2/591
f 590/2/590 596/2/596 567/2/567
f 597/2/597 651/2/651 569/2/569
f 583/2/583 589/2/589 575/2/575
f 569/2/569 651/2/651 599/2/599
f 570/2/570 586/2/586 581/2/581
f 561/2/561 587/2/587 582/2/582
f 575/2/575 589/2/589 588/2/588
f 592/2/592 584/2/584 571/2/571
f 580/2/580 595/2/595 577/2/577
f 565/2/565 593/2/593 587/2/587
f 601/2/601 647/2/647 602/2/602
f 604/2/604 639/2/639 605/2/605
f 604/2/604 647/2/647 601/2/601
f 607/2/607 616/2/616 608/2/608
f 609/2/609 607/2/607 610/2/610
f 611/2/611 610/2/610 612/2/612
f 614/2/614 618/2/618 612/2/612
f 615/2/615 620/2/620 616/2/616
f 607/2/607 615/2/615 614/2/614
f 615/2/615 619/2/619 617/2/617
f 621/2/621 643/2/643 622/2/622
f 624/2/624 641/2/641 625/2/625
f 624/2/624 643/2/643 621/2/621
f 627/2/627 635/2/635 628/2/628
f 627/2/627 635/2/635 630/2/630
f 631/2/631 630/2/630 632/2/632
f 630/2/630 637/2/637 634/2/634
f 635/2/635 638/2/638 636/2/636
f 635/2/635 638/2/638 637/2/637
f 638/2/638 619/2/619 617/2/617
f 639/2/639 650/2/650 640/2/640
f 628/2/628 636/2/636 620/2/620
f 618/2/618 634/2/634 632/2/632
f 642/2/642 644/2/644 622/2/622
f 622/2/622 623/2/623 603/2/603
f 601/2/601 603/2/603 623/2/623
f 606/2/606 601/2/601 621/2/621
f 606/2/606 605/2/605 625/2/625
f 641/2/641 625/2/625 605/2/605
f 612/2/612 632/2/632 633/2/633
f 643/2/643 645/2/645 644/2/644
f 645/2/645 631/2/631 633/2/633
f 624/2/624 646/2/646 645/2/645
f 646/2/646 627/2/627 631/2/631
f 646/2/646 640/2/640 641/2/641
f 646/2/646 627/2/627 629/2/629
f 647/2/647 648/2/648 642/2/642
f 648/2/648 611/2/611 613/2/613
f 604/2/604 649/2/649 648/2/648
f 649/2/649 609/2/609 611/2/611
f 649/2/649 650/2/650 639/2/639
f 609/2/609 608/2/608 650/2/650
f 613/2/613 633/2/633 644/2/644
f 629/2/629 640/2/640 650/2/650
f 608/2/608 616/2/616 628/2/628
# Vertices: 98, normals: 98, texture coordinates: 1, faces: 192

o obj3
v 0.78131241 -0.03958096 2.18752861
v 0.78834414 -0.00233808 2.10513711
v 0.74982166 0.0232169 2.1710813
v 0.83989125 -0.07618488 2.05745387
v 0.86114419 -0.05130177 1.98013496
v 0.82262176 -0.02574679 2.04607868
v 0.72476733 0.01933669 2.07132506
v 0.67951113 0.04839322 2.13499999
v 0.81103468 -0.0366301 1.95086074
v 0.7657786 -0.00757357 2.01453567
v 0.70804262 -0.12513629 2.13892674
v 0.67871726 -0.08017829 2.04369617
v 0.62851387 -0.06333998 2.09926033
v 0.77756071 -0.15068896 2.02728677
v 0.77487886 -0.11170866 1.93945312
v 0.7246756 -0.09487034 1.99501729
v 0.76381314 -0.10872616 2.17592716
v 0.81272429 -0.05895605 2.1190486
v 0.82153201 -0.13310365 2.05195713
v 0.87130314 -0.09555997 1.98897398
v 0.79479504 -0.12198804 2.11049962
v 0.85251385 -0.14636554 1.98652935
v 0.84315568 -0.0744628 2.06398749
v 0.86684781 -0.04672386 1.97779477
v 0.87817276 -0.09606159 1.98764813
v 0.78629017 -0.03792339 2.19530678
v 0.79412895 0.00359388 2.10345936
v 0.82130724 -0.05952216 2.11896706
v 0.70461118 -0.13329794 2.14112639
v 0.80132025 -0.12978834 2.10943723
v 0.76678252 -0.11500439 2.182374
v 0.615955 -0.06440923 2.09690785
v 0.72325546 0.02775627 2.06576681
v 0.67280513 0.06014763 2.13674927
v 0.82268935 -0.13791417 2.0578599
v 0.85722697 -0.15269811 1.98492312
v 0.75118524 0.03208181 2.1769712
v 0.67192012 -0.08318008 2.03496647
v 0.74572563 -0.14873691 2.07506251
v 0.82390416 -0.01823592 2.05130672
v 0.81098723 -0.03036831 1.94516063
v 0.77367139 -0.15751773 2.03035808
v 0.77068186 -0.11406367 1.93244398
v 0.81478584 -0.17295671 1.96429396
v 0.71471667 -0.09529281 1.99438512
v 0.76053709 0.00202304 2.01614356
v 0.74492407 -0.13898575 2.07966399
v 0.81444222 -0.16453844 1.96802413
v 0.70968115 -0.0017944 2.31377411
v 0.71275377 0.0431597 2.23062277
v 0.74924755 -0.02205217 2.24856997
v 0.61901218 -0.09667486 2.27418256
v 0.73311025 -0.09320179 2.23471642
v 0.65717638 -0.05180503 2.3576827
v 0.79880166 -0.1478118 2.00915575
v 0.8795622 -0.15589102 1.92543781
v 0.83074486 -0.13499461 2.0285306
v 0.8977322 -0.11363865 1.92486334
v 0.84823728 -0.08310983 2.03276539
v 0.91305274 -0.08028421 1.9196521
v 0.92690754 -0.13255645 1.84821272
v 0.85475177 -0.15828684 1.91377127
v 0.90962571 -0.17839022 1.85179102
v 0.93881935 -0.08948726 1.84796774
v 0.974967 -0.15772825 1.78415132
v 0.89559114 -0.20973851 1.84336531
v 0.94753265 -0.21963544 1.78432608
v 0.71967453 -0.00750937 2.3264761
v 0.72097725 0.04639686 2.23559642
v 0.76388055 -0.02823962 2.25975108
v 0.62125444 -0.10629258 2.28777361
v 0.74585098 -0.10104871 2.24557447
v 0.66101313 -0.05868642 2.3714087
v 0.85493428 -0.14381628 2.03457975
v 0.85416806 -0.17100146 1.92335069
v 0.90947592 -0.16520007 1.92908251
v 0.92977655 -0.12196223 1.92849457
v 0.87447786 -0.09072136 2.03891349
v 0.92655659 -0.0823478 1.92239678
v 0.95314288 -0.09229679 1.8490485
v 0.9623729 -0.14132126 1.85005617
v 0.90949112 -0.2298875 1.83986557
v 0.94306469 -0.18822405 1.85371792
v 0.7385301 -0.14411813 2.11032581
v 0.67480707 -0.11246563 2.19390726
v 0.68071115 -0.12076185 2.20381355
v 0.77952009 0.00143982 2.126966
v 0.78950369 0.00255684 2.1311965
v 0.68760777 0.0538156 2.26822424
v 0.69321752 0.05726566 2.27411151
v 0.85803014 -0.04128318 2.02679658
v 0.81917924 -0.05948049 2.14933228
v 0.80039263 -0.12243249 2.14007711
v 0.80038047 -0.16340621 2.01884413
v 0.79874241 -0.052581 2.14066768
v 0.84628642 -0.04028007 2.02330899
v 0.78192759 -0.1140982 2.13162351
v 0.73478866 -0.13217281 2.10052872
vn 0.97969 0.11185 -0.1664
vn 0.30406 0.6553 0.69147
vn 0.72175 0.57419 -0.3865
vn 0.9986 -0.00442 -0.05272
vn 0.37631 0.65018 0.66005
vn 0.76787 0.53232 -0.35639
vn -0.52871 0.79203 0.30521
vn 0.22078 0.54994 -0.8055
vn -0.52001 0.8353 0.1785
vn 0.16593 0.54237 -0.82359
vn -0.13622 0.82073 0.55483
vn -0.06342 0.97823 -0.19761
vn -0.15949 0.96555 -0.20559
vn -0.10135 0.84402 0.52665
vn -0.03509 0.97148 -0.23451
vn -0.09981 0.97039 -0.21996
vn 0.74616 0.57449 0.33646
vn 0.48704 0.05887 0.87139
vn 0.77969 0.56328 0.2735
vn 0.57641 0.01029 0.81709
vn 0.65453 0.68474 0.3205
vn 0.71029 0.6222 0.32919
vn -0.16662 -0.07304 -0.98331
vn -0.78405 -0.31071 0.53734
vn -0.85745 0.12734 0.49856
vn -0.23006 -0.10858 -0.9671
vn -0.73827 -0.38094 0.55663
vn -0.91047 0.00873 0.41349
vn -0.5112 -0.6093 0.60616
vn -0.48165 -0.82508 -0.2954
vn -0.8772 -0.4095 -0.25067
vn 0.25974 -0.89294 0.36769
vn -0.19492 -0.54169 0.81766
vn 0.53291 -0.76688 -0.35764
vn -0.93588 -0.35188 -0.01729
vn -0.41796 -0.68201 -0.60014
vn -0.0618 -0.59317 -0.8027
vn -0.11313 -0.96554 0.23439
vn 0.2369 -0.7241 -0.64773
vn -0.07546 -0.59634 -0.79918
vn -0.2066 -0.45287 0.86731
vn -0.53372 -0.57048 0.62426
vn -0.08552 -0.97716 0.19455
vn 0.1899 -0.774 -0.60404
vn 0.21467 -0.90623 0.36423
vn 0.54426 -0.76887 -0.33557
vn 0.46619 0.70074 -0.54003
vn 0.48521 0.67063 -0.56109
vn -0.94212 0.29987 0.14997
vn -0.73755 0.32919 -0.58963
vn -0.88254 -0.11947 -0.45481
vn 0.88613 -0.26155 0.38258
vn -0.70234 -0.67808 -0.21661
vn 0.69258 0.70873 0.13428
vn 0.72946 -0.42067 0.53937
vn -0.79299 -0.56692 -0.22308
vn -0.70168 -0.68588 -0.1929
vn -0.83591 0.33233 -0.43683
vn -0.87886 0.11045 -0.46412
vn -0.43275 0.81105 -0.39361
vn -0.80982 0.25401 -0.52883
vn -0.09535 -0.96713 0.23573
vn -0.79702 -0.58894 0.13385
vn -0.38461 0.77868 -0.49572
vn -0.84651 0.28823 -0.4476
vn -0.34828 -0.90753 0.2347
vn -0.89516 0.04953 -0.44298
vn -0.92437 0.35882 -0.12956
vn -0.74286 0.29508 -0.6009
vn -0.86903 -0.12816 -0.47787
vn 0.85923 -0.48781 0.15419
vn -0.69311 -0.67301 -0.25818
vn 0.29822 0.88602 0.35502
vn -0.67051 -0.69519 -0.25909
vn 0.2036 -0.83712 0.50772
vn -0.82323 -0.5652 -0.05329
vn -0.89499 0.11885 -0.42996
vn -0.88764 -0.00961 -0.46045
vn -0.6733 0.598 -0.43481
vn -0.51031 0.63056 -0.5848
vn -0.94954 0.07882 -0.30358
vn -0.16216 -0.9867 -0.01102
vn -0.87447 -0.48507 0.0001
vn 0.75938 -0.30405 0.57524
vn 0.80333 -0.23927 0.54536
vn 0.79434 -0.25068 0.55334
vn -0.68308 0.43856 -0.58401
vn -0.69685 0.39949 -0.59565
vn -0.92151 0.3432 -0.18175
vn -0.98047 0.19593 0.01706
vn -0.63274 0.50884 -0.58372
vn -0.89594 -0.08507 -0.43595
vn -0.70546 -0.68044 -0.19833
vn 0.73884 -0.42042 0.52665
vn -0.90346 -0.03642 -0.42712
vn -0.56779 0.60257 -0.56082
vn -0.70765 -0.68091 -0.18867
vn 0.76492 -0.32165 0.55806
vt 0 0
usemtl mat3
f 652/3/652 653/3/653 654/3/654
f 655/3/655 656/3/656 657/3/657
f 654/3/654 658/3/658 659/3/659
f 657/3/657 660/3/660 661/3/661
f 662/3/662 663/3/663 664/3/664
f 665/3/665 666/3/666 667/3/667
f 668/3/668 669/3/669 652/3/652
f 670/3/670 671/3/671 655/3/655
f 672/3/672 662/3/662 668/3/668
f 673/3/673 665/3/665 670/3/670
f 658/3/658 664/3/664 659/3/659
f 660/3/660 667/3/667 661/3/661
f 674/3/674 675/3/675 676/3/676
f 677/3/677 678/3/678 679/3/679
f 680/3/680 681/3/681 682/3/682
f 683/3/683 684/3/684 685/3/685
f 686/3/686 676/3/676 687/3/687
f 682/3/682 679/3/679 681/3/681
f 688/3/688 684/3/684 678/3/678
f 680/3/680 689/3/689 690/3/690
f 691/3/691 692/3/692 675/3/675
f 693/3/693 694/3/694 695/3/695
f 693/3/693 687/3/687 686/3/686
f 696/3/696 692/3/692 697/3/697
f 670/3/670 674/3/674 686/3/686
f 660/3/660 675/3/675 692/3/692
f 661/3/661 696/3/696 697/3/697
f 654/3/654 677/3/677 652/3/652
f 673/3/673 676/3/676 671/3/671
f 664/3/664 680/3/680 662/3/662
f 666/3/666 692/3/692 694/3/694
f 669/3/669 678/3/678 653/3/653
f 668/3/668 680/3/680 682/3/682
f 663/3/663 690/3/690 689/3/689
f 657/3/657 674/3/674 655/3/655
f 698/3/698 681/3/681 690/3/690
f 667/3/667 693/3/693 665/3/665
f 656/3/656 676/3/676 675/3/675
f 665/3/665 686/3/686 670/3/670
f 699/3/699 694/3/694 666/3/666
f 659/3/659 688/3/688 654/3/654
f 699/3/699 687/3/687 695/3/695
f 668/3/668 677/3/677 682/3/682
f 658/3/658 678/3/678 684/3/684
f 659/3/659 683/3/683 685/3/685
f 672/3/672 679/3/679 669/3/669
f 661/3/661 691/3/691 657/3/657
f 663/3/663 684/3/684 689/3/689
f 700/3/700 701/3/701 702/3/702
f 703/3/703 704/3/704 705/3/705
f 700/3/700 704/3/704 705/3/705
f 706/3/706 707/3/707 708/3/708
f 708/3/708 709/3/709 707/3/707
f 710/3/710 711/3/711 709/3/709
f 711/3/711 712/3/712 709/3/709
f 713/3/713 714/3/714 707/3/707
f 707/3/707 712/3/712 714/3/714
f 712/3/712 715/3/715 716/3/716
f 714/3/714 717/3/717 718/3/718
f 714/3/714 716/3/716 718/3/718
f 719/3/719 720/3/720 721/3/721
f 722/3/722 723/3/723 724/3/724
f 719/3/719 723/3/723 724/3/724
f 725/3/725 726/3/726 727/3/727
f 725/3/725 728/3/728 727/3/727
f 729/3/729 730/3/730 728/3/728
f 728/3/728 731/3/731 732/3/732
f 727/3/727 733/3/733 734/3/734
f 727/3/727 732/3/732 734/3/734
f 732/3/732 731/3/731 716/3/716
f 734/3/734 733/3/733 718/3/718
f 734/3/734 716/3/716 718/3/718
f 735/3/735 736/3/736 737/3/737
f 717/3/717 726/3/726 713/3/713
f 717/3/717 718/3/718 733/3/733
f 716/3/716 715/3/715 731/3/731
f 715/3/715 730/3/730 731/3/731
f 738/3/738 720/3/720 739/3/739
f 740/3/740 720/3/720 701/3/701
f 700/3/700 741/3/741 740/3/740
f 705/3/705 719/3/719 700/3/700
f 705/3/705 722/3/722 703/3/703
f 703/3/703 737/3/737 736/3/736
f 711/3/711 742/3/742 730/3/730
f 721/3/721 739/3/739 743/3/743
f 743/3/743 742/3/742 729/3/729
f 723/3/723 743/3/743 744/3/744
f 744/3/744 729/3/729 725/3/725
f 737/3/737 744/3/744 723/3/723
f 744/3/744 745/3/745 725/3/725
f 702/3/702 738/3/738 746/3/746
f 746/3/746 747/3/747 710/3/710
f 704/3/704 746/3/746 748/3/748
f 748/3/748 710/3/710 708/3/708
f 736/3/736 748/3/748 704/3/704
f 749/3/749 708/3/708 748/3/748
f 739/3/739 747/3/747 738/3/738
f 745/3/745 749/3/749 735/3/735
f 726/3/726 706/3/706 745/3/745
f 652/3/652 669/3/669 653/3/653
f 655/3/655 671/3/671 656/3/656
f 654/3/654 653/3/653 658/3/658
f 657/3/657 656/3/656 660/3/660
f 662/3/662 698/3/698 663/3/663
f 665/3/665 699/3/699 666/3/666
f 668/3/668 672/3/672 669/3/669
f 670/3/670 673/3/673 671/3/671
f 672/3/672 698/3/698 662/3/662
f 673/3/673 699/3/699 665/3/665
f 658/3/658 663/3/663 664/3/664
f 660/3/660 666/3/666 667/3/667
f 674/3/674 691/3/691 675/3/675
f 677/3/677 688/3/688 678/3/678
f 680/3/680 690/3/690 681/3/681
f 683/3/683 689/3/689 684/3/684
f 686/3/686 674/3/674 676/3/676
f 682/3/682 677/3/677 679/3/679
f 688/3/688 685/3/685 684/3/684
f 680/3/680 683/3/683 689/3/689
f 691/3/691 697/3/697 692/3/692
f 693/3/693 696/3/696 694/3/694
f 693/3/693 695/3/695 687/3/687
f 696/3/696 694/3/694 692/3/692
f 670/3/670 655/3/655 674/3/674
f 660/3/660 656/3/656 675/3/675
f 661/3/661 667/3/667 696/3/696
f 654/3/654 688/3/688 677/3/677
f 673/3/673 687/3/687 676/3/676
f 664/3/664 683/3/683 680/3/680
f 666/3/666 660/3/660 692/3/692
f 669/3/669 679/3/679 678/3/678
f 668/3/668 662/3/662 680/3/680
f 663/3/663 698/3/698 690/3/690
f 657/3/657 691/3/691 674/3/674
f 698/3/698 672/3/672 681/3/681
f 667/3/667 696/3/696 693/3/693
f 656/3/656 671/3/671 676/3/676
f 665/3/665 693/3/693 686/3/686
f 699/3/699 695/3/695 694/3/694
f 659/3/659 685/3/685 688/3/688
f 699/3/699 673/3/673 687/3/687
f 668/3/668 652/3/652 677/3/677
f 658/3/658 653/3/653 678/3/678
f 659/3/659 664/3/664 683/3/683
f 672/3/672 681/3/681 679/3/679
f 661/3/661 697/3/697 691/3/691
f 663/3/663 658/3/658 684/3/684
f 700/3/700 740/3/740 701/3/701
f 703/3/703 736/3/736 704/3/704
f 700/3/700 702/3/702 704/3/704
f 706/3/706 713/3/713 707/3/707
f 708/3/708 710/3/710 709/3/709
f 710/3/710 747/3/747 711/3/711
f 711/3/711 715/3/715 712/3/712
f 713/3/713 717/3/717 714/3/714
f 707/3/707 709/3/709 712/3/712
f 714/3/714 712/3/712 716/3/716
f 719/3/719 741/3/741 720/3/720
f 722/3/722 737/3/737 723/3/723
f 719/3/719 721/3/721 723/3/723
f 725/3/725 745/3/745 726/3/726
f 725/3/725 729/3/729 728/3/728
f 729/3/729 742/3/742 730/3/730
f 728/3/728 730/3/730 731/3/731
f 727/3/727 726/3/726 733/3/733
f 727/3/727 728/3/728 732/3/732
f 734/3/734 732/3/732 716/3/716
f 735/3/735 749/3/749 736/3/736
f 717/3/717 733/3/733 726/3/726
f 715/3/715 711/3/711 730/3/730
f 738/3/738 701/3/701 720/3/720
f 740/3/740 741/3/741 720/3/720
f 700/3/700 719/3/719 741/3/741
f 705/3/705 724/3/724 719/3/719
f 705/3/705 724/3/724 722/3/722
f 703/3/703 722/3/722 737/3/737
f 711/3/711 747/3/747 742/3/742
f 721/3/721 720/3/720 739/3/739
f 743/3/743 739/3/739 742/3/742
f 723/3/723 721/3/721 743/3/743
f 744/3/744 743/3/743 729/3/729
f 737/3/737 735/3/735 744/3/744
f 744/3/744 735/3/735 745/3/745
f 702/3/702 701/3/701 738/3/738
f 746/3/746 738/3/738 747/3/747
f 704/3/704 702/3/702 746/3/746
f 748/3/748 746/3/746 710/3/710
f 736/3/736 749/3/749 748/3/748
f 749/3/749 706/3/706 708/3/708
f 739/3/739 742/3/742 747/3/747
f 745/3/745 706/3/706 749/3/749
f 726/3/726 713/3/713 706/3/706
# Vertices: 98, normals: 98, texture coordinates: 1, faces: 192

o obj4
v 0.25550422 -0.27611756 2.06778193
v 0.27783662 -0.25010446 2.07080483
v 0.26914939 -0.24230415 2.06797171
v 0 -0.30623659 2.19266391
v 0.2456612 -0.24673711 2.19163561
v 0 0.14521548 2.19163561
v 0.08970618 0.1555825 2.06766558
v 0 0.16733001 2.06778193
v 0.2738992 0.05994876 2.19179535
v 0.28769675 0.0712034 2.06798172
v 0.32010695 -0.06106468 2.19265652
v 0.34110299 -0.06399941 2.06897283
v 0.29138505 0.05317821 2.1757443
v 0.33697397 -0.04122357 2.17776465
v 0.32855162 -0.04450734 2.17647123
v 0.26788586 0.0773913 2.17558098
v 0.11291617 0.15086874 2.17656231
v 0.27138385 0.08573552 2.17681789
v 0.34362283 -0.04659493 2.0888989
v 0.35204518 -0.04331116 2.09019232
v 0.28104216 0.09335353 2.08909893
v 0.27754417 0.08500931 2.08786201
v 0.30940369 0.06432912 2.08931804
v 0.2998074 0.05646198 2.17703772
v 0.35321051 -0.0641266 2.07097745
v 0.29648447 0.07974003 2.0698452
v 0 -0.31696939 2.1955421
v 0.08970618 0.13585687 2.19163561
v 0 0.15640958 2.19352555
v 0.09264758 0.14687791 2.19338465
v 0 -0.35163507 2.07143593
v 0.26341707 -0.28568336 2.07077193
v 0.09256846 0.16662295 2.06942344
v 0 0.17852411 2.06967187
v 0.28997952 -0.22014305 2.07083273
v 0.28265172 0.06852154 2.19365835
v 0.33221573 -0.0610689 2.1946578
v 0.25721684 -0.21791662 2.19179392
v 0.26634663 -0.22532302 2.19457316
v 0.26245552 -0.24300081 2.17657137
v 0.2540977 -0.25586754 2.19455743
v 0.34338552 -0.08062984 2.08896446
v 0.32838869 -0.07841745 2.17664599
v 0.26895377 -0.2640973 2.08878279
v 0.23775171 -0.26462367 2.17700219
v 0.0177055 -0.3173826 2.17781544
v 0.24433643 -0.28562468 2.08844018
v 0.0177817 -0.34250876 2.0890522
v 0.01813784 0.17338334 2.08764625
v 0.0745375 0.15200602 2.1754663
v 0.0744426 0.16568784 2.08741903
v 0.01809907 0.15735692 2.17547607
v 0.10949843 0.15683968 2.08754325
v 0.10941817 0.14252453 2.17532539
v 0.30098134 0.06104535 2.08802462
v 0.27081358 -0.2463726 2.17804313
v 0.28884465 -0.23904175 2.09028268
v 0.27731183 -0.26746908 2.09025455
v 0.01981888 -0.32596081 2.18012619
v 0.2464498 -0.29420289 2.09075093
v 0.01989508 -0.35108697 2.09136295
v 0.07548098 0.17463386 2.08892989
v 0.01913746 0.16630293 2.17698693
v 0.01917623 0.18232936 2.0891571
v 0.11299644 0.1651839 2.08878016
v 0.28077096 -0.22151686 2.17805433
v 0.23986508 -0.27320188 2.17931294
v 0.33674675 -0.08178924 2.17811775
v 0.29970786 -0.2122649 2.09030914
v 0.35174358 -0.08400163 2.09043622
v 0.07557589 0.16095203 2.17697716
v 0.29088521 -0.19626956 2.17806578
v 0.28047439 -0.23570001 2.08881092
v 0.28253102 -0.19288804 2.17659402
v 0.26804286 -0.19091581 2.19194245
v 0.27747247 -0.19757919 2.19458747
v 0.29136077 -0.20886607 2.08883739
v 0.27240857 -0.21815586 2.17658257
v 0.2959944 -0.21816236 2.09801149
v 0.28443623 -0.21573836 2.17035317
v 0.28871146 -0.20497249 2.17035246
v 0.28091651 -0.21314462 2.0681355
v 0.30492035 -0.20192967 2.18049765
v 0.29480609 -0.22717698 2.1804862
v 0.30274659 -0.21063261 2.17278433
v 0.30511725 -0.23584168 2.10042596
v 0.29847136 -0.22139847 2.17278504
v 0.313743 -0.21792501 2.09274101
v 0.31002954 -0.22382247 2.10044336
v 0.30287978 -0.24470186 2.09271455
v 0.29108211 -0.23018156 2.09799409
v -0.27783662 -0.25010446 2.07080483
v -0.25550422 -0.27611756 2.06778193
v -0.26914939 -0.24230415 2.06797171
v 0 -0.34090227 2.06855774
v -0.08970618 0.1555825 2.06766558
v -0.2738992 0.05994876 2.19179535
v -0.08970618 0.13585687 2.19163561
v -0.28769675 0.0712034 2.06798172
v -0.32010695 -0.06106468 2.19265652
v -0.33697397 -0.04122357 2.17776465
v -0.29138505 0.05317821 2.1757443
v -0.32855162 -0.04450734 2.17647123
v -0.26788586 0.0773913 2.17558098
v -0.11291617 0.15086874 2.17656231
v -0.10941817 0.14252453 2.17532539
v -0.34362283 -0.04659493 2.0888989
v -0.28104216 0.09335353 2.08909893
v -0.27754417 0.08500931 2.08786201
v -0.30940369 0.06432912 2.08931804
v -0.30098134 0.06104535 2.08802462
v -0.35321051 -0.0641266 2.07097745
v -0.34110299 -0.06399941 2.06897283
v -0.2456612 -0.24673711 2.19163561
v -0.09256846 0.16662295 2.06942344
v -0.28997952 -0.22014305 2.07083273
v -0.28091651 -0.21314462 2.0681355
v -0.09264758 0.14687791 2.19338465
v -0.33221573 -0.0610689 2.1946578
v -0.26245552 -0.24300081 2.17657137
v -0.26634663 -0.22532302 2.19457316
v -0.2540977 -0.25586754 2.19455743
v -0.34338552 -0.08062984 2.08896446
v -0.26895377 -0.2640973 2.08878279
v -0.26341707 -0.28568336 2.07077193
v -0.23775171 -0.26462367 2.17700219
v -0.24433643 -0.28562468 2.08844018
v -0.0177817 -0.34250876 2.0890522
v -0.01813784 0.17338334 2.08764625
v -0.0745375 0.15200602 2.1754663
v -0.29648447 0.07974003 2.0698452
v -0.28265172 0.06852154 2.19365835
v -0.10949843 0.15683968 2.08754325
v -0.27081358 -0.2463726 2.17804313
v -0.28884465 -0.23904175 2.09028268
v -0.28077096 -0.22151686 2.17805433
v -0.01981888 -0.32596081 2.18012619
v -0.2464498 -0.29420289 2.09075093
v -0.23986508 -0.27320188 2.17931294
v -0.01913746 0.16630293 2.17698693
v -0.07548098 0.17463386 2.08892989
v -0.01917623 0.18232936 2.0891571
v -0.11299644 0.1651839 2.08878016
v -0.27138385 0.08573552 2.17681789
v -0.35204518 -0.04331116 2.09019232
v -0.0177055 -0.3173826 2.17781544
v -0.27240857 -0.21815586 2.17658257
v -0.27731183 -0.26746908 2.09025455
v -0.01809907 0.15735692 2.17547607
v -0.0744426 0.16568784 2.08741903
v -0.33674675 -0.08178924 2.17811775
v -0.32838869 -0.07841745 2.17664599
v -0.29970786 -0.2122649 2.09030914
v -0.29136077 -0.20886607 2.08883739
v -0.29088521 -0.19626956 2.17806578
v -0.35174358 -0.08400163 2.09043622
v -0.28047439 -0.23570001 2.08881092
v -0.28253102 -0.19288804 2.17659402
v -0.26804286 -0.19091581 2.19194245
v -0.27747247 -0.19757919 2.19458747
v -0.25721684 -0.21791662 2.19179392
v -0.28443623 -0.21573836 2.17035317
v -0.2959944 -0.21816236 2.09801149
v -0.28871146 -0.20497249 2.17035246
v -0.30492035 -0.20192967 2.18049765
v -0.30274659 -0.21063261 2.17278433
v -0.30511725 -0.23584168 2.10042596
v -0.29108211 -0.23018156 2.09799409
v -0.313743 -0.21792501 2.09274101
v -0.30287978 -0.24470186 2.09271455
v -0.29480609 -0.22717698 2.1804862
v -0.2998074 0.05646198 2.17703772
v -0.01989508 -0.35108697 2.09136295
v -0.07557589 0.16095203 2.17697716
v -0.29847136 -0.22139847 2.17278504
v -0.31002954 -0.22382247 2.10044336
vn 0.20881 -0.26397 0.94166
vn -0.77797 0.31324 0.54465
vn 0.50619 -0.20705 0.8372
vn 0 -0.83392 -0.55189
vn 0.50866 -0.56836 -0.64671
vn 0 0.79731 -0.60357
vn 0.13596 0.52987 0.83711
vn 0 0.53479 0.84498
vn 0.51741 0.49765 -0.69615
vn 0.32379 0.3177 0.89119
vn 0.73709 -0.00398 -0.67579
vn 0.44529 -0.00143 0.89538
vn -0.67455 -0.59319 -0.43945
vn -0.65437 0.33408 -0.67837
vn -0.89173 -0.0278 -0.45171
vn -0.6098 -0.65902 -0.44027
vn 0.32828 -0.66649 -0.66935
vn -0.70499 -0.24501 -0.66556
vn -0.9879 -0.06103 0.14255
vn -0.82458 0.32538 0.46281
vn -0.80158 -0.35644 0.48001
vn -0.63777 -0.75447 0.155
vn -0.38925 -0.78481 0.48223
vn -0.25799 -0.70526 -0.66034
vn -0.85843 0.01024 0.51282
vn -0.6127 -0.59208 0.52349
vn 0 0.5682 -0.82289
vn 0.19321 0.75729 -0.62384
vn 0 -0.60823 -0.79376
vn -0.16334 -0.60857 -0.7765
vn -0 0.89039 0.45519
vn -0.56973 0.68843 0.44885
vn -0.20912 -0.79919 0.56353
vn -0 -0.83283 0.55353
vn -0.77467 0.31075 0.55074
vn -0.49126 -0.4849 -0.72356
vn -0.67217 -0.0017 -0.7404
vn 0.77504 -0.30938 -0.55099
vn -0.50902 0.20611 -0.83571
vn -0.63871 0.58412 -0.50085
vn -0.44531 0.47494 -0.75903
vn -0.98777 0.07314 0.13772
vn -0.88907 0.03512 -0.45642
vn -0.77525 0.62538 0.08878
vn -0.49058 0.69801 -0.52165
vn 0.09857 0.83482 -0.54162
vn -0.51662 0.8542 0.05867
vn 0.06685 0.997 0.03911
vn 0.1901 -0.97108 0.14445
vn -0.39708 -0.80289 -0.44463
vn -0.4098 -0.90021 0.14726
vn 0.20327 -0.87123 -0.44682
vn -0.08562 -0.98422 0.15483
vn -0.05327 -0.89507 -0.44274
vn -0.76992 -0.61924 0.15419
vn -0.25448 0.65746 -0.70921
vn -0.3289 0.46433 0.82233
vn -0.35886 0.8299 0.42719
vn 0.44196 0.52843 -0.72487
vn -0.73268 0.54122 0.41262
vn 0.41059 0.82351 0.39146
vn -0.64742 -0.59164 0.48043
vn 0.51569 -0.53201 -0.67159
vn 0.49629 -0.73475 0.46243
vn 0.29871 -0.82726 0.47584
vn 0.00262 0.311 -0.95041
vn -0.65562 0.2703 -0.70505
vn -0.65168 -0.34663 -0.67465
vn -0.49158 -0.11539 0.86316
vn -0.83276 -0.29996 0.46533
vn -0.63008 -0.4154 -0.65608
vn -0.28955 -0.21374 -0.93299
vn -0.75293 0.30476 0.58328
vn -0.54164 0.21735 -0.81202
vn 0.77326 -0.3075 -0.55453
vn -0.5137 0.20923 -0.83207
vn -0.75279 0.30483 0.58343
vn -0.54147 0.2174 -0.81213
vn -0.24337 0.67718 -0.6944
vn -0.82375 -0.2403 0.51351
vn -0.37399 0.81421 0.44407
vn 0.50951 -0.21016 0.83441
vn -0.67335 -0.39362 -0.62582
vn -0.24858 0.67058 -0.69895
vn -0.76991 0.62826 0.11193
vn -0.91584 0.05285 -0.39804
vn -0.97707 0.06624 0.20236
vn -0.82553 -0.24411 0.50883
vn -0.65031 0.59015 -0.47835
vn -0.36774 0.8195 0.43954
vn -0.67675 -0.3966 -0.62026
vn 0.77797 0.31324 0.54465
vn -0.20881 -0.26397 0.94166
vn -0.50619 -0.20705 0.8372
vn 0 -0.40289 0.91525
vn -0.13596 0.52987 0.83711
vn -0.51741 0.49765 -0.69615
vn -0.19321 0.75729 -0.62384
vn -0.32379 0.3177 0.89119
vn -0.73709 -0.00398 -0.67579
vn 0.65437 0.33408 -0.67837
vn 0.67455 -0.59319 -0.43945
vn 0.89173 -0.0278 -0.45171
vn 0.6098 -0.65902 -0.44027
vn -0.32828 -0.66649 -0.66935
vn 0.05327 -0.89507 -0.44274
vn 0.9879 -0.06103 0.14255
vn 0.80158 -0.35644 0.48001
vn 0.63777 -0.75447 0.155
vn 0.38925 -0.78481 0.48223
vn 0.76992 -0.61924 0.15419
vn 0.85843 0.01024 0.51282
vn -0.44529 -0.00143 0.89538
vn -0.50866 -0.56836 -0.64671
vn 0.20912 -0.79919 0.56353
vn 0.77467 0.31075 0.55074
vn -0.50951 -0.21016 0.83441
vn 0.16334 -0.60857 -0.7765
vn 0.67217 -0.0017 -0.7404
vn 0.63871 0.58412 -0.50085
vn 0.50902 0.20611 -0.83571
vn 0.44531 0.47494 -0.75903
vn 0.98777 0.07314 0.13772
vn 0.77525 0.62538 0.08878
vn 0.56973 0.68843 0.44885
vn 0.49058 0.69801 -0.52165
vn 0.51662 0.8542 0.05867
vn -0.06685 0.997 0.03911
vn -0.1901 -0.97108 0.14445
vn 0.39708 -0.80289 -0.44463
vn 0.6127 -0.59208 0.52349
vn 0.49126 -0.4849 -0.72356
vn 0.08562 -0.98422 0.15483
vn 0.25448 0.65746 -0.70921
vn 0.3289 0.46433 0.82233
vn -0.00262 0.311 -0.95041
vn -0.44196 0.52843 -0.72487
vn 0.73268 0.54122 0.41262
vn 0.65562 0.2703 -0.70505
vn -0.51569 -0.53201 -0.67159
vn 0.64742 -0.59164 0.48043
vn -0.49629 -0.73475 0.46243
vn -0.29871 -0.82726 0.47584
vn 0.70499 -0.24501 -0.66556
vn 0.82458 0.32538 0.46281
vn -0.09857 0.83482 -0.54162
vn 0.54147 0.2174 -0.81213
vn 0.35886 0.8299 0.42719
vn -0.20327 -0.87123 -0.44682
vn 0.4098 -0.90021 0.14726
vn 0.65168 -0.34663 -0.67465
vn 0.88907 0.03512 -0.45642
vn 0.49158 -0.11539 0.86316
vn 0.75279 0.30483 0.58343
vn 0.28955 -0.21374 -0.93299
vn 0.83276 -0.29996 0.46533
vn 0.75293 0.30476 0.58328
vn 0.54164 0.21735 -0.81202
vn -0.77326 -0.3075 -0.55453
vn 0.5137 0.20923 -0.83207
vn -0.77504 -0.30938 -0.55099
vn 0.82375 -0.2403 0.51351
vn 0.24337 0.67718 -0.6944
vn 0.37399 0.81421 0.44407
vn 0.67335 -0.39362 -0.62582
vn 0.76991 0.62826 0.11193
vn 0.91584 0.05285 -0.39804
vn 0.67675 -0.3966 -0.62026
vn 0.82553 -0.24411 0.50883
vn 0.36774 0.8195 0.43954
vn 0.24858 0.67058 -0.69895
vn 0.25799 -0.70526 -0.66034
vn -0.41059 0.82351 0.39146
vn 0.63008 -0.4154 -0.65608
vn 0.97707 0.06624 0.20236
vn 0.65031 0.59015 -0.47835
vt 0 0
usemtl mat1
f 750/4/750 751/4/751 752/4/752
f 753/4/753 750/4/750 754/4/754
f 755/4/755 756/4/756 757/4/757
f 756/4/756 758/4/758 759/4/759
f 759/4/759 760/4/760 761/4/761
f 759/4/759 774/4/774 775/4/775
f 754/4/754 776/4/776 753/4/753
f 777/4/777 778/4/778 779/4/779
f 750/4/750 780/4/780 781/4/781
f 757/4/757 782/4/782 783/4/783
f 761/4/761 784/4/784 774/4/774
f 758/4/758 779/4/779 785/4/785
f 759/4/759 782/4/782 756/4/756
f 758/4/758 786/4/786 760/4/760
f 754/4/754 752/4/752 787/4/787
f 788/4/788 789/4/789 790/4/790
f 786/4/786 791/4/791 792/4/792
f 784/4/784 791/4/791 774/4/774
f 790/4/790 793/4/793 781/4/781
f 776/4/776 794/4/794 795/4/795
f 790/4/790 796/4/796 794/4/794
f 781/4/781 797/4/797 796/4/796
f 776/4/776 797/4/797 780/4/780
f 782/4/782 798/4/798 783/4/783
f 782/4/782 799/4/799 800/4/800
f 778/4/778 799/4/799 779/4/779
f 778/4/778 798/4/798 801/4/801
f 782/4/782 771/4/771 802/4/802
f 785/4/785 771/4/771 775/4/775
f 785/4/785 803/4/803 765/4/765
f 779/4/779 802/4/802 803/4/803
f 775/4/775 768/4/768 804/4/804
f 786/4/786 768/4/768 774/4/774
f 786/4/786 762/4/762 764/4/764
f 785/4/785 804/4/804 762/4/762
f 751/4/751 793/4/793 822/4/822
f 824/4/824 761/4/761 760/4/760
f 825/4/825 792/4/792 823/4/823
f 754/4/754 788/4/788 790/4/790
f 822/4/822 784/4/784 751/4/751
f 825/4/825 827/4/827 788/4/788
f 825/4/825 787/4/787 824/4/824
f 752/4/752 784/4/784 831/4/831
f 831/4/831 787/4/787 752/4/752
f 760/4/760 825/4/825 824/4/824
f 841/4/841 842/4/842 843/4/843
f 753/4/753 842/4/842 844/4/844
f 845/4/845 755/4/755 757/4/757
f 845/4/845 846/4/846 847/4/847
f 848/4/848 849/4/849 846/4/846
f 848/4/848 861/4/861 862/4/862
f 776/4/776 863/4/863 753/4/753
f 847/4/847 778/4/778 755/4/755
f 842/4/842 780/4/780 844/4/844
f 757/4/757 864/4/864 845/4/845
f 862/4/862 865/4/865 866/4/866
f 846/4/846 867/4/867 847/4/847
f 864/4/864 848/4/848 845/4/845
f 868/4/868 846/4/846 849/4/849
f 863/4/863 843/4/843 842/4/842
f 869/4/869 870/4/870 871/4/871
f 868/4/868 872/4/872 861/4/861
f 872/4/872 865/4/865 861/4/861
f 873/4/873 871/4/871 874/4/874
f 776/4/776 875/4/875 871/4/871
f 871/4/871 876/4/876 874/4/874
f 874/4/874 877/4/877 780/4/780
f 877/4/877 776/4/776 780/4/780
f 878/4/878 864/4/864 783/4/783
f 864/4/864 879/4/879 867/4/867
f 879/4/879 778/4/778 867/4/867
f 778/4/778 878/4/878 783/4/783
f 864/4/864 858/4/858 880/4/880
f 858/4/858 881/4/881 880/4/880
f 881/4/881 855/4/855 867/4/867
f 867/4/867 882/4/882 864/4/864
f 880/4/880 856/4/856 861/4/861
f 856/4/856 868/4/868 861/4/861
f 868/4/868 851/4/851 881/4/881
f 881/4/881 860/4/860 880/4/880
f 841/4/841 873/4/873 874/4/874
f 908/4/908 862/4/862 866/4/866
f 909/4/909 901/4/901 868/4/868
f 863/4/863 870/4/870 910/4/910
f 865/4/865 906/4/906 841/4/841
f 909/4/909 896/4/896 907/4/907
f 910/4/910 909/4/909 908/4/908
f 843/4/843 865/4/865 841/4/841
f 866/4/866 910/4/910 908/4/908
f 909/4/909 849/4/849 908/4/908
f 750/4/750 781/4/781 751/4/751
f 753/4/753 844/4/844 750/4/750
f 755/4/755 777/4/777 756/4/756
f 756/4/756 777/4/777 758/4/758
f 759/4/759 758/4/758 760/4/760
f 759/4/759 761/4/761 774/4/774
f 754/4/754 790/4/790 776/4/776
f 777/4/777 755/4/755 778/4/778
f 750/4/750 844/4/844 780/4/780
f 757/4/757 756/4/756 782/4/782
f 761/4/761 831/4/831 784/4/784
f 758/4/758 777/4/777 779/4/779
f 759/4/759 775/4/775 782/4/782
f 758/4/758 785/4/785 786/4/786
f 754/4/754 750/4/750 752/4/752
f 788/4/788 827/4/827 789/4/789
f 786/4/786 774/4/774 791/4/791
f 784/4/784 826/4/826 791/4/791
f 790/4/790 789/4/789 793/4/793
f 776/4/776 790/4/790 794/4/794
f 790/4/790 781/4/781 796/4/796
f 781/4/781 780/4/780 797/4/797
f 776/4/776 795/4/795 797/4/797
f 782/4/782 800/4/800 798/4/798
f 782/4/782 779/4/779 799/4/799
f 778/4/778 801/4/801 799/4/799
f 778/4/778 783/4/783 798/4/798
f 782/4/782 775/4/775 771/4/771
f 785/4/785 765/4/765 771/4/771
f 785/4/785 779/4/779 803/4/803
f 779/4/779 782/4/782 802/4/802
f 775/4/775 774/4/774 768/4/768
f 786/4/786 764/4/764 768/4/768
f 786/4/786 785/4/785 762/4/762
f 785/4/785 775/4/775 804/4/804
f 751/4/751 781/4/781 793/4/793
f 824/4/824 831/4/831 761/4/761
f 825/4/825 786/4/786 792/4/792
f 754/4/754 787/4/787 788/4/788
f 822/4/822 826/4/826 784/4/784
f 825/4/825 823/4/823 827/4/827
f 825/4/825 788/4/788 787/4/787
f 752/4/752 751/4/751 784/4/784
f 831/4/831 824/4/824 787/4/787
f 760/4/760 786/4/786 825/4/825
f 841/4/841 874/4/874 842/4/842
f 753/4/753 863/4/863 842/4/842
f 845/4/845 847/4/847 755/4/755
f 845/4/845 848/4/848 846/4/846
f 848/4/848 862/4/862 849/4/849
f 848/4/848 880/4/880 861/4/861
f 776/4/776 871/4/871 863/4/863
f 847/4/847 867/4/867 778/4/778
f 842/4/842 874/4/874 780/4/780
f 757/4/757 783/4/783 864/4/864
f 862/4/862 861/4/861 865/4/865
f 846/4/846 881/4/881 867/4/867
f 864/4/864 880/4/880 848/4/848
f 868/4/868 881/4/881 846/4/846
f 863/4/863 910/4/910 843/4/843
f 869/4/869 896/4/896 870/4/870
f 868/4/868 901/4/901 872/4/872
f 872/4/872 903/4/903 865/4/865
f 873/4/873 869/4/869 871/4/871
f 776/4/776 895/4/895 875/4/875
f 871/4/871 875/4/875 876/4/876
f 874/4/874 876/4/876 877/4/877
f 877/4/877 895/4/895 776/4/776
f 878/4/878 899/4/899 864/4/864
f 864/4/864 899/4/899 879/4/879
f 879/4/879 898/4/898 778/4/778
f 778/4/778 898/4/898 878/4/878
f 864/4/864 882/4/882 858/4/858
f 858/4/858 853/4/853 881/4/881
f 881/4/881 853/4/853 855/4/855
f 867/4/867 855/4/855 882/4/882
f 880/4/880 860/4/860 856/4/856
f 856/4/856 852/4/852 868/4/868
f 868/4/868 852/4/852 851/4/851
f 881/4/881 851/4/851 860/4/860
f 841/4/841 906/4/906 873/4/873
f 908/4/908 849/4/849 862/4/862
f 909/4/909 907/4/907 901/4/901
f 863/4/863 871/4/871 870/4/870
f 865/4/865 903/4/903 906/4/906
f 909/4/909 870/4/870 896/4/896
f 910/4/910 870/4/870 909/4/909
f 843/4/843 866/4/866 865/4/865
f 866/4/866 843/4/843 910/4/910
f 909/4/909 868/4/868 849/4/849
usemtl mat4
f 762/4/762 763/4/763 764/4/764
f 765/4/765 766/4/766 767/4/767
f 768/4/768 763/4/763 769/4/769
f 765/4/765 770/4/770 771/4/771
f 762/4/762 772/4/772 773/4/773
f 805/4/805 806/4/806 807/4/807
f 808/4/808 809/4/809 810/4/810
f 811/4/811 812/4/812 813/4/813
f 814/4/814 767/4/767 766/4/766
f 772/4/772 763/4/763 773/4/773
f 797/4/797 808/4/808 810/4/810
f 789/4/789 815/4/815 805/4/805
f 794/4/794 808/4/808 795/4/795
f 789/4/789 807/4/807 793/4/793
f 798/4/798 812/4/812 801/4/801
f 798/4/798 811/4/811 813/4/813
f 794/4/794 809/4/809 816/4/816
f 802/4/802 770/4/770 814/4/814
f 791/4/791 817/4/817 792/4/792
f 799/4/799 811/4/811 800/4/800
f 768/4/768 772/4/772 804/4/804
f 797/4/797 809/4/809 796/4/796
f 802/4/802 766/4/766 803/4/803
f 791/4/791 818/4/818 819/4/819
f 799/4/799 812/4/812 820/4/820
f 821/4/821 819/4/819 818/4/818
f 822/4/822 807/4/807 806/4/806
f 823/4/823 817/4/817 821/4/821
f 806/4/806 826/4/826 822/4/822
f 821/4/821 827/4/827 823/4/823
f 828/4/828 829/4/829 830/4/830
f 815/4/815 832/4/832 833/4/833
f 818/4/818 832/4/832 821/4/821
f 829/4/829 834/4/834 830/4/830
f 829/4/829 835/4/835 836/4/836
f 837/4/837 834/4/834 832/4/832
f 837/4/837 835/4/835 838/4/838
f 833/4/833 835/4/835 839/4/839
f 833/4/833 834/4/834 836/4/836
f 818/4/818 839/4/839 837/4/837
f 828/4/828 835/4/835 840/4/840
f 815/4/815 839/4/839 806/4/806
f 828/4/828 834/4/834 838/4/838
f 850/4/850 851/4/851 852/4/852
f 853/4/853 854/4/854 855/4/855
f 856/4/856 850/4/850 852/4/852
f 857/4/857 853/4/853 858/4/858
f 851/4/851 859/4/859 860/4/860
f 883/4/883 884/4/884 885/4/885
f 886/4/886 887/4/887 888/4/888
f 889/4/889 890/4/890 891/4/891
f 892/4/892 893/4/893 857/4/857
f 859/4/859 850/4/850 894/4/894
f 877/4/877 886/4/886 895/4/895
f 869/4/869 885/4/885 896/4/896
f 886/4/886 875/4/875 895/4/895
f 897/4/897 869/4/869 873/4/873
f 889/4/889 878/4/878 898/4/898
f 878/4/878 890/4/890 899/4/899
f 875/4/875 887/4/887 876/4/876
f 882/4/882 857/4/857 858/4/858
f 900/4/900 872/4/872 901/4/901
f 890/4/890 879/4/879 899/4/899
f 859/4/859 856/4/856 860/4/860
f 887/4/887 877/4/877 876/4/876
f 854/4/854 882/4/882 855/4/855
f 872/4/872 902/4/902 903/4/903
f 879/4/879 889/4/889 898/4/898
f 904/4/904 905/4/905 900/4/900
f 906/4/906 897/4/897 873/4/873
f 907/4/907 900/4/900 901/4/901
f 903/4/903 884/4/884 906/4/906
f 896/4/896 904/4/904 907/4/907
f 911/4/911 912/4/912 913/4/913
f 885/4/885 914/4/914 904/4/904
f 914/4/914 902/4/902 904/4/904
f 915/4/915 911/4/911 913/4/913
f 911/4/911 916/4/916 917/4/917
f 915/4/915 918/4/918 914/4/914
f 918/4/918 916/4/916 919/4/919
f 916/4/916 920/4/920 919/4/919
f 920/4/920 915/4/915 914/4/914
f 902/4/902 919/4/919 884/4/884
f 916/4/916 912/4/912 917/4/917
f 919/4/919 885/4/885 884/4/884
f 912/4/912 915/4/915 913/4/913
f 762/4/762 773/4/773 763/4/763
f 765/4/765 803/4/803 766/4/766
f 768/4/768 764/4/764 763/4/763
f 765/4/765 767/4/767 770/4/770
f 762/4/762 804/4/804 772/4/772
f 805/4/805 815/4/815 806/4/806
f 808/4/808 816/4/816 809/4/809
f 811/4/811 820/4/820 812/4/812
f 814/4/814 770/4/770 767/4/767
f 772/4/772 769/4/769 763/4/763
f 797/4/797 795/4/795 808/4/808
f 789/4/789 827/4/827 815/4/815
f 794/4/794 816/4/816 808/4/808
f 789/4/789 805/4/805 807/4/807
f 798/4/798 813/4/813 812/4/812
f 798/4/798 800/4/800 811/4/811
f 794/4/794 796/4/796 809/4/809
f 802/4/802 771/4/771 770/4/770
f 791/4/791 819/4/819 817/4/817
f 799/4/799 820/4/820 811/4/811
f 768/4/768 769/4/769 772/4/772
f 797/4/797 810/4/810 809/4/809
f 802/4/802 814/4/814 766/4/766
f 791/4/791 826/4/826 818/4/818
f 799/4/799 801/4/801 812/4/812
f 821/4/821 817/4/817 819/4/819
f 822/4/822 793/4/793 807/4/807
f 823/4/823 792/4/792 817/4/817
f 806/4/806 818/4/818 826/4/826
f 821/4/821 815/4/815 827/4/827
f 828/4/828 840/4/840 829/4/829
f 815/4/815 821/4/821 832/4/832
f 818/4/818 837/4/837 832/4/832
f 829/4/829 836/4/836 834/4/834
f 829/4/829 840/4/840 835/4/835
f 837/4/837 838/4/838 834/4/834
f 837/4/837 839/4/839 835/4/835
f 833/4/833 836/4/836 835/4/835
f 833/4/833 832/4/832 834/4/834
f 818/4/818 806/4/806 839/4/839
f 828/4/828 838/4/838 835/4/835
f 815/4/815 833/4/833 839/4/839
f 828/4/828 830/4/830 834/4/834
f 850/4/850 921/4/921 851/4/851
f 853/4/853 893/4/893 854/4/854
f 856/4/856 894/4/894 850/4/850
f 857/4/857 893/4/893 853/4/853
f 851/4/851 921/4/921 859/4/859
f 883/4/883 897/4/897 884/4/884
f 886/4/886 922/4/922 887/4/887
f 889/4/889 923/4/923 890/4/890
f 892/4/892 854/4/854 893/4/893
f 859/4/859 921/4/921 850/4/850
f 877/4/877 922/4/922 886/4/886
f 869/4/869 883/4/883 885/4/885
f 886/4/886 888/4/888 875/4/875
f 897/4/897 883/4/883 869/4/869
f 889/4/889 891/4/891 878/4/878
f 878/4/878 891/4/891 890/4/890
f 875/4/875 888/4/888 887/4/887
f 882/4/882 892/4/892 857/4/857
f 900/4/900 905/4/905 872/4/872
f 890/4/890 923/4/923 879/4/879
f 859/4/859 894/4/894 856/4/856
f 887/4/887 922/4/922 877/4/877
f 854/4/854 892/4/892 882/4/882
f 872/4/872 905/4/905 902/4/902
f 879/4/879 923/4/923 889/4/889
f 904/4/904 902/4/902 905/4/905
f 906/4/906 884/4/884 897/4/897
f 907/4/907 904/4/904 900/4/900
f 903/4/903 902/4/902 884/4/884
f 896/4/896 885/4/885 904/4/904
f 911/4/911 917/4/917 912/4/912
f 885/4/885 920/4/920 914/4/914
f 914/4/914 918/4/918 902/4/902
f 915/4/915 924/4/924 911/4/911
f 911/4/911 924/4/924 916/4/916
f 915/4/915 925/4/925 918/4/918
f 918/4/918 925/4/925 916/4/916
f 916/4/916 924/4/924 920/4/920
f 920/4/920 924/4/924 915/4/915
f 902/4/902 918/4/918 919/4/919
f 916/4/916 925/4/925 912/4/912
f 919/4/919 920/4/920 885/4/885
f 912/4/912 925/4/925 915/4/915
# Vertices: 176, normals: 176, texture coordinates: 1, faces: 352

o obj5
v -0.41758919 -0.00530853 0.45696247
v -0.36847794 0.10709846 0.62776554
v -0.36869055 0.089177 0.42510557
v -0.30001825 -0.07513489 0.52386618
v -0.36630714 -0.09053332 0.76013011
v -0.37170225 -0.0823146 0.52119225
v -0.25471982 0.00977868 0.44809449
v -0.28060251 0.10829954 0.62963498
v -0.21693605 0.01500629 0.66563129
v -0.29963782 0.08901346 0.42628855
v -0.42546389 0.01055836 0.66784084
v -0.27370322 -0.07628666 0.76013011
v -0.37820554 -0.07240776 0.23317671
v -0.33573693 -0.12854958 0.1419481
v -0.33173835 -0.07374654 0.23907375
v -0.39911771 -0.2088687 0.09227741
v -0.33857846 -0.22728106 0.09503096
v -0.41255641 -0.3003659 0.04946601
v -0.33533299 -0.32627678 0.05783867
v -0.4170475 -0.38315547 0.02027798
v -0.34312344 -0.40705428 0.02718657
v -0.48067141 -0.27056816 0.04205659
v -0.40567964 -0.1099996 0.13736987
v -0.46546805 -0.1629997 0.05575416
v -0.40809703 -0.02443448 0.20276982
v -0.36894685 0.06757449 0.18081938
v -0.43669939 -0.04771162 0.07775474
v -0.3151173 0.08774537 0.08413289
v -0.32258296 0.06576601 0.18117492
v -0.29808575 -0.03106491 0.11245564
v -0.30026436 0.00347732 0.18587577
v -0.36555541 0.08168863 0.00488239
v -0.37330538 0.09360181 0.08265695
v -0.31247032 0.07874475 0.00488239
v -0.30845106 -0.07937132 0.00488239
v -0.31278038 -0.17671187 0.09013523
v -0.30219924 -0.30786076 0.0485288
v -0.30066234 -0.26625466 0.00488239
v -0.33383411 -0.38963535 0.00488239
v -0.47599697 -0.28794089 0.00488239
v -0.4170475 -0.38315547 0.00488239
v -0.4678849 -0.16769007 0.00488239
v -0.4389382 -0.04983382 0.00488239
v -0.31682074 -0.1487558 0.00488239
v -0.37696838 0.11082913 0.52099073
v -0.43271431 -0.00588911 0.45653972
v -0.37693441 0.10245048 0.42377251
v -0.37041286 -0.1058681 0.75981373
v -0.29251873 -0.08775233 0.52274454
v -0.3788791 -0.09629215 0.52099097
v -0.23963904 0.00917968 0.44582105
v -0.28229719 0.11106406 0.52099073
v -0.29152301 0.10211723 0.42413133
v -0.43506321 -0.0016187 0.52099073
v -0.22628975 0.00996663 0.52274442
v -0.3276141 -0.13797508 0.15380582
v -0.38721001 -0.08485837 0.23657554
v -0.32256743 -0.08755365 0.24083443
v -0.40420449 -0.21300605 0.10444962
v -0.41563848 -0.11648853 0.1468392
v -0.33559197 -0.23236865 0.10837135
v -0.41595313 -0.30445653 0.06170822
v -0.33322212 -0.33120456 0.07085814
v -0.42720431 -0.39735556 0.02759203
v -0.49462637 -0.27367947 0.05029632
v -0.47940433 -0.16264497 0.06190335
v -0.42260438 -0.02380353 0.20462604
v -0.45051771 -0.04477814 0.08039686
v -0.37776813 0.0810509 0.18215442
v -0.38128951 0.10775213 0.08352023
v -0.31248322 0.07875688 0.18134733
v -0.30401757 0.10067611 0.08532993
v -0.28427804 -0.0317371 0.11330945
v -0.28582424 0.00403981 0.18500262
v -0.37282777 0.09470887 -0.00791909
v -0.30042326 0.08990006 -0.0079178
v -0.29590011 -0.08005514 -0.00813152
v -0.29936278 -0.17850597 0.0950921
v -0.28842944 -0.31190705 0.05490255
v -0.33737454 -0.42906603 0.03406392
v -0.28652275 -0.26634005 -0.00772563
v -0.30332291 -0.14902216 -0.00796726
v -0.32392162 -0.39897344 -0.00831742
v -0.49069503 -0.29262432 -0.00747068
v -0.48112008 -0.165437 -0.0080866
v -0.4516516 -0.0451883 -0.00794589
v -0.42477351 -0.39389312 -0.00860935
v -0.37700525 0.1199206 0.62647992
v -0.26757613 -0.0893341 0.75920016
v -0.27215236 0.12090211 0.62749845
v -0.44040391 0.00809097 0.66753381
v -0.2018777 0.01140574 0.66341525
v -0.37041286 -0.1058681 0.80706173
v -0.2018777 0.01140574 0.71066326
v -0.44040391 0.00809097 0.71478182
v -0.42077133 0.03459388 0.59133118
v -0.41635615 0.0505091 0.69920963
v -0.23158722 0.04043267 0.59084946
v -0.37449351 -0.12044168 0.80673981
v -0.28577325 -0.09975602 0.52173901
v -0.38576257 -0.1098201 0.52077252
v -0.1874072 0.00799986 0.70857513
v -0.21141787 0.00907156 0.52052879
v -0.45475152 0.00579228 0.7145142
v -0.44962278 -0.00231846 0.52061921
v -0.43432853 0.03519855 0.59090841
v -0.2179452 0.04066984 0.58878875
v -0.26757613 -0.0893341 0.80644816
v -0.26167348 -0.10174206 0.80553579
v -0.42950732 0.05133497 0.69878489
v -0.21541293 0.05318401 0.69505727
v -0.22853361 0.05293884 0.69703966
vn -0.99899 -0.03356 -0.0299
vn -0.40473 0.3487 -0.84534
vn -0.52661 0.84601 -0.08339
vn 0.51316 -0.85496 -0.07561
vn 0.19983 -0.53864 -0.81849
vn -0.45461 -0.89059 -0.01351
vn 0.98803 -0.03675 -0.1498
vn 0.37434 0.29587 -0.87883
vn 0.3501 -0.55204 -0.75675
vn 0.5179 0.84429 -0.1377
vn -0.51385 -0.49123 -0.70332
vn -0.07407 -0.57749 -0.81303
vn -0.55883 -0.7957 0.23361
vn 0.47523 -0.54985 0.68689
vn 0.56426 -0.81843 0.10857
vn -0.33424 -0.34185 0.87831
vn 0.21655 -0.34946 0.91158
vn -0.22519 -0.34188 0.91236
vn 0.12639 -0.35471 0.92639
vn -0.53393 -0.69808 0.47708
vn 0.27027 -0.92027 0.28294
vn -0.84491 -0.21748 0.48871
vn -0.68075 -0.40902 0.60768
vn -0.90832 0.0472 0.41561
vn -0.99007 0.03239 0.13676
vn -0.54984 0.83072 0.08709
vn -0.95387 0.25105 0.16462
vn 0.65278 0.75427 0.07038
vn 0.62673 0.7791 0.01444
vn 0.99727 -0.04222 0.06059
vn 0.99759 0.04035 -0.05649
vn -0.37279 0.65171 -0.66053
vn -0.48954 0.87141 0.03163
vn 0.57263 0.54345 -0.6138
vn 0.69312 -0.03864 -0.71979
vn 0.92378 -0.14371 0.35493
vn 0.8712 -0.2741 0.40728
vn 0.74371 -0.00604 -0.66848
vn 0.54542 -0.49333 -0.6776
vn -0.73326 -0.24334 -0.63491
vn -0.46156 -0.61467 -0.63965
vn -0.71743 0.12878 -0.68462
vn -0.69044 0.26893 -0.67154
vn 0.65613 -0.0114 -0.75456
vn 0.52138 -0.8499 0.07634
vn 0.99893 0.03372 0.03174
vn 0.52617 -0.84636 0.08261
vn 0.41483 0.65921 -0.62718
vn -0.28032 0.42138 0.86247
vn 0.22593 0.46426 0.8564
vn -0.98756 0.03625 0.15298
vn -0.50392 -0.85403 0.12925
vn -0.51829 -0.84412 0.13724
vn 0.7026 -0.40232 0.58693
vn -0.60674 -0.43796 0.66336
vn -0.48734 0.55997 -0.67003
vn 0.56433 0.79318 -0.22889
vn -0.57047 0.81295 -0.1169
vn 0.33363 0.34531 -0.87718
vn 0.68013 0.41196 -0.60639
vn -0.22107 0.35603 -0.90795
vn 0.23187 0.34197 -0.91065
vn -0.13021 0.34866 -0.92816
vn 0.5497 0.71382 -0.43393
vn 0.83653 0.21333 -0.50469
vn 0.91172 -0.05476 -0.40714
vn 0.99066 -0.03674 -0.13135
vn 0.95422 -0.25313 -0.15932
vn 0.55555 -0.82626 -0.09301
vn 0.49322 -0.86933 -0.03163
vn -0.62996 -0.77609 -0.02883
vn -0.65128 -0.75547 -0.07134
vn -0.99739 0.04057 -0.05967
vn -0.99686 -0.0442 0.06566
vn 0.37164 -0.65634 0.65658
vn -0.57574 -0.54055 0.61346
vn -0.69197 0.03677 0.72099
vn -0.92505 0.14222 -0.35222
vn -0.87225 0.26173 -0.41314
vn -0.28979 0.90818 -0.30205
vn -0.74372 0.01276 0.66837
vn -0.66216 0.00417 0.74935
vn -0.5292 0.49007 0.69266
vn 0.74107 0.21642 0.6356
vn 0.71292 -0.12601 0.68983
vn 0.68767 -0.27113 0.6735
vn 0.42656 0.58495 0.68985
vn 0.38625 -0.77747 -0.49634
vn -0.54893 0.55642 -0.62376
vn -0.39131 -0.79417 -0.46495
vn 0.86374 -0.17513 -0.47252
vn -0.92722 -0.12551 -0.35287
vn 0.16472 -0.53342 -0.82966
vn 0.36912 -0.53317 -0.76124
vn -0.51395 -0.47304 -0.7156
vn -0.83245 -0.49911 0.24063
vn -0.75483 -0.49455 -0.43088
vn 0.83936 -0.52621 0.13628
vn 0.4001 0.66584 -0.62975
vn -0.36985 0.64634 0.66743
vn 0.36216 0.69933 0.61626
vn -0.91424 -0.10293 -0.39187
vn -0.64735 -0.23436 0.72527
vn 0.8541 -0.1498 -0.49807
vn 0.71188 -0.22708 0.66458
vn 0.46302 -0.85558 0.23151
vn -0.46272 -0.85344 0.23986
vn -0.05218 -0.57589 -0.81586
vn -0.53934 0.56226 -0.62688
vn 0.37911 -0.82805 -0.41305
vn -0.42242 -0.82496 -0.3755
vn 0.71655 -0.48574 -0.50062
vt 0 0
usemtl mat5
f 926/5/926 927/5/927 928/5/928
f 929/5/929 930/5/930 931/5/931
f 932/5/932 933/5/933 934/5/934
f 935/5/935 927/5/927 933/5/933
f 931/5/931 936/5/936 926/5/926
f 929/5/929 934/5/934 937/5/937
f 938/5/938 939/5/939 940/5/940
f 939/5/939 941/5/941 942/5/942
f 942/5/942 943/5/943 944/5/944
f 944/5/944 945/5/945 946/5/946
f 941/5/941 947/5/947 943/5/943
f 948/5/948 949/5/949 941/5/941
f 950/5/950 948/5/948 938/5/938
f 951/5/951 952/5/952 950/5/950
f 953/5/953 951/5/951 954/5/954
f 953/5/953 954/5/954 955/5/955
f 954/5/954 956/5/956 955/5/955
f 940/5/940 955/5/955 956/5/956
f 953/5/953 957/5/957 958/5/958
f 955/5/955 959/5/959 953/5/953
f 959/5/959 955/5/955 960/5/960
f 961/5/961 939/5/939 942/5/942
f 962/5/962 942/5/942 944/5/944
f 944/5/944 946/5/946 962/5/962
f 961/5/961 960/5/960 955/5/955
f 963/5/963 961/5/961 962/5/962
f 964/5/964 962/5/962 946/5/946
f 943/5/943 947/5/947 945/5/945
f 945/5/945 965/5/965 966/5/966
f 947/5/947 967/5/967 965/5/965
f 949/5/949 968/5/968 967/5/967
f 966/5/966 946/5/946 945/5/945
f 952/5/952 957/5/957 968/5/968
f 967/5/967 968/5/968 969/5/969
f 940/5/940 932/5/932 929/5/929
f 938/5/938 926/5/926 950/5/950
f 954/5/954 928/5/928 935/5/935
f 956/5/956 935/5/935 932/5/932
f 940/5/940 931/5/931 938/5/938
f 950/5/950 928/5/928 951/5/951
f 970/5/970 971/5/971 972/5/972
f 973/5/973 974/5/974 975/5/975
f 976/5/976 977/5/977 978/5/978
f 978/5/978 970/5/970 972/5/972
f 971/5/971 979/5/979 975/5/975
f 974/5/974 980/5/980 976/5/976
f 981/5/981 982/5/982 983/5/983
f 981/5/981 984/5/984 985/5/985
f 986/5/986 987/5/987 984/5/984
f 988/5/988 989/5/989 987/5/987
f 990/5/990 984/5/984 987/5/987
f 991/5/991 985/5/985 984/5/984
f 992/5/992 985/5/985 993/5/993
f 994/5/994 993/5/993 995/5/995
f 996/5/996 995/5/995 997/5/997
f 997/5/997 998/5/998 996/5/996
f 996/5/996 998/5/998 999/5/999
f 998/5/998 983/5/983 999/5/999
f 1000/5/1000 997/5/997 995/5/995
f 998/5/998 997/5/997 1001/5/1001
f 1001/5/1001 1002/5/1002 998/5/998
f 981/5/981 1003/5/1003 986/5/986
f 1004/5/1004 986/5/986 1003/5/1003
f 988/5/988 1004/5/1004 1005/5/1005
f 1002/5/1002 1003/5/1003 998/5/998
f 1006/5/1006 1003/5/1003 1007/5/1007
f 1008/5/1008 1004/5/1004 1006/5/1006
f 987/5/987 989/5/989 990/5/990
f 989/5/989 1009/5/1009 990/5/990
f 990/5/990 1010/5/1010 991/5/991
f 991/5/991 1011/5/1011 993/5/993
f 1005/5/1005 1012/5/1012 989/5/989
f 993/5/993 1000/5/1000 995/5/995
f 1007/5/1007 1002/5/1002 1011/5/1011
f 983/5/983 976/5/976 999/5/999
f 971/5/971 982/5/982 992/5/992
f 996/5/996 972/5/972 994/5/994
f 999/5/999 978/5/978 996/5/996
f 975/5/975 983/5/983 982/5/982
f 972/5/972 992/5/992 994/5/994
f 936/5/936 1013/5/1013 927/5/927
f 1014/5/1014 930/5/930 937/5/937
f 1015/5/1015 934/5/934 933/5/933
f 1013/5/1013 933/5/933 927/5/927
f 930/5/930 1016/5/1016 936/5/936
f 1017/5/1017 937/5/937 934/5/934
f 974/5/974 1017/5/1017 980/5/980
f 1016/5/1016 975/5/975 979/5/979
f 974/5/974 1018/5/1018 975/5/975
f 1013/5/1013 979/5/979 970/5/970
f 977/5/977 1013/5/1013 970/5/970
f 980/5/980 1015/5/1015 977/5/977
f 1019/5/1019 974/5/974 980/5/980
f 975/5/975 1020/5/1020 979/5/979
f 1021/5/1021 1020/5/1020 1022/5/1022
f 1023/5/1023 1019/5/1019 980/5/980
f 1024/5/1024 1025/5/1025 1026/5/1026
f 1025/5/1025 1027/5/1027 1028/5/1028
f 1029/5/1029 1026/5/1026 1030/5/1030
f 1031/5/1031 1029/5/1029 1030/5/1030
f 1027/5/1027 1032/5/1032 1028/5/1028
f 1027/5/1027 1033/5/1033 1019/5/1019
f 980/5/980 1032/5/1032 1023/5/1023
f 1030/5/1030 975/5/975 979/5/979
f 1034/5/1034 1018/5/1018 1033/5/1033
f 975/5/975 1025/5/1025 974/5/974
f 1035/5/1035 1021/5/1021 1022/5/1022
f 1018/5/1018 1029/5/1029 1020/5/1020
f 1036/5/1036 1019/5/1019 1037/5/1037
f 1023/5/1023 1036/5/1036 1037/5/1037
f 1031/5/1031 979/5/979 1021/5/1021
f 1020/5/1020 1035/5/1035 1022/5/1022
f 1025/5/1025 980/5/980 974/5/974
f 926/5/926 936/5/936 927/5/927
f 929/5/929 937/5/937 930/5/930
f 932/5/932 935/5/935 933/5/933
f 935/5/935 928/5/928 927/5/927
f 931/5/931 930/5/930 936/5/936
f 929/5/929 932/5/932 934/5/934
f 938/5/938 948/5/948 939/5/939
f 939/5/939 948/5/948 941/5/941
f 942/5/942 941/5/941 943/5/943
f 944/5/944 943/5/943 945/5/945
f 941/5/941 949/5/949 947/5/947
f 948/5/948 952/5/952 949/5/949
f 950/5/950 952/5/952 948/5/948
f 951/5/951 958/5/958 952/5/952
f 953/5/953 958/5/958 951/5/951
f 940/5/940 939/5/939 955/5/955
f 953/5/953 959/5/959 957/5/957
f 961/5/961 955/5/955 939/5/939
f 962/5/962 961/5/961 942/5/942
f 961/5/961 969/5/969 960/5/960
f 963/5/963 969/5/969 961/5/961
f 964/5/964 963/5/963 962/5/962
f 945/5/945 947/5/947 965/5/965
f 947/5/947 949/5/949 967/5/967
f 949/5/949 952/5/952 968/5/968
f 966/5/966 964/5/964 946/5/946
f 952/5/952 958/5/958 957/5/957
f 968/5/968 957/5/957 960/5/960
f 957/5/957 959/5/959 960/5/960
f 960/5/960 969/5/969 968/5/968
f 969/5/969 963/5/963 967/5/967
f 963/5/963 964/5/964 966/5/966
f 965/5/965 963/5/963 966/5/966
f 965/5/965 967/5/967 963/5/963
f 940/5/940 956/5/956 932/5/932
f 938/5/938 931/5/931 926/5/926
f 954/5/954 951/5/951 928/5/928
f 956/5/956 954/5/954 935/5/935
f 940/5/940 929/5/929 931/5/931
f 950/5/950 926/5/926 928/5/928
f 970/5/970 979/5/979 971/5/971
f 973/5/973 1014/5/1014 974/5/974
f 976/5/976 980/5/980 977/5/977
f 978/5/978 977/5/977 970/5/970
f 981/5/981 985/5/985 982/5/982
f 981/5/981 986/5/986 984/5/984
f 986/5/986 988/5/988 987/5/987
f 988/5/988 1005/5/1005 989/5/989
f 990/5/990 991/5/991 984/5/984
f 991/5/991 993/5/993 985/5/985
f 992/5/992 982/5/982 985/5/985
f 994/5/994 992/5/992 993/5/993
f 996/5/996 994/5/994 995/5/995
f 998/5/998 981/5/981 983/5/983
f 1000/5/1000 1001/5/1001 997/5/997
f 981/5/981 998/5/998 1003/5/1003
f 1004/5/1004 988/5/988 986/5/986
f 1002/5/1002 1007/5/1007 1003/5/1003
f 1006/5/1006 1004/5/1004 1003/5/1003
f 1008/5/1008 1005/5/1005 1004/5/1004
f 989/5/989 1012/5/1012 1009/5/1009
f 990/5/990 1009/5/1009 1010/5/1010
f 991/5/991 1010/5/1010 1011/5/1011
f 1005/5/1005 1008/5/1008 1012/5/1012
f 993/5/993 1011/5/1011 1000/5/1000
f 1001/5/1001 1000/5/1000 1002/5/1002
f 1000/5/1000 1011/5/1011 1002/5/1002
f 1011/5/1011 1010/5/1010 1007/5/1007
f 1010/5/1010 1009/5/1009 1006/5/1006
f 1007/5/1007 1010/5/1010 1006/5/1006
f 1009/5/1009 1012/5/1012 1006/5/1006
f 1012/5/1012 1008/5/1008 1006/5/1006
f 983/5/983 974/5/974 976/5/976
f 971/5/971 975/5/975 982/5/982
f 996/5/996 978/5/978 972/5/972
f 999/5/999 976/5/976 978/5/978
f 975/5/975 974/5/974 983/5/983
f 972/5/972 971/5/971 992/5/992
f 936/5/936 1016/5/1016 1013/5/1013
f 1014/5/1014 973/5/973 930/5/930
f 1015/5/1015 1017/5/1017 934/5/934
f 1013/5/1013 1015/5/1015 933/5/933
f 930/5/930 973/5/973 1016/5/1016
f 1017/5/1017 1014/5/1014 937/5/937
f 974/5/974 1014/5/1014 1017/5/1017
f 1016/5/1016 973/5/973 975/5/975
f 974/5/974 1033/5/1033 1018/5/1018
f 1013/5/1013 1016/5/1016 979/5/979
f 977/5/977 1015/5/1015 1013/5/1013
f 980/5/980 1017/5/1017 1015/5/1015
f 1019/5/1019 1033/5/1033 974/5/974
f 975/5/975 1018/5/1018 1020/5/1020
f 1021/5/1021 979/5/979 1020/5/1020
f 1023/5/1023 1037/5/1037 1019/5/1019
f 1024/5/1024 1034/5/1034 1025/5/1025
f 1025/5/1025 1034/5/1034 1027/5/1027
f 1029/5/1029 1024/5/1024 1026/5/1026
f 1031/5/1031 1035/5/1035 1029/5/1029
f 1027/5/1027 1036/5/1036 1032/5/1032
f 1027/5/1027 1034/5/1034 1033/5/1033
f 980/5/980 1028/5/1028 1032/5/1032
f 1030/5/1030 1026/5/1026 975/5/975
f 1034/5/1034 1024/5/1024 1018/5/1018
f 975/5/975 1026/5/1026 1025/5/1025
f 1035/5/1035 1031/5/1031 1021/5/1021
f 1018/5/1018 1024/5/1024 1029/5/1029
f 1036/5/1036 1027/5/1027 1019/5/1019
f 1023/5/1023 1032/5/1032 1036/5/1036
f 1031/5/1031 1030/5/1030 979/5/979
f 1020/5/1020 1029/5/1029 1035/5/1035
f 1025/5/1025 1028/5/1028 980/5/980
# Vertices: 112, normals: 112, texture coordinates: 1, faces: 224

o obj6
v 0.36847794 0.10709846 0.62776554
v 0.41758919 -0.00530853 0.45696247
v 0.36869055 0.089177 0.42510557
v 0.36630714 -0.09053332 0.76013011
v 0.30001825 -0.07513489 0.52386618
v 0.37170225 -0.0823146 0.52119225
v 0.25471982 0.00977868 0.44809449
v 0.28060251 0.10829954 0.62963498
v 0.29963782 0.08901346 0.42628855
v 0.42546389 0.01055836 0.66784084
v 0.21693605 0.01500629 0.66563129
v 0.33573693 -0.12854958 0.1419481
v 0.37820554 -0.07240776 0.23317671
v 0.33173835 -0.07374654 0.23907375
v 0.39911771 -0.2088687 0.09227741
v 0.40567964 -0.1099996 0.13736987
v 0.33857846 -0.22728106 0.09503096
v 0.41255641 -0.3003659 0.04946601
v 0.33533299 -0.32627678 0.05783867
v 0.4170475 -0.38315547 0.02027798
v 0.48067141 -0.27056816 0.04205659
v 0.46546805 -0.1629997 0.05575416
v 0.40809703 -0.02443448 0.20276982
v 0.43669939 -0.04771162 0.07775474
v 0.36894685 0.06757449 0.18081938
v 0.37330538 0.09360181 0.08265695
v 0.3151173 0.08774537 0.08413289
v 0.29808575 -0.03106491 0.11245564
v 0.32258296 0.06576601 0.18117492
v 0.30026436 0.00347732 0.18587577
v 0.36555541 0.08168863 0.00488239
v 0.31247032 0.07874475 0.00488239
v 0.30845106 -0.07937132 0.00488239
v 0.31278038 -0.17671187 0.09013523
v 0.30219924 -0.30786076 0.0485288
v 0.34312344 -0.40705428 0.02718657
v 0.30066234 -0.26625466 0.00488239
v 0.31682074 -0.1487558 0.00488239
v 0.33383411 -0.38963535 0.00488239
v 0.47599697 -0.28794089 0.00488239
v 0.4678849 -0.16769007 0.00488239
v 0.4389382 -0.04983382 0.00488239
v 0.4170475 -0.38315547 0.00488239
v 0.43271431 -0.00588911 0.45653972
v 0.37696838 0.11082913 0.52099073
v 0.37693441 0.10245048 0.42377251
v 0.29251873 -0.08775233 0.52274454
v 0.37041286 -0.1058681 0.75981373
v 0.3788791 -0.09629215 0.52099097
v 0.23963904 0.00917968 0.44582105
v 0.28229719 0.11106406 0.52099073
v 0.22628975 0.00996663 0.52274442
v 0.29152301 0.10211723 0.42413133
v 0.43506321 -0.0016187 0.52099073
v 0.38721001 -0.08485837 0.23657554
v 0.3276141 -0.13797508 0.15380582
v 0.32256743 -0.08755365 0.24083443
v 0.40420449 -0.21300605 0.10444962
v 0.33559197 -0.23236865 0.10837135
v 0.41595313 -0.30445653 0.06170822
v 0.33322212 -0.33120456 0.07085814
v 0.42720431 -0.39735556 0.02759203
v 0.33737454 -0.42906603 0.03406392
v 0.49462637 -0.27367947 0.05029632
v 0.41563848 -0.11648853 0.1468392
v 0.47940433 -0.16264497 0.06190335
v 0.42260438 -0.02380353 0.20462604
v 0.37776813 0.0810509 0.18215442
v 0.45051771 -0.04477814 0.08039686
v 0.38128951 0.10775213 0.08352023
v 0.31248322 0.07875688 0.18134733
v 0.30401757 0.10067611 0.08532993
v 0.28427804 -0.0317371 0.11330945
v 0.28582424 0.00403981 0.18500262
v 0.37282777 0.09470887 -0.00791909
v 0.30042326 0.08990006 -0.0079178
v 0.29590011 -0.08005514 -0.00813152
v 0.29936278 -0.17850597 0.0950921
v 0.28842944 -0.31190705 0.05490255
v 0.28652275 -0.26634005 -0.00772563
v 0.32392162 -0.39897344 -0.00831742
v 0.49069503 -0.29262432 -0.00747068
v 0.42477351 -0.39389312 -0.00860935
v 0.48112008 -0.165437 -0.0080866
v 0.4516516 -0.0451883 -0.00794589
v 0.30332291 -0.14902216 -0.00796726
v 0.37700525 0.1199206 0.62647992
v 0.44040391 0.00809097 0.66753381
v 0.26757613 -0.0893341 0.75920016
v 0.27370322 -0.07628666 0.76013011
v 0.27215236 0.12090211 0.62749845
v 0.2018777 0.01140574 0.66341525
v 0.37041286 -0.1058681 0.80706173
v 0.2018777 0.01140574 0.71066326
v 0.44040391 0.00809097 0.71478182
v 0.42077133 0.03459388 0.59133118
v 0.23158722 0.04043267 0.59084946
v 0.28577325 -0.09975602 0.52173901
v 0.37449351 -0.12044168 0.80673981
v 0.38576257 -0.1098201 0.52077252
v 0.1874072 0.00799986 0.70857513
v 0.21141787 0.00907156 0.52052879
v 0.45475152 0.00579228 0.7145142
v 0.44962278 -0.00231846 0.52061921
v 0.43432853 0.03519855 0.59090841
v 0.42950732 0.05133497 0.69878489
v 0.2179452 0.04066984 0.58878875
v 0.26757613 -0.0893341 0.80644816
v 0.26167348 -0.10174206 0.80553579
v 0.41635615 0.0505091 0.69920963
v 0.21541293 0.05318401 0.69505727
v 0.22853361 0.05293884 0.69703966
vn 0.40473 0.3487 -0.84534
vn 0.99899 -0.03356 -0.0299
vn 0.52661 0.84601 -0.08339
vn -0.19983 -0.53864 -0.81849
vn -0.51316 -0.85496 -0.07561
vn 0.45461 -0.89059 -0.01351
vn -0.98803 -0.03675 -0.1498
vn -0.37434 0.29587 -0.87883
vn -0.5179 0.84429 -0.1377
vn 0.51385 -0.49123 -0.70332
vn -0.3501 -0.55204 -0.75675
vn -0.47523 -0.54985 0.68689
vn 0.55883 -0.7957 0.23361
vn -0.56426 -0.81843 0.10857
vn 0.33424 -0.34185 0.87831
vn 0.68075 -0.40902 0.60768
vn -0.21655 -0.34946 0.91158
vn 0.22519 -0.34188 0.91236
vn -0.12639 -0.35471 0.92639
vn 0.53393 -0.69808 0.47708
vn 0.84491 -0.21748 0.48871
vn 0.90832 0.0472 0.41561
vn 0.99007 0.03239 0.13676
vn 0.95387 0.25105 0.16462
vn 0.54984 0.83072 0.08709
vn 0.48954 0.87141 0.03163
vn -0.65278 0.75427 0.07038
vn -0.99727 -0.04222 0.06059
vn -0.62673 0.7791 0.01444
vn -0.99759 0.04035 -0.05649
vn 0.37279 0.65171 -0.66053
vn -0.57263 0.54345 -0.6138
vn -0.69312 -0.03864 -0.71979
vn -0.92378 -0.14371 0.35493
vn -0.8712 -0.2741 0.40728
vn -0.27027 -0.92027 0.28294
vn -0.74371 -0.00604 -0.66848
vn -0.65613 -0.0114 -0.75456
vn -0.54542 -0.49333 -0.6776
vn 0.73326 -0.24334 -0.63491
vn 0.71743 0.12878 -0.68462
vn 0.69044 0.26893 -0.67154
vn 0.46156 -0.61467 -0.63965
vn -0.99893 0.03372 0.03174
vn -0.52138 -0.8499 0.07634
vn -0.52617 -0.84636 0.08261
vn 0.28032 0.42138 0.86247
vn -0.41483 0.65921 -0.62718
vn -0.22593 0.46426 0.8564
vn 0.98756 0.03624 0.15298
vn 0.50392 -0.85403 0.12925
vn 0.60674 -0.43796 0.66336
vn 0.51829 -0.84412 0.13724
vn -0.7026 -0.40232 0.58693
vn -0.56433 0.79318 -0.22889
vn 0.48734 0.55997 -0.67003
vn 0.57047 0.81295 -0.1169
vn -0.33363 0.34531 -0.87718
vn 0.22107 0.35603 -0.90795
vn -0.23187 0.34197 -0.91065
vn 0.13021 0.34866 -0.92816
vn -0.5497 0.71382 -0.43393
vn 0.28979 0.90818 -0.30205
vn -0.83653 0.21333 -0.50469
vn -0.68013 0.41196 -0.60639
vn -0.91172 -0.05476 -0.40714
vn -0.99066 -0.03674 -0.13135
vn -0.55555 -0.82626 -0.09301
vn -0.95422 -0.25313 -0.15932
vn -0.49322 -0.86933 -0.03163
vn 0.62996 -0.77609 -0.02883
vn 0.65128 -0.75547 -0.07134
vn 0.99739 0.04057 -0.05967
vn 0.99686 -0.0442 0.06566
vn -0.37164 -0.65634 0.65658
vn 0.57574 -0.54055 0.61346
vn 0.69197 0.03677 0.72099
vn 0.92505 0.14222 -0.35222
vn 0.87225 0.26173 -0.41314
vn 0.74372 0.01276 0.66837
vn 0.5292 0.49007 0.69266
vn -0.74107 0.21642 0.6356
vn -0.42656 0.58495 0.68985
vn -0.71292 -0.12601 0.68983
vn -0.68767 -0.27113 0.6735
vn 0.66216 0.00417 0.74935
vn -0.38625 -0.77747 -0.49634
vn -0.86374 -0.17513 -0.47252
vn 0.54893 0.55642 -0.62376
vn 0.07407 -0.57749 -0.81303
vn 0.39131 -0.79417 -0.46495
vn 0.92722 -0.12551 -0.35287
vn -0.16472 -0.53342 -0.82966
vn -0.36912 -0.53317 -0.76124
vn 0.51395 -0.47304 -0.7156
vn 0.83245 -0.49911 0.24063
vn -0.83936 -0.52621 0.13628
vn 0.36985 0.64634 0.66743
vn -0.4001 0.66584 -0.62975
vn -0.36216 0.69933 0.61626
vn 0.91424 -0.10293 -0.39187
vn 0.64735 -0.23436 0.72527
vn -0.8541 -0.1498 -0.49807
vn -0.71188 -0.22708 0.66458
vn -0.46302 -0.85558 0.23151
vn -0.37911 -0.82805 -0.41305
vn 0.46272 -0.85344 0.23986
vn 0.05218 -0.57589 -0.81586
vn 0.53934 0.56226 -0.62688
vn 0.75483 -0.49455 -0.43088
vn 0.42242 -0.82496 -0.3755
vn -0.71655 -0.48574 -0.50062
vt 0 0
usemtl mat5
f 1038/6/1038 1039/6/1039 1040/6/1040
f 1041/6/1041 1042/6/1042 1043/6/1043
f 1044/6/1044 1045/6/1045 1046/6/1046
f 1046/6/1046 1038/6/1038 1040/6/1040
f 1047/6/1047 1043/6/1043 1039/6/1039
f 1042/6/1042 1048/6/1048 1044/6/1044
f 1049/6/1049 1050/6/1050 1051/6/1051
f 1049/6/1049 1052/6/1052 1053/6/1053
f 1054/6/1054 1055/6/1055 1052/6/1052
f 1056/6/1056 1057/6/1057 1055/6/1055
f 1058/6/1058 1052/6/1052 1055/6/1055
f 1059/6/1059 1053/6/1053 1052/6/1052
f 1060/6/1060 1053/6/1053 1061/6/1061
f 1062/6/1062 1061/6/1061 1063/6/1063
f 1064/6/1064 1062/6/1062 1063/6/1063
f 1064/6/1064 1065/6/1065 1066/6/1066
f 1066/6/1066 1065/6/1065 1067/6/1067
f 1065/6/1065 1051/6/1051 1067/6/1067
f 1068/6/1068 1064/6/1064 1063/6/1063
f 1065/6/1065 1064/6/1064 1069/6/1069
f 1069/6/1069 1070/6/1070 1065/6/1065
f 1049/6/1049 1071/6/1071 1054/6/1054
f 1072/6/1072 1054/6/1054 1071/6/1071
f 1056/6/1056 1072/6/1072 1073/6/1073
f 1070/6/1070 1071/6/1071 1065/6/1065
f 1074/6/1074 1071/6/1071 1075/6/1075
f 1076/6/1076 1072/6/1072 1074/6/1074
f 1055/6/1055 1057/6/1057 1058/6/1058
f 1057/6/1057 1077/6/1077 1058/6/1058
f 1058/6/1058 1078/6/1078 1059/6/1059
f 1059/6/1059 1079/6/1079 1061/6/1061
f 1073/6/1073 1080/6/1080 1057/6/1057
f 1061/6/1061 1068/6/1068 1063/6/1063
f 1075/6/1075 1070/6/1070 1079/6/1079
f 1051/6/1051 1044/6/1044 1067/6/1067
f 1039/6/1039 1050/6/1050 1060/6/1060
f 1066/6/1066 1040/6/1040 1062/6/1062
f 1067/6/1067 1046/6/1046 1066/6/1066
f 1043/6/1043 1051/6/1051 1050/6/1050
f 1040/6/1040 1060/6/1060 1062/6/1062
f 1081/6/1081 1082/6/1082 1083/6/1083
f 1084/6/1084 1085/6/1085 1086/6/1086
f 1087/6/1087 1088/6/1088 1089/6/1089
f 1090/6/1090 1082/6/1082 1088/6/1088
f 1081/6/1081 1086/6/1086 1091/6/1091
f 1084/6/1084 1087/6/1087 1089/6/1089
f 1092/6/1092 1093/6/1093 1094/6/1094
f 1093/6/1093 1095/6/1095 1096/6/1096
f 1096/6/1096 1097/6/1097 1098/6/1098
f 1098/6/1098 1099/6/1099 1100/6/1100
f 1095/6/1095 1101/6/1101 1097/6/1097
f 1102/6/1102 1103/6/1103 1095/6/1095
f 1104/6/1104 1102/6/1102 1092/6/1092
f 1105/6/1105 1106/6/1106 1104/6/1104
f 1107/6/1107 1108/6/1108 1109/6/1109
f 1109/6/1109 1108/6/1108 1110/6/1110
f 1108/6/1108 1111/6/1111 1110/6/1110
f 1094/6/1094 1110/6/1110 1111/6/1111
f 1109/6/1109 1112/6/1112 1107/6/1107
f 1110/6/1110 1113/6/1113 1109/6/1109
f 1113/6/1113 1110/6/1110 1114/6/1114
f 1115/6/1115 1093/6/1093 1096/6/1096
f 1116/6/1116 1096/6/1096 1098/6/1098
f 1098/6/1098 1100/6/1100 1116/6/1116
f 1115/6/1115 1114/6/1114 1110/6/1110
f 1117/6/1117 1115/6/1115 1116/6/1116
f 1118/6/1118 1116/6/1116 1100/6/1100
f 1097/6/1097 1101/6/1101 1099/6/1099
f 1099/6/1099 1119/6/1119 1120/6/1120
f 1101/6/1101 1121/6/1121 1119/6/1119
f 1103/6/1103 1122/6/1122 1121/6/1121
f 1120/6/1120 1100/6/1100 1099/6/1099
f 1106/6/1106 1112/6/1112 1122/6/1122
f 1121/6/1121 1122/6/1122 1123/6/1123
f 1094/6/1094 1087/6/1087 1084/6/1084
f 1092/6/1092 1081/6/1081 1104/6/1104
f 1108/6/1108 1083/6/1083 1090/6/1090
f 1111/6/1111 1090/6/1090 1087/6/1087
f 1094/6/1094 1086/6/1086 1092/6/1092
f 1104/6/1104 1083/6/1083 1105/6/1105
f 1047/6/1047 1124/6/1124 1125/6/1125
f 1041/6/1041 1126/6/1126 1127/6/1127
f 1048/6/1048 1128/6/1128 1045/6/1045
f 1045/6/1045 1124/6/1124 1038/6/1038
f 1041/6/1041 1125/6/1125 1085/6/1085
f 1127/6/1127 1129/6/1129 1048/6/1048
f 1129/6/1129 1084/6/1084 1089/6/1089
f 1086/6/1086 1125/6/1125 1091/6/1091
f 1130/6/1130 1084/6/1084 1086/6/1086
f 1091/6/1091 1124/6/1124 1082/6/1082
f 1088/6/1088 1124/6/1124 1128/6/1128
f 1089/6/1089 1128/6/1128 1129/6/1129
f 1084/6/1084 1131/6/1131 1089/6/1089
f 1132/6/1132 1086/6/1086 1091/6/1091
f 1133/6/1133 1132/6/1132 1091/6/1091
f 1131/6/1131 1134/6/1134 1089/6/1089
f 1135/6/1135 1136/6/1136 1137/6/1137
f 1138/6/1138 1135/6/1135 1139/6/1139
f 1137/6/1137 1140/6/1140 1141/6/1141
f 1142/6/1142 1140/6/1140 1143/6/1143
f 1144/6/1144 1138/6/1138 1139/6/1139
f 1145/6/1145 1138/6/1138 1131/6/1131
f 1089/6/1089 1144/6/1144 1139/6/1139
f 1086/6/1086 1141/6/1141 1091/6/1091
f 1130/6/1130 1146/6/1146 1145/6/1145
f 1086/6/1086 1135/6/1135 1137/6/1137
f 1133/6/1133 1143/6/1143 1147/6/1147
f 1130/6/1130 1140/6/1140 1136/6/1136
f 1131/6/1131 1148/6/1148 1149/6/1149
f 1134/6/1134 1148/6/1148 1144/6/1144
f 1091/6/1091 1142/6/1142 1133/6/1133
f 1132/6/1132 1143/6/1143 1140/6/1140
f 1089/6/1089 1135/6/1135 1084/6/1084
f 1038/6/1038 1047/6/1047 1039/6/1039
f 1041/6/1041 1127/6/1127 1042/6/1042
f 1044/6/1044 1048/6/1048 1045/6/1045
f 1046/6/1046 1045/6/1045 1038/6/1038
f 1047/6/1047 1041/6/1041 1043/6/1043
f 1042/6/1042 1127/6/1127 1048/6/1048
f 1049/6/1049 1053/6/1053 1050/6/1050
f 1049/6/1049 1054/6/1054 1052/6/1052
f 1054/6/1054 1056/6/1056 1055/6/1055
f 1056/6/1056 1073/6/1073 1057/6/1057
f 1058/6/1058 1059/6/1059 1052/6/1052
f 1059/6/1059 1061/6/1061 1053/6/1053
f 1060/6/1060 1050/6/1050 1053/6/1053
f 1062/6/1062 1060/6/1060 1061/6/1061
f 1064/6/1064 1066/6/1066 1062/6/1062
f 1065/6/1065 1049/6/1049 1051/6/1051
f 1068/6/1068 1069/6/1069 1064/6/1064
f 1049/6/1049 1065/6/1065 1071/6/1071
f 1072/6/1072 1056/6/1056 1054/6/1054
f 1070/6/1070 1075/6/1075 1071/6/1071
f 1074/6/1074 1072/6/1072 1071/6/1071
f 1076/6/1076 1073/6/1073 1072/6/1072
f 1057/6/1057 1080/6/1080 1077/6/1077
f 1058/6/1058 1077/6/1077 1078/6/1078
f 1059/6/1059 1078/6/1078 1079/6/1079
f 1073/6/1073 1076/6/1076 1080/6/1080
f 1061/6/1061 1079/6/1079 1068/6/1068
f 1069/6/1069 1068/6/1068 1070/6/1070
f 1068/6/1068 1079/6/1079 1070/6/1070
f 1079/6/1079 1078/6/1078 1075/6/1075
f 1078/6/1078 1077/6/1077 1074/6/1074
f 1075/6/1075 1078/6/1078 1074/6/1074
f 1077/6/1077 1080/6/1080 1074/6/1074
f 1080/6/1080 1076/6/1076 1074/6/1074
f 1051/6/1051 1042/6/1042 1044/6/1044
f 1039/6/1039 1043/6/1043 1050/6/1050
f 1066/6/1066 1046/6/1046 1040/6/1040
f 1067/6/1067 1044/6/1044 1046/6/1046
f 1043/6/1043 1042/6/1042 1051/6/1051
f 1040/6/1040 1039/6/1039 1060/6/1060
f 1081/6/1081 1091/6/1091 1082/6/1082
f 1084/6/1084 1126/6/1126 1085/6/1085
f 1087/6/1087 1090/6/1090 1088/6/1088
f 1090/6/1090 1083/6/1083 1082/6/1082
f 1092/6/1092 1102/6/1102 1093/6/1093
f 1093/6/1093 1102/6/1102 1095/6/1095
f 1096/6/1096 1095/6/1095 1097/6/1097
f 1098/6/1098 1097/6/1097 1099/6/1099
f 1095/6/1095 1103/6/1103 1101/6/1101
f 1102/6/1102 1106/6/1106 1103/6/1103
f 1104/6/1104 1106/6/1106 1102/6/1102
f 1105/6/1105 1107/6/1107 1106/6/1106
f 1107/6/1107 1105/6/1105 1108/6/1108
f 1094/6/1094 1093/6/1093 1110/6/1110
f 1109/6/1109 1113/6/1113 1112/6/1112
f 1115/6/1115 1110/6/1110 1093/6/1093
f 1116/6/1116 1115/6/1115 1096/6/1096
f 1115/6/1115 1123/6/1123 1114/6/1114
f 1117/6/1117 1123/6/1123 1115/6/1115
f 1118/6/1118 1117/6/1117 1116/6/1116
f 1099/6/1099 1101/6/1101 1119/6/1119
f 1101/6/1101 1103/6/1103 1121/6/1121
f 1103/6/1103 1106/6/1106 1122/6/1122
f 1120/6/1120 1118/6/1118 1100/6/1100
f 1106/6/1106 1107/6/1107 1112/6/1112
f 1122/6/1122 1112/6/1112 1114/6/1114
f 1112/6/1112 1113/6/1113 1114/6/1114
f 1114/6/1114 1123/6/1123 1122/6/1122
f 1123/6/1123 1117/6/1117 1121/6/1121
f 1117/6/1117 1118/6/1118 1120/6/1120
f 1119/6/1119 1117/6/1117 1120/6/1120
f 1119/6/1119 1121/6/1121 1117/6/1117
f 1094/6/1094 1111/6/1111 1087/6/1087
f 1092/6/1092 1086/6/1086 1081/6/1081
f 1108/6/1108 1105/6/1105 1083/6/1083
f 1111/6/1111 1108/6/1108 1090/6/1090
f 1094/6/1094 1084/6/1084 1086/6/1086
f 1104/6/1104 1081/6/1081 1083/6/1083
f 1047/6/1047 1038/6/1038 1124/6/1124
f 1041/6/1041 1085/6/1085 1126/6/1126
f 1048/6/1048 1129/6/1129 1128/6/1128
f 1045/6/1045 1128/6/1128 1124/6/1124
f 1041/6/1041 1047/6/1047 1125/6/1125
f 1127/6/1127 1126/6/1126 1129/6/1129
f 1129/6/1129 1126/6/1126 1084/6/1084
f 1086/6/1086 1085/6/1085 1125/6/1125
f 1130/6/1130 1145/6/1145 1084/6/1084
f 1091/6/1091 1125/6/1125 1124/6/1124
f 1088/6/1088 1082/6/1082 1124/6/1124
f 1089/6/1089 1088/6/1088 1128/6/1128
f 1084/6/1084 1145/6/1145 1131/6/1131
f 1132/6/1132 1130/6/1130 1086/6/1086
f 1133/6/1133 1147/6/1147 1132/6/1132
f 1131/6/1131 1149/6/1149 1134/6/1134
f 1135/6/1135 1146/6/1146 1136/6/1136
f 1138/6/1138 1146/6/1146 1135/6/1135
f 1137/6/1137 1136/6/1136 1140/6/1140
f 1142/6/1142 1141/6/1141 1140/6/1140
f 1144/6/1144 1148/6/1148 1138/6/1138
f 1145/6/1145 1146/6/1146 1138/6/1138
f 1089/6/1089 1134/6/1134 1144/6/1144
f 1086/6/1086 1137/6/1137 1141/6/1141
f 1130/6/1130 1136/6/1136 1146/6/1146
f 1086/6/1086 1084/6/1084 1135/6/1135
f 1133/6/1133 1142/6/1142 1143/6/1143
f 1130/6/1130 1132/6/1132 1140/6/1140
f 1131/6/1131 1138/6/1138 1148/6/1148
f 1134/6/1134 1149/6/1149 1148/6/1148
f 1091/6/1091 1141/6/1141 1142/6/1142
f 1132/6/1132 1147/6/1147 1143/6/1143
f 1089/6/1089 1139/6/1139 1135/6/1135
# Vertices: 112, normals: 112, texture coordinates: 1, faces: 224

o obj7
v 0.0863651 0.01938082 3.18115425
v 0.12673366 0.00868798 3.28000641
v 0.09236622 0.05839789 3.28547478
v 0.12444732 -0.0557308 3.19394112
v 0.15054321 -0.06895553 3.29035521
v 0.11016023 -0.14946723 3.05361414
v 0.10075152 -0.1980131 3.16323185
v 0.12486982 -0.10672563 3.1726203
v 0.08172321 -0.22958627 3.02608824
v 0.06186431 -0.27575666 3.1375258
v 0.12952864 0.00846828 3.33433008
v 0.09497607 0.05699323 3.37744284
v 0.1442914 -0.04588474 3.36434889
v 0.09850633 -0.01615494 3.45367527
v 0.1386261 -0.10231633 3.37047625
v 0.09480464 -0.11353455 3.46677494
v 0.13057232 -0.15074158 3.35361958
v 0.09173727 -0.20880111 3.4299984
v 0.14267468 -0.10470835 3.26765442
v 0.12376535 -0.18599273 3.32247019
v 0.09101748 -0.25652725 3.35995483
v 0.11817002 -0.22206894 3.27944946
v 0.07911074 -0.27897003 3.30412388
v 0.0701406 -0.26346198 3.25101805
v 0.04683179 -0.21207194 3.45111418
v 0.03770349 -0.11851484 3.48727036
v 0.0554893 -0.11696358 3.48088646
v 0.02835004 -0.27224585 3.38587713
v 0.02651706 -0.21355163 3.46066689
v 0 -0.2894713 3.29869461
v 0 -0.27935675 3.39760399
v 0 -0.30718392 3.25642157
v 0.02464134 -0.31183517 3.24325657
v 0 -0.33498263 3.19094944
v 0.01570388 -0.29455578 3.2837956
v 0 -0.29571405 3.2837956
v 0.01779551 -0.3002167 3.27048135
v 0 -0.301449 3.2701087
v 0.03770349 -0.01770619 3.48727036
v 0.0554893 -0.01615494 3.48088646
v 0.01929302 0.07378177 3.38865566
v 0.01231706 0.07532923 3.38968921
v 0.01929303 0.08876196 3.28793955
v 0.019293 0.0582912 3.14306259
v 0.06206176 0.0562019 3.09663367
v 0.08679855 0.03199935 3.13814497
v 0.019293 0.05435163 3.18694568
v 0.01231702 0.06909801 3.09959435
v 0.01231703 0.06101405 3.14357114
v 0.01231704 0.05798883 3.18754792
v 0.01231702 0.0916607 3.28817487
v 0.13563164 0.01305304 3.27867675
v 0.09183921 0.02748562 3.17907047
v 0.098263 0.06636352 3.28414202
v 0.13403654 -0.05358841 3.19208288
v 0.12804091 -0.02043665 3.17743993
v 0.10997391 -0.20174825 3.1622355
v 0.11973755 -0.15230973 3.05317736
v 0.13446881 -0.10921411 3.17132998
v 0.07057551 -0.28062895 3.13691664
v 0.0908867 -0.23357534 3.02575254
v 0.13854595 0.01271004 3.33516073
v 0.10514502 -0.01257237 3.46023941
v 0.10092565 0.06443638 3.38047576
v 0.14820281 -0.10362711 3.37303877
v 0.15394379 -0.04455901 3.36660028
v 0.10167528 -0.11480198 3.47392917
v 0.14012919 -0.15307532 3.3554132
v 0.16052735 -0.068412 3.29021025
v 0.15246533 -0.10670517 3.26726246
v 0.09846782 -0.21359007 3.4356339
v 0.13325264 -0.19979678 3.3235023
v 0.09761986 -0.27427092 3.36285734
v 0.1274211 -0.22585475 3.27916574
v 0.07841295 -0.26894891 3.24981189
v 0.05078699 -0.21750332 3.45852041
v 0.04139318 -0.12011217 3.49642611
v 0.0304921 -0.2188887 3.46813083
v 0.03141715 -0.2918182 3.38960981
v 0 -0.2988708 3.40140915
v 0 -0.29898056 3.3014214
v 0.0265225 -0.2957609 3.302634
v 0.08482198 -0.28696284 3.30599189
v 0 -0.3163709 3.26034617
v 0.02501184 -0.32101911 3.24719501
v 0.02507226 -0.31473511 3.2611928
v 0.01643785 -0.30370766 3.2877574
v 0.01834759 -0.30940187 3.27439594
v 0 -0.31063354 3.27402401
v 0 -0.304869 3.28775334
v 0.05943504 -0.11842969 3.48995709
v 0.0406586 -0.0139457 3.49605203
v 0.05896384 -0.01207278 3.48932791
v 0.02215627 0.08252136 3.39258218
v 0.02286888 0.09804691 3.28694153
v 0.02294698 0.06746934 3.14163685
v 0.06565228 0.06551687 3.09610295
v 0.02285969 0.07659431 3.09834433
v 0.02303426 0.06340311 3.18492913
v 0.01594782 0.0701403 3.14175463
v 0.01583122 0.07835855 3.09821939
v 0.01606441 0.06698081 3.18528986
v 0.01590966 0.10096854 3.28750253
v 0.01497674 0.08409201 3.39370608
v 0.09133787 0.04071223 3.13692713
v 0.11913621 -0.02439917 3.17967606
v 0.04874102 -0.31262994 3.00442982
v 0.03982687 -0.3081077 3.00471497
v 0.02464134 -0.28620037 3.30038571
v 0 -0.34416658 3.19488788
v 0.02464134 -0.30554843 3.257267
v 0.019293 0.06728952 3.09917927
v -0.12673366 0.00868798 3.28000641
v -0.0863651 0.01938082 3.18115425
v -0.09236622 0.05839789 3.28547478
v -0.12444732 -0.0557308 3.19394112
v -0.11913621 -0.02439917 3.17967606
v -0.10075152 -0.1980131 3.16323185
v -0.11016023 -0.14946723 3.05361414
v -0.12486982 -0.10672563 3.1726203
v -0.06186431 -0.27575666 3.1375258
v -0.08172321 -0.22958627 3.02608824
v -0.12952864 0.00846828 3.33433008
v -0.09497607 0.05699323 3.37744284
v -0.1442914 -0.04588474 3.36434889
v -0.09850633 -0.01615494 3.45367527
v -0.1386261 -0.10231633 3.37047625
v -0.09480464 -0.11353455 3.46677494
v -0.13057232 -0.15074158 3.35361958
v -0.15054321 -0.06895553 3.29035521
v -0.14267468 -0.10470835 3.26765442
v -0.09173727 -0.20880111 3.4299984
v -0.12376535 -0.18599273 3.32247019
v -0.09101748 -0.25652725 3.35995483
v -0.11817002 -0.22206894 3.27944946
v -0.0701406 -0.26346198 3.25101805
v -0.04683179 -0.21207194 3.45111418
v -0.03770349 -0.11851484 3.48727036
v -0.02651706 -0.21355163 3.46066689
v -0.02835004 -0.27224585 3.38587713
v -0.02464134 -0.28620037 3.30038571
v -0.07911074 -0.27897003 3.30412388
v -0.02464134 -0.31183517 3.24325657
v -0.02464134 -0.30554843 3.257267
v -0.01570388 -0.29455578 3.2837956
v -0.01779551 -0.3002167 3.27048135
v -0.0554893 -0.11696358 3.48088646
v -0.03770349 -0.01770619 3.48727036
v -0.0554893 -0.01615494 3.48088646
v -0.01929302 0.07378177 3.38865566
v -0.01929303 0.08876196 3.28793955
v -0.019293 0.0582912 3.14306259
v -0.06206176 0.0562019 3.09663367
v -0.019293 0.06728952 3.09917927
v -0.019293 0.05435163 3.18694568
v -0.01231702 0.06909801 3.09959435
v -0.01231703 0.06101405 3.14357114
v -0.01231704 0.05798883 3.18754792
v -0.01231702 0.0916607 3.28817487
v -0.01231706 0.07532923 3.38968921
v -0.09183921 0.02748562 3.17907047
v -0.13563164 0.01305304 3.27867675
v -0.098263 0.06636352 3.28414202
v -0.13403654 -0.05358841 3.19208288
v -0.16052735 -0.068412 3.29021025
v -0.11973755 -0.15230973 3.05317736
v -0.10997391 -0.20174825 3.1622355
v -0.13446881 -0.10921411 3.17132998
v -0.0908867 -0.23357534 3.02575254
v -0.07057551 -0.28062895 3.13691664
v -0.13854595 0.01271004 3.33516073
v -0.10092565 0.06443638 3.38047576
v -0.10514502 -0.01257237 3.46023941
v -0.14820281 -0.10362711 3.37303877
v -0.10167528 -0.11480198 3.47392917
v -0.14012919 -0.15307532 3.3554132
v -0.09846782 -0.21359007 3.4356339
v -0.15246533 -0.10670517 3.26726246
v -0.13325264 -0.19979678 3.3235023
v -0.09761986 -0.27427092 3.36285734
v -0.1274211 -0.22585475 3.27916574
v -0.08482198 -0.28696284 3.30599189
v -0.07841295 -0.26894891 3.24981189
v -0.05078699 -0.21750332 3.45852041
v -0.04139318 -0.12011217 3.49642611
v -0.05943504 -0.11842969 3.48995709
v -0.03141715 -0.2918182 3.38960981
v -0.0304921 -0.2188887 3.46813083
v -0.02501184 -0.32101911 3.24719501
v -0.01643785 -0.30370766 3.2877574
v -0.01834759 -0.30940187 3.27439594
v -0.0406586 -0.0139457 3.49605203
v -0.05896384 -0.01207278 3.48932791
v -0.02215627 0.08252136 3.39258218
v -0.01497674 0.08409201 3.39370608
v -0.02286888 0.09804691 3.28694153
v -0.02294698 0.06746934 3.14163685
v -0.06565228 0.06551687 3.09610295
v -0.09133787 0.04071223 3.13692713
v -0.02303426 0.06340311 3.18492913
v -0.01594782 0.0701403 3.14175463
v -0.02285969 0.07659431 3.09834433
v -0.01606441 0.06698081 3.18528986
v -0.01590966 0.10096854 3.28750253
v -0.08679855 0.03199935 3.13814497
v -0.12804091 -0.02043665 3.17743993
v -0.04874102 -0.31262994 3.00442982
v -0.03982687 -0.3081077 3.00471497
v -0.0265225 -0.2957609 3.302634
v -0.02507226 -0.31473511 3.2611928
v -0.01583122 0.07835855 3.09821939
v -0.15394379 -0.04455901 3.36660028
vn -0.42564 -0.85835 -0.28647
vn -0.88742 -0.43754 0.14505
vn -0.60457 -0.78194 0.15188
vn -0.5753 -0.7287 -0.37152
vn -0.92339 -0.20763 -0.32286
vn -0.45542 0.7063 -0.54197
vn -0.92789 0.36181 0.09009
vn -0.50811 0.85844 -0.07006
vn -0.56515 0.4705 -0.67767
vn -0.95191 -0.26564 0.15264
vn -0.90199 -0.42603 -0.0701
vn -0.58074 -0.74785 -0.32165
vn -0.96004 -0.13552 -0.24487
vn -0.68629 -0.36712 -0.62788
vn -0.95235 0.1482 -0.26659
vn -0.67374 0.1269 -0.72799
vn -0.95285 0.24605 -0.17759
vn -0.68134 0.47142 -0.55994
vn -0.69677 0.67298 -0.24823
vn -0.95399 0.2769 -0.11502
vn -0.68606 0.666 -0.29285
vn -0.99012 0.12313 0.06704
vn -0.35253 0.33159 -0.87508
vn -0.82563 -0.16825 0.53854
vn -0.38215 0.54326 -0.74755
vn -0.93182 0.11262 -0.34501
vn -0.34573 0.15636 -0.92522
vn -0.33042 0.86974 -0.36658
vn -0.94326 0.30564 -0.12976
vn -0.41463 0.87293 -0.25704
vn -0.33931 0.93832 -0.06651
vn -0.44701 0.82219 -0.35241
vn 0.70756 0.57264 -0.41406
vn -0.72058 0.1195 -0.68299
vn 0.54535 0.7158 -0.43615
vn -0.44804 0.82455 -0.34549
vn 0.59943 0.78966 -0.13084
vn -0.44783 0.8236 -0.34805
vn -0.94457 -0.19762 -0.26216
vn -0.36802 -0.4192 -0.82996
vn -0.26152 -0.87516 -0.40708
vn -0.92543 -0.37035 -0.08015
vn -0.36319 -0.92628 0.10052
vn -0.35226 -0.92435 -0.14659
vn 0.12068 -0.59841 -0.79205
vn 0.32771 -0.85844 -0.39456
vn -0.42682 -0.89803 0.10657
vn -0.77377 -0.32757 -0.54219
vn -0.91248 -0.40494 -0.0583
vn -0.90665 -0.41691 0.06455
vn -0.95409 -0.29873 0.02185
vn 0.88631 0.44001 -0.14436
vn 0.79978 0.43606 -0.41255
vn 0.60404 0.78269 -0.15012
vn 0.6198 -0.518 -0.58951
vn 0.58466 0.08198 -0.80712
vn 0.92782 -0.36198 -0.09007
vn 0.73129 0.33596 -0.59359
vn 0.79697 0.55534 -0.23756
vn 0.33704 -0.93297 0.12637
vn 0.70471 -0.11318 -0.70041
vn 0.89996 0.42757 0.08521
vn 0.68763 0.36761 0.62612
vn 0.58439 0.74404 0.32388
vn 0.95144 -0.14662 0.27069
vn 0.95757 0.14271 0.25039
vn 0.67779 -0.12458 0.72463
vn 0.95524 -0.22434 0.19285
vn 0.95217 -0.07189 -0.29699
vn 0.90134 0.27666 -0.33324
vn 0.68865 -0.43803 0.57783
vn 0.9537 -0.27839 0.11379
vn 0.66819 -0.69536 0.26456
vn 0.81615 -0.5631 -0.12969
vn 0.14205 -0.91155 0.38588
vn 0.39398 -0.51098 0.76399
vn -0.36142 -0.11817 0.92488
vn -0.29335 -0.40442 0.86625
vn 0.32129 -0.88046 0.34866
vn -0.27954 -0.83151 0.48004
vn -0.49596 -0.84453 0.20196
vn 0.41116 -0.83216 -0.37211
vn 0.38377 -0.77925 -0.49548
vn -0.44804 -0.82173 0.35216
vn 0.75404 -0.64683 0.11417
vn 0.76211 -0.50782 0.40163
vn 0.65264 -0.73261 0.19327
vn 0.67804 -0.57691 0.45545
vn -0.44775 -0.82353 0.3483
vn -0.44698 -0.82321 0.35006
vn 0.35424 -0.15369 0.92244
vn -0.38009 0.30494 0.87324
vn 0.36916 0.42241 0.82782
vn 0.26561 0.87384 0.40726
vn 0.36492 0.92544 -0.10195
vn 0.35142 0.92415 0.14986
vn 0.55615 0.55229 -0.62102
vn 0.1766 0.73408 -0.6557
vn 0.4288 0.89766 -0.10168
vn -0.40967 0.90329 0.12746
vn -0.37424 0.73832 -0.5611
vn -0.38971 0.9137 -0.11522
vn -0.36158 0.92979 -0.06887
vn -0.47465 0.77124 0.42414
vn 0.93931 0.27336 -0.20732
vn -0.63489 -0.42165 -0.6474
vn 0.20101 -0.78013 -0.59245
vn -0.78529 -0.2726 -0.55588
vn 0.18771 0.76106 -0.62093
vn -0.72398 -0.57556 -0.38024
vn 0.70052 0.70215 -0.12752
vn -0.20016 -0.64179 -0.7403
vn 0.88742 -0.43754 0.14505
vn 0.42564 -0.85835 -0.28647
vn 0.60457 -0.78194 0.15188
vn 0.5753 -0.7287 -0.37152
vn 0.63489 -0.42165 -0.6474
vn 0.92789 0.36181 0.09009
vn 0.45542 0.7063 -0.54197
vn 0.50811 0.85844 -0.07006
vn 0.95191 -0.26564 0.15264
vn 0.56515 0.4705 -0.67767
vn 0.90199 -0.42603 -0.0701
vn 0.58074 -0.74785 -0.32165
vn 0.96004 -0.13552 -0.24487
vn 0.68629 -0.36712 -0.62788
vn 0.95235 0.1482 -0.26659
vn 0.67374 0.1269 -0.72799
vn 0.95285 0.24605 -0.17759
vn 0.92339 -0.20763 -0.32286
vn 0.69677 0.67298 -0.24823
vn 0.68134 0.47142 -0.55994
vn 0.95399 0.2769 -0.11502
vn 0.68606 0.666 -0.29285
vn 0.99012 0.12313 0.06704
vn 0.82563 -0.16825 0.53854
vn 0.38215 0.54326 -0.74755
vn 0.93182 0.11262 -0.34501
vn 0.94326 0.30564 -0.12976
vn 0.33042 0.86974 -0.36658
vn -0.18771 0.76106 -0.62093
vn 0.35253 0.33159 -0.87508
vn -0.70756 0.57264 -0.41406
vn -0.70052 0.70215 -0.12752
vn -0.54535 0.7158 -0.43615
vn -0.59943 0.78966 -0.13084
vn 0.34573 0.15636 -0.92522
vn 0.94457 -0.19762 -0.26216
vn 0.36802 -0.4192 -0.82996
vn 0.26152 -0.87516 -0.40708
vn 0.36319 -0.92628 0.10052
vn 0.35226 -0.92435 -0.14659
vn -0.12068 -0.59841 -0.79205
vn 0.20016 -0.64179 -0.7403
vn 0.42682 -0.89803 0.10657
vn 0.77377 -0.32757 -0.54219
vn 0.91248 -0.40494 -0.0583
vn 0.90665 -0.41691 0.06455
vn 0.95409 -0.29873 0.02185
vn 0.92543 -0.37035 -0.08015
vn -0.79978 0.43606 -0.41255
vn -0.88631 0.44001 -0.14436
vn -0.60404 0.78269 -0.15012
vn -0.6198 -0.518 -0.58951
vn -0.95217 -0.07189 -0.29699
vn -0.73129 0.33596 -0.59359
vn -0.92782 -0.36198 -0.09007
vn -0.79697 0.55534 -0.23756
vn -0.70471 -0.11318 -0.70041
vn -0.33704 -0.93297 0.12637
vn -0.89996 0.42757 0.08521
vn -0.58439 0.74404 0.32388
vn -0.68763 0.36761 0.62612
vn -0.95144 -0.14662 0.27069
vn -0.67779 -0.12458 0.72463
vn -0.95524 -0.22434 0.19285
vn -0.68865 -0.43803 0.57783
vn -0.90134 0.27666 -0.33324
vn -0.9537 -0.27839 0.11379
vn -0.66819 -0.69536 0.26456
vn -0.81615 -0.5631 -0.12969
vn -0.38377 -0.77925 -0.49548
vn -0.14205 -0.91155 0.38588
vn -0.39398 -0.51098 0.76399
vn 0.36142 -0.11817 0.92488
vn -0.35424 -0.15369 0.92244
vn -0.32129 -0.88046 0.34866
vn 0.29335 -0.40442 0.86625
vn -0.75404 -0.64683 0.11417
vn -0.65263 -0.73261 0.19327
vn -0.67804 -0.57691 0.45545
vn 0.38009 0.30494 0.87324
vn -0.36916 0.42241 0.82782
vn -0.26561 0.87384 0.40726
vn 0.47465 0.77124 0.42414
vn -0.36492 0.92544 -0.10195
vn -0.35142 0.92415 0.14986
vn -0.55615 0.55229 -0.62102
vn -0.93931 0.27335 -0.20732
vn -0.4288 0.89766 -0.10168
vn 0.40967 0.90329 0.12746
vn -0.1766 0.73408 -0.6557
vn 0.38971 0.9137 -0.11522
vn 0.36158 0.92979 -0.06887
vn -0.32771 -0.85844 -0.39456
vn -0.58466 0.08198 -0.80712
vn -0.20101 -0.78013 -0.59245
vn 0.78529 -0.2726 -0.55588
vn -0.41116 -0.83216 -0.37211
vn -0.76211 -0.50782 0.40163
vn 0.37424 0.73832 -0.5611
vn -0.95757 0.14271 0.25039
vt 0 0
usemtl mat3
f 1150/7/1150 1151/7/1151 1152/7/1152
f 1151/7/1151 1153/7/1153 1154/7/1154
f 1155/7/1155 1156/7/1156 1157/7/1157
f 1158/7/1158 1159/7/1159 1156/7/1156
f 1152/7/1152 1160/7/1160 1161/7/1161
f 1161/7/1161 1162/7/1162 1163/7/1163
f 1163/7/1163 1164/7/1164 1165/7/1165
f 1165/7/1165 1166/7/1166 1167/7/1167
f 1154/7/1154 1160/7/1160 1151/7/1151
f 1164/7/1164 1154/7/1154 1168/7/1168
f 1164/7/1164 1168/7/1168 1166/7/1166
f 1167/7/1167 1169/7/1169 1170/7/1170
f 1170/7/1170 1171/7/1171 1172/7/1172
f 1168/7/1168 1169/7/1169 1166/7/1166
f 1156/7/1156 1168/7/1168 1157/7/1157
f 1173/7/1173 1156/7/1156 1159/7/1159
f 1174/7/1174 1175/7/1175 1176/7/1176
f 1177/7/1177 1178/7/1178 1174/7/1174
f 1177/7/1177 1179/7/1179 1180/7/1180
f 1172/7/1172 1177/7/1177 1170/7/1170
f 1177/7/1177 1167/7/1167 1170/7/1170
f 1174/7/1174 1165/7/1165 1167/7/1167
f 1181/7/1181 1182/7/1182 1183/7/1183
f 1179/7/1179 1184/7/1184 1185/7/1185
f 1186/7/1186 1181/7/1181 1187/7/1187
f 1184/7/1184 1187/7/1187 1185/7/1185
f 1176/7/1176 1188/7/1188 1189/7/1189
f 1165/7/1165 1189/7/1189 1163/7/1163
f 1163/7/1163 1190/7/1190 1161/7/1161
f 1190/7/1190 1188/7/1188 1191/7/1191
f 1192/7/1192 1161/7/1161 1190/7/1190
f 1193/7/1193 1194/7/1194 1195/7/1195
f 1196/7/1196 1152/7/1152 1192/7/1192
f 1197/7/1197 1193/7/1193 1198/7/1198
f 1199/7/1199 1192/7/1192 1200/7/1200
f 1200/7/1200 1190/7/1190 1191/7/1191
f 1201/7/1201 1202/7/1202 1203/7/1203
f 1201/7/1201 1204/7/1204 1205/7/1205
f 1206/7/1206 1207/7/1207 1208/7/1208
f 1209/7/1209 1210/7/1210 1206/7/1206
f 1203/7/1203 1211/7/1211 1201/7/1201
f 1212/7/1212 1211/7/1211 1213/7/1213
f 1212/7/1212 1214/7/1214 1215/7/1215
f 1216/7/1216 1217/7/1217 1214/7/1214
f 1218/7/1218 1211/7/1211 1215/7/1215
f 1218/7/1218 1214/7/1214 1219/7/1219
f 1214/7/1214 1217/7/1217 1219/7/1219
f 1220/7/1220 1221/7/1221 1217/7/1217
f 1222/7/1222 1223/7/1223 1221/7/1221
f 1219/7/1219 1221/7/1221 1223/7/1223
f 1206/7/1206 1219/7/1219 1223/7/1223
f 1206/7/1206 1224/7/1224 1209/7/1209
f 1225/7/1225 1226/7/1226 1227/7/1227
f 1228/7/1228 1227/7/1227 1229/7/1229
f 1228/7/1228 1230/7/1230 1231/7/1231
f 1228/7/1228 1232/7/1232 1222/7/1222
f 1220/7/1220 1228/7/1228 1222/7/1222
f 1216/7/1216 1225/7/1225 1220/7/1220
f 1233/7/1233 1234/7/1234 1235/7/1235
f 1230/7/1230 1236/7/1236 1231/7/1231
f 1233/7/1233 1237/7/1237 1238/7/1238
f 1238/7/1238 1236/7/1236 1239/7/1239
f 1240/7/1240 1241/7/1241 1226/7/1226
f 1216/7/1216 1242/7/1242 1240/7/1240
f 1212/7/1212 1243/7/1243 1242/7/1242
f 1243/7/1243 1241/7/1241 1242/7/1242
f 1213/7/1213 1244/7/1244 1243/7/1243
f 1245/7/1245 1246/7/1246 1247/7/1247
f 1203/7/1203 1248/7/1248 1244/7/1244
f 1249/7/1249 1247/7/1247 1250/7/1250
f 1244/7/1244 1251/7/1251 1252/7/1252
f 1243/7/1243 1252/7/1252 1253/7/1253
f 1194/7/1194 1254/7/1254 1195/7/1195
f 1150/7/1150 1205/7/1205 1255/7/1255
f 1154/7/1154 1204/7/1204 1218/7/1218
f 1255/7/1255 1204/7/1204 1153/7/1153
f 1155/7/1155 1208/7/1208 1207/7/1207
f 1158/7/1158 1207/7/1207 1210/7/1210
f 1158/7/1158 1256/7/1256 1257/7/1257
f 1257/7/1257 1209/7/1209 1159/7/1159
f 1154/7/1154 1219/7/1219 1168/7/1168
f 1168/7/1168 1208/7/1208 1157/7/1157
f 1172/7/1172 1223/7/1223 1232/7/1232
f 1171/7/1171 1224/7/1224 1223/7/1223
f 1159/7/1159 1224/7/1224 1173/7/1173
f 1180/7/1180 1230/7/1230 1229/7/1229
f 1180/7/1180 1227/7/1227 1178/7/1178
f 1178/7/1178 1226/7/1226 1175/7/1175
f 1172/7/1172 1231/7/1231 1258/7/1258
f 1185/7/1185 1230/7/1230 1179/7/1179
f 1181/7/1181 1259/7/1259 1233/7/1233
f 1182/7/1182 1235/7/1235 1234/7/1234
f 1183/7/1183 1234/7/1234 1259/7/1259
f 1186/7/1186 1236/7/1236 1237/7/1237
f 1184/7/1184 1231/7/1231 1236/7/1236
f 1185/7/1185 1238/7/1238 1239/7/1239
f 1260/7/1260 1237/7/1237 1235/7/1235
f 1187/7/1187 1233/7/1233 1238/7/1238
f 1188/7/1188 1226/7/1226 1241/7/1241
f 1194/7/1194 1247/7/1247 1246/7/1246
f 1261/7/1261 1250/7/1250 1247/7/1247
f 1198/7/1198 1251/7/1251 1249/7/1249
f 1200/7/1200 1251/7/1251 1199/7/1199
f 1188/7/1188 1253/7/1253 1191/7/1191
f 1191/7/1191 1252/7/1252 1200/7/1200
f 1197/7/1197 1249/7/1249 1250/7/1250
f 1195/7/1195 1202/7/1202 1150/7/1150
f 1251/7/1251 1245/7/1245 1249/7/1249
f 1248/7/1248 1254/7/1254 1245/7/1245
f 1198/7/1198 1196/7/1196 1199/7/1199
f 1196/7/1196 1195/7/1195 1150/7/1150
f 1262/7/1262 1263/7/1263 1264/7/1264
f 1262/7/1262 1265/7/1265 1266/7/1266
f 1267/7/1267 1268/7/1268 1269/7/1269
f 1270/7/1270 1271/7/1271 1267/7/1267
f 1264/7/1264 1272/7/1272 1262/7/1262
f 1273/7/1273 1274/7/1274 1272/7/1272
f 1275/7/1275 1276/7/1276 1274/7/1274
f 1277/7/1277 1278/7/1278 1276/7/1276
f 1279/7/1279 1272/7/1272 1274/7/1274
f 1279/7/1279 1276/7/1276 1280/7/1280
f 1276/7/1276 1278/7/1278 1280/7/1280
f 1281/7/1281 1282/7/1282 1278/7/1278
f 1283/7/1283 1284/7/1284 1282/7/1282
f 1280/7/1280 1282/7/1282 1284/7/1284
f 1267/7/1267 1280/7/1280 1284/7/1284
f 1267/7/1267 1285/7/1285 1270/7/1270
f 1286/7/1286 1287/7/1287 1288/7/1288
f 1289/7/1289 1288/7/1288 1180/7/1180
f 1289/7/1289 1179/7/1179 1290/7/1290
f 1289/7/1289 1291/7/1291 1283/7/1283
f 1281/7/1281 1289/7/1289 1283/7/1283
f 1277/7/1277 1286/7/1286 1281/7/1281
f 1181/7/1181 1292/7/1292 1293/7/1293
f 1179/7/1179 1294/7/1294 1290/7/1290
f 1181/7/1181 1295/7/1295 1187/7/1187
f 1187/7/1187 1294/7/1294 1185/7/1185
f 1296/7/1296 1297/7/1297 1287/7/1287
f 1277/7/1277 1298/7/1298 1296/7/1296
f 1275/7/1275 1299/7/1299 1298/7/1298
f 1299/7/1299 1297/7/1297 1298/7/1298
f 1273/7/1273 1300/7/1300 1299/7/1299
f 1301/7/1301 1302/7/1302 1303/7/1303
f 1264/7/1264 1304/7/1304 1300/7/1300
f 1301/7/1301 1305/7/1305 1306/7/1306
f 1300/7/1300 1307/7/1307 1308/7/1308
f 1299/7/1299 1308/7/1308 1309/7/1309
f 1310/7/1310 1311/7/1311 1312/7/1312
f 1311/7/1311 1313/7/1313 1314/7/1314
f 1315/7/1315 1316/7/1316 1317/7/1317
f 1318/7/1318 1319/7/1319 1316/7/1316
f 1312/7/1312 1320/7/1320 1321/7/1321
f 1320/7/1320 1322/7/1322 1321/7/1321
f 1322/7/1322 1323/7/1323 1324/7/1324
f 1324/7/1324 1325/7/1325 1326/7/1326
f 1314/7/1314 1320/7/1320 1311/7/1311
f 1323/7/1323 1314/7/1314 1327/7/1327
f 1323/7/1323 1327/7/1327 1325/7/1325
f 1326/7/1326 1328/7/1328 1329/7/1329
f 1329/7/1329 1330/7/1330 1331/7/1331
f 1327/7/1327 1328/7/1328 1325/7/1325
f 1316/7/1316 1327/7/1327 1317/7/1317
f 1332/7/1332 1316/7/1316 1319/7/1319
f 1333/7/1333 1334/7/1334 1335/7/1335
f 1336/7/1336 1337/7/1337 1333/7/1333
f 1336/7/1336 1230/7/1230 1229/7/1229
f 1331/7/1331 1336/7/1336 1329/7/1329
f 1336/7/1336 1326/7/1326 1329/7/1329
f 1333/7/1333 1324/7/1324 1326/7/1326
f 1233/7/1233 1338/7/1338 1259/7/1259
f 1230/7/1230 1339/7/1339 1239/7/1239
f 1340/7/1340 1233/7/1233 1238/7/1238
f 1339/7/1339 1238/7/1238 1239/7/1239
f 1335/7/1335 1341/7/1341 1342/7/1342
f 1324/7/1324 1342/7/1342 1322/7/1322
f 1322/7/1322 1343/7/1343 1321/7/1321
f 1343/7/1343 1341/7/1341 1344/7/1344
f 1345/7/1345 1321/7/1321 1343/7/1343
f 1346/7/1346 1347/7/1347 1348/7/1348
f 1349/7/1349 1312/7/1312 1345/7/1345
f 1350/7/1350 1351/7/1351 1346/7/1346
f 1352/7/1352 1345/7/1345 1353/7/1353
f 1353/7/1353 1343/7/1343 1344/7/1344
f 1348/7/1348 1302/7/1302 1354/7/1354
f 1355/7/1355 1263/7/1263 1266/7/1266
f 1279/7/1279 1313/7/1313 1265/7/1265
f 1313/7/1313 1266/7/1266 1265/7/1265
f 1268/7/1268 1317/7/1317 1269/7/1269
f 1271/7/1271 1315/7/1315 1268/7/1268
f 1356/7/1356 1271/7/1271 1357/7/1357
f 1319/7/1319 1357/7/1357 1270/7/1270
f 1327/7/1327 1279/7/1279 1280/7/1280
f 1317/7/1317 1280/7/1280 1269/7/1269
f 1291/7/1291 1330/7/1330 1284/7/1284
f 1284/7/1284 1332/7/1332 1285/7/1285
f 1332/7/1332 1270/7/1270 1285/7/1285
f 1337/7/1337 1180/7/1180 1288/7/1288
f 1334/7/1334 1288/7/1288 1287/7/1287
f 1358/7/1358 1291/7/1291 1290/7/1290
f 1292/7/1292 1359/7/1359 1293/7/1293
f 1183/7/1183 1338/7/1338 1292/7/1292
f 1295/7/1295 1339/7/1339 1294/7/1294
f 1294/7/1294 1358/7/1358 1290/7/1290
f 1293/7/1293 1340/7/1340 1295/7/1295
f 1297/7/1297 1334/7/1334 1287/7/1287
f 1302/7/1302 1351/7/1351 1303/7/1303
f 1303/7/1303 1360/7/1360 1305/7/1305
f 1306/7/1306 1352/7/1352 1307/7/1307
f 1352/7/1352 1308/7/1308 1307/7/1307
f 1344/7/1344 1297/7/1297 1309/7/1309
f 1353/7/1353 1309/7/1309 1308/7/1308
f 1305/7/1305 1350/7/1350 1306/7/1306
f 1310/7/1310 1354/7/1354 1263/7/1263
f 1352/7/1352 1346/7/1346 1349/7/1349
f 1349/7/1349 1348/7/1348 1310/7/1310
f 1304/7/1304 1306/7/1306 1307/7/1307
f 1304/7/1304 1354/7/1354 1301/7/1301
f 1150/7/1150 1255/7/1255 1151/7/1151
f 1151/7/1151 1255/7/1255 1153/7/1153
f 1155/7/1155 1158/7/1158 1156/7/1156
f 1158/7/1158 1257/7/1257 1159/7/1159
f 1152/7/1152 1151/7/1151 1160/7/1160
f 1161/7/1161 1160/7/1160 1162/7/1162
f 1163/7/1163 1162/7/1162 1164/7/1164
f 1165/7/1165 1164/7/1164 1166/7/1166
f 1154/7/1154 1162/7/1162 1160/7/1160
f 1164/7/1164 1162/7/1162 1154/7/1154
f 1167/7/1167 1166/7/1166 1169/7/1169
f 1170/7/1170 1169/7/1169 1171/7/1171
f 1168/7/1168 1171/7/1171 1169/7/1169
f 1156/7/1156 1171/7/1171 1168/7/1168
f 1173/7/1173 1171/7/1171 1156/7/1156
f 1174/7/1174 1178/7/1178 1175/7/1175
f 1177/7/1177 1180/7/1180 1178/7/1178
f 1177/7/1177 1258/7/1258 1179/7/1179
f 1172/7/1172 1258/7/1258 1177/7/1177
f 1177/7/1177 1174/7/1174 1167/7/1167
f 1174/7/1174 1176/7/1176 1165/7/1165
f 1181/7/1181 1260/7/1260 1182/7/1182
f 1179/7/1179 1258/7/1258 1184/7/1184
f 1186/7/1186 1260/7/1260 1181/7/1181
f 1184/7/1184 1186/7/1186 1187/7/1187
f 1176/7/1176 1175/7/1175 1188/7/1188
f 1165/7/1165 1176/7/1176 1189/7/1189
f 1163/7/1163 1189/7/1189 1190/7/1190
f 1190/7/1190 1189/7/1189 1188/7/1188
f 1192/7/1192 1152/7/1152 1161/7/1161
f 1193/7/1193 1261/7/1261 1194/7/1194
f 1196/7/1196 1150/7/1150 1152/7/1152
f 1197/7/1197 1261/7/1261 1193/7/1193
f 1199/7/1199 1196/7/1196 1192/7/1192
f 1200/7/1200 1192/7/1192 1190/7/1190
f 1201/7/1201 1205/7/1205 1202/7/1202
f 1201/7/1201 1218/7/1218 1204/7/1204
f 1206/7/1206 1210/7/1210 1207/7/1207
f 1209/7/1209 1256/7/1256 1210/7/1210
f 1203/7/1203 1213/7/1213 1211/7/1211
f 1212/7/1212 1215/7/1215 1211/7/1211
f 1212/7/1212 1216/7/1216 1214/7/1214
f 1216/7/1216 1220/7/1220 1217/7/1217
f 1218/7/1218 1201/7/1201 1211/7/1211
f 1218/7/1218 1215/7/1215 1214/7/1214
f 1220/7/1220 1222/7/1222 1221/7/1221
f 1222/7/1222 1232/7/1232 1223/7/1223
f 1219/7/1219 1217/7/1217 1221/7/1221
f 1206/7/1206 1208/7/1208 1219/7/1219
f 1206/7/1206 1223/7/1223 1224/7/1224
f 1225/7/1225 1240/7/1240 1226/7/1226
f 1228/7/1228 1225/7/1225 1227/7/1227
f 1228/7/1228 1229/7/1229 1230/7/1230
f 1228/7/1228 1231/7/1231 1232/7/1232
f 1220/7/1220 1225/7/1225 1228/7/1228
f 1216/7/1216 1240/7/1240 1225/7/1225
f 1233/7/1233 1259/7/1259 1234/7/1234
f 1230/7/1230 1239/7/1239 1236/7/1236
f 1233/7/1233 1235/7/1235 1237/7/1237
f 1238/7/1238 1237/7/1237 1236/7/1236
f 1240/7/1240 1242/7/1242 1241/7/1241
f 1216/7/1216 1212/7/1212 1242/7/1242
f 1212/7/1212 1213/7/1213 1243/7/1243
f 1243/7/1243 1253/7/1253 1241/7/1241
f 1213/7/1213 1203/7/1203 1244/7/1244
f 1245/7/1245 1254/7/1254 1246/7/1246
f 1203/7/1203 1202/7/1202 1248/7/1248
f 1249/7/1249 1245/7/1245 1247/7/1247
f 1244/7/1244 1248/7/1248 1251/7/1251
f 1243/7/1243 1244/7/1244 1252/7/1252
f 1194/7/1194 1246/7/1246 1254/7/1254
f 1150/7/1150 1202/7/1202 1205/7/1205
f 1154/7/1154 1153/7/1153 1204/7/1204
f 1255/7/1255 1205/7/1205 1204/7/1204
f 1155/7/1155 1157/7/1157 1208/7/1208
f 1158/7/1158 1155/7/1155 1207/7/1207
f 1158/7/1158 1210/7/1210 1256/7/1256
f 1257/7/1257 1256/7/1256 1209/7/1209
f 1154/7/1154 1218/7/1218 1219/7/1219
f 1168/7/1168 1219/7/1219 1208/7/1208
f 1172/7/1172 1171/7/1171 1223/7/1223
f 1171/7/1171 1173/7/1173 1224/7/1224
f 1159/7/1159 1209/7/1209 1224/7/1224
f 1180/7/1180 1179/7/1179 1230/7/1230
f 1180/7/1180 1229/7/1229 1227/7/1227
f 1178/7/1178 1227/7/1227 1226/7/1226
f 1172/7/1172 1232/7/1232 1231/7/1231
f 1185/7/1185 1239/7/1239 1230/7/1230
f 1181/7/1181 1183/7/1183 1259/7/1259
f 1182/7/1182 1260/7/1260 1235/7/1235
f 1183/7/1183 1182/7/1182 1234/7/1234
f 1186/7/1186 1184/7/1184 1236/7/1236
f 1184/7/1184 1258/7/1258 1231/7/1231
f 1185/7/1185 1187/7/1187 1238/7/1238
f 1260/7/1260 1186/7/1186 1237/7/1237
f 1187/7/1187 1181/7/1181 1233/7/1233
f 1188/7/1188 1175/7/1175 1226/7/1226
f 1194/7/1194 1261/7/1261 1247/7/1247
f 1261/7/1261 1197/7/1197 1250/7/1250
f 1198/7/1198 1199/7/1199 1251/7/1251
f 1200/7/1200 1252/7/1252 1251/7/1251
f 1188/7/1188 1241/7/1241 1253/7/1253
f 1191/7/1191 1253/7/1253 1252/7/1252
f 1197/7/1197 1198/7/1198 1249/7/1249
f 1195/7/1195 1254/7/1254 1202/7/1202
f 1251/7/1251 1248/7/1248 1245/7/1245
f 1248/7/1248 1202/7/1202 1254/7/1254
f 1198/7/1198 1193/7/1193 1196/7/1196
f 1196/7/1196 1193/7/1193 1195/7/1195
f 1262/7/1262 1266/7/1266 1263/7/1263
f 1262/7/1262 1279/7/1279 1265/7/1265
f 1267/7/1267 1271/7/1271 1268/7/1268
f 1270/7/1270 1357/7/1357 1271/7/1271
f 1264/7/1264 1273/7/1273 1272/7/1272
f 1273/7/1273 1275/7/1275 1274/7/1274
f 1275/7/1275 1277/7/1277 1276/7/1276
f 1277/7/1277 1281/7/1281 1278/7/1278
f 1279/7/1279 1262/7/1262 1272/7/1272
f 1279/7/1279 1274/7/1274 1276/7/1276
f 1281/7/1281 1283/7/1283 1282/7/1282
f 1283/7/1283 1291/7/1291 1284/7/1284
f 1280/7/1280 1278/7/1278 1282/7/1282
f 1267/7/1267 1269/7/1269 1280/7/1280
f 1267/7/1267 1284/7/1284 1285/7/1285
f 1286/7/1286 1296/7/1296 1287/7/1287
f 1289/7/1289 1286/7/1286 1288/7/1288
f 1289/7/1289 1180/7/1180 1179/7/1179
f 1289/7/1289 1290/7/1290 1291/7/1291
f 1281/7/1281 1286/7/1286 1289/7/1289
f 1277/7/1277 1296/7/1296 1286/7/1286
f 1181/7/1181 1183/7/1183 1292/7/1292
f 1179/7/1179 1185/7/1185 1294/7/1294
f 1181/7/1181 1293/7/1293 1295/7/1295
f 1187/7/1187 1295/7/1295 1294/7/1294
f 1296/7/1296 1298/7/1298 1297/7/1297
f 1277/7/1277 1275/7/1275 1298/7/1298
f 1275/7/1275 1273/7/1273 1299/7/1299
f 1299/7/1299 1309/7/1309 1297/7/1297
f 1273/7/1273 1264/7/1264 1300/7/1300
f 1301/7/1301 1354/7/1354 1302/7/1302
f 1264/7/1264 1263/7/1263 1304/7/1304
f 1301/7/1301 1303/7/1303 1305/7/1305
f 1300/7/1300 1304/7/1304 1307/7/1307
f 1299/7/1299 1300/7/1300 1308/7/1308
f 1310/7/1310 1355/7/1355 1311/7/1311
f 1311/7/1311 1355/7/1355 1313/7/1313
f 1315/7/1315 1318/7/1318 1316/7/1316
f 1318/7/1318 1356/7/1356 1319/7/1319
f 1312/7/1312 1311/7/1311 1320/7/1320
f 1320/7/1320 1361/7/1361 1322/7/1322
f 1322/7/1322 1361/7/1361 1323/7/1323
f 1324/7/1324 1323/7/1323 1325/7/1325
f 1314/7/1314 1361/7/1361 1320/7/1320
f 1323/7/1323 1361/7/1361 1314/7/1314
f 1326/7/1326 1325/7/1325 1328/7/1328
f 1329/7/1329 1328/7/1328 1330/7/1330
f 1327/7/1327 1330/7/1330 1328/7/1328
f 1316/7/1316 1330/7/1330 1327/7/1327
f 1332/7/1332 1330/7/1330 1316/7/1316
f 1333/7/1333 1337/7/1337 1334/7/1334
f 1336/7/1336 1229/7/1229 1337/7/1337
f 1336/7/1336 1358/7/1358 1230/7/1230
f 1331/7/1331 1358/7/1358 1336/7/1336
f 1336/7/1336 1333/7/1333 1326/7/1326
f 1333/7/1333 1335/7/1335 1324/7/1324
f 1233/7/1233 1359/7/1359 1338/7/1338
f 1230/7/1230 1358/7/1358 1339/7/1339
f 1340/7/1340 1359/7/1359 1233/7/1233
f 1339/7/1339 1340/7/1340 1238/7/1238
f 1335/7/1335 1334/7/1334 1341/7/1341
f 1324/7/1324 1335/7/1335 1342/7/1342
f 1322/7/1322 1342/7/1342 1343/7/1343
f 1343/7/1343 1342/7/1342 1341/7/1341
f 1345/7/1345 1312/7/1312 1321/7/1321
f 1346/7/1346 1351/7/1351 1347/7/1347
f 1349/7/1349 1310/7/1310 1312/7/1312
f 1350/7/1350 1360/7/1360 1351/7/1351
f 1352/7/1352 1349/7/1349 1345/7/1345
f 1353/7/1353 1345/7/1345 1343/7/1343
f 1348/7/1348 1347/7/1347 1302/7/1302
f 1355/7/1355 1310/7/1310 1263/7/1263
f 1279/7/1279 1314/7/1314 1313/7/1313
f 1313/7/1313 1355/7/1355 1266/7/1266
f 1268/7/1268 1315/7/1315 1317/7/1317
f 1271/7/1271 1318/7/1318 1315/7/1315
f 1356/7/1356 1318/7/1318 1271/7/1271
f 1319/7/1319 1356/7/1356 1357/7/1357
f 1327/7/1327 1314/7/1314 1279/7/1279
f 1317/7/1317 1327/7/1327 1280/7/1280
f 1291/7/1291 1331/7/1331 1330/7/1330
f 1284/7/1284 1330/7/1330 1332/7/1332
f 1332/7/1332 1319/7/1319 1270/7/1270
f 1337/7/1337 1229/7/1229 1180/7/1180
f 1334/7/1334 1337/7/1337 1288/7/1288
f 1358/7/1358 1331/7/1331 1291/7/1291
f 1292/7/1292 1338/7/1338 1359/7/1359
f 1183/7/1183 1259/7/1259 1338/7/1338
f 1295/7/1295 1340/7/1340 1339/7/1339
f 1294/7/1294 1339/7/1339 1358/7/1358
f 1293/7/1293 1359/7/1359 1340/7/1340
f 1297/7/1297 1341/7/1341 1334/7/1334
f 1302/7/1302 1347/7/1347 1351/7/1351
f 1303/7/1303 1351/7/1351 1360/7/1360
f 1306/7/1306 1350/7/1350 1352/7/1352
f 1352/7/1352 1353/7/1353 1308/7/1308
f 1344/7/1344 1341/7/1341 1297/7/1297
f 1353/7/1353 1344/7/1344 1309/7/1309
f 1305/7/1305 1360/7/1360 1350/7/1350
f 1310/7/1310 1348/7/1348 1354/7/1354
f 1352/7/1352 1350/7/1350 1346/7/1346
f 1349/7/1349 1346/7/1346 1348/7/1348
f 1304/7/1304 1301/7/1301 1306/7/1306
f 1304/7/1304 1263/7/1263 1354/7/1354
# Vertices: 212, normals: 212, texture coordinates: 1, faces: 430

o obj8
v 0.0658351 0.10660302 2.1350801
v 0 0.13541162 2.2075243
v 0 0.12184139 2.13326573
v 0.31538028 -0.05849465 2.27214432
v 0.24976915 -0.22542907 2.30558014
v 0.31670475 -0.05680366 2.30193305
v 0 -0.29961413 2.22368765
v 0.24451442 -0.23514232 2.24986863
v 0.24090244 -0.24181899 2.21157384
v 0.26122886 0.04427411 2.15773678
v 0.08369975 0.12502408 2.2075243
v 0 -0.28833464 2.41736412
v 0.26887748 -0.19010781 2.50816989
v 0.25142097 -0.22237574 2.32309294
v 0 -0.28346089 2.50105
v 0.24965078 -0.22156975 2.55201268
v 0.28756407 0.08071034 2.3812623
v 0.1576985 0.20737824 2.57817602
v 0.13199975 0.17482841 2.40338898
v 0.33261293 0.00127753 2.59675646
v 0.34171101 0.14553787 2.65412402
v 0 0.21204488 2.55720186
v 0 0.17112485 2.40295315
v 0.32384726 -0.04768471 2.46257544
v 0 0.17110501 2.8670702
v 0.14254598 0.18010163 2.86346197
v 0 -0.1655049 2.84233165
v 0.22684054 -0.05650189 2.93000889
v 0.29628289 -0.07170684 2.87825608
v 0.30365744 0.0180389 2.94345284
v 0.22284588 0.00741902 2.98556995
v 0.2964406 0.12863566 2.90046906
v 0.14915639 0.09401708 2.99451613
v 0 0.10707686 2.99325323
v 0.41114968 0.01692742 2.87392116
v 0.40213028 -0.07609874 2.84251332
v 0.3878648 0.10963127 2.83576012
v 0.35712156 -0.14661981 2.6614542
v 0.29135913 -0.19143151 2.67403293
v 0 -0.25504938 2.62368417
v 0.05091403 0.20214555 1.91662037
v 0.34765562 -0.06611055 1.95765996
v 0.31079233 -0.0643521 2.16895795
v 0 -0.30576131 2.11813664
v 0.25561944 -0.25011301 1.93113148
v 0 -0.3075453 1.89609492
v 0.28761432 0.1266402 1.94406652
v 0.23481739 -0.25306708 2.14705896
v 0.41365537 -0.0601818 1.54217041
v 0.31096622 -0.24603096 1.51015592
v 0 0.21613395 1.91442227
v 0.03522559 0.25760341 1.49264395
v 0 -0.28814819 1.48999155
v 0.34536052 0.11702156 1.53009534
v 0.31250709 -0.06216284 2.20752454
v 0.2670947 0.05238982 2.2075243
v 0 -0.29397726 2.32047677
v 0.24615724 -0.23210561 2.26728606
v 0.23925076 -0.24487206 2.19406247
v 0.31327939 -0.06117685 2.22489381
v 0.31460804 -0.05948057 2.254776
v 0 -0.30064863 2.20592451
v 0 -0.2959426 2.39958572
v 0.25442502 -0.23044357 2.30585885
v 0.27821767 0.06777907 2.30193281
v 0.32352749 -0.05716986 2.30146837
v 0.28339565 0.0720506 2.30057549
v 0 -0.30727109 2.20661688
v 0.24341874 -0.250294 2.19442391
v 0.32431278 -0.05603632 2.31900668
v 0.25601801 -0.22744359 2.32338238
v 0.10840216 0.15552433 2.30028796
v 0.10698077 0.14903021 2.30193281
v 0 -0.30623659 2.22438002
v 0.31748533 -0.05580705 2.31948972
v 0.11131029 0.15349457 2.31948972
v 0 0.15587249 2.31948972
v 0.28028619 0.07064097 2.31948972
v 0.27266175 0.06009214 2.25477576
v 0.32143426 -0.05976029 2.25430226
v 0.27767482 0.06455503 2.25341511
v 0 0.1593474 2.30044985
v 0 0.1526641 2.30193281
v 0.0968123 0.14352541 2.25313401
v 0.0953519 0.13703915 2.25477576
v 0.09963491 0.14145556 2.27214408
v 0 0.14722042 2.27214408
v 0.27470806 0.06292333 2.27214432
v 0.27193365 0.0570405 2.20616198
v 0.08798293 0.12944067 2.22489333
v 0 0.14404649 2.25477576
v 0 0.13858569 2.22489333
v 0.26914111 0.05522113 2.22489357
v 0 0.15071194 2.25326538
v 0.08523936 0.13149202 2.20588255
v 0 0.14204141 2.20598269
v 0.2456612 -0.24673711 2.21183133
v 0.31933585 -0.06234883 2.20704126
v 0.25082448 -0.23710969 2.26756167
v 0.24893813 -0.24036044 2.25018787
v 0 -0.30160451 2.30315018
v 0 -0.30055603 2.32115316
v 0 0.1625558 2.31800675
v 0.11302374 0.15990984 2.31781387
v 0.2853556 0.07503131 2.31810188
v 0 0.15388587 2.2706337
v 0.10133712 0.14787591 2.27047634
v 0.32220992 -0.05855824 2.27164268
v 0.27962554 0.06748385 2.27075863
v 0 0.14521548 2.22335172
v 0.08970618 0.13585687 2.22323132
v 0.32010695 -0.06106468 2.22437263
v 0.2738992 0.05994876 2.22351146
v 0 -0.29486871 2.41802502
v -0.0658351 0.10660302 2.1350801
v -0.31538028 -0.05849465 2.27214432
v -0.24976915 -0.22542907 2.30558014
v -0.24615724 -0.23210561 2.26728606
v -0.24451442 -0.23514232 2.24986863
v -0.24090244 -0.24181899 2.21157384
v -0.08369975 0.12502408 2.2075243
v -0.26122886 0.04427411 2.15773678
v -0.26887748 -0.19010781 2.50816989
v -0.25142097 -0.22237574 2.32309294
v -0.24965078 -0.22156975 2.55201268
v -0.1576985 0.20737824 2.57817602
v -0.28756407 0.08071034 2.3812623
v -0.13199975 0.17482841 2.40338898
v -0.33261293 0.00127753 2.59675646
v -0.32384726 -0.04768471 2.46257544
v -0.14254598 0.18010163 2.86346197
v -0.34171101 0.14553787 2.65412402
v -0.22684054 -0.05650189 2.93000889
v -0.29628289 -0.07170684 2.87825608
v -0.30365744 0.0180389 2.94345284
v -0.2964406 0.12863566 2.90046906
v -0.22284588 0.00741902 2.98556995
v -0.14915639 0.09401708 2.99451613
v -0.41114968 0.01692742 2.87392116
v -0.3878648 0.10963127 2.83576012
v -0.35712156 -0.14661981 2.6614542
v -0.40213028 -0.07609874 2.84251332
v -0.29135913 -0.19143151 2.67403293
v -0.05091403 0.20214555 1.91662037
v -0.34765562 -0.06611055 1.95765996
v -0.31079233 -0.0643521 2.16895795
v -0.25561944 -0.25011301 1.93113148
v -0.23481739 -0.25306708 2.14705896
v -0.28761432 0.1266402 1.94406652
v -0.41365537 -0.0601818 1.54217041
v -0.03522559 0.25760341 1.49264395
v -0.31096622 -0.24603096 1.51015592
v -0.34536052 0.11702156 1.53009534
v -0.31250709 -0.06216284 2.20752454
v -0.23925076 -0.24487206 2.19406247
v -0.31327939 -0.06117685 2.22489381
v 0 -0.28940853 2.39892483
v -0.27821767 0.06777907 2.30193281
v -0.32352749 -0.05716986 2.30146837
v -0.31670475 -0.05680366 2.30193305
v -0.32431278 -0.05603632 2.31900668
v -0.31748533 -0.05580705 2.31948972
v -0.10840216 0.15552433 2.30028796
v -0.10698077 0.14903021 2.30193281
v -0.11131029 0.15349457 2.31948972
v -0.28028619 0.07064097 2.31948972
v -0.27266175 0.06009214 2.25477576
v -0.32143426 -0.05976029 2.25430226
v -0.31460804 -0.05948057 2.254776
v -0.0968123 0.14352541 2.25313401
v -0.0953519 0.13703915 2.25477576
v -0.09963491 0.14145556 2.27214408
v -0.27470806 0.06292333 2.27214432
v -0.27193365 0.0570405 2.20616198
v -0.2670947 0.05238982 2.2075243
v -0.08798293 0.12944067 2.22489333
v -0.26914111 0.05522113 2.22489357
v -0.08523936 0.13149202 2.20588255
v -0.25601801 -0.22744359 2.32338238
v -0.25442502 -0.23044357 2.30585885
v -0.2456612 -0.24673711 2.21183133
v -0.31933585 -0.06234883 2.20704126
v -0.32010695 -0.06106468 2.22437263
v -0.25082448 -0.23710969 2.26756167
v -0.32220992 -0.05855824 2.27164268
v -0.24341874 -0.250294 2.19442391
v -0.11302374 0.15990984 2.31781387
v -0.28339565 0.0720506 2.30057549
v -0.10133712 0.14787591 2.27047634
v -0.27767482 0.06455503 2.25341511
v -0.08970618 0.13585687 2.22323132
v 0 -0.29502574 2.30247378
v 0 -0.15778083 2.9016664
v 0 0.26890337 1.48999155
v -0.24893813 -0.24036044 2.25018787
v -0.2853556 0.07503131 2.31810188
v -0.27962554 0.06748385 2.27075863
v -0.2738992 0.05994876 2.22351146
vn -0.24193 -0.96775 -0.07015
vn -0 -0.48296 0.87564
vn -0 -0.99283 -0.11958
vn -0.66259 0.03902 -0.74796
vn -0.32102 0.59858 0.73393
vn -0.56017 0.01831 0.82817
vn 0 0.58253 -0.81281
vn -0.37329 0.52629 0.76399
vn -0.30419 0.39735 -0.86579
vn -0.70416 -0.70814 -0.05181
vn -0.11091 -0.43966 0.89129
vn 0 0.65079 -0.75925
vn -0.73327 0.66039 0.16184
vn -0.46338 0.24321 -0.85213
vn 0 0.99512 -0.09863
vn -0.40962 0.90171 0.13828
vn -0.78143 -0.5888 0.20658
vn -0.21353 -0.97397 0.07608
vn -0.24522 -0.93357 0.26138
vn -0.97705 0.04475 0.20828
vn -0.54435 -0.83596 0.06966
vn 0 -0.99828 0.0586
vn -0 -0.97301 0.23076
vn -0.99389 0.10314 0.03919
vn 0 -0.95765 -0.28792
vn -0.10065 -0.94981 -0.2962
vn 0 0.94148 -0.33708
vn -0.32987 0.72399 -0.60583
vn -0.30387 0.72638 -0.61647
vn -0.49775 0.09866 -0.86169
vn -0.48686 0.0224 -0.87319
vn -0.40215 -0.73096 -0.55134
vn -0.22514 -0.70814 -0.66921
vn -0 -0.86428 -0.50302
vn -0.50461 0.04723 -0.86206
vn -0.19732 0.71374 -0.67204
vn -0.46368 -0.77624 -0.42714
vn -0.74121 0.67126 -0.00378
vn -0.39901 0.87544 -0.27274
vn -0 0.95818 -0.28617
vn -0.27294 -0.93384 -0.2312
vn -0.98403 0.06522 -0.16563
vn -0.99818 -0.01573 -0.05829
vn -0 0.99952 -0.03104
vn -0.60268 0.79541 -0.06407
vn 0 1 0.0005
vn -0.64919 -0.72874 -0.21791
vn -0.60757 0.7908 -0.07411
vn -0.98749 0.08148 -0.13497
vn -0.56854 0.8213 -0.04726
vn 0 -0.96791 -0.25129
vn -0.341 -0.93338 -0.11194
vn 0 0.99886 0.04771
vn -0.70618 -0.69991 -0.10694
vn -0.52839 -0.04767 0.84766
vn -0.28129 -0.28482 0.91638
vn 0 0.62192 -0.78308
vn -0.38757 0.31563 -0.86612
vn -0.44305 0.44757 0.77678
vn -0.66409 0.04782 -0.74612
vn -0.54665 -0.01536 0.83722
vn 0 0.70615 0.70806
vn 0 0.8689 0.49499
vn -0.43629 0.66239 0.609
vn -0.30193 -0.26215 0.91658
vn -0.73413 0.04533 0.67749
vn -0.51359 -0.41404 0.75153
vn 0 0.80805 0.58912
vn -0.49573 0.64385 0.58284
vn -0.80183 0.01672 -0.59731
vn -0.61723 0.50262 -0.60531
vn -0.11098 -0.54782 0.8292
vn -0.10475 -0.40943 0.90631
vn 0 0.69072 -0.72312
vn -0.66619 0.03862 -0.74478
vn -0.18034 -0.81203 -0.55506
vn -0 -0.83032 -0.55729
vn -0.57923 -0.48237 -0.65713
vn -0.29301 -0.27228 0.91652
vn -0.74259 0.02148 0.66941
vn -0.49661 -0.43252 0.75253
vn -0 -0.56378 0.82592
vn 0 -0.53562 0.84446
vn -0.11273 -0.53722 0.83588
vn -0.10774 -0.42312 0.89965
vn -0.17986 -0.82386 -0.53749
vn 0 -0.82642 -0.56305
vn -0.56924 -0.49433 -0.65696
vn -0.47816 -0.4521 0.75297
vn -0.18766 -0.82768 -0.52889
vn 0 -0.51852 0.85507
vn 0 -0.82126 -0.57055
vn -0.55094 -0.51581 -0.65605
vn -0 -0.57377 0.81901
vn -0.11721 -0.52403 0.8436
vn 0 -0.58618 0.81018
vn -0.54351 0.54947 -0.63457
vn -0.75084 -0.00032 0.66049
vn -0.58046 0.52588 -0.62171
vn -0.4635 0.65187 0.60019
vn 0 0.84086 0.54126
vn 0 0.6624 -0.74915
vn -0 -0.83834 -0.54515
vn -0.2256 -0.86271 -0.4526
vn -0.66143 -0.57369 -0.48311
vn 0 -0.84443 -0.53566
vn -0.22283 -0.86011 -0.45887
vn -0.80104 0.01193 -0.5985
vn -0.6418 -0.59578 -0.48285
vn 0 -0.85164 -0.52412
vn -0.22396 -0.85619 -0.46559
vn -0.80097 0.00496 -0.59869
vn -0.62111 -0.61722 -0.48298
vn 0 0.63793 -0.7701
vn 0.24193 -0.96775 -0.07015
vn 0.66259 0.03902 -0.74796
vn 0.32102 0.59858 0.73393
vn 0.38757 0.31563 -0.86612
vn 0.37329 0.52629 0.76399
vn 0.30419 0.39735 -0.86579
vn 0.11091 -0.43966 0.89129
vn 0.70416 -0.70814 -0.0518
vn 0.73327 0.66039 0.16184
vn 0.46338 0.24321 -0.85213
vn 0.40962 0.90171 0.13828
vn 0.21353 -0.97397 0.07608
vn 0.78143 -0.5888 0.20658
vn 0.24522 -0.93357 0.26138
vn 0.97705 0.04475 0.20828
vn 0.99389 0.10314 0.03919
vn 0.10065 -0.94981 -0.2962
vn 0.54435 -0.83596 0.06966
vn 0.32987 0.72399 -0.60583
vn 0.30387 0.72638 -0.61647
vn 0.49775 0.09866 -0.86169
vn 0.40215 -0.73096 -0.55134
vn 0.48686 0.0224 -0.87319
vn 0.22514 -0.70814 -0.66921
vn 0.50461 0.04723 -0.86206
vn 0.46368 -0.77624 -0.42714
vn 0.74121 0.67126 -0.00378
vn 0.19732 0.71374 -0.67204
vn 0.39901 0.87544 -0.27274
vn 0.27294 -0.93384 -0.2312
vn 0.98403 0.06522 -0.16563
vn 0.99818 -0.01573 -0.05829
vn 0.60268 0.79541 -0.06407
vn 0.60757 0.7908 -0.07411
vn 0.64919 -0.72874 -0.21791
vn 0.98749 0.08148 -0.13497
vn 0.341 -0.93338 -0.11194
vn 0.56854 0.8213 -0.04726
vn 0.70618 -0.69991 -0.10694
vn 0.52839 -0.04767 0.84766
vn 0.44305 0.44757 0.77678
vn 0.66409 0.04782 -0.74612
vn 0 0.63526 0.7723
vn 0.30193 -0.26215 0.91658
vn 0.73413 0.04533 0.67749
vn 0.56017 0.01831 0.82817
vn 0.80183 0.01672 -0.59731
vn 0.66619 0.03862 -0.74478
vn 0.11098 -0.54782 0.8292
vn 0.10475 -0.40943 0.90631
vn 0.18034 -0.81203 -0.55506
vn 0.57923 -0.48237 -0.65713
vn 0.29301 -0.27228 0.91652
vn 0.74259 0.02148 0.66941
vn 0.54665 -0.01536 0.83722
vn 0.11273 -0.53722 0.83588
vn 0.10774 -0.42312 0.89965
vn 0.17986 -0.82386 -0.53749
vn 0.56924 -0.49433 -0.65696
vn 0.47816 -0.4521 0.75297
vn 0.28129 -0.28482 0.91638
vn 0.18766 -0.82768 -0.52889
vn 0.55094 -0.51581 -0.65605
vn 0.11721 -0.52403 0.8436
vn 0.61723 0.50262 -0.60531
vn 0.43629 0.66239 0.609
vn 0.54351 0.54947 -0.63457
vn 0.75084 -0.00032 0.66049
vn 0.80097 0.00496 -0.59869
vn 0.58046 0.52588 -0.62171
vn 0.80104 0.01193 -0.5985
vn 0.49573 0.64385 0.58284
vn 0.2256 -0.86271 -0.4526
vn 0.51359 -0.41404 0.75153
vn 0.22283 -0.86011 -0.45887
vn 0.49661 -0.43252 0.75253
vn 0.22396 -0.85619 -0.46559
vn 0 0.66417 0.74758
vn 0 0.99163 -0.12909
vn 0 -0.99236 -0.12338
vn 0.4635 0.65187 0.60019
vn 0.66143 -0.57369 -0.48311
vn 0.6418 -0.59578 -0.48285
vn 0.62111 -0.61722 -0.48298
vt 0 0
usemtl mat2
f 1362/8/1362 1363/8/1363 1364/8/1364
f 1365/8/1365 1366/8/1366 1367/8/1367
f 1368/8/1368 1369/8/1369 1370/8/1370
f 1371/8/1371 1372/8/1372 1362/8/1362
f 1373/8/1373 1374/8/1374 1375/8/1375
f 1374/8/1374 1376/8/1376 1377/8/1377
f 1378/8/1378 1379/8/1379 1380/8/1380
f 1378/8/1378 1381/8/1381 1382/8/1382
f 1380/8/1380 1383/8/1383 1384/8/1384
f 1374/8/1374 1381/8/1381 1385/8/1385
f 1379/8/1379 1386/8/1386 1383/8/1383
f 1382/8/1382 1387/8/1387 1379/8/1379
f 1388/8/1388 1389/8/1389 1390/8/1390
f 1389/8/1389 1391/8/1391 1390/8/1390
f 1392/8/1392 1393/8/1393 1391/8/1391
f 1393/8/1393 1394/8/1394 1387/8/1387
f 1395/8/1395 1387/8/1387 1394/8/1394
f 1393/8/1393 1396/8/1396 1391/8/1391
f 1390/8/1390 1396/8/1396 1397/8/1397
f 1393/8/1393 1382/8/1382 1398/8/1398
f 1390/8/1390 1399/8/1399 1400/8/1400
f 1399/8/1399 1377/8/1377 1400/8/1400
f 1401/8/1401 1377/8/1377 1376/8/1376
f 1388/8/1388 1400/8/1400 1401/8/1401
f 1364/8/1364 1402/8/1402 1362/8/1362
f 1371/8/1371 1403/8/1403 1404/8/1404
f 1405/8/1405 1406/8/1406 1407/8/1407
f 1362/8/1362 1408/8/1408 1371/8/1371
f 1409/8/1409 1403/8/1403 1406/8/1406
f 1406/8/1406 1410/8/1410 1411/8/1411
f 1412/8/1412 1413/8/1413 1402/8/1402
f 1408/8/1408 1410/8/1410 1403/8/1403
f 1407/8/1407 1411/8/1411 1414/8/1414
f 1402/8/1402 1415/8/1415 1408/8/1408
f 1371/8/1371 1416/8/1416 1417/8/1417
f 1418/8/1418 1366/8/1366 1419/8/1419
f 1404/8/1404 1420/8/1420 1416/8/1416
f 1421/8/1421 1369/8/1369 1422/8/1422
f 1409/8/1409 1423/8/1423 1420/8/1420
f 1366/8/1366 1424/8/1424 1425/8/1425
f 1426/8/1426 1427/8/1427 1428/8/1428
f 1420/8/1420 1429/8/1429 1430/8/1430
f 1375/8/1375 1431/8/1431 1432/8/1432
f 1426/8/1426 1433/8/1433 1434/8/1434
f 1370/8/1370 1435/8/1435 1368/8/1368
f 1375/8/1375 1385/8/1385 1436/8/1436
f 1437/8/1437 1384/8/1384 1438/8/1438
f 1437/8/1437 1378/8/1378 1380/8/1380
f 1436/8/1436 1378/8/1378 1439/8/1439
f 1440/8/1440 1441/8/1441 1442/8/1442
f 1434/8/1434 1443/8/1443 1444/8/1444
f 1440/8/1440 1445/8/1445 1446/8/1446
f 1447/8/1447 1444/8/1444 1448/8/1448
f 1449/8/1449 1434/8/1434 1447/8/1447
f 1449/8/1449 1367/8/1367 1426/8/1426
f 1366/8/1366 1427/8/1427 1367/8/1367
f 1416/8/1416 1450/8/1450 1417/8/1417
f 1369/8/1369 1441/8/1441 1422/8/1422
f 1451/8/1451 1452/8/1452 1453/8/1453
f 1454/8/1454 1446/8/1446 1451/8/1451
f 1454/8/1454 1422/8/1422 1440/8/1440
f 1446/8/1446 1455/8/1455 1452/8/1452
f 1417/8/1417 1456/8/1456 1372/8/1372
f 1363/8/1363 1456/8/1456 1457/8/1457
f 1427/8/1427 1432/8/1432 1431/8/1431
f 1424/8/1424 1432/8/1432 1425/8/1425
f 1458/8/1458 1459/8/1459 1430/8/1430
f 1460/8/1460 1441/8/1441 1461/8/1461
f 1435/8/1435 1430/8/1430 1429/8/1429
f 1460/8/1460 1462/8/1462 1463/8/1463
f 1433/8/1433 1464/8/1464 1443/8/1443
f 1428/8/1428 1465/8/1465 1433/8/1433
f 1428/8/1428 1431/8/1431 1466/8/1466
f 1445/8/1445 1467/8/1467 1455/8/1455
f 1442/8/1442 1468/8/1468 1445/8/1445
f 1442/8/1442 1469/8/1469 1470/8/1470
f 1456/8/1456 1471/8/1471 1457/8/1457
f 1450/8/1450 1472/8/1472 1456/8/1456
f 1450/8/1450 1473/8/1473 1474/8/1474
f 1419/8/1419 1463/8/1463 1418/8/1418
f 1375/8/1375 1475/8/1475 1373/8/1373
f 1451/8/1451 1471/8/1471 1472/8/1472
f 1369/8/1369 1462/8/1462 1461/8/1461
f 1454/8/1454 1472/8/1472 1474/8/1474
f 1447/8/1447 1467/8/1467 1468/8/1468
f 1370/8/1370 1473/8/1473 1458/8/1458
f 1454/8/1454 1473/8/1473 1421/8/1421
f 1449/8/1449 1468/8/1468 1470/8/1470
f 1437/8/1437 1464/8/1464 1465/8/1465
f 1449/8/1449 1469/8/1469 1365/8/1365
f 1420/8/1420 1459/8/1459 1416/8/1416
f 1439/8/1439 1465/8/1465 1466/8/1466
f 1439/8/1439 1431/8/1431 1436/8/1436
f 1419/8/1419 1469/8/1469 1460/8/1460
f 1363/8/1363 1476/8/1476 1364/8/1364
f 1477/8/1477 1478/8/1478 1479/8/1479
f 1480/8/1480 1368/8/1368 1481/8/1481
f 1482/8/1482 1483/8/1483 1476/8/1476
f 1484/8/1484 1373/8/1373 1485/8/1485
f 1484/8/1484 1486/8/1486 1376/8/1376
f 1487/8/1487 1488/8/1488 1489/8/1489
f 1488/8/1488 1490/8/1490 1491/8/1491
f 1383/8/1383 1489/8/1489 1384/8/1384
f 1490/8/1490 1484/8/1484 1491/8/1491
f 1386/8/1386 1487/8/1487 1383/8/1383
f 1492/8/1492 1493/8/1493 1487/8/1487
f 1494/8/1494 1388/8/1388 1495/8/1495
f 1496/8/1496 1494/8/1494 1495/8/1495
f 1497/8/1497 1498/8/1498 1496/8/1496
f 1497/8/1497 1492/8/1492 1499/8/1499
f 1395/8/1395 1492/8/1492 1386/8/1386
f 1500/8/1500 1497/8/1497 1496/8/1496
f 1495/8/1495 1500/8/1500 1496/8/1496
f 1497/8/1497 1501/8/1501 1493/8/1493
f 1495/8/1495 1502/8/1502 1503/8/1503
f 1486/8/1486 1502/8/1502 1504/8/1504
f 1401/8/1401 1486/8/1486 1504/8/1504
f 1388/8/1388 1504/8/1504 1495/8/1495
f 1505/8/1505 1364/8/1364 1476/8/1476
f 1506/8/1506 1483/8/1483 1507/8/1507
f 1405/8/1405 1508/8/1508 1509/8/1509
f 1510/8/1510 1476/8/1476 1483/8/1483
f 1509/8/1509 1506/8/1506 1507/8/1507
f 1508/8/1508 1511/8/1511 1506/8/1506
f 1512/8/1512 1412/8/1412 1505/8/1505
f 1511/8/1511 1510/8/1510 1506/8/1506
f 1407/8/1407 1513/8/1513 1508/8/1508
f 1514/8/1514 1505/8/1505 1510/8/1510
f 1483/8/1483 1515/8/1515 1507/8/1507
f 1478/8/1478 1418/8/1418 1479/8/1479
f 1507/8/1507 1516/8/1516 1509/8/1509
f 1517/8/1517 1480/8/1480 1481/8/1481
f 1509/8/1509 1423/8/1423 1405/8/1405
f 1478/8/1478 1424/8/1424 1518/8/1518
f 1519/8/1519 1520/8/1520 1521/8/1521
f 1516/8/1516 1429/8/1429 1423/8/1423
f 1485/8/1485 1522/8/1522 1523/8/1523
f 1524/8/1524 1519/8/1519 1525/8/1525
f 1435/8/1435 1481/8/1481 1368/8/1368
f 1491/8/1491 1485/8/1485 1523/8/1523
f 1384/8/1384 1526/8/1526 1438/8/1438
f 1526/8/1526 1488/8/1488 1527/8/1527
f 1488/8/1488 1523/8/1523 1527/8/1527
f 1528/8/1528 1529/8/1529 1530/8/1530
f 1443/8/1443 1525/8/1525 1444/8/1444
f 1531/8/1531 1528/8/1528 1532/8/1532
f 1444/8/1444 1533/8/1533 1448/8/1448
f 1525/8/1525 1534/8/1534 1533/8/1533
f 1534/8/1534 1521/8/1521 1477/8/1477
f 1520/8/1520 1478/8/1478 1521/8/1521
f 1535/8/1535 1515/8/1515 1536/8/1536
f 1529/8/1529 1480/8/1480 1530/8/1530
f 1452/8/1452 1537/8/1537 1453/8/1453
f 1532/8/1532 1538/8/1538 1537/8/1537
f 1538/8/1538 1530/8/1530 1517/8/1517
f 1455/8/1455 1532/8/1532 1452/8/1452
f 1539/8/1539 1536/8/1536 1482/8/1482
f 1363/8/1363 1539/8/1539 1482/8/1482
f 1520/8/1520 1540/8/1540 1541/8/1541
f 1540/8/1540 1424/8/1424 1541/8/1541
f 1542/8/1542 1543/8/1543 1544/8/1544
f 1545/8/1545 1529/8/1529 1546/8/1546
f 1435/8/1435 1547/8/1547 1542/8/1542
f 1462/8/1462 1545/8/1545 1463/8/1463
f 1464/8/1464 1524/8/1524 1443/8/1443
f 1548/8/1548 1549/8/1549 1524/8/1524
f 1549/8/1549 1522/8/1522 1520/8/1520
f 1467/8/1467 1531/8/1531 1455/8/1455
f 1550/8/1550 1551/8/1551 1531/8/1531
f 1551/8/1551 1546/8/1546 1529/8/1529
f 1471/8/1471 1539/8/1539 1457/8/1457
f 1552/8/1552 1535/8/1535 1539/8/1539
f 1535/8/1535 1544/8/1544 1543/8/1543
f 1463/8/1463 1479/8/1479 1418/8/1418
f 1475/8/1475 1485/8/1485 1373/8/1373
f 1537/8/1537 1471/8/1471 1453/8/1453
f 1480/8/1480 1462/8/1462 1553/8/1553
f 1538/8/1538 1552/8/1552 1537/8/1537
f 1533/8/1533 1467/8/1467 1448/8/1448
f 1481/8/1481 1544/8/1544 1517/8/1517
f 1544/8/1544 1538/8/1538 1517/8/1517
f 1534/8/1534 1550/8/1550 1533/8/1533
f 1526/8/1526 1464/8/1464 1438/8/1438
f 1546/8/1546 1534/8/1534 1477/8/1477
f 1543/8/1543 1516/8/1516 1515/8/1515
f 1527/8/1527 1548/8/1548 1526/8/1526
f 1522/8/1522 1527/8/1527 1523/8/1523
f 1479/8/1479 1546/8/1546 1477/8/1477
f 1362/8/1362 1372/8/1372 1363/8/1363
f 1365/8/1365 1419/8/1419 1366/8/1366
f 1368/8/1368 1553/8/1553 1369/8/1369
f 1371/8/1371 1417/8/1417 1372/8/1372
f 1373/8/1373 1376/8/1376 1374/8/1374
f 1378/8/1378 1382/8/1382 1379/8/1379
f 1378/8/1378 1385/8/1385 1381/8/1381
f 1380/8/1380 1379/8/1379 1383/8/1383
f 1374/8/1374 1399/8/1399 1381/8/1381
f 1379/8/1379 1387/8/1387 1386/8/1386
f 1382/8/1382 1393/8/1393 1387/8/1387
f 1388/8/1388 1554/8/1554 1389/8/1389
f 1389/8/1389 1392/8/1392 1391/8/1391
f 1392/8/1392 1394/8/1394 1393/8/1393
f 1395/8/1395 1386/8/1386 1387/8/1387
f 1393/8/1393 1398/8/1398 1396/8/1396
f 1390/8/1390 1391/8/1391 1396/8/1396
f 1390/8/1390 1397/8/1397 1399/8/1399
f 1399/8/1399 1374/8/1374 1377/8/1377
f 1401/8/1401 1400/8/1400 1377/8/1377
f 1388/8/1388 1390/8/1390 1400/8/1400
f 1364/8/1364 1412/8/1412 1402/8/1402
f 1371/8/1371 1408/8/1408 1403/8/1403
f 1405/8/1405 1409/8/1409 1406/8/1406
f 1362/8/1362 1402/8/1402 1408/8/1408
f 1409/8/1409 1404/8/1404 1403/8/1403
f 1406/8/1406 1403/8/1403 1410/8/1410
f 1412/8/1412 1555/8/1555 1413/8/1413
f 1408/8/1408 1415/8/1415 1410/8/1410
f 1407/8/1407 1406/8/1406 1411/8/1411
f 1402/8/1402 1413/8/1413 1415/8/1415
f 1371/8/1371 1404/8/1404 1416/8/1416
f 1418/8/1418 1518/8/1518 1366/8/1366
f 1404/8/1404 1409/8/1409 1420/8/1420
f 1421/8/1421 1370/8/1370 1369/8/1369
f 1409/8/1409 1405/8/1405 1423/8/1423
f 1366/8/1366 1518/8/1518 1424/8/1424
f 1426/8/1426 1367/8/1367 1427/8/1427
f 1420/8/1420 1423/8/1423 1429/8/1429
f 1375/8/1375 1436/8/1436 1431/8/1431
f 1426/8/1426 1428/8/1428 1433/8/1433
f 1370/8/1370 1458/8/1458 1435/8/1435
f 1375/8/1375 1374/8/1374 1385/8/1385
f 1437/8/1437 1380/8/1380 1384/8/1384
f 1437/8/1437 1439/8/1439 1378/8/1378
f 1436/8/1436 1385/8/1385 1378/8/1378
f 1440/8/1440 1422/8/1422 1441/8/1441
f 1434/8/1434 1433/8/1433 1443/8/1443
f 1440/8/1440 1442/8/1442 1445/8/1445
f 1447/8/1447 1434/8/1434 1444/8/1444
f 1449/8/1449 1426/8/1426 1434/8/1434
f 1449/8/1449 1365/8/1365 1367/8/1367
f 1366/8/1366 1425/8/1425 1427/8/1427
f 1416/8/1416 1459/8/1459 1450/8/1450
f 1369/8/1369 1461/8/1461 1441/8/1441
f 1451/8/1451 1446/8/1446 1452/8/1452
f 1454/8/1454 1440/8/1440 1446/8/1446
f 1454/8/1454 1421/8/1421 1422/8/1422
f 1446/8/1446 1445/8/1445 1455/8/1455
f 1417/8/1417 1450/8/1450 1456/8/1456
f 1363/8/1363 1372/8/1372 1456/8/1456
f 1427/8/1427 1425/8/1425 1432/8/1432
f 1424/8/1424 1475/8/1475 1432/8/1432
f 1458/8/1458 1473/8/1473 1459/8/1459
f 1460/8/1460 1469/8/1469 1441/8/1441
f 1435/8/1435 1458/8/1458 1430/8/1430
f 1460/8/1460 1461/8/1461 1462/8/1462
f 1433/8/1433 1465/8/1465 1464/8/1464
f 1428/8/1428 1466/8/1466 1465/8/1465
f 1428/8/1428 1427/8/1427 1431/8/1431
f 1445/8/1445 1468/8/1468 1467/8/1467
f 1442/8/1442 1470/8/1470 1468/8/1468
f 1442/8/1442 1441/8/1441 1469/8/1469
f 1456/8/1456 1472/8/1472 1471/8/1471
f 1450/8/1450 1474/8/1474 1472/8/1472
f 1450/8/1450 1459/8/1459 1473/8/1473
f 1419/8/1419 1460/8/1460 1463/8/1463
f 1375/8/1375 1432/8/1432 1475/8/1475
f 1451/8/1451 1453/8/1453 1471/8/1471
f 1369/8/1369 1553/8/1553 1462/8/1462
f 1454/8/1454 1451/8/1451 1472/8/1472
f 1447/8/1447 1448/8/1448 1467/8/1467
f 1370/8/1370 1421/8/1421 1473/8/1473
f 1454/8/1454 1474/8/1474 1473/8/1473
f 1449/8/1449 1447/8/1447 1468/8/1468
f 1437/8/1437 1438/8/1438 1464/8/1464
f 1449/8/1449 1470/8/1470 1469/8/1469
f 1420/8/1420 1430/8/1430 1459/8/1459
f 1439/8/1439 1437/8/1437 1465/8/1465
f 1439/8/1439 1466/8/1466 1431/8/1431
f 1419/8/1419 1365/8/1365 1469/8/1469
f 1363/8/1363 1482/8/1482 1476/8/1476
f 1477/8/1477 1521/8/1521 1478/8/1478
f 1480/8/1480 1553/8/1553 1368/8/1368
f 1482/8/1482 1536/8/1536 1483/8/1483
f 1484/8/1484 1376/8/1376 1373/8/1373
f 1487/8/1487 1493/8/1493 1488/8/1488
f 1488/8/1488 1493/8/1493 1490/8/1490
f 1383/8/1383 1487/8/1487 1489/8/1489
f 1490/8/1490 1502/8/1502 1484/8/1484
f 1386/8/1386 1492/8/1492 1487/8/1487
f 1492/8/1492 1497/8/1497 1493/8/1493
f 1494/8/1494 1554/8/1554 1388/8/1388
f 1496/8/1496 1498/8/1498 1494/8/1494
f 1497/8/1497 1499/8/1499 1498/8/1498
f 1395/8/1395 1499/8/1499 1492/8/1492
f 1500/8/1500 1501/8/1501 1497/8/1497
f 1495/8/1495 1503/8/1503 1500/8/1500
f 1495/8/1495 1504/8/1504 1502/8/1502
f 1486/8/1486 1484/8/1484 1502/8/1502
f 1401/8/1401 1376/8/1376 1486/8/1486
f 1388/8/1388 1401/8/1401 1504/8/1504
f 1505/8/1505 1412/8/1412 1364/8/1364
f 1506/8/1506 1510/8/1510 1483/8/1483
f 1405/8/1405 1407/8/1407 1508/8/1508
f 1510/8/1510 1505/8/1505 1476/8/1476
f 1509/8/1509 1508/8/1508 1506/8/1506
f 1508/8/1508 1513/8/1513 1511/8/1511
f 1512/8/1512 1555/8/1555 1412/8/1412
f 1511/8/1511 1514/8/1514 1510/8/1510
f 1407/8/1407 1414/8/1414 1513/8/1513
f 1514/8/1514 1512/8/1512 1505/8/1505
f 1483/8/1483 1536/8/1536 1515/8/1515
f 1478/8/1478 1518/8/1518 1418/8/1418
f 1507/8/1507 1515/8/1515 1516/8/1516
f 1517/8/1517 1530/8/1530 1480/8/1480
f 1509/8/1509 1516/8/1516 1423/8/1423
f 1478/8/1478 1541/8/1541 1424/8/1424
f 1519/8/1519 1549/8/1549 1520/8/1520
f 1516/8/1516 1547/8/1547 1429/8/1429
f 1485/8/1485 1540/8/1540 1522/8/1522
f 1524/8/1524 1549/8/1549 1519/8/1519
f 1435/8/1435 1542/8/1542 1481/8/1481
f 1491/8/1491 1484/8/1484 1485/8/1485
f 1384/8/1384 1489/8/1489 1526/8/1526
f 1526/8/1526 1489/8/1489 1488/8/1488
f 1488/8/1488 1491/8/1491 1523/8/1523
f 1528/8/1528 1551/8/1551 1529/8/1529
f 1443/8/1443 1524/8/1524 1525/8/1525
f 1531/8/1531 1551/8/1551 1528/8/1528
f 1444/8/1444 1525/8/1525 1533/8/1533
f 1525/8/1525 1519/8/1519 1534/8/1534
f 1534/8/1534 1519/8/1519 1521/8/1521
f 1520/8/1520 1541/8/1541 1478/8/1478
f 1535/8/1535 1543/8/1543 1515/8/1515
f 1529/8/1529 1556/8/1556 1480/8/1480
f 1452/8/1452 1532/8/1532 1537/8/1537
f 1532/8/1532 1528/8/1528 1538/8/1538
f 1538/8/1538 1528/8/1528 1530/8/1530
f 1455/8/1455 1531/8/1531 1532/8/1532
f 1539/8/1539 1535/8/1535 1536/8/1536
f 1363/8/1363 1457/8/1457 1539/8/1539
f 1520/8/1520 1522/8/1522 1540/8/1540
f 1540/8/1540 1475/8/1475 1424/8/1424
f 1542/8/1542 1547/8/1547 1543/8/1543
f 1545/8/1545 1556/8/1556 1529/8/1529
f 1435/8/1435 1429/8/1429 1547/8/1547
f 1462/8/1462 1556/8/1556 1545/8/1545
f 1464/8/1464 1548/8/1548 1524/8/1524
f 1548/8/1548 1557/8/1557 1549/8/1549
f 1549/8/1549 1557/8/1557 1522/8/1522
f 1467/8/1467 1550/8/1550 1531/8/1531
f 1550/8/1550 1558/8/1558 1551/8/1551
f 1551/8/1551 1558/8/1558 1546/8/1546
f 1471/8/1471 1552/8/1552 1539/8/1539
f 1552/8/1552 1559/8/1559 1535/8/1535
f 1535/8/1535 1559/8/1559 1544/8/1544
f 1463/8/1463 1545/8/1545 1479/8/1479
f 1475/8/1475 1540/8/1540 1485/8/1485
f 1537/8/1537 1552/8/1552 1471/8/1471
f 1480/8/1480 1556/8/1556 1462/8/1462
f 1538/8/1538 1559/8/1559 1552/8/1552
f 1533/8/1533 1550/8/1550 1467/8/1467
f 1481/8/1481 1542/8/1542 1544/8/1544
f 1544/8/1544 1559/8/1559 1538/8/1538
f 1534/8/1534 1558/8/1558 1550/8/1550
f 1526/8/1526 1548/8/1548 1464/8/1464
f 1546/8/1546 1558/8/1558 1534/8/1534
f 1543/8/1543 1547/8/1547 1516/8/1516
f 1527/8/1527 1557/8/1557 1548/8/1548
f 1522/8/1522 1557/8/1557 1527/8/1527
f 1479/8/1479 1545/8/1545 1546/8/1546
# Vertices: 198, normals: 198, texture coordinates: 1, faces: 370

o obj9
v 0.17713912 -0.26985192 2.13653731
v 0 -0.34987786 1.89960289
v 0 -0.31851503 2.11959314
v 0.28901035 -0.27510566 1.69805086
v 0 -0.37406319 1.65154839
v 0 -0.38885832 1.49980354
v 0.1375733 -0.35224566 1.52630675
v 0 -0.39354643 1.45172036
v -0.17713912 -0.26985192 2.13653731
v -0.28901035 -0.27510566 1.69805086
v -0.2414839 -0.27239221 1.92493248
v -0.1375733 -0.35224566 1.52630675
v 0.2414839 -0.27239221 1.92493248
vn -0.27437 0.95445 -0.11724
vn 0 0.99458 -0.10396
vn 0 0.98999 -0.14114
vn -0.30145 0.94753 -0.10638
vn 0 0.99306 -0.11762
vn 0 0.99528 -0.09704
vn -0.27179 0.95319 -0.1325
vn 0 0.99528 -0.09704
vn 0.27437 0.95445 -0.11724
vn 0.30145 0.94753 -0.10638
vn 0.29619 0.95124 -0.08613
vn 0.27179 0.95319 -0.1325
vn -0.29619 0.95124 -0.08613
vt 0 0
usemtl mat1
f 1560/9/1560 1561/9/1561 1562/9/1562
f 1561/9/1561 1563/9/1563 1564/9/1564
f 1565/9/1565 1566/9/1566 1567/9/1567
f 1564/9/1564 1566/9/1566 1565/9/1565
f 1561/9/1561 1568/9/1568 1562/9/1562
f 1561/9/1561 1569/9/1569 1570/9/1570
f 1565/9/1565 1567/9/1567 1571/9/1571
f 1564/9/1564 1571/9/1571 1569/9/1569
f 1560/9/1560 1572/9/1572 1561/9/1561
f 1561/9/1561 1572/9/1572 1563/9/1563
f 1564/9/1564 1563/9/1563 1566/9/1566
f 1561/9/1561 1570/9/1570 1568/9/1568
f 1561/9/1561 1564/9/1564 1569/9/1569
f 1564/9/1564 1565/9/1565 1571/9/1571
# Vertices: 13, normals: 13, texture coordinates: 1, faces: 14

o obj10
v -0.12750816 0.21767356 2.79716635
v -0.11467603 0.26200795 2.73751521
v -0 0.27112019 2.7130127
v 0.12984897 0.22075661 2.81121755
v 0 0.19229403 2.87024665
v -0.00261761 -0.16306651 2.88005233
v 0.05768318 -0.13856587 2.91672659
v 0.07034407 -0.14003539 2.89320707
v 0.23900558 0.00107735 2.98624969
v 0.1856164 -0.04058646 2.98642707
v 0.21275876 0.00810446 3.00765133
v 0.2238052 -0.04197288 2.96176171
v 0.264745 0.0030396 2.97123885
v -0.22914207 0.06614117 2.98079371
v -0.22329862 0.00050002 2.98824286
v -0.26277879 0.00246158 2.96937561
v 0 0.11193401 3.00171161
v 0.14816524 0.12463385 2.99321389
v 0.14930756 0.09832755 3.00755429
v 0.08593418 -0.26906061 2.64064527
v 0.1797134 -0.23854174 2.65199161
v 0.14709547 -0.2598598 2.58752608
v -0.11078452 0.25693807 2.7194252
v -0.00245514 0.28509185 2.66224909
v -0.36605 0.13439527 2.89663792
v -0.42655861 0.13375396 2.84923148
v -0.22056283 0.21390446 2.73698521
v -0.07220867 -0.15398648 2.89032531
v -0.00386548 -0.16503181 2.8748889
v -0.07765418 -0.15572952 2.88379478
v -0.27351624 0.11684736 2.9396019
v -0.21316145 0.13711858 2.92430091
v -0.22917663 0.10505001 2.96088409
v -0.21309701 -0.03872182 2.96601701
v -0.24326235 -0.05022277 2.94541311
v -0.00784595 -0.20239529 2.78258085
v -0.00096212 -0.2159158 2.76100349
v -0.13920097 -0.20397596 2.75131154
v -0.14828333 0.13089772 2.98272181
v 0 0.13453346 2.98343945
v 0.19183388 -0.20731491 2.71458745
v -0.01450659 -0.17232822 2.84626651
v 0.14160185 -0.14185655 2.83984852
v -0.02584553 -0.18492469 2.82065988
v -0.2237459 -0.10290713 2.92145085
v -0.13462459 -0.13042176 2.89509082
v -0.14336108 -0.13591647 2.88338208
v 0.0804833 -0.14218616 2.8845377
v 0 -0.23849352 2.73057222
v -0.07029197 -0.25093368 2.67871761
v -0.14795735 -0.15754652 2.84742951
v -0.21037468 -0.13548602 2.86283684
v -0.18810281 -0.11497002 2.92368889
v -0.13627535 -0.15558383 2.90380955
v -0.13333176 -0.15108348 2.89394665
v -0.13521352 -0.15867685 2.89719558
v -0.16119453 -0.11898668 2.92988706
v -0.15481025 -0.13195518 2.93295383
v -0.15228148 -0.12175123 2.92858815
v -0.15913285 -0.1671907 2.84809518
v -0.15660408 -0.15698674 2.8437295
v -0.20277947 -0.11629493 2.91209126
v -0.21077412 -0.12833263 2.90900493
v -0.20530824 -0.12649886 2.91645694
v -0.17289907 -0.1270898 2.9338479
v -0.1637233 -0.12919062 2.93425274
v -0.14008203 -0.1572881 2.85259509
v -0.15048614 -0.16775046 2.85179543
v -0.20824534 -0.11812867 2.90463924
v -0.21469456 -0.13086312 2.9008193
v -0.13580951 -0.16642544 2.86339331
v -0.14261082 -0.16749209 2.85696101
v -0.21439014 -0.12378916 2.88784981
v -0.2121658 -0.12065916 2.89645362
v -0.13328072 -0.15622146 2.85902762
v -0.13034362 -0.16459167 2.87084532
v -0.21483287 -0.12739825 2.87915778
v -0.21691892 -0.1339931 2.89221549
v -0.12781484 -0.15438773 2.8664794
v -0.12642317 -0.16206118 2.87903047
v -0.21347705 -0.13134778 2.87071204
v -0.21736163 -0.1376022 2.8835237
v -0.12167004 -0.14872739 2.88326859
v -0.1238944 -0.15185724 2.87466478
v -0.21600582 -0.14155172 2.87507772
v -0.12122724 -0.14511831 2.89196062
v -0.12419881 -0.15893133 2.88763452
v -0.20564511 -0.13965404 2.85583448
v -0.21290347 -0.14568996 2.86720252
v -0.12511189 -0.1513727 2.90477228
v -0.12375604 -0.15532227 2.8963263
v -0.19946994 -0.1436915 2.84997463
v -0.2081739 -0.14985798 2.86020017
v -0.12568548 -0.13703039 2.90828204
v -0.12258312 -0.14116876 2.90040636
v -0.1946153 -0.1576473 2.84984803
v -0.20199871 -0.15389544 2.85434031
v -0.13294391 -0.14306632 2.91964984
v -0.12821425 -0.14723435 2.91264772
v -0.18377869 -0.1507653 2.84253025
v -0.19208653 -0.14744335 2.84548211
v -0.17945611 -0.11552967 2.92738938
v -0.1703703 -0.11688586 2.92948222
v -0.13659027 -0.12882492 2.92114425
v -0.13041514 -0.13286237 2.91528416
v -0.17739443 -0.16373369 2.84559751
v -0.18630746 -0.16096926 2.84689617
v -0.19063158 -0.12517397 2.92805457
v -0.18198489 -0.12573363 2.93175507
v -0.14650244 -0.13527702 2.93000221
v -0.13911906 -0.13902888 2.92550993
v -0.17486566 -0.15352973 2.84123158
v -0.16821866 -0.16583449 2.84600186
v -0.19850695 -0.12543222 2.92288947
v -0.14397365 -0.12507305 2.92563653
v -0.16568989 -0.15563054 2.84163618
v -0.19597816 -0.11522828 2.91852355
v -0.18081431 -0.13550505 2.92494106
v -0.18758611 -0.13506675 2.92204285
v -0.19375363 -0.135269 2.91799808
v -0.19907981 -0.13610433 2.91296053
v -0.20336027 -0.13754037 2.907125
v -0.20643052 -0.13952209 2.90071464
v -0.2081725 -0.14197335 2.89397621
v -0.20851922 -0.14479972 2.8871696
v -0.20745742 -0.14789273 2.88055539
v -0.20502785 -0.15113354 2.87438774
v -0.20132396 -0.15439764 2.86890388
v -0.19648804 -0.15755948 2.86431503
v -0.1907059 -0.16049768 2.86079717
v -0.1841998 -0.16309918 2.85848522
v -0.17721939 -0.1652642 2.85746837
v -0.17003369 -0.16690932 2.85778475
v -0.16291848 -0.1679714 2.85942435
v -0.15614668 -0.16840981 2.86232209
v -0.14997932 -0.16820745 2.86636734
v -0.14465305 -0.16737212 2.87140465
v -0.14037251 -0.16593604 2.87724042
v -0.13730225 -0.16395432 2.88365078
v -0.13556027 -0.16150321 2.89038873
v -0.13870497 -0.15234293 2.90997767
v -0.14240891 -0.14907879 2.91546082
v -0.14724492 -0.14591692 2.92005014
v -0.15302682 -0.14297883 2.92356801
v -0.15953298 -0.14037737 2.92587996
v -0.16651344 -0.13821225 2.92689705
v -0.17369911 -0.13656709 2.92658019
v -0.17140061 -0.13242315 2.91551042
v -0.19830379 -0.13878399 2.88506055
v -0.16856864 -0.15586653 2.8623569
v -0.19944218 -0.1468043 2.86565518
v -0.13439357 -0.14799045 2.90056086
v -0.18882412 -0.15290432 2.857548
v -0.19460627 -0.14996612 2.8610661
v -0.13682318 -0.14474957 2.90672874
v -0.18231803 -0.15550582 2.85523653
v -0.17181735 -0.12897372 2.9233315
v -0.14536315 -0.13832355 2.91680145
v -0.14052714 -0.14148544 2.91221213
v -0.17533763 -0.15767084 2.85421944
v -0.17893253 -0.1279117 2.92169213
v -0.19187187 -0.12767562 2.91474915
v -0.18570435 -0.12747338 2.91879416
v -0.15114506 -0.13538548 2.92031932
v -0.16103669 -0.16037805 2.85617542
v -0.16815192 -0.15931597 2.85453606
v -0.15765122 -0.13278401 2.92263126
v -0.15426491 -0.16081646 2.85907316
v -0.2014785 -0.12994701 2.90387607
v -0.19719803 -0.12851097 2.90971184
v -0.16463168 -0.1306189 2.92364812
v -0.14809756 -0.1606141 2.86311841
v -0.20454875 -0.13192874 2.89746571
v -0.14277127 -0.15977876 2.86815596
v -0.20663744 -0.13720638 2.88392067
v -0.20629072 -0.13438 2.89072728
v -0.13542049 -0.15636094 2.88040185
v -0.13849075 -0.15834266 2.87399149
v -0.1336785 -0.15390986 2.88714004
v -0.20557566 -0.14029938 2.87730622
v -0.20314609 -0.14354019 2.87113881
v -0.17689779 -0.13160262 2.91424417
v -0.1821304 -0.13126391 2.91200447
v -0.18689561 -0.13142022 2.90887928
v -0.19101058 -0.13206562 2.90498757
v -0.1943178 -0.13317513 2.9004786
v -0.19668996 -0.13470626 2.89552593
v -0.19803591 -0.13660021 2.89031982
v -0.19748342 -0.14117377 2.87995005
v -0.19560625 -0.14367771 2.87518477
v -0.19274449 -0.14619964 2.87094808
v -0.18900815 -0.14864254 2.86740232
v -0.18454075 -0.15091267 2.86468434
v -0.17951396 -0.15292268 2.86289835
v -0.17412019 -0.15459558 2.86211252
v -0.16307141 -0.15668714 2.86362362
v -0.15783894 -0.15702586 2.86586261
v -0.15307394 -0.15686953 2.86898804
v -0.14895867 -0.1562241 2.87288022
v -0.14565143 -0.15511455 2.87738895
v -0.14327922 -0.15358339 2.88234186
v -0.14193332 -0.15168959 2.88754749
v -0.14166543 -0.14950588 2.89280677
v -0.14248583 -0.14711609 2.89791727
v -0.14436303 -0.14461207 2.90268278
v -0.1472248 -0.14209005 2.90691924
v -0.15096137 -0.13964707 2.91046524
v -0.15542844 -0.1373771 2.91318297
v -0.16045529 -0.13536716 2.91496944
v -0.16584893 -0.1336942 2.91575503
v 0.24712081 -0.03956097 2.94422388
v 0.17166057 -0.14633629 2.84118676
v 0.21210177 -0.12544724 2.88467216
v 0.25565886 -0.12834714 2.8369863
v 0.22469409 -0.0814822 2.90914798
v 0.1957379 -0.08094051 2.92617464
v 0.19771245 0.07453303 2.98439622
v 0.20085104 0.03459757 3.011132
v 0.16896634 0.07036354 3.01225257
v -0.19312823 -0.15247013 2.84764099
v -0.2566092 -0.11549281 2.88264585
v -0.15792662 -0.14507735 2.86386132
v -0.20289539 -0.07794365 2.94379115
v -0.12002116 -0.12278229 2.94184184
v -0.26163223 0.15772454 2.88826847
v -0.29508576 0.12214873 2.9267962
v -0.3594051 -0.05738719 2.8842442
v -0.33896905 0.0071353 2.92944813
v -0.29379949 -0.05417876 2.90604687
v -0.18387461 -0.02288971 3.00274658
v -0.32815313 0.06652648 2.94211435
v -0.3875463 0.07594879 2.91008782
v -0.20334882 0.05076925 2.99377155
v -0.18737231 0.00810446 3.01700759
v -0.00722744 -0.16634957 2.86097813
v -0.08241843 -0.15595634 2.86749077
v 0.34615141 0.01532089 2.94763398
v 0.28202748 0.03703246 2.95215845
v 0.33188933 0.05703944 2.93516302
v -0.12005382 -0.15601155 2.84856343
v -0.15128429 -0.15303522 2.84950948
v -0.06426113 -0.1433965 2.91952229
v 0.27635652 0.03606152 2.95512366
v 0.29054886 0.00558434 2.96757579
v 0.29742616 -0.03009614 2.92835093
v 0.29329884 0.00582524 2.96393013
v 0.12117942 -0.13116373 2.89742661
v 0.09032017 -0.14601439 2.87782121
v 0.24653311 0.12582797 2.92827582
v 0.22178347 0.16147476 2.88781238
v 0.30275714 0.13311259 2.89546108
v 0.27654248 -0.07922164 2.8945663
v 0.25351042 -0.03866982 2.93905997
v 0.17242348 -0.08042082 2.93873906
v 0.10638766 -0.11312105 2.93485808
v 0.15049139 -0.07685375 2.96869254
v 0.2015412 -0.04383738 2.95908618
v -0.02447849 -0.1898327 2.81066918
v -0.00876384 -0.19804221 2.78990126
v -0.13631575 -0.17990145 2.79897785
v 0.05276292 -0.26551172 2.64158988
v 0.00835782 -0.24996477 2.69001079
v 0.11847027 -0.24776641 2.677068
v 0.12565534 -0.21642008 2.75729036
v 0.15764678 -0.21080026 2.76146746
v 0.12970093 -0.21768494 2.72701597
v -0.06813074 -0.25528637 2.67051554
v 0.00416547 -0.27901134 2.61124492
v -0.07004108 -0.27171808 2.62826252
v 0.04964975 -0.30449763 2.51211476
v 0.10875182 -0.32161954 2.44607687
v -0.035507 -0.29071695 2.54742336
v 0.22649087 -0.16158365 2.79539871
v 0.22956415 -0.18981914 2.76373434
v 0.15973671 -0.16864851 2.81009436
v 0.1336336 -0.20873544 2.76917052
v -0.00169527 -0.20966572 2.77035403
v 0.23501123 -0.08119003 2.90529108
v -0.15033655 -0.14030363 2.87403345
v -0.25002924 -0.11452628 2.89641404
v -0.31977826 0.00461868 2.94296813
v -0.30742872 0.0630752 2.96099973
v -0.18404032 0.11246879 2.98254895
v -0.17186728 0.05779839 3.02574944
v -0.28091413 -0.05495379 2.91969109
v -0.01138718 -0.1695504 2.85150766
v -0.0846569 -0.15731388 2.85768461
v 0.24782874 0.03082981 2.97045803
v 0.14256077 -0.13422251 2.88916421
v 0.08814983 -0.14779624 2.87259293
v -0.13618201 -0.18703306 2.78568292
v 0.23184215 -0.14458969 2.81574726
v 0.15882133 -0.17024015 2.80773568
v 0.00751562 -0.24704051 2.69780064
v 0.2063349 -0.19468346 2.74324703
v 0.12898198 -0.21908382 2.72372174
v 0.12978721 -0.2116988 2.76347852
v 0.14881516 -0.20863107 2.76671028
v -0.14550345 0.15648822 2.92760944
v -0.17864357 0.18543836 2.87310553
v -0.14242044 0.18801562 2.86648726
v 0.19431515 -0.12254037 2.8962357
v 0.16483207 -0.11934054 2.90691471
v -0.4041366 0.0175023 2.8976903
v 0.25236142 0.09966219 2.93858385
v 0.26379037 0.07436823 2.94579172
v 0.25818974 0.07349642 2.94889212
v 0.2309515 0.10014773 2.96598721
v 0.22518159 0.02659884 2.97864103
v 0.19522059 0.11932318 2.98462343
v 0.14330575 -0.11700426 2.9027276
v 0.11470672 -0.12603185 2.90108848
v 0 -0.1640107 2.90629101
v 0.08803324 0.28948241 2.63491368
v -0.00023953 0.30744702 2.61193514
v 0.16640173 0.18950969 2.87118888
v 0.14242044 0.18801562 2.86648726
v -0.23453622 0.16460949 2.88331771
v -0.09040295 0.30549809 2.61363864
v -0.13134027 0.21878192 2.81498003
v 0.21228661 0.16851595 2.88526058
v 0.1242884 0.22356673 2.78928351
v 0.10639657 0.27034166 2.71310234
v 0.2153305 0.14014995 2.94276404
v -0.00060578 0.27073026 2.69433117
v -0.1918063 0.17084512 2.87551045
v 0 0.15606304 2.93691111
v 0.20454694 0.20805281 2.72480917
v 0.10229693 0.27220494 2.69564652
v 0.23371358 0.06675412 2.97008753
v 0.14568532 0.15001719 2.93336082
v 0.31759757 0.09498899 2.91950631
v 0 0.14529824 2.96017528
v 0.14692529 0.13732553 2.96328735
v -0.14689338 0.14369297 2.95516562
v -0.14930756 0.10749232 3.00302744
v -0.21925214 0.11587185 2.9656477
v -0.20049062 0.15240368 2.92293859
v 0.17855269 0.17653006 2.87619591
v 0.1971508 0.15220709 2.94161606
v 0.19827528 0.13287868 2.97012162
v -0.51438391 0.01826553 2.76559496
v -0.50734621 0.09361746 2.73706388
v -0.48379594 0.08602767 2.78976679
v -0.48319781 -0.05700556 2.75389814
v -0.44040656 -0.13227665 2.68145895
v -0.50072235 -0.05670737 2.6848402
v -0.45026821 0.13939944 2.77862263
v -0.4644779 0.14309393 2.72865152
v -0.44803292 0.07530746 2.86269808
v -0.37484246 -0.13227667 2.83266211
v -0.43171108 -0.05738718 2.85057068
v -0.3146736 -0.13227668 2.87079811
v -0.26983079 -0.15263645 2.80586362
v -0.41406602 -0.13227665 2.74279261
v -0.33594418 -0.15906288 2.69284844
v -0.16452751 0.24810883 2.68167996
v -0.12550937 0.27898633 2.64408779
v -0.28127542 -0.15263645 2.78426361
v -0.38487786 -0.13227667 2.81075692
v -0.45625639 0.01686097 2.85034227
v -0.45769972 0.07697603 2.84111261
v -0.44161421 -0.05733598 2.82857513
v -0.43452239 0.13466419 2.82694101
v -0.31003362 -0.15906289 2.73524046
v -0.48458636 0.01696335 2.82456231
v -0.53900075 0.0188619 2.68827891
v -0.17397915 -0.05388388 2.98379421
v 0.32441795 -0.07922164 2.89124513
v 0.34530163 -0.03009614 2.92038083
v 0.36547303 0.09498899 2.89236188
v 0.3797648 0.05703944 2.91122532
v 0.35063261 0.13375394 2.87216473
v 0.39402688 0.01788623 2.92177248
v 0.30353433 -0.12834714 2.8130486
v 0.40103805 0.13375394 2.83886695
v 0.42271197 0.08937576 2.85159564
v 0.43653673 0.05646068 2.86287999
v 0.41249132 -0.03009614 2.87941575
v 0.43575084 0.018465 2.87516308
v 0.39168566 -0.07922164 2.85649681
v 0.35014081 -0.12961186 2.77396417
v 0.32351643 -0.15427022 2.73209453
v 0.21083747 -0.23054777 2.58065248
v 0.23902245 -0.2207703 2.63194656
v 0.26120716 -0.19916832 2.68905902
v 0.28562444 -0.17769781 2.718858
v -0.04342834 -0.29859018 2.53342485
v -0.08667205 -0.26948246 2.62703156
v -0.08310977 -0.26996133 2.62729526
v -0.54439729 0.01755202 2.66896582
v -0.50930858 -0.05983699 2.6589644
v -0.546386 0.01706931 2.66184878
v 0.29990637 -0.1718398 2.70750403
v 0.27827954 -0.19597745 2.67272329
v 0.27417731 -0.19760939 2.67664838
v -0.19879001 -0.16048691 2.8278935
v -0.16603082 -0.18177781 2.79156661
v -0.20077895 -0.16330314 2.82095647
v -0.16113575 -0.20461071 2.74642134
v -0.16598012 -0.18947461 2.77712893
v -0.15753238 -0.18878244 2.77955389
v -0.32112318 -0.16644493 2.68059278
v -0.44881183 -0.13263457 2.6615715
v -0.44697213 -0.13255623 2.66592431
v 0.24248226 -0.21914949 2.62789297
v 0.21413709 -0.22873583 2.5765729
v -0.50858176 0.09542152 2.73107982
v -0.46499091 0.14514227 2.72298336
v -0.09016048 0.3083232 2.60542107
v -0.00017473 0.30954459 2.60475421
v -0.07360337 -0.27123922 2.62799883
v -0.1446297 -0.18772523 2.78325796
v -0.07532004 -0.25131914 2.67572975
v -0.1483883 -0.20424181 2.74926329
v -0.03838644 -0.29357889 2.54233479
v -0.27641562 -0.15276292 2.78292227
v 0.0891536 0.29421359 2.61544967
v 0.19811577 0.22513127 2.69013762
v 0.19994827 0.22026494 2.70001698
v 0.1180446 -0.33323497 2.41868091
v -0.04630782 -0.30145219 2.52833629
v 0.42100739 -0.02985859 2.86648154
v 0.41196388 -0.06979985 2.84407973
v 0.40703356 -0.07209061 2.84709883
v 0.40233171 0.13397928 2.83653736
v -0.14468659 -0.18043002 2.79689026
v -0.19511721 -0.1552864 2.84070373
v 0.20271446 0.21291919 2.71492958
v -0.50309449 -0.057572 2.67769146
v -0.54098946 0.0183792 2.68116188
v 0.44414866 0.05714869 2.84936595
v 0.44339854 0.01916011 2.85894346
v 0.44217241 0.01904867 2.86154389
v 0.32946342 -0.15137611 2.72791648
v 0.35598344 -0.12724423 2.77003527
v 0.39661592 -0.0769309 2.85347795
v 0.43821645 0.05661251 2.85989785
v 0.41422993 -0.03004764 2.87677503
v 0.43697697 0.01857645 2.87256265
v -0.44224626 -0.13235499 2.67710614
v 0.26530951 -0.19753635 2.6851337
v 0.42430466 0.08946643 2.84888172
v 0.40938365 0.13520759 2.82383823
v 0.40808994 0.13498226 2.82616806
v -0.26355466 -0.15293507 2.80282545
v 0.11257161 -0.32639405 2.43481565
v 0.29039514 -0.17574102 2.71506524
v -0.29052719 -0.16598122 2.73115349
v -0.31714386 -0.17291009 2.67462754
v 0.33961368 -0.1464365 2.72078586
v 0.30467701 -0.16988304 2.70371151
v 0.43036336 0.08981135 2.8385582
v 0.44582844 0.05730052 2.84638381
v -0.33196473 -0.15974857 2.68955779
v -6.634E-05 0.31305361 2.59274125
v 0.0895714 0.29597792 2.60819101
v 0.37219262 -0.12067571 2.75913501
v 0.36635 -0.12304334 2.76306391
v 0.42274594 -0.02981009 2.86384106
v 0.08845104 0.29124671 2.62765551
v -0.26285297 -0.15311584 2.7791791
v -0.28379291 -0.1675958 2.73002934
v 0.22548468 -0.22610527 2.56254268
v 0.12186438 -0.33800942 2.40741992
v 0.34556073 -0.14354238 2.71660781
v -0.08957449 0.31515113 2.58556056
v -1.55E-06 0.31515113 2.58556056
v 0.43195605 0.08990201 2.83584428
v -0.08509584 -0.25684723 2.6573925
v -0.08142899 -0.25650987 2.66022897
v -0.25145757 -0.15351065 2.79696941
v -0.24518146 -0.15380925 2.79393125
v -0.09060699 -0.25249106 2.66664577
v -0.17032307 -0.20487657 2.74437284
v -0.3046692 -0.15963767 2.73411655
v -0.08981695 0.31232601 2.59377813
v -0.46648508 0.15110859 2.70647383
v -0.51192653 0.10030539 2.71487999
v -0.51069099 0.09850132 2.72086406
v 0.2507177 -0.21889232 2.61824369
v 0.25417757 -0.21727151 2.61418986
v -0.50693649 -0.05897238 2.6661129
v -0.15765995 -0.18124923 2.79365444
v -0.25799322 -0.1532423 2.77783775
v 0.22218509 -0.22791721 2.56662226
v -0.46597213 0.14906023 2.71214199
v -0.0855789 -0.25210559 2.66963363
v -0.0717976 -0.25562373 2.66767907
v 0.08519715 -0.12419167 2.92906189
v 0.16023421 -0.13479917 2.88171029
vn 0.00602 -0.91394 -0.40581
vn 0.42476 -0.89783 -0.1161
vn -0.10977 -0.98 -0.16598
vn -0.41279 -0.8892 -0.1973
vn 0.00541 -0.88696 -0.46182
vn -0.11033 0.97694 -0.18278
vn -0.32325 0.92599 -0.19507
vn -0.23878 0.90782 -0.34473
vn -0.51985 0.14032 -0.84265
vn -0.53983 0.70334 -0.46248
vn -0.70128 0.00293 -0.71288
vn -0.22421 0.62801 -0.74521
vn -0.35707 0.15047 -0.92188
vn 0.34405 -0.22662 -0.91119
vn 0.51058 0.23349 -0.82752
vn 0.38668 0.29306 -0.87441
vn 0.0126 -0.6218 -0.78307
vn -0.17017 -0.69521 -0.69837
vn -0.37025 -0.47509 -0.79825
vn -0.08412 0.93039 -0.35678
vn -0.32072 0.91153 -0.25741
vn -0.34286 0.91727 -0.20263
vn 0.40569 -0.91346 -0.03173
vn -0.01013 -0.92576 -0.37797
vn 0.35433 -0.69479 -0.62587
vn 0.56875 -0.70055 -0.431
vn 0.24093 -0.91845 -0.31368
vn 0.20007 0.91117 -0.3602
vn -0.08245 0.97688 -0.19726
vn 0.21064 0.94269 -0.25878
vn 0.21324 -0.65154 -0.72803
vn 0.45942 -0.77915 -0.42644
vn 0.49025 -0.5447 -0.68041
vn 0.4415 0.52538 -0.72736
vn 0.39008 0.50386 -0.77069
vn 0.02602 0.85426 -0.5192
vn 0.03873 0.82383 -0.56551
vn 0.09194 0.88233 -0.46156
vn 0.20731 -0.7943 -0.57106
vn 0.0026 -0.79397 -0.60795
vn -0.24429 0.91209 -0.32926
vn -0.02671 0.90097 -0.43305
vn -0.02539 0.91494 -0.40278
vn 0.00443 0.89757 -0.44085
vn 0.22257 0.67803 -0.70053
vn 0.25227 0.85818 -0.44709
vn 0.1569 0.85432 -0.4955
vn -0.12316 0.85133 -0.50998
vn 0.00298 0.9035 -0.42858
vn 0.13187 0.89873 -0.41821
vn 0.45632 0.29223 -0.84046
vn -0.489 0.62634 -0.60711
vn -0.15168 0.93706 0.31451
vn -0.63369 -0.74794 0.19754
vn -0.86114 -0.48049 0.16604
vn -0.64667 -0.71002 0.27871
vn 0.25586 0.87622 0.40838
vn 0.17641 -0.17707 0.96826
vn 0.39083 0.83437 0.38868
vn 0.09807 -0.81579 -0.56997
vn 0.32538 0.30073 -0.89649
vn -0.37396 0.91699 0.13885
vn -0.83804 -0.11141 0.53412
vn -0.73895 -0.07818 0.66921
vn -0.15147 -0.08887 0.98446
vn 0.01487 -0.12697 0.99179
vn 0.5756 0.29616 -0.76222
vn 0.25479 -0.82594 -0.5029
vn -0.45675 0.88922 0.02599
vn -0.9091 -0.15727 0.38574
vn 0.52085 -0.80192 -0.29266
vn 0.39755 -0.82126 -0.40925
vn -0.5498 0.80349 -0.22829
vn -0.51611 0.8509 -0.09799
vn 0.67861 0.3123 -0.6648
vn 0.61992 -0.76868 -0.15758
vn -0.55648 0.74885 -0.35993
vn -0.94942 -0.21402 0.22979
vn 0.76137 0.34012 -0.55194
vn 0.69099 -0.7228 -0.00922
vn -0.53596 0.68903 -0.48784
vn -0.95744 -0.27944 0.07223
vn 0.85443 0.42583 -0.29768
vn 0.82076 0.37841 -0.42797
vn -0.93287 -0.35103 -0.08087
vn 0.86116 0.48046 -0.16603
vn 0.73131 -0.66607 0.14675
vn -0.41735 0.56324 -0.71315
vn -0.87663 -0.42605 -0.22361
vn 0.71476 -0.52905 0.4574
vn 0.73933 -0.60066 0.30431
vn -0.32383 0.50208 -0.8019
vn -0.7909 -0.5016 -0.35054
vn 0.79365 0.60294 0.08117
vn 0.8406 0.54031 -0.03813
vn -0.54511 -0.6428 -0.5382
vn -0.67896 -0.57479 -0.45676
vn 0.5728 -0.37848 0.72709
vn 0.65852 -0.45404 0.60016
vn -0.08619 0.39491 -0.91467
vn -0.21197 0.44529 -0.86993
vn -0.02074 0.92858 0.37056
vn 0.11689 0.90806 0.4022
vn 0.62849 0.72721 0.27598
vn 0.722 0.66609 0.18718
vn -0.23298 -0.75313 -0.61524
vn -0.39452 -0.70303 -0.5917
vn -0.47289 -0.05416 0.87945
vn -0.31618 -0.06431 0.94652
vn 0.32699 -0.23729 0.91475
vn 0.46085 -0.30532 0.83331
vn 0.04879 0.35309 -0.93431
vn -0.06663 -0.7912 -0.60792
vn -0.61565 -0.05883 0.78582
vn 0.51664 0.78406 0.34399
vn 0.18779 0.3213 -0.92817
vn -0.2709 0.93317 0.23622
vn -0.08728 -0.99428 -0.06162
vn -0.00419 -0.99965 -0.02618
vn 0.07138 -0.99717 0.02358
vn 0.13682 -0.98692 0.08528
vn 0.18925 -0.96931 0.15692
vn 0.22694 -0.945 0.23554
vn 0.24834 -0.91492 0.3182
vn 0.25255 -0.88026 0.4017
vn 0.23955 -0.84232 0.48282
vn 0.20977 -0.80255 0.55849
vn 0.16428 -0.76253 0.62575
vn 0.105 -0.72371 0.68207
vn 0.03403 -0.68768 0.72521
vn -0.04576 -0.65577 0.75357
vn -0.13135 -0.6292 0.76607
vn -0.21954 -0.60906 0.76214
vn -0.30686 -0.59595 0.74208
vn -0.38988 -0.59063 0.70651
vn -0.46552 -0.59314 0.65686
vn -0.53088 -0.60335 0.59509
vn -0.5834 -0.62096 0.5235
vn -0.62106 -0.64528 0.44485
vn -0.64241 -0.67536 0.36221
vn -0.60382 -0.78774 0.12194
vn -0.55846 -0.82773 0.05459
vn -0.49908 -0.86655 -0.00163
vn -0.42816 -0.90259 -0.04479
vn -0.34835 -0.9345 -0.07319
vn -0.26273 -0.96106 -0.08567
vn -0.17458 -0.98125 -0.08172
vn -0.22215 -0.89641 0.38353
vn -0.22215 -0.89641 0.38353
vn -0.22215 -0.89641 0.38353
vn 0.41735 -0.56323 0.71315
vn -0.8406 -0.54031 0.03813
vn 0.21198 -0.44525 0.86995
vn 0.32382 -0.5021 0.8019
vn -0.79362 -0.60297 -0.08115
vn 0.08617 -0.39496 0.91465
vn -0.11688 -0.90804 -0.40225
vn -0.62848 -0.72723 -0.27595
vn -0.72199 -0.66611 -0.18717
vn -0.04877 -0.3531 0.93432
vn 0.02074 -0.9286 -0.3705
vn 0.27094 -0.93315 -0.23627
vn 0.15165 -0.93707 -0.31448
vn -0.51665 -0.78406 -0.34398
vn -0.32539 -0.30074 0.89648
vn -0.18777 -0.32129 0.92818
vn -0.39083 -0.83437 -0.38869
vn -0.45631 -0.29225 0.84046
vn 0.45673 -0.88923 -0.02598
vn 0.37394 -0.91701 -0.13882
vn -0.25587 -0.87625 -0.40832
vn -0.5756 -0.29616 0.76222
vn 0.5161 -0.85091 0.098
vn -0.67859 -0.31233 0.6648
vn 0.5565 -0.74884 0.35993
vn 0.54976 -0.80352 0.22831
vn -0.82075 -0.37843 0.42798
vn -0.76136 -0.34012 0.55195
vn -0.85445 -0.42581 0.29767
vn 0.53596 -0.68903 0.48784
vn 0.48896 -0.62637 0.60711
vn -0.22214 -0.89645 0.38345
vn -0.22215 -0.89641 0.38352
vn -0.22213 -0.89641 0.38353
vn -0.22214 -0.89642 0.38353
vn -0.22217 -0.89641 0.38353
vn -0.22216 -0.89641 0.38354
vn -0.22212 -0.89642 0.38353
vn -0.22215 -0.89642 0.38352
vn -0.22218 -0.89641 0.38351
vn -0.22214 -0.89641 0.38353
vn -0.22217 -0.89641 0.38352
vn -0.22217 -0.8964 0.38354
vn -0.22215 -0.89641 0.38354
vn -0.22211 -0.89638 0.38362
vn -0.22218 -0.89639 0.38356
vn -0.22214 -0.89642 0.38352
vn -0.22216 -0.89641 0.38354
vn -0.22215 -0.89641 0.38353
vn -0.22209 -0.89644 0.38351
vn -0.22214 -0.89641 0.38353
vn -0.22208 -0.89643 0.38352
vn -0.22215 -0.89641 0.38353
vn -0.22212 -0.89642 0.38353
vn -0.22223 -0.89641 0.3835
vn -0.22213 -0.89641 0.38354
vn -0.22215 -0.89641 0.38353
vn -0.2221 -0.89639 0.38362
vn -0.22217 -0.89642 0.38349
vn -0.22215 -0.8964 0.38355
vn -0.48018 0.66805 -0.56844
vn -0.06291 0.90717 -0.41604
vn -0.35985 0.77297 -0.52252
vn -0.27433 0.83347 -0.47966
vn -0.34537 0.62894 -0.69653
vn -0.32694 0.64907 -0.68689
vn -0.49517 -0.24486 -0.83358
vn -0.7378 -0.38734 -0.55284
vn -0.56502 -0.49824 -0.65765
vn 0.10453 0.86179 -0.49637
vn 0.24062 0.72158 -0.64917
vn 0.09246 0.86974 -0.48477
vn 0.30177 0.62057 -0.72376
vn 0.35789 0.8735 -0.33001
vn 0.15376 -0.86872 -0.47083
vn 0.24555 -0.65126 -0.71803
vn 0.36537 0.42293 -0.82924
vn 0.48356 0.30805 -0.81931
vn 0.43637 0.51716 -0.73629
vn 0.52724 0.49258 -0.69238
vn 0.52737 -0.18685 -0.82883
vn 0.52312 -0.1714 -0.83485
vn 0.55696 -0.1891 -0.80872
vn 0.64083 0.06521 -0.76491
vn -0.04817 0.97678 -0.20877
vn 0.19322 0.97077 -0.14239
vn -0.36271 0.06893 -0.92935
vn -0.28473 -0.35793 -0.88928
vn -0.31347 -0.40821 -0.85738
vn 0.09483 0.87839 -0.46845
vn 0.06003 0.8831 -0.46534
vn 0.24859 0.90063 -0.35646
vn -0.36306 -0.36586 -0.85693
vn -0.5509 0.10402 -0.82807
vn -0.22662 0.60568 -0.76276
vn -0.53912 0.17304 -0.82426
vn -0.04858 0.69358 -0.71874
vn -0.11126 0.90534 -0.40984
vn -0.44498 -0.64104 -0.62535
vn -0.40884 -0.84859 -0.33576
vn -0.28445 -0.78234 -0.5541
vn -0.16103 0.72715 -0.66733
vn -0.41209 0.68028 -0.60614
vn -0.38033 0.71916 -0.58152
vn -0.33471 0.83856 -0.42987
vn -0.46993 0.77554 -0.42154
vn -0.30369 0.70768 -0.63793
vn -0.00025 0.91556 -0.40219
vn -0.03006 0.8766 -0.48028
vn 0.08417 0.88861 -0.45087
vn -0.01053 0.93775 -0.34714
vn -0.0316 0.93029 -0.36546
vn -0.24435 0.90751 -0.34163
vn -0.09834 0.93197 -0.34893
vn -0.22935 0.91905 -0.32055
vn -0.1873 0.96047 -0.20595
vn 0.11109 0.91143 -0.39618
vn -0.00712 0.95875 -0.28417
vn 0.09409 0.95443 -0.28321
vn -0.02221 0.96953 -0.24395
vn -0.16367 0.90073 -0.40237
vn -0.09923 0.94374 -0.31545
vn -0.26171 0.76385 -0.58995
vn -0.31114 0.87054 -0.38126
vn -0.12963 0.81956 -0.55813
vn -0.05871 0.82158 -0.56706
vn -0.07053 0.8358 -0.54449
vn -0.30499 0.66325 -0.68343
vn 0.12029 0.86483 -0.48744
vn 0.42665 0.77233 -0.47061
vn 0.51527 0.36368 -0.77604
vn 0.46479 -0.1872 -0.8654
vn 0.37227 -0.59755 -0.71018
vn 0.65654 -0.29342 -0.69488
vn 0.52334 0.5463 -0.65397
vn -0.01431 0.91928 -0.39333
vn 0.1531 0.94462 -0.29027
vn -0.39529 -0.2765 -0.87595
vn -0.11263 0.87848 -0.46432
vn -0.1704 0.96426 -0.20291
vn 0.07699 0.88449 -0.46016
vn -0.21003 0.82871 -0.51877
vn -0.14503 0.79469 -0.58943
vn -0.06446 0.94767 -0.31267
vn -0.25678 0.9613 -0.09981
vn -0.16812 0.89578 -0.41147
vn -0.04012 0.85442 -0.51803
vn -0.12184 0.80801 -0.57644
vn 0.0565 -0.89144 -0.44959
vn 0.46074 -0.86984 -0.17636
vn 0.00378 -0.87304 -0.48764
vn -0.24682 0.72917 -0.63827
vn -0.0453 0.68306 -0.72896
vn 0.54227 0.18287 -0.82006
vn -0.57434 -0.40761 -0.70992
vn -0.33317 -0.37187 -0.86644
vn -0.52039 -0.32678 -0.78893
vn -0.61907 -0.33537 -0.71013
vn -0.52687 -0.33548 -0.78093
vn -0.3172 -0.42071 -0.84993
vn -0.01482 0.52459 -0.85123
vn -0.14824 0.78778 -0.59785
vn -0.14765 0.98904 -0.00244
vn -0.24799 -0.93456 -0.25516
vn -0.04784 -0.9399 -0.33809
vn -0.3708 -0.89593 -0.24457
vn 0.06041 -0.85956 -0.50746
vn 0.10224 -0.8596 -0.50063
vn 0.15407 -0.92128 -0.35708
vn 0.28997 -0.95428 -0.07254
vn -0.36177 -0.8758 -0.31954
vn -0.16355 -0.93452 -0.31612
vn -0.3695 -0.90549 -0.20871
vn -0.52097 -0.72427 -0.45169
vn -0.03698 -0.95873 -0.2819
vn 0.40399 -0.85477 -0.32581
vn -0.00943 -0.8932 -0.44957
vn -0.29237 -0.90383 -0.31243
vn -0.32224 -0.93789 -0.12854
vn -0.49821 -0.14673 -0.85455
vn 0.03447 -0.89283 -0.44906
vn -0.34601 -0.50511 -0.79066
vn -0.00977 -0.90801 -0.41884
vn -0.02748 -0.90414 -0.42635
vn 0.13124 -0.88193 -0.45275
vn 0.23643 -0.60835 -0.75764
vn 0.54304 -0.60244 -0.58496
vn 0.48588 -0.79506 -0.36304
vn -0.43489 -0.86523 -0.24949
vn -0.27069 -0.87648 -0.39814
vn -0.31296 -0.71558 -0.6245
vn 0.92188 0.09926 -0.37455
vn 0.84048 -0.41994 -0.3424
vn 0.8185 -0.38182 -0.42927
vn 0.78702 0.53188 -0.31257
vn 0.51509 0.8304 -0.21242
vn 0.80781 0.52154 -0.27465
vn 0.55336 -0.79076 -0.2617
vn 0.53852 -0.79683 -0.27397
vn 0.76612 -0.19149 -0.61351
vn 0.42891 0.79383 -0.43113
vn 0.66305 0.44236 -0.60389
vn 0.21961 0.72081 -0.65743
vn 0.10088 0.98846 -0.11301
vn 0.48913 0.84293 -0.2241
vn 0.20493 0.97802 -0.03838
vn 0.24606 -0.88181 -0.40234
vn 0.29377 -0.86489 -0.40701
vn 0.0802 0.9906 -0.11084
vn 0.48465 0.84447 -0.22801
vn 0.69885 0.12984 -0.70339
vn 0.83946 -0.27508 -0.46866
vn 0.76549 0.5032 -0.40101
vn 0.59629 -0.75077 -0.28422
vn 0.14044 0.98112 -0.133
vn 0.81183 0.1018 -0.57495
vn 0.95312 0.10724 -0.28294
vn 0.45579 0.59247 -0.66425
vn -0.18511 0.72074 -0.66804
vn -0.30092 0.52816 -0.79404
vn -0.46128 -0.52126 -0.71798
vn -0.50418 -0.44369 -0.74091
vn -0.31587 -0.77852 -0.54235
vn -0.60344 0.0101 -0.79734
vn -0.25686 0.85784 -0.44513
vn -0.47766 -0.74184 -0.47065
vn -0.66025 -0.48669 -0.57202
vn -0.73713 -0.32275 -0.59369
vn -0.63979 0.44484 -0.62673
vn -0.81874 0.06022 -0.571
vn -0.45868 0.72727 -0.51058
vn -0.39861 0.86892 -0.2934
vn -0.44757 0.86289 -0.23475
vn -0.44506 0.89322 -0.06381
vn -0.38797 0.91406 -0.11825
vn -0.36649 0.89492 -0.25456
vn -0.42305 0.87148 -0.2481
vn -0.16881 0.89766 -0.40708
vn 0.14342 0.93632 -0.32051
vn 0.14477 0.94165 -0.30388
vn 0.9557 0.10427 -0.27526
vn 0.79623 0.5109 -0.32404
vn 0.94097 0.19567 -0.27621
vn -0.50697 0.83793 -0.2021
vn -0.5054 0.84471 -0.17617
vn -0.39634 0.88507 -0.24406
vn 0.20643 0.88889 -0.40898
vn 0.06332 0.88313 -0.46483
vn 0.25289 0.87465 -0.41355
vn 0.07427 0.89073 -0.44842
vn 0.05723 0.89198 -0.44844
vn 0.05852 0.88906 -0.45404
vn 0.41011 0.80896 -0.42118
vn 0.58692 0.76258 -0.27203
vn 0.52549 0.81634 -0.23967
vn -0.34121 0.93432 -0.10303
vn -0.3954 0.91248 -0.10509
vn 0.83677 -0.45245 -0.30839
vn 0.49934 -0.79907 -0.33488
vn 0.1569 -0.93551 -0.31654
vn -0.06011 -0.95795 -0.28056
vn 0.14676 0.94828 -0.28146
vn 0.05908 0.88749 -0.45703
vn 0.17739 0.89485 -0.40959
vn 0.07629 0.88756 -0.45432
vn -0.17599 0.89957 -0.39976
vn 0.01506 0.99416 -0.10684
vn -0.2713 -0.93109 -0.24386
vn -0.25727 -0.88551 -0.3869
vn -0.2156 -0.89183 -0.39769
vn -0.17877 0.88324 -0.43351
vn -0.1513 0.89585 -0.4178
vn -0.774 0.38726 -0.50096
vn -0.59514 0.65334 -0.46793
vn -0.59022 0.68141 -0.4328
vn -0.52165 -0.77088 -0.36554
vn 0.05895 0.88752 -0.45698
vn 0.17172 0.89562 -0.41033
vn -0.21836 -0.89169 -0.39649
vn 0.78997 0.52041 -0.32422
vn 0.95513 0.10732 -0.27606
vn -0.82618 -0.29508 -0.47995
vn -0.90229 0.07681 -0.42424
vn -0.89837 0.11406 -0.42417
vn -0.50972 0.84836 -0.14304
vn -0.49126 0.84338 -0.21764
vn -0.5833 0.69166 -0.42586
vn -0.82567 -0.30216 -0.47642
vn -0.76102 0.41352 -0.49985
vn -0.89755 0.11681 -0.42516
vn 0.52051 0.82128 -0.23361
vn -0.4085 0.88258 -0.23277
vn -0.74871 -0.48202 -0.45507
vn -0.5146 -0.77652 -0.36359
vn -0.52509 -0.76739 -0.36797
vn 0.0513 0.99863 -0.01045
vn -0.17028 0.88602 -0.43125
vn -0.49098 0.84926 -0.19414
vn 0.25737 0.92685 -0.27334
vn 0.44776 0.75253 -0.48292
vn -0.50907 0.84895 -0.14191
vn -0.5039 0.84084 -0.19768
vn -0.74909 -0.48072 -0.45582
vn -0.81751 -0.32245 -0.47719
vn 0.26364 0.94528 -0.19219
vn -0.06495 -0.95764 -0.28056
vn -0.23123 -0.94196 -0.24341
vn -0.48841 0.8455 -0.21583
vn -0.48909 0.84549 -0.21434
vn -0.78062 0.36855 -0.50479
vn -0.27429 -0.93019 -0.24395
vn -0.00353 0.99151 -0.13
vn 0.17106 0.94238 -0.2875
vn -0.51995 0.85263 -0.05167
vn -0.18942 0.87927 -0.43704
vn -0.50864 0.84927 -0.14151
vn 0.12733 -0.93959 -0.31774
vn -0.06027 -0.958 -0.28038
vn -0.74917 -0.48057 -0.45584
vn 0.19391 0.91194 -0.36162
vn 0.18627 0.91484 -0.35829
vn 0.07468 0.99643 0.03931
vn 0.09134 0.99163 0.09121
vn 0.15812 0.9117 -0.37922
vn 0.07359 0.89208 -0.44584
vn 0.21835 0.95546 -0.19855
vn 0.1538 -0.93611 -0.31629
vn 0.45306 -0.82464 -0.33869
vn 0.8399 -0.44751 -0.30709
vn 0.83601 -0.45406 -0.30808
vn -0.33896 0.93624 -0.0925
vn -0.43577 0.9 -0.01035
vn 0.79236 0.51698 -0.32388
vn 0.06148 0.88557 -0.46042
vn -0.00129 0.99432 -0.10639
vn -0.42597 0.89841 -0.10683
vn 0.49684 -0.8007 -0.3347
vn 0.16533 0.90741 -0.38636
vn 0.19528 0.90707 -0.37294
vn -0.30084 0.89368 -0.33291
vn -0.11633 0.94037 -0.31966
vt 0 0
usemtl mat1
f 1573/10/1573 1574/10/1574 1575/10/1575
f 1576/10/1576 1577/10/1577 1575/10/1575
f 1578/10/1578 1579/10/1579 1580/10/1580
f 1581/10/1581 1582/10/1582 1583/10/1583
f 1584/10/1584 1581/10/1581 1585/10/1585
f 1586/10/1586 1587/10/1587 1588/10/1588
f 1589/10/1589 1590/10/1590 1591/10/1591
f 1592/10/1592 1593/10/1593 1594/10/1594
f 1595/10/1595 1596/10/1596 1574/10/1574
f 1597/10/1597 1598/10/1598 1599/10/1599
f 1600/10/1600 1601/10/1601 1602/10/1602
f 1603/10/1603 1604/10/1604 1605/10/1605
f 1588/10/1588 1606/10/1606 1607/10/1607
f 1608/10/1608 1609/10/1609 1610/10/1610
f 1589/10/1589 1611/10/1611 1612/10/1612
f 1592/10/1592 1613/10/1613 1593/10/1593
f 1614/10/1614 1615/10/1615 1616/10/1616
f 1617/10/1617 1618/10/1618 1619/10/1619
f 1601/10/1601 1580/10/1580 1620/10/1620
f 1621/10/1621 1622/10/1622 1610/10/1610
f 1585/10/1585 1783/10/1783 1584/10/1584
f 1784/10/1784 1785/10/1785 1786/10/1786
f 1584/10/1584 1787/10/1787 1788/10/1788
f 1789/10/1789 1790/10/1790 1791/10/1791
f 1792/10/1792 1793/10/1793 1794/10/1794
f 1795/10/1795 1796/10/1796 1618/10/1618
f 1597/10/1597 1797/10/1797 1798/10/1798
f 1799/10/1799 1800/10/1800 1801/10/1801
f 1587/10/1587 1802/10/1802 1606/10/1606
f 1597/10/1597 1803/10/1803 1804/10/1804
f 1805/10/1805 1806/10/1806 1587/10/1587
f 1602/10/1602 1807/10/1807 1808/10/1808
f 1809/10/1809 1810/10/1810 1811/10/1811
f 1812/10/1812 1813/10/1813 1794/10/1794
f 1618/10/1618 1814/10/1814 1600/10/1600
f 1585/10/1585 1815/10/1815 1816/10/1816
f 1817/10/1817 1818/10/1818 1809/10/1809
f 1819/10/1819 1820/10/1820 1620/10/1620
f 1821/10/1821 1822/10/1822 1823/10/1823
f 1789/10/1789 1791/10/1791 1591/10/1591
f 1824/10/1824 1825/10/1825 1817/10/1817
f 1826/10/1826 1827/10/1827 1828/10/1828
f 1788/10/1788 1829/10/1829 1584/10/1584
f 1830/10/1830 1831/10/1831 1832/10/1832
f 1833/10/1833 1834/10/1834 1835/10/1835
f 1836/10/1836 1837/10/1837 1838/10/1838
f 1839/10/1839 1840/10/1840 1841/10/1841
f 1842/10/1842 1594/10/1594 1843/10/1843
f 1844/10/1844 1840/10/1840 1842/10/1842
f 1609/10/1609 1836/10/1836 1621/10/1621
f 1837/10/1837 1845/10/1845 1846/10/1846
f 1614/10/1614 1616/10/1616 1812/10/1812
f 1615/10/1615 1847/10/1847 1831/10/1831
f 1608/10/1608 1848/10/1848 1849/10/1849
f 1842/10/1842 1843/10/1843 1844/10/1844
f 1783/10/1783 1850/10/1850 1787/10/1787
f 1617/10/1617 1851/10/1851 1852/10/1852
f 1852/10/1852 1794/10/1794 1793/10/1793
f 1853/10/1853 1803/10/1803 1854/10/1854
f 1855/10/1855 1856/10/1856 1805/10/1805
f 1617/10/1617 1857/10/1857 1607/10/1607
f 1852/10/1852 1801/10/1801 1857/10/1857
f 1808/10/1808 1858/10/1858 1859/10/1859
f 1581/10/1581 1860/10/1860 1585/10/1585
f 1816/10/1816 1825/10/1825 1783/10/1783
f 1861/10/1861 1862/10/1862 1820/10/1820
f 1863/10/1863 1831/10/1831 1608/10/1608
f 1864/10/1864 1865/10/1865 1847/10/1847
f 1834/10/1834 1622/10/1622 1866/10/1866
f 1867/10/1867 1868/10/1868 1838/10/1838
f 1592/10/1592 1835/10/1835 1613/10/1613
f 1849/10/1849 1869/10/1869 1609/10/1609
f 1870/10/1870 1845/10/1845 1837/10/1837
f 1812/10/1812 1830/10/1830 1813/10/1813
f 1616/10/1616 1615/10/1615 1830/10/1830
f 1871/10/1871 1872/10/1872 1873/10/1873
f 1828/10/1828 1829/10/1829 1826/10/1826
f 1787/10/1787 1785/10/1785 1874/10/1874
f 1875/10/1875 1826/10/1826 1788/10/1788
f 1786/10/1786 1850/10/1850 1824/10/1824
f 1854/10/1854 1798/10/1798 1603/10/1603
f 1804/10/1804 1800/10/1800 1876/10/1876
f 1854/10/1854 1588/10/1588 1853/10/1853
f 1815/10/1815 1818/10/1818 1816/10/1816
f 1877/10/1877 1878/10/1878 1879/10/1879
f 1880/10/1880 1821/10/1821 1877/10/1877
f 1583/10/1583 1881/10/1881 1581/10/1581
f 1878/10/1878 1815/10/1815 1879/10/1879
f 1882/10/1882 1789/10/1789 1590/10/1590
f 1878/10/1878 1811/10/1811 1810/10/1810
f 1874/10/1874 1788/10/1788 1787/10/1787
f 1807/10/1807 1862/10/1862 1858/10/1858
f 1620/10/1620 1807/10/1807 1601/10/1601
f 1819/10/1819 1883/10/1883 1875/10/1875
f 1884/10/1884 1827/10/1827 1883/10/1883
f 1851/10/1851 1859/10/1859 1794/10/1794
f 1600/10/1600 1885/10/1885 1578/10/1578
f 1619/10/1619 1808/10/1808 1851/10/1851
f 1618/10/1618 1602/10/1602 1619/10/1619
f 1886/10/1886 1596/10/1596 1887/10/1887
f 1576/10/1576 1888/10/1888 1889/10/1889
f 1595/10/1595 1890/10/1890 1797/10/1797
f 1797/10/1797 1603/10/1603 1798/10/1798
f 1596/10/1596 1891/10/1891 1887/10/1887
f 1872/10/1872 1892/10/1892 1873/10/1873
f 1586/10/1586 1603/10/1603 1605/10/1605
f 1893/10/1893 1894/10/1894 1895/10/1895
f 1586/10/1586 1855/10/1855 1805/10/1805
f 1896/10/1896 1893/10/1893 1821/10/1821
f 1895/10/1895 1897/10/1897 1596/10/1596
f 1604/10/1604 1890/10/1890 1898/10/1898
f 1871/10/1871 1577/10/1577 1899/10/1899
f 1890/10/1890 1573/10/1573 1898/10/1898
f 1900/10/1900 1822/10/1822 1901/10/1901
f 1879/10/1879 1860/10/1860 1902/10/1902
f 1899/10/1899 1889/10/1889 1903/10/1903
f 1904/10/1904 1821/10/1821 1823/10/1823
f 1905/10/1905 1903/10/1903 1906/10/1906
f 1590/10/1590 1789/10/1789 1591/10/1591
f 1907/10/1907 1899/10/1899 1905/10/1905
f 1855/10/1855 1611/10/1611 1908/10/1908
f 1822/10/1822 1895/10/1895 1901/10/1901
f 1822/10/1822 1821/10/1821 1893/10/1893
f 1596/10/1596 1901/10/1901 1895/10/1895
f 1888/10/1888 1903/10/1903 1889/10/1889
f 1909/10/1909 1586/10/1586 1605/10/1605
f 1909/10/1909 1604/10/1604 1910/10/1910
f 1892/10/1892 1898/10/1898 1573/10/1573
f 1910/10/1910 1898/10/1898 1872/10/1872
f 1910/10/1910 1907/10/1907 1855/10/1855
f 1576/10/1576 1911/10/1911 1888/10/1888
f 1912/10/1912 1911/10/1911 1896/10/1896
f 1575/10/1575 1894/10/1894 1576/10/1576
f 1913/10/1913 1896/10/1896 1880/10/1880
f 1902/10/1902 1881/10/1881 1789/10/1789
f 1914/10/1914 1915/10/1915 1916/10/1916
f 1917/10/1917 1918/10/1918 1919/10/1919
f 1920/10/1920 1915/10/1915 1921/10/1921
f 1804/10/1804 1598/10/1598 1597/10/1597
f 1876/10/1876 1922/10/1922 1804/10/1804
f 1799/10/1799 1923/10/1923 1924/10/1924
f 1925/10/1925 1926/10/1926 1923/10/1923
f 1927/10/1927 1928/10/1928 1918/10/1918
f 1929/10/1929 1930/10/1930 1595/10/1595
f 1923/10/1923 1931/10/1931 1932/10/1932
f 1933/10/1933 1934/10/1934 1922/10/1922
f 1924/10/1924 1932/10/1932 1935/10/1935
f 1598/10/1598 1934/10/1934 1936/10/1936
f 1599/10/1599 1936/10/1936 1929/10/1929
f 1930/10/1930 1921/10/1921 1891/10/1891
f 1929/10/1929 1920/10/1920 1930/10/1930
f 1932/10/1932 1937/10/1937 1927/10/1927
f 1936/10/1936 1916/10/1916 1920/10/1920
f 1935/10/1935 1927/10/1927 1917/10/1917
f 1938/10/1938 1916/10/1916 1934/10/1934
f 1938/10/1938 1917/10/1917 1914/10/1914
f 1933/10/1933 1935/10/1935 1938/10/1938
f 1876/10/1876 1924/10/1924 1933/10/1933
f 1914/10/1914 1919/10/1919 1939/10/1939
f 1853/10/1853 1801/10/1801 1800/10/1800
f 1588/10/1588 1857/10/1857 1853/10/1853
f 1606/10/1606 1940/10/1940 1795/10/1795
f 1925/10/1925 1801/10/1801 1793/10/1793
f 1607/10/1607 1795/10/1795 1617/10/1617
f 1817/10/1817 1941/10/1941 1824/10/1824
f 1809/10/1809 1942/10/1942 1817/10/1817
f 1811/10/1811 1943/10/1943 1944/10/1944
f 1904/10/1904 1945/10/1945 1943/10/1943
f 1809/10/1809 1944/10/1944 1946/10/1946
f 1824/10/1824 1947/10/1947 1786/10/1786
f 1943/10/1943 1948/10/1948 1949/10/1949
f 1944/10/1944 1949/10/1949 1950/10/1950
f 1946/10/1946 1951/10/1951 1942/10/1942
f 1944/10/1944 1952/10/1952 1946/10/1946
f 1942/10/1942 1953/10/1953 1941/10/1941
f 1947/10/1947 1953/10/1953 1954/10/1954
f 1786/10/1786 1947/10/1947 1864/10/1864
f 1947/10/1947 1845/10/1845 1864/10/1864
f 1845/10/1845 1955/10/1955 1846/10/1846
f 1956/10/1956 1843/10/1843 1594/10/1594
f 1593/10/1593 1956/10/1956 1594/10/1594
f 1613/10/1613 1957/10/1957 1593/10/1593
f 1867/10/1867 1958/10/1958 1613/10/1613
f 1846/10/1846 1959/10/1959 1867/10/1867
f 1823/10/1823 1900/10/1900 1945/10/1945
f 1945/10/1945 1900/10/1900 1948/10/1948
f 1960/10/1960 1961/10/1961 1962/10/1962
f 1963/10/1963 1964/10/1964 1965/10/1965
f 1966/10/1966 1967/10/1967 1968/10/1968
f 1969/10/1969 1970/10/1970 1971/10/1971
f 1972/10/1972 1973/10/1973 1974/10/1974
f 1975/10/1975 1976/10/1976 1977/10/1977
f 1956/10/1956 1978/10/1978 1979/10/1979
f 1921/10/1921 1980/10/1980 1981/10/1981
f 1887/10/1887 1982/10/1982 1983/10/1983
f 1844/10/1844 1984/10/1984 1841/10/1841
f 1610/10/1610 1985/10/1985 1863/10/1863
f 1610/10/1610 1986/10/1986 1987/10/1987
f 1843/10/1843 1988/10/1988 1844/10/1844
f 1926/10/1926 1989/10/1989 1931/10/1931
f 1839/10/1839 1986/10/1986 1622/10/1622
f 1990/10/1990 1991/10/1991 1992/10/1992
f 1993/10/1993 1994/10/1994 1960/10/1960
f 1995/10/1995 1996/10/1996 1997/10/1997
f 1891/10/1891 1981/10/1981 1982/10/1982
f 1900/10/1900 1998/10/1998 1948/10/1948
f 1792/10/1792 1999/10/1999 2000/10/2000
f 1886/10/1886 2001/10/2001 1900/10/1900
f 1939/10/1939 2002/10/2002 2003/10/2003
f 2004/10/2004 2005/10/2005 2006/10/2006
f 1954/10/1954 2007/10/2007 1955/10/1955
f 1953/10/1953 2008/10/2008 1954/10/1954
f 1951/10/1951 2009/10/2009 1953/10/1953
f 1949/10/1949 2010/10/2010 1950/10/1950
f 1952/10/1952 2011/10/2011 1951/10/1951
f 1950/10/1950 2012/10/2012 1952/10/1952
f 1928/10/1928 2013/10/2013 1918/10/1918
f 1959/10/1959 2014/10/2014 1958/10/1958
f 1948/10/1948 2015/10/2015 1949/10/1949
f 1992/10/1992 2016/10/2016 2017/10/2017
f 1926/10/1926 2000/10/2000 2018/10/2018
f 1843/10/1843 1979/10/1979 2019/10/2019
f 1955/10/1955 2020/10/2020 1959/10/1959
f 2021/10/2021 2022/10/2022 1975/10/1975
f 2023/10/2023 2024/10/2024 1966/10/1966
f 2025/10/2025 2026/10/2026 2004/10/2004
f 1937/10/1937 2027/10/2027 1928/10/1928
f 2028/10/2028 2029/10/2029 1990/10/1990
f 1997/10/1997 2030/10/2030 2031/10/2031
f 2006/10/2006 2032/10/2032 1995/10/1995
f 1957/10/1957 2014/10/2014 1978/10/1978
f 1887/10/1887 2033/10/2033 1886/10/1886
f 1863/10/1863 1999/10/1999 1832/10/1832
f 2034/10/2034 2035/10/2035 2021/10/2021
f 1993/10/1993 2036/10/2036 2037/10/2037
f 2031/10/2031 2038/10/2038 2023/10/2023
f 2028/10/2028 2039/10/2039 2040/10/2040
f 2017/10/2017 2041/10/2041 2025/10/2025
f 1962/10/1962 2042/10/2042 2043/10/2043
f 2044/10/2044 1971/10/1971 2045/10/2045
f 1972/10/1972 2046/10/2046 2047/10/2047
f 1931/10/1931 2048/10/2048 1937/10/1937
f 1919/10/1919 2013/10/2013 2002/10/2002
f 1939/10/1939 1980/10/1980 1915/10/1915
f 2049/10/2049 2050/10/2050 2039/10/2039
f 1963/10/1963 2051/10/2051 2052/10/2052
f 2053/10/2053 1967/10/1967 2054/10/2054
f 2055/10/2055 1976/10/1976 1964/10/1964
f 1974/10/1974 1970/10/1970 2056/10/2056
f 2044/10/2044 2057/10/2057 2034/10/2034
f 2058/10/2058 2054/10/2054 2036/10/2036
f 2059/10/2059 2051/10/2051 2050/10/2050
f 2043/10/2043 2046/10/2046 2060/10/2060
f 1841/10/1841 2061/10/2061 1839/10/1839
f 1868/10/1868 1613/10/1613 1835/10/1835
f 1837/10/1837 1867/10/1867 1838/10/1838
f 1868/10/1868 1866/10/1866 1838/10/1838
f 1784/10/1784 1864/10/1864 1847/10/1847
f 1884/10/1884 1620/10/1620 1580/10/1580
f 1836/10/1836 1869/10/1869 1837/10/1837
f 1865/10/1865 1845/10/1845 1870/10/1870
f 2062/10/2062 1580/10/1580 1579/10/1579
f 1865/10/1865 1831/10/1831 1847/10/1847
f 1861/10/1861 1875/10/1875 1874/10/1874
f 1869/10/1869 1870/10/1870 1837/10/1837
f 2063/10/2063 1874/10/1874 1785/10/1785
f 1614/10/1614 1858/10/1858 1862/10/1862
f 1906/10/1906 1882/10/1882 1590/10/1590
f 1912/10/1912 1906/10/1906 1903/10/1903
f 1882/10/1882 1913/10/1913 1880/10/1880
f 1612/10/1612 1907/10/1907 1905/10/1905
f 1612/10/1612 1906/10/1906 1590/10/1590
f 1880/10/1880 1879/10/1879 1902/10/1902
f 1902/10/1902 1882/10/1882 1880/10/1880
f 1596/10/1596 1897/10/1897 1574/10/1574
f 1897/10/1897 1575/10/1575 1574/10/1574
f 1575/10/1575 1577/10/1577 1573/10/1573
f 1577/10/1577 1873/10/1873 1892/10/1892
f 1573/10/1573 1577/10/1577 1892/10/1892
f 1576/10/1576 1889/10/1889 1577/10/1577
f 1578/10/1578 1885/10/1885 1579/10/1579
f 1581/10/1581 1829/10/1829 1582/10/1582
f 1584/10/1584 1829/10/1829 1581/10/1581
f 1586/10/1586 1805/10/1805 1587/10/1587
f 1589/10/1589 1612/10/1612 1590/10/1590
f 1594/10/1594 1842/10/1842 1592/10/1592
f 1842/10/1842 1840/10/1840 1833/10/1833
f 1592/10/1592 1842/10/1842 1833/10/1833
f 1600/10/1600 1578/10/1578 1601/10/1601
f 1588/10/1588 1587/10/1587 1606/10/1606
f 1610/10/1610 1863/10/1863 1608/10/1608
f 1608/10/1608 1849/10/1849 1609/10/1609
f 1609/10/1609 1621/10/1621 1610/10/1610
f 1589/10/1589 1908/10/1908 1611/10/1611
f 1617/10/1617 1795/10/1795 1618/10/1618
f 1601/10/1601 1578/10/1578 1580/10/1580
f 1621/10/1621 1866/10/1866 1622/10/1622
f 1585/10/1585 1816/10/1816 1783/10/1783
f 1784/10/1784 2063/10/2063 1785/10/1785
f 1584/10/1584 1783/10/1783 1787/10/1787
f 1789/10/1789 1881/10/1881 1790/10/1790
f 1792/10/1792 1925/10/1925 1793/10/1793
f 1795/10/1795 1940/10/1940 1796/10/1796
f 1799/10/1799 1876/10/1876 1800/10/1800
f 1587/10/1587 1806/10/1806 1802/10/1802
f 1597/10/1597 1798/10/1798 1803/10/1803
f 1805/10/1805 1856/10/1856 1806/10/1806
f 1602/10/1602 1601/10/1601 1807/10/1807
f 1809/10/1809 1818/10/1818 1810/10/1810
f 1813/10/1813 1792/10/1792 1794/10/1794
f 1794/10/1794 1859/10/1859 1812/10/1812
f 1859/10/1859 1858/10/1858 1614/10/1614
f 1812/10/1812 1859/10/1859 1614/10/1614
f 1618/10/1618 1796/10/1796 1814/10/1814
f 1585/10/1585 1860/10/1860 1815/10/1815
f 1817/10/1817 1825/10/1825 1818/10/1818
f 1819/10/1819 1861/10/1861 1820/10/1820
f 1824/10/1824 1850/10/1850 1825/10/1825
f 1826/10/1826 1883/10/1883 1827/10/1827
f 1788/10/1788 1826/10/1826 1829/10/1829
f 1792/10/1792 1813/10/1813 1832/10/1832
f 1813/10/1813 1830/10/1830 1832/10/1832
f 1840/10/1840 1834/10/1834 1833/10/1833
f 1834/10/1834 1868/10/1868 1835/10/1835
f 1866/10/1866 1621/10/1621 1838/10/1838
f 1621/10/1621 1836/10/1836 1838/10/1838
f 1839/10/1839 1834/10/1834 1840/10/1840
f 1844/10/1844 1841/10/1841 1840/10/1840
f 1609/10/1609 1869/10/1869 1836/10/1836
f 1831/10/1831 1830/10/1830 1615/10/1615
f 1615/10/1615 1784/10/1784 1847/10/1847
f 1608/10/1608 1865/10/1865 1848/10/1848
f 1783/10/1783 1825/10/1825 1850/10/1850
f 1617/10/1617 1619/10/1619 1851/10/1851
f 1852/10/1852 1851/10/1851 1794/10/1794
f 1853/10/1853 1800/10/1800 1803/10/1803
f 1855/10/1855 1908/10/1908 1856/10/1856
f 1617/10/1617 1852/10/1852 1857/10/1857
f 1852/10/1852 1793/10/1793 1801/10/1801
f 1808/10/1808 1807/10/1807 1858/10/1858
f 1581/10/1581 1881/10/1881 1860/10/1860
f 1816/10/1816 1818/10/1818 1825/10/1825
f 1861/10/1861 2063/10/2063 1862/10/1862
f 1863/10/1863 1832/10/1832 1831/10/1831
f 1834/10/1834 1839/10/1839 1622/10/1622
f 1592/10/1592 1833/10/1833 1835/10/1835
f 1849/10/1849 1848/10/1848 1869/10/1869
f 1812/10/1812 1616/10/1616 1830/10/1830
f 1871/10/1871 1910/10/1910 1872/10/1872
f 1828/10/1828 1582/10/1582 1829/10/1829
f 1787/10/1787 1850/10/1850 1785/10/1785
f 1875/10/1875 1883/10/1883 1826/10/1826
f 1786/10/1786 1785/10/1785 1850/10/1850
f 1854/10/1854 1803/10/1803 1798/10/1798
f 1804/10/1804 1803/10/1803 1800/10/1800
f 1854/10/1854 1586/10/1586 1588/10/1588
f 1815/10/1815 1810/10/1810 1818/10/1818
f 1877/10/1877 1821/10/1821 1878/10/1878
f 1880/10/1880 1896/10/1896 1821/10/1821
f 1583/10/1583 1790/10/1790 1881/10/1881
f 1878/10/1878 1810/10/1810 1815/10/1815
f 1882/10/1882 1902/10/1902 1789/10/1789
f 1878/10/1878 1904/10/1904 1811/10/1811
f 1874/10/1874 1875/10/1875 1788/10/1788
f 1807/10/1807 1820/10/1820 1862/10/1862
f 1620/10/1620 1820/10/1820 1807/10/1807
f 1819/10/1819 1884/10/1884 1883/10/1883
f 1884/10/1884 2062/10/2062 1827/10/1827
f 1851/10/1851 1808/10/1808 1859/10/1859
f 1600/10/1600 1814/10/1814 1885/10/1885
f 1619/10/1619 1602/10/1602 1808/10/1808
f 1618/10/1618 1600/10/1600 1602/10/1602
f 1886/10/1886 1901/10/1901 1596/10/1596
f 1595/10/1595 1574/10/1574 1890/10/1890
f 1797/10/1797 1890/10/1890 1603/10/1603
f 1596/10/1596 1595/10/1595 1891/10/1891
f 1586/10/1586 1854/10/1854 1603/10/1603
f 1893/10/1893 1911/10/1911 1894/10/1894
f 1586/10/1586 1909/10/1909 1855/10/1855
f 1896/10/1896 1911/10/1911 1893/10/1893
f 1895/10/1895 1894/10/1894 1897/10/1897
f 1604/10/1604 1603/10/1603 1890/10/1890
f 1871/10/1871 1873/10/1873 1577/10/1577
f 1890/10/1890 1574/10/1574 1573/10/1573
f 1901/10/1901 1886/10/1886 1900/10/1900
f 1900/10/1900 1823/10/1823 1822/10/1822
f 1879/10/1879 1815/10/1815 1860/10/1860
f 1899/10/1899 1577/10/1577 1889/10/1889
f 1904/10/1904 1878/10/1878 1821/10/1821
f 1905/10/1905 1899/10/1899 1903/10/1903
f 1907/10/1907 1871/10/1871 1899/10/1899
f 1822/10/1822 1893/10/1893 1895/10/1895
f 1888/10/1888 1912/10/1912 1903/10/1903
f 1909/10/1909 1605/10/1605 1604/10/1604
f 1892/10/1892 1872/10/1872 1898/10/1898
f 1910/10/1910 1604/10/1604 1898/10/1898
f 1855/10/1855 1909/10/1909 1910/10/1910
f 1910/10/1910 1871/10/1871 1907/10/1907
f 1907/10/1907 1611/10/1611 1855/10/1855
f 1576/10/1576 1894/10/1894 1911/10/1911
f 1912/10/1912 1888/10/1888 1911/10/1911
f 1575/10/1575 1897/10/1897 1894/10/1894
f 1913/10/1913 1912/10/1912 1896/10/1896
f 1902/10/1902 1860/10/1860 1881/10/1881
f 1914/10/1914 1939/10/1939 1915/10/1915
f 1917/10/1917 1927/10/1927 1918/10/1918
f 1920/10/1920 1916/10/1916 1915/10/1915
f 1804/10/1804 1922/10/1922 1598/10/1598
f 1876/10/1876 1933/10/1933 1922/10/1922
f 1799/10/1799 1925/10/1925 1923/10/1923
f 1925/10/1925 1792/10/1792 1926/10/1926
f 1927/10/1927 1937/10/1937 1928/10/1928
f 1930/10/1930 1891/10/1891 1595/10/1595
f 1595/10/1595 1797/10/1797 1599/10/1599
f 1797/10/1797 1597/10/1597 1599/10/1599
f 1599/10/1599 1929/10/1929 1595/10/1595
f 1923/10/1923 1926/10/1926 1931/10/1931
f 1933/10/1933 1938/10/1938 1934/10/1934
f 1924/10/1924 1923/10/1923 1932/10/1932
f 1598/10/1598 1922/10/1922 1934/10/1934
f 1599/10/1599 1598/10/1598 1936/10/1936
f 1930/10/1930 1920/10/1920 1921/10/1921
f 1929/10/1929 1936/10/1936 1920/10/1920
f 1932/10/1932 1931/10/1931 1937/10/1937
f 1936/10/1936 1934/10/1934 1916/10/1916
f 1935/10/1935 1932/10/1932 1927/10/1927
f 1938/10/1938 1914/10/1914 1916/10/1916
f 1938/10/1938 1935/10/1935 1917/10/1917
f 1933/10/1933 1924/10/1924 1935/10/1935
f 1876/10/1876 1799/10/1799 1924/10/1924
f 1914/10/1914 1917/10/1917 1919/10/1919
f 1853/10/1853 1857/10/1857 1801/10/1801
f 1588/10/1588 1607/10/1607 1857/10/1857
f 1606/10/1606 1802/10/1802 1940/10/1940
f 1925/10/1925 1799/10/1799 1801/10/1801
f 1607/10/1607 1606/10/1606 1795/10/1795
f 1817/10/1817 1942/10/1942 1941/10/1941
f 1809/10/1809 1946/10/1946 1942/10/1942
f 1811/10/1811 1904/10/1904 1943/10/1943
f 1904/10/1904 1823/10/1823 1945/10/1945
f 1809/10/1809 1811/10/1811 1944/10/1944
f 1824/10/1824 1941/10/1941 1947/10/1947
f 1943/10/1943 1945/10/1945 1948/10/1948
f 1944/10/1944 1943/10/1943 1949/10/1949
f 1946/10/1946 1952/10/1952 1951/10/1951
f 1944/10/1944 1950/10/1950 1952/10/1952
f 1942/10/1942 1951/10/1951 1953/10/1953
f 1947/10/1947 1941/10/1941 1953/10/1953
f 1947/10/1947 1954/10/1954 1845/10/1845
f 1845/10/1845 1954/10/1954 1955/10/1955
f 1593/10/1593 1957/10/1957 1956/10/1956
f 1613/10/1613 1958/10/1958 1957/10/1957
f 1867/10/1867 1959/10/1959 1958/10/1958
f 1846/10/1846 1955/10/1955 1959/10/1959
f 1960/10/1960 1994/10/1994 1961/10/1961
f 1963/10/1963 2055/10/2055 1964/10/1964
f 1966/10/1966 2024/10/2024 1967/10/1967
f 1969/10/1969 2056/10/2056 1970/10/1970
f 1972/10/1972 2047/10/2047 1973/10/1973
f 1975/10/1975 2022/10/2022 1976/10/1976
f 1956/10/1956 1957/10/1957 1978/10/1978
f 1921/10/1921 1915/10/1915 1980/10/1980
f 1887/10/1887 1891/10/1891 1982/10/1982
f 1844/10/1844 1988/10/1988 1984/10/1984
f 1610/10/1610 1987/10/1987 1985/10/1985
f 1610/10/1610 1622/10/1622 1986/10/1986
f 1843/10/1843 2019/10/2019 1988/10/1988
f 1926/10/1926 2018/10/2018 1989/10/1989
f 1839/10/1839 2061/10/2061 1986/10/1986
f 1990/10/1990 2029/10/2029 1991/10/1991
f 1993/10/1993 2037/10/2037 1994/10/1994
f 1995/10/1995 2032/10/2032 1996/10/1996
f 1891/10/1891 1921/10/1921 1981/10/1981
f 1900/10/1900 2001/10/2001 1998/10/1998
f 1792/10/1792 1832/10/1832 1999/10/1999
f 1886/10/1886 2033/10/2033 2001/10/2001
f 1939/10/1939 1919/10/1919 2002/10/2002
f 2004/10/2004 2026/10/2026 2005/10/2005
f 1954/10/1954 2008/10/2008 2007/10/2007
f 1953/10/1953 2009/10/2009 2008/10/2008
f 1951/10/1951 2011/10/2011 2009/10/2009
f 1949/10/1949 2015/10/2015 2010/10/2010
f 1952/10/1952 2012/10/2012 2011/10/2011
f 1950/10/1950 2010/10/2010 2012/10/2012
f 1928/10/1928 2027/10/2027 2013/10/2013
f 1959/10/1959 2020/10/2020 2014/10/2014
f 1948/10/1948 1998/10/1998 2015/10/2015
f 1992/10/1992 1991/10/1991 2016/10/2016
f 1926/10/1926 1792/10/1792 2000/10/2000
f 1843/10/1843 1956/10/1956 1979/10/1979
f 1955/10/1955 2007/10/2007 2020/10/2020
f 2021/10/2021 2035/10/2035 2022/10/2022
f 2023/10/2023 2038/10/2038 2024/10/2024
f 2025/10/2025 2041/10/2041 2026/10/2026
f 1937/10/1937 2048/10/2048 2027/10/2027
f 2028/10/2028 2040/10/2040 2029/10/2029
f 1997/10/1997 1996/10/1996 2030/10/2030
f 2006/10/2006 2005/10/2005 2032/10/2032
f 1957/10/1957 1958/10/1958 2014/10/2014
f 1887/10/1887 1983/10/1983 2033/10/2033
f 1863/10/1863 1985/10/1985 1999/10/1999
f 2034/10/2034 2057/10/2057 2035/10/2035
f 1993/10/1993 2058/10/2058 2036/10/2036
f 2031/10/2031 2030/10/2030 2038/10/2038
f 2028/10/2028 2049/10/2049 2039/10/2039
f 2017/10/2017 2016/10/2016 2041/10/2041
f 1962/10/1962 1961/10/1961 2042/10/2042
f 2044/10/2044 1969/10/1969 1971/10/1971
f 1972/10/1972 2060/10/2060 2046/10/2046
f 1931/10/1931 1989/10/1989 2048/10/2048
f 1919/10/1919 1918/10/1918 2013/10/2013
f 1939/10/1939 2003/10/2003 1980/10/1980
f 2049/10/2049 2059/10/2059 2050/10/2050
f 1963/10/1963 1965/10/1965 2051/10/2051
f 2053/10/2053 1968/10/1968 1967/10/1967
f 2055/10/2055 1977/10/1977 1976/10/1976
f 1974/10/1974 1973/10/1973 1970/10/1970
f 2044/10/2044 2045/10/2045 2057/10/2057
f 2058/10/2058 2053/10/2053 2054/10/2054
f 2059/10/2059 2052/10/2052 2051/10/2051
f 2043/10/2043 2042/10/2042 2046/10/2046
f 1841/10/1841 1984/10/1984 2061/10/2061
f 1868/10/1868 1867/10/1867 1613/10/1613
f 1837/10/1837 1846/10/1846 1867/10/1867
f 1868/10/1868 1834/10/1834 1866/10/1866
f 1784/10/1784 1786/10/1786 1864/10/1864
f 1884/10/1884 1819/10/1819 1620/10/1620
f 1870/10/1870 1848/10/1848 1865/10/1865
f 1865/10/1865 1864/10/1864 1845/10/1845
f 2062/10/2062 1884/10/1884 1580/10/1580
f 1865/10/1865 1608/10/1608 1831/10/1831
f 1861/10/1861 1819/10/1819 1875/10/1875
f 1869/10/1869 1848/10/1848 1870/10/1870
f 2063/10/2063 1861/10/1861 1874/10/1874
f 1862/10/1862 2063/10/2063 1615/10/1615
f 2063/10/2063 1784/10/1784 1615/10/1615
f 1615/10/1615 1614/10/1614 1862/10/1862
f 1906/10/1906 1913/10/1913 1882/10/1882
f 1912/10/1912 1913/10/1913 1906/10/1906
f 1612/10/1612 1611/10/1611 1907/10/1907
f 1612/10/1612 1905/10/1905 1906/10/1906
f 1880/10/1880 1877/10/1877 1879/10/1879
usemtl mat3
f 1623/10/1623 1624/10/1624 1625/10/1625
f 1626/10/1626 1627/10/1627 1628/10/1628
f 1629/10/1629 1630/10/1630 1631/10/1631
f 1623/10/1623 1632/10/1632 1633/10/1633
f 1634/10/1634 1635/10/1635 1636/10/1636
f 1629/10/1629 1637/10/1637 1638/10/1638
f 1639/10/1639 1640/10/1640 1623/10/1623
f 1641/10/1641 1642/10/1642 1635/10/1635
f 1639/10/1639 1643/10/1643 1644/10/1644
f 1645/10/1645 1642/10/1642 1646/10/1646
f 1647/10/1647 1648/10/1648 1643/10/1643
f 1649/10/1649 1650/10/1650 1645/10/1645
f 1651/10/1651 1652/10/1652 1648/10/1648
f 1653/10/1653 1654/10/1654 1649/10/1649
f 1655/10/1655 1652/10/1652 1656/10/1656
f 1624/10/1624 1657/10/1657 1653/10/1653
f 1658/10/1658 1659/10/1659 1655/10/1655
f 1660/10/1660 1661/10/1661 1624/10/1624
f 1658/10/1658 1662/10/1662 1663/10/1663
f 1664/10/1664 1665/10/1665 1660/10/1660
f 1666/10/1666 1662/10/1662 1667/10/1667
f 1664/10/1664 1668/10/1668 1669/10/1669
f 1666/10/1666 1670/10/1670 1671/10/1671
f 1672/10/1672 1668/10/1668 1673/10/1673
f 1674/10/1674 1637/10/1637 1675/10/1675
f 1676/10/1676 1670/10/1670 1677/10/1677
f 1672/10/1672 1678/10/1678 1679/10/1679
f 1674/10/1674 1680/10/1680 1681/10/1681
f 1676/10/1676 1682/10/1682 1683/10/1683
f 1684/10/1684 1685/10/1685 1678/10/1678
f 1625/10/1625 1686/10/1686 1680/10/1680
f 1687/10/1687 1630/10/1630 1682/10/1682
f 1633/10/1633 1685/10/1685 1688/10/1688
f 1634/10/1634 1686/10/1686 1689/10/1689
f 1690/10/1690 1637/10/1637 1681/10/1681
f 1690/10/1690 1680/10/1680 1691/10/1691
f 1692/10/1692 1680/10/1680 1686/10/1686
f 1692/10/1692 1636/10/1636 1693/10/1693
f 1694/10/1694 1636/10/1636 1635/10/1635
f 1695/10/1695 1635/10/1635 1642/10/1642
f 1696/10/1696 1642/10/1642 1650/10/1650
f 1697/10/1697 1650/10/1650 1654/10/1654
f 1698/10/1698 1654/10/1654 1657/10/1657
f 1699/10/1699 1657/10/1657 1661/10/1661
f 1700/10/1700 1661/10/1661 1665/10/1665
f 1701/10/1701 1665/10/1665 1669/10/1669
f 1702/10/1702 1669/10/1669 1668/10/1668
f 1702/10/1702 1679/10/1679 1703/10/1703
f 1703/10/1703 1678/10/1678 1704/10/1704
f 1705/10/1705 1678/10/1678 1685/10/1685
f 1705/10/1705 1632/10/1632 1706/10/1706
f 1707/10/1707 1632/10/1632 1640/10/1640
f 1708/10/1708 1640/10/1640 1644/10/1644
f 1708/10/1708 1643/10/1643 1709/10/1709
f 1709/10/1709 1648/10/1648 1710/10/1710
f 1710/10/1710 1652/10/1652 1711/10/1711
f 1711/10/1711 1659/10/1659 1712/10/1712
f 1712/10/1712 1663/10/1663 1628/10/1628
f 1628/10/1628 1662/10/1662 1626/10/1626
f 1713/10/1713 1662/10/1662 1671/10/1671
f 1713/10/1713 1670/10/1670 1714/10/1714
f 1715/10/1715 1670/10/1670 1683/10/1683
f 1716/10/1716 1683/10/1683 1682/10/1682
f 1716/10/1716 1630/10/1630 1717/10/1717
f 1718/10/1718 1630/10/1630 1638/10/1638
f 1719/10/1719 1638/10/1638 1637/10/1637
f 1720/10/1720 1721/10/1721 1722/10/1722
f 1701/10/1701 1723/10/1723 1700/10/1700
f 1713/10/1713 1724/10/1724 1626/10/1626
f 1701/10/1701 1725/10/1725 1726/10/1726
f 1714/10/1714 1727/10/1727 1713/10/1713
f 1702/10/1702 1728/10/1728 1725/10/1725
f 1690/10/1690 1729/10/1729 1719/10/1719
f 1714/10/1714 1730/10/1730 1731/10/1731
f 1703/10/1703 1732/10/1732 1728/10/1728
f 1691/10/1691 1733/10/1733 1690/10/1690
f 1716/10/1716 1730/10/1730 1715/10/1715
f 1705/10/1705 1732/10/1732 1704/10/1704
f 1691/10/1691 1734/10/1734 1735/10/1735
f 1717/10/1717 1736/10/1736 1716/10/1716
f 1705/10/1705 1737/10/1737 1738/10/1738
f 1693/10/1693 1734/10/1734 1692/10/1692
f 1718/10/1718 1739/10/1739 1717/10/1717
f 1706/10/1706 1740/10/1740 1737/10/1737
f 1693/10/1693 1741/10/1741 1742/10/1742
f 1718/10/1718 1729/10/1729 1743/10/1743
f 1707/10/1707 1744/10/1744 1740/10/1740
f 1695/10/1695 1741/10/1741 1694/10/1694
f 1709/10/1709 1744/10/1744 1708/10/1708
f 1696/10/1696 1745/10/1745 1695/10/1695
f 1710/10/1710 1746/10/1746 1709/10/1709
f 1696/10/1696 1747/10/1747 1748/10/1748
f 1710/10/1710 1749/10/1749 1750/10/1750
f 1698/10/1698 1747/10/1747 1697/10/1697
f 1711/10/1711 1751/10/1751 1749/10/1749
f 1699/10/1699 1752/10/1752 1698/10/1698
f 1628/10/1628 1751/10/1751 1712/10/1712
f 1699/10/1699 1723/10/1723 1753/10/1753
f 1720/10/1720 1733/10/1733 1754/10/1754
f 1754/10/1754 1735/10/1735 1755/10/1755
f 1756/10/1756 1735/10/1735 1734/10/1734
f 1756/10/1756 1742/10/1742 1757/10/1757
f 1757/10/1757 1741/10/1741 1758/10/1758
f 1758/10/1758 1745/10/1745 1759/10/1759
f 1760/10/1760 1745/10/1745 1748/10/1748
f 1721/10/1721 1748/10/1748 1747/10/1747
f 1761/10/1761 1747/10/1747 1752/10/1752
f 1762/10/1762 1752/10/1752 1753/10/1753
f 1763/10/1763 1753/10/1753 1723/10/1723
f 1764/10/1764 1723/10/1723 1726/10/1726
f 1764/10/1764 1725/10/1725 1765/10/1765
f 1765/10/1765 1728/10/1728 1766/10/1766
f 1766/10/1766 1732/10/1732 1767/10/1767
f 1722/10/1722 1732/10/1732 1738/10/1738
f 1722/10/1722 1737/10/1737 1768/10/1768
f 1769/10/1769 1737/10/1737 1740/10/1740
f 1770/10/1770 1740/10/1740 1744/10/1744
f 1770/10/1770 1746/10/1746 1771/10/1771
f 1772/10/1772 1746/10/1746 1750/10/1750
f 1772/10/1772 1749/10/1749 1773/10/1773
f 1774/10/1774 1749/10/1749 1751/10/1751
f 1775/10/1775 1751/10/1751 1627/10/1627
f 1775/10/1775 1724/10/1724 1776/10/1776
f 1777/10/1777 1724/10/1724 1727/10/1727
f 1777/10/1777 1731/10/1731 1778/10/1778
f 1779/10/1779 1731/10/1731 1730/10/1730
f 1779/10/1779 1736/10/1736 1780/10/1780
f 1781/10/1781 1736/10/1736 1739/10/1739
f 1781/10/1781 1743/10/1743 1782/10/1782
f 1720/10/1720 1743/10/1743 1729/10/1729
f 2025/10/2025 1998/10/1998 2017/10/2017
f 1968/10/1968 2020/10/2020 1966/10/1966
f 1977/10/1977 2027/10/2027 1975/10/1975
f 2006/10/2006 2010/10/2010 2004/10/2004
f 1975/10/1975 2048/10/2048 2021/10/2021
f 1966/10/1966 2007/10/2007 2023/10/2023
f 2004/10/2004 2015/10/2015 2025/10/2025
f 1997/10/1997 2011/10/2011 1995/10/1995
f 1990/10/1990 1983/10/1983 2028/10/2028
f 2023/10/2023 2008/10/2008 2031/10/2031
f 1995/10/1995 2012/10/2012 2006/10/2006
f 2055/10/2055 2003/10/2003 2002/10/2002
f 1992/10/1992 2033/10/2033 1990/10/1990
f 2056/10/2056 2000/10/2000 1999/10/1999
f 2021/10/2021 1989/10/1989 2034/10/2034
f 2058/10/2058 2019/10/2019 1979/10/1979
f 2031/10/2031 2009/10/2009 1997/10/1997
f 2049/10/2049 1983/10/1983 1982/10/1982
f 2017/10/2017 2001/10/2001 1992/10/1992
f 2060/10/2060 2061/10/2061 2043/10/2043
f 2034/10/2034 2018/10/2018 2044/10/2044
f 1960/10/1960 2019/10/2019 1993/10/1993
f 2060/10/2060 1987/10/1987 1986/10/1986
f 1974/10/1974 1987/10/1987 1972/10/1972
f 1962/10/1962 1988/10/1988 1960/10/1960
f 2059/10/2059 1982/10/1982 1981/10/1981
f 2052/10/2052 1981/10/1981 1980/10/1980
f 2053/10/2053 1979/10/1979 1978/10/1978
f 1977/10/1977 2002/10/2002 2013/10/2013
f 2056/10/2056 1985/10/1985 1974/10/1974
f 1969/10/1969 2018/10/2018 2000/10/2000
f 1968/10/1968 1978/10/1978 2014/10/2014
f 2052/10/2052 2003/10/2003 1963/10/1963
f 2043/10/2043 1984/10/1984 1962/10/1962
f 1625/10/1625 1674/10/1674 1675/10/1675
f 1675/10/1675 1629/10/1629 1625/10/1625
f 1629/10/1629 1631/10/1631 1625/10/1625
f 1631/10/1631 1687/10/1687 1676/10/1676
f 1676/10/1676 1677/10/1677 1631/10/1631
f 1677/10/1677 1666/10/1666 1631/10/1631
f 1666/10/1666 1667/10/1667 1656/10/1656
f 1667/10/1667 1658/10/1658 1656/10/1656
f 1658/10/1658 1655/10/1655 1656/10/1656
f 1656/10/1656 1651/10/1651 1647/10/1647
f 1647/10/1647 1639/10/1639 1623/10/1623
f 1623/10/1623 1633/10/1633 1672/10/1672
f 1633/10/1633 1688/10/1688 1672/10/1672
f 1688/10/1688 1684/10/1684 1672/10/1672
f 1672/10/1672 1673/10/1673 1664/10/1664
f 1664/10/1664 1660/10/1660 1624/10/1624
f 1624/10/1624 1653/10/1653 1649/10/1649
f 1649/10/1649 1645/10/1645 1624/10/1624
f 1645/10/1645 1646/10/1646 1624/10/1624
f 1646/10/1646 1641/10/1641 1625/10/1625
f 1641/10/1641 1634/10/1634 1625/10/1625
f 1634/10/1634 1689/10/1689 1625/10/1625
f 1656/10/1656 1647/10/1647 1666/10/1666
f 1647/10/1647 1623/10/1623 1666/10/1666
f 1672/10/1672 1664/10/1664 1624/10/1624
f 1625/10/1625 1631/10/1631 1623/10/1623
f 1631/10/1631 1666/10/1666 1623/10/1623
f 1623/10/1623 1672/10/1672 1624/10/1624
f 1624/10/1624 1646/10/1646 1625/10/1625
f 1626/10/1626 1724/10/1724 1627/10/1627
f 1629/10/1629 1638/10/1638 1630/10/1630
f 1623/10/1623 1640/10/1640 1632/10/1632
f 1634/10/1634 1641/10/1641 1635/10/1635
f 1629/10/1629 1675/10/1675 1637/10/1637
f 1639/10/1639 1644/10/1644 1640/10/1640
f 1641/10/1641 1646/10/1646 1642/10/1642
f 1639/10/1639 1647/10/1647 1643/10/1643
f 1645/10/1645 1650/10/1650 1642/10/1642
f 1647/10/1647 1651/10/1651 1648/10/1648
f 1649/10/1649 1654/10/1654 1650/10/1650
f 1651/10/1651 1656/10/1656 1652/10/1652
f 1653/10/1653 1657/10/1657 1654/10/1654
f 1655/10/1655 1659/10/1659 1652/10/1652
f 1624/10/1624 1661/10/1661 1657/10/1657
f 1658/10/1658 1663/10/1663 1659/10/1659
f 1660/10/1660 1665/10/1665 1661/10/1661
f 1658/10/1658 1667/10/1667 1662/10/1662
f 1664/10/1664 1669/10/1669 1665/10/1665
f 1666/10/1666 1671/10/1671 1662/10/1662
f 1664/10/1664 1673/10/1673 1668/10/1668
f 1666/10/1666 1677/10/1677 1670/10/1670
f 1672/10/1672 1679/10/1679 1668/10/1668
f 1674/10/1674 1681/10/1681 1637/10/1637
f 1676/10/1676 1683/10/1683 1670/10/1670
f 1672/10/1672 1684/10/1684 1678/10/1678
f 1674/10/1674 1625/10/1625 1680/10/1680
f 1676/10/1676 1687/10/1687 1682/10/1682
f 1684/10/1684 1688/10/1688 1685/10/1685
f 1625/10/1625 1689/10/1689 1686/10/1686
f 1687/10/1687 1631/10/1631 1630/10/1630
f 1633/10/1633 1632/10/1632 1685/10/1685
f 1634/10/1634 1636/10/1636 1686/10/1686
f 1690/10/1690 1719/10/1719 1637/10/1637
f 1690/10/1690 1681/10/1681 1680/10/1680
f 1692/10/1692 1691/10/1691 1680/10/1680
f 1692/10/1692 1686/10/1686 1636/10/1636
f 1694/10/1694 1693/10/1693 1636/10/1636
f 1695/10/1695 1694/10/1694 1635/10/1635
f 1696/10/1696 1695/10/1695 1642/10/1642
f 1697/10/1697 1696/10/1696 1650/10/1650
f 1698/10/1698 1697/10/1697 1654/10/1654
f 1699/10/1699 1698/10/1698 1657/10/1657
f 1700/10/1700 1699/10/1699 1661/10/1661
f 1701/10/1701 1700/10/1700 1665/10/1665
f 1702/10/1702 1701/10/1701 1669/10/1669
f 1702/10/1702 1668/10/1668 1679/10/1679
f 1703/10/1703 1679/10/1679 1678/10/1678
f 1705/10/1705 1704/10/1704 1678/10/1678
f 1705/10/1705 1685/10/1685 1632/10/1632
f 1707/10/1707 1706/10/1706 1632/10/1632
f 1708/10/1708 1707/10/1707 1640/10/1640
f 1708/10/1708 1644/10/1644 1643/10/1643
f 1709/10/1709 1643/10/1643 1648/10/1648
f 1710/10/1710 1648/10/1648 1652/10/1652
f 1711/10/1711 1652/10/1652 1659/10/1659
f 1712/10/1712 1659/10/1659 1663/10/1663
f 1628/10/1628 1663/10/1663 1662/10/1662
f 1713/10/1713 1626/10/1626 1662/10/1662
f 1713/10/1713 1671/10/1671 1670/10/1670
f 1715/10/1715 1714/10/1714 1670/10/1670
f 1716/10/1716 1715/10/1715 1683/10/1683
f 1716/10/1716 1682/10/1682 1630/10/1630
f 1718/10/1718 1717/10/1717 1630/10/1630
f 1719/10/1719 1718/10/1718 1638/10/1638
f 1720/10/1720 1754/10/1754 1755/10/1755
f 1755/10/1755 1756/10/1756 1757/10/1757
f 1757/10/1757 1758/10/1758 1759/10/1759
f 1759/10/1759 1760/10/1760 1721/10/1721
f 1721/10/1721 1761/10/1761 1762/10/1762
f 1762/10/1762 1763/10/1763 1721/10/1721
f 1763/10/1763 1764/10/1764 1721/10/1721
f 1764/10/1764 1765/10/1765 1766/10/1766
f 1766/10/1766 1767/10/1767 1722/10/1722
f 1722/10/1722 1768/10/1768 1771/10/1771
f 1768/10/1768 1769/10/1769 1771/10/1771
f 1769/10/1769 1770/10/1770 1771/10/1771
f 1771/10/1771 1772/10/1772 1773/10/1773
f 1773/10/1773 1774/10/1774 1775/10/1775
f 1775/10/1775 1776/10/1776 1777/10/1777
f 1777/10/1777 1778/10/1778 1775/10/1775
f 1778/10/1778 1779/10/1779 1775/10/1775
f 1779/10/1779 1780/10/1780 1781/10/1781
f 1781/10/1781 1782/10/1782 1779/10/1779
f 1782/10/1782 1720/10/1720 1779/10/1779
f 1720/10/1720 1755/10/1755 1721/10/1721
f 1755/10/1755 1757/10/1757 1721/10/1721
f 1757/10/1757 1759/10/1759 1721/10/1721
f 1764/10/1764 1766/10/1766 1721/10/1721
f 1766/10/1766 1722/10/1722 1721/10/1721
f 1771/10/1771 1773/10/1773 1775/10/1775
f 1722/10/1722 1771/10/1771 1720/10/1720
f 1771/10/1771 1775/10/1775 1720/10/1720
f 1775/10/1775 1779/10/1779 1720/10/1720
f 1701/10/1701 1726/10/1726 1723/10/1723
f 1713/10/1713 1727/10/1727 1724/10/1724
f 1701/10/1701 1702/10/1702 1725/10/1725
f 1714/10/1714 1731/10/1731 1727/10/1727
f 1702/10/1702 1703/10/1703 1728/10/1728
f 1690/10/1690 1733/10/1733 1729/10/1729
f 1714/10/1714 1715/10/1715 1730/10/1730
f 1703/10/1703 1704/10/1704 1732/10/1732
f 1691/10/1691 1735/10/1735 1733/10/1733
f 1716/10/1716 1736/10/1736 1730/10/1730
f 1705/10/1705 1738/10/1738 1732/10/1732
f 1691/10/1691 1692/10/1692 1734/10/1734
f 1717/10/1717 1739/10/1739 1736/10/1736
f 1705/10/1705 1706/10/1706 1737/10/1737
f 1693/10/1693 1742/10/1742 1734/10/1734
f 1718/10/1718 1743/10/1743 1739/10/1739
f 1706/10/1706 1707/10/1707 1740/10/1740
f 1693/10/1693 1694/10/1694 1741/10/1741
f 1718/10/1718 1719/10/1719 1729/10/1729
f 1707/10/1707 1708/10/1708 1744/10/1744
f 1695/10/1695 1745/10/1745 1741/10/1741
f 1709/10/1709 1746/10/1746 1744/10/1744
f 1696/10/1696 1748/10/1748 1745/10/1745
f 1710/10/1710 1750/10/1750 1746/10/1746
f 1696/10/1696 1697/10/1697 1747/10/1747
f 1710/10/1710 1711/10/1711 1749/10/1749
f 1698/10/1698 1752/10/1752 1747/10/1747
f 1711/10/1711 1712/10/1712 1751/10/1751
f 1699/10/1699 1753/10/1753 1752/10/1752
f 1628/10/1628 1627/10/1627 1751/10/1751
f 1699/10/1699 1700/10/1700 1723/10/1723
f 1720/10/1720 1729/10/1729 1733/10/1733
f 1754/10/1754 1733/10/1733 1735/10/1735
f 1756/10/1756 1755/10/1755 1735/10/1735
f 1756/10/1756 1734/10/1734 1742/10/1742
f 1757/10/1757 1742/10/1742 1741/10/1741
f 1758/10/1758 1741/10/1741 1745/10/1745
f 1760/10/1760 1759/10/1759 1745/10/1745
f 1721/10/1721 1760/10/1760 1748/10/1748
f 1761/10/1761 1721/10/1721 1747/10/1747
f 1762/10/1762 1761/10/1761 1752/10/1752
f 1763/10/1763 1762/10/1762 1753/10/1753
f 1764/10/1764 1763/10/1763 1723/10/1723
f 1764/10/1764 1726/10/1726 1725/10/1725
f 1765/10/1765 1725/10/1725 1728/10/1728
f 1766/10/1766 1728/10/1728 1732/10/1732
f 1722/10/1722 1767/10/1767 1732/10/1732
f 1722/10/1722 1738/10/1738 1737/10/1737
f 1769/10/1769 1768/10/1768 1737/10/1737
f 1770/10/1770 1769/10/1769 1740/10/1740
f 1770/10/1770 1744/10/1744 1746/10/1746
f 1772/10/1772 1771/10/1771 1746/10/1746
f 1772/10/1772 1750/10/1750 1749/10/1749
f 1774/10/1774 1773/10/1773 1749/10/1749
f 1775/10/1775 1774/10/1774 1751/10/1751
f 1775/10/1775 1627/10/1627 1724/10/1724
f 1777/10/1777 1776/10/1776 1724/10/1724
f 1777/10/1777 1727/10/1727 1731/10/1731
f 1779/10/1779 1778/10/1778 1731/10/1731
f 1779/10/1779 1730/10/1730 1736/10/1736
f 1781/10/1781 1780/10/1780 1736/10/1736
f 1781/10/1781 1739/10/1739 1743/10/1743
f 1720/10/1720 1782/10/1782 1743/10/1743
f 2025/10/2025 2015/10/2015 1998/10/1998
f 1968/10/1968 2014/10/2014 2020/10/2020
f 1977/10/1977 2013/10/2013 2027/10/2027
f 2006/10/2006 2012/10/2012 2010/10/2010
f 1975/10/1975 2027/10/2027 2048/10/2048
f 1966/10/1966 2020/10/2020 2007/10/2007
f 2004/10/2004 2010/10/2010 2015/10/2015
f 1997/10/1997 2009/10/2009 2011/10/2011
f 1990/10/1990 2033/10/2033 1983/10/1983
f 2023/10/2023 2007/10/2007 2008/10/2008
f 1995/10/1995 2011/10/2011 2012/10/2012
f 2055/10/2055 1963/10/1963 2003/10/2003
f 1992/10/1992 2001/10/2001 2033/10/2033
f 2056/10/2056 1969/10/1969 2000/10/2000
f 2021/10/2021 2048/10/2048 1989/10/1989
f 2058/10/2058 1993/10/1993 2019/10/2019
f 2031/10/2031 2008/10/2008 2009/10/2009
f 2049/10/2049 2028/10/2028 1983/10/1983
f 2017/10/2017 1998/10/1998 2001/10/2001
f 2060/10/2060 1986/10/1986 2061/10/2061
f 2034/10/2034 1989/10/1989 2018/10/2018
f 1960/10/1960 1988/10/1988 2019/10/2019
f 2060/10/2060 1972/10/1972 1987/10/1987
f 1974/10/1974 1985/10/1985 1987/10/1987
f 1962/10/1962 1984/10/1984 1988/10/1988
f 2059/10/2059 2049/10/2049 1982/10/1982
f 2052/10/2052 2059/10/2059 1981/10/1981
f 2053/10/2053 2058/10/2058 1979/10/1979
f 1977/10/1977 2055/10/2055 2002/10/2002
f 2056/10/2056 1999/10/1999 1985/10/1985
f 1969/10/1969 2044/10/2044 2018/10/2018
f 1968/10/1968 2053/10/2053 1978/10/1978
f 2052/10/2052 1980/10/1980 2003/10/2003
f 2043/10/2043 2061/10/2061 1984/10/1984
# Vertices: 491, normals: 491, texture coordinates: 1, faces: 926

o obj11
v 0.29174516 -0.21674792 2.1119771
v 0.31073162 -0.23030701 2.11398125
v 0.29069492 -0.21844999 2.11397719
v 0.29279536 -0.21504587 2.11397719
v 0.31257674 -0.22954492 2.11197758
v 0.29279539 -0.21504587 2.16197705
v 0.3144373 -0.2288011 2.11397386
v 0.31277749 -0.22978231 2.16397667
v 0.29174516 -0.21674794 2.16397715
v 0.31091693 -0.23052613 2.16198039
v 0.29069492 -0.21845001 2.16197705
v 0.30656627 -0.2533662 2.11175203
v 0.30826852 -0.25444916 2.11373425
v 0.30842572 -0.25499213 2.161731
v 0.31462261 -0.22902024 2.161973
v 0.30673662 -0.25395441 2.1637485
v 0.30503437 -0.25287142 2.16176605
v 0.26829261 -0.28417629 2.11552787
v 0.30487716 -0.25232846 2.11376953
v 0.27048677 -0.28750449 2.1158576
v 0.28487378 -0.27369526 2.15951896
v 0.28437617 -0.27145579 2.16117334
v 0.28267962 -0.27036706 2.15918922
v 0.20878986 -0.30734658 2.18048739
v 0.26879025 -0.28641576 2.11387348
v 0.21103638 -0.30818716 2.18198633
v 0.24348709 -0.28622752 2.20971227
v 0.24169827 -0.28271642 2.20902491
v 0.20924756 -0.30467606 2.18129897
v 0.13984272 -0.31685519 2.29168797
v 0.14215028 -0.31768686 2.2930963
v 0.24394479 -0.283557 2.21052384
v 0.17799453 -0.29523325 2.31579041
v 0.17636646 -0.29169875 2.31486487
v 0.1405222 -0.31415236 2.29217076
v 0.07217723 -0.31261539 2.40106249
v 0.07444672 -0.31344533 2.40253234
v 0.17867401 -0.29253045 2.31627321
v 0.11131844 -0.29103833 2.42356586
v 0.11212158 -0.2883411 2.42384863
v 0.07298037 -0.30991817 2.40134525
v 0.00533917 -0.29677764 2.51068068
v 0.00438395 -0.29943961 2.51064348
v 0.04474173 -0.27814433 2.53118038
v 0.04569695 -0.27548236 2.53121758
v 0.04347425 -0.27466321 2.52967191
v 0.10985209 -0.28751117 2.42237878
v -0.06363446 -0.2666257 2.62058854
v -0.06147395 -0.26741481 2.62223458
v 0.00660665 -0.30025876 2.51218915
v -0.02165989 -0.24611017 2.6385119
v -0.02050256 -0.24354567 2.63822246
v -0.06247712 -0.26406118 2.6202991
v -0.13088635 -0.20974894 2.73103833
v -0.13008833 -0.21292786 2.7333312
v -0.08746859 -0.19401239 2.7447226
v -0.08609177 -0.19163477 2.74405074
v -0.02266307 -0.24275655 2.63657641
v -0.08826661 -0.19083346 2.74242973
v -0.1830124 -0.1325734 2.84772539
v -0.13226317 -0.21212655 2.7317102
v -0.18071924 -0.13352191 2.84908247
v -0.13641803 -0.11669824 2.85672212
v -0.13501942 -0.11434776 2.85600162
v -0.18161379 -0.13022292 2.84700489
v -0.19558375 -0.11304887 2.89097142
v -0.19691616 -0.1154872 2.89149976
v -0.19455381 -0.11652757 2.89265609
v -0.14888394 -0.09731363 2.89966226
v -0.15124629 -0.09627326 2.89850593
v -0.13731258 -0.11339922 2.85464454
v -0.29174513 -0.21674792 2.1119771
v -0.31073159 -0.23030701 2.11398125
v -0.31257671 -0.22954492 2.11197758
v -0.29279536 -0.21504587 2.11397719
v -0.31443727 -0.2288011 2.11397386
v -0.29279536 -0.21504587 2.16197705
v -0.31462258 -0.22902024 2.161973
v -0.31277746 -0.22978231 2.16397667
v -0.29174513 -0.21674794 2.16397715
v -0.3109169 -0.23052613 2.16198039
v -0.29069492 -0.21845001 2.16197705
v -0.29069489 -0.21844999 2.11397719
v -0.30656624 -0.2533662 2.11175203
v -0.30826849 -0.25444916 2.11373425
v -0.30842569 -0.25499213 2.161731
v -0.30673659 -0.25395441 2.1637485
v -0.30503434 -0.25287142 2.16176605
v -0.30487713 -0.25232846 2.11376953
v -0.26829261 -0.28417629 2.11552787
v -0.26879022 -0.28641576 2.11387348
v -0.27048677 -0.28750449 2.1158576
v -0.28487378 -0.27369526 2.15951896
v -0.28437614 -0.27145579 2.16117334
v -0.28267962 -0.27036706 2.15918922
v -0.20878987 -0.30734658 2.18048739
v -0.2110364 -0.30818716 2.18198633
v -0.2434871 -0.28622752 2.20971227
v -0.24394481 -0.283557 2.21052384
v -0.24169828 -0.28271642 2.20902491
v -0.20924757 -0.30467606 2.18129897
v -0.13984273 -0.31685519 2.29168797
v -0.14215028 -0.31768686 2.2930963
v -0.17799453 -0.29523325 2.31579041
v -0.17867403 -0.29253045 2.31627321
v -0.17636646 -0.29169875 2.31486487
v -0.1405222 -0.31415236 2.29217076
v -0.07217723 -0.31261539 2.40106249
v -0.07444672 -0.31344533 2.40253234
v -0.11131844 -0.29103833 2.42356586
v -0.1121216 -0.2883411 2.42384863
v -0.10985209 -0.28751117 2.42237878
v -0.07298037 -0.30991817 2.40134525
v -0.00533917 -0.29677764 2.51068068
v -0.00438395 -0.29943961 2.51064348
v -0.00660665 -0.30025876 2.51218915
v -0.04474172 -0.27814433 2.53118038
v -0.04569695 -0.27548236 2.53121758
v -0.04347425 -0.27466321 2.52967191
v 0.06363446 -0.2666257 2.62058854
v 0.06147395 -0.26741481 2.62223458
v 0.02165989 -0.24611017 2.6385119
v 0.02050256 -0.24354567 2.63822246
v 0.02266307 -0.24275655 2.63657641
v 0.06247712 -0.26406118 2.6202991
v 0.13088635 -0.20974894 2.73103833
v 0.13226317 -0.21212655 2.7317102
v 0.13008833 -0.21292786 2.7333312
v 0.08746859 -0.19401239 2.7447226
v 0.08609177 -0.19163477 2.74405074
v 0.08826661 -0.19083346 2.74242973
v 0.18301238 -0.1325734 2.84772539
v 0.18071924 -0.13352191 2.84908247
v 0.13641803 -0.11669824 2.85672212
v 0.13501942 -0.11434776 2.85600162
v 0.13731258 -0.11339922 2.85464454
v 0.18161379 -0.13022292 2.84700489
v 0.19558375 -0.11304887 2.89097142
v 0.19691615 -0.1154872 2.89149976
v 0.19455381 -0.11652757 2.89265609
v 0.15021636 -0.09975196 2.90019059
v 0.14888394 -0.09731363 2.89966226
v 0.15124629 -0.09627326 2.89850593
v -0.15021636 -0.09975196 2.90019059
vn 0.00424 -0.00803 -0.99996
vn -0.82855 -0.3353 -0.44842
vn -0.47079 -0.7957 -0.38107
vn 0.49193 0.78412 -0.37836
vn 0.24227 0.10273 -0.96476
vn 0.49415 0.78253 0.37877
vn 0.87068 0.35417 -0.3413
vn 0.247 0.0924 0.9646
vn 0.00504 -0.00636 0.99997
vn -0.82396 -0.33812 0.45471
vn -0.47361 -0.79419 0.38073
vn 0.09893 -0.07322 -0.9924
vn 0.79015 -0.49172 -0.36588
vn 0.77842 -0.5166 0.35664
vn 0.87293 0.35037 0.33946
vn 0.09836 -0.12241 0.98759
vn -0.76615 0.477 0.43067
vn -0.63988 0.58841 -0.4943
vn -0.77454 0.48 -0.41194
vn 0.36199 -0.87008 -0.33455
vn 0.60366 -0.72968 0.32118
vn 0.31495 0.21654 0.92408
vn -0.44048 0.87951 0.18011
vn -0.66371 -0.46647 -0.58472
vn -0.28144 -0.32829 -0.90168
vn 0.13851 -0.987 -0.08148
vn 0.6631 -0.65173 0.36815
vn -0.1619 0.98586 0.04317
vn -0.68074 0.61665 -0.39539
vn -0.738 -0.48582 -0.46833
vn 0.08933 -0.99549 0.03203
vn 0.69121 0.45142 0.56432
vn 0.6568 -0.64474 0.39107
vn -0.09116 0.99527 -0.0335
vn -0.66712 0.62949 -0.39837
vn -0.76313 -0.47873 -0.4341
vn 0.04398 -0.99339 0.10604
vn 0.75556 0.44882 0.47716
vn 0.62903 -0.6409 0.43996
vn 0.7731 0.45468 0.44225
vn -0.63632 0.63104 -0.44371
vn -0.60526 0.61705 -0.5029
vn -0.78517 -0.4853 -0.38471
vn 0.58844 -0.63791 0.4968
vn 0.80358 0.4345 0.40679
vn 0.00976 0.98018 -0.19787
vn -0.04543 0.99324 -0.10682
vn -0.82215 -0.4674 -0.32497
vn -0.08722 -0.94455 0.31656
vn -0.01274 -0.98047 0.19625
vn 0.53995 -0.61445 0.57525
vn 0.83639 0.41874 0.35371
vn -0.55858 0.59442 -0.5785
vn -0.54299 0.56669 -0.61969
vn -0.16956 -0.88617 0.43122
vn 0.50521 -0.60008 0.62021
vn 0.89226 0.37577 0.25035
vn 0.08429 0.94431 -0.31808
vn 0.13971 0.88385 -0.44643
vn -0.93292 -0.30866 -0.18546
vn -0.88379 -0.40971 -0.22593
vn -0.15777 -0.89625 0.41455
vn 0.56774 -0.6209 0.54052
vn 0.91043 0.39204 0.13199
vn -0.55217 0.63399 -0.54145
vn -0.59127 0.66971 -0.44932
vn -0.92365 -0.34957 -0.15707
vn -0.11548 -0.93729 0.32885
vn 0.92376 0.34935 0.1569
vn 0.11556 0.93719 -0.32911
vn 0.13681 0.89562 -0.42326
vn -0.00424 -0.00803 -0.99996
vn 0.82855 -0.3353 -0.44842
vn -0.24227 0.10273 -0.96476
vn -0.49193 0.78412 -0.37836
vn -0.87068 0.35417 -0.3413
vn -0.49415 0.78253 0.37877
vn -0.87293 0.35037 0.33946
vn -0.247 0.0924 0.9646
vn -0.00504 -0.00636 0.99997
vn 0.82396 -0.33812 0.45471
vn 0.47361 -0.79419 0.38073
vn 0.47079 -0.7957 -0.38107
vn -0.09893 -0.07322 -0.9924
vn -0.79015 -0.49172 -0.36588
vn -0.77842 -0.5166 0.35664
vn -0.09836 -0.12241 0.98759
vn 0.76615 0.477 0.43067
vn 0.77454 0.48 -0.41194
vn 0.63988 0.58841 -0.4943
vn 0.28144 -0.32828 -0.90168
vn -0.36199 -0.87008 -0.33455
vn -0.60366 -0.72968 0.32119
vn -0.31495 0.21654 0.92408
vn 0.44048 0.87951 0.18011
vn 0.66371 -0.46647 -0.58472
vn -0.13851 -0.987 -0.08148
vn -0.6631 -0.65173 0.36815
vn -0.69121 0.45142 0.56432
vn 0.1619 0.98586 0.04317
vn 0.68074 0.61665 -0.39539
vn 0.738 -0.48582 -0.46833
vn -0.08933 -0.99549 0.03203
vn -0.65679 -0.64474 0.39107
vn -0.75556 0.44882 0.47717
vn 0.09116 0.99527 -0.0335
vn 0.66712 0.62949 -0.39837
vn 0.76313 -0.47873 -0.4341
vn -0.04398 -0.99339 0.10604
vn -0.62903 -0.64091 0.43996
vn -0.7731 0.45468 0.44225
vn 0.04543 0.99324 -0.10682
vn 0.63632 0.63104 -0.44371
vn 0.60526 0.61705 -0.5029
vn 0.78517 -0.4853 -0.38471
vn 0.01274 -0.98047 0.19625
vn -0.58844 -0.63791 0.4968
vn -0.80358 0.4345 0.40679
vn -0.00976 0.98018 -0.19787
vn 0.82215 -0.4674 -0.32497
vn 0.08722 -0.94455 0.31656
vn -0.53995 -0.61445 0.57525
vn -0.83639 0.41874 0.35371
vn -0.08429 0.94431 -0.31808
vn 0.55858 0.59442 -0.5785
vn 0.54299 0.56669 -0.61969
vn 0.88379 -0.40971 -0.22593
vn 0.16956 -0.88617 0.43122
vn -0.50521 -0.60008 0.62021
vn -0.89226 0.37577 0.25035
vn -0.13971 0.88385 -0.44643
vn 0.93292 -0.30866 -0.18546
vn 0.15777 -0.89625 0.41455
vn -0.56774 -0.6209 0.54052
vn -0.91043 0.39204 0.13199
vn -0.13681 0.89562 -0.42326
vn 0.55217 0.63398 -0.54145
vn 0.59127 0.66971 -0.44932
vn 0.92365 -0.34957 -0.15707
vn 0.11548 -0.93729 0.32885
vn -0.59143 -0.66986 0.44889
vn -0.92376 0.34935 0.1569
vn -0.11556 0.93719 -0.32911
vn 0.59143 -0.66986 0.44889
vt 0 1
vt 0.09091 0.83333
vt 0 0.83333
vt 0 0.16667
vt 0.09091 0
vt 0 0
vt 0 0.33333
vt 0.09091 0.16667
vt 0.09091 0.5
vt 0 0.5
vt 0.09091 0.66667
vt 0 0.66667
vt 0.18182 1
vt 0.09091 1
vt 0.18182 0.16667
vt 0.18182 0.33333
vt 0.09091 0.33333
vt 0.18182 0.5
vt 0.18182 0.66667
vt 0.27273 0.83333
vt 0.18182 0.83333
vt 0.27273 0.16667
vt 0.18182 0
vt 0.27273 0.33333
vt 0.27273 0.5
vt 0.27273 0.66667
vt 0.36364 1
vt 0.27273 1
vt 0.36364 0
vt 0.27273 0
vt 0.36364 0.16667
vt 0.36364 0.33333
vt 0.36364 0.66667
vt 0.36364 0.83333
vt 0.45455 1
vt 0.45455 0
vt 0.45455 0.16667
vt 0.36364 0.5
vt 0.45455 0.33333
vt 0.45455 0.66667
vt 0.45455 0.83333
vt 0.54545 1
vt 0.54545 0.16667
vt 0.45455 0.5
vt 0.54545 0.33333
vt 0.54545 0.5
vt 0.54545 0.83333
vt 0.63636 0.83333
vt 0.63636 0
vt 0.54545 0
vt 0.63636 0.33333
vt 0.63636 0.5
vt 0.63636 0.66667
vt 0.54545 0.66667
vt 0.72727 1
vt 0.63636 1
vt 0.72727 0.16667
vt 0.63636 0.16667
vt 0.72727 0.33333
vt 0.72727 0.5
vt 0.72727 0.83333
vt 0.81818 0.83333
vt 0.81818 0.16667
vt 0.72727 0
vt 0.81818 0.33333
vt 0.81818 0.5
vt 0.72727 0.66667
vt 0.81818 0.66667
vt 0.90909 1
vt 0.81818 1
vt 0.90909 0.16667
vt 0.81818 0
vt 0.90909 0.33333
vt 0.90909 0.5
vt 0.90909 0.83333
vt 1 0.83333
vt 1 0
vt 0.90909 0
vt 1 0.16667
vt 1 0.5
vt 1 0.66667
vt 0.90909 0.66667
vt 1 1
vt 1 0.33333
usemtl mat3
f 2064/11/2064 2065/12/2065 2066/13/2066
f 2067/14/2067 2068/15/2068 2064/16/2064
f 2069/17/2069 2070/18/2070 2067/14/2067
f 2071/19/2071 2069/17/2069 2072/20/2072
f 2073/21/2073 2072/20/2072 2074/22/2074
f 2065/12/2065 2074/22/2074 2066/13/2066
f 2075/23/2075 2065/12/2065 2068/24/2068
f 2076/25/2076 2068/15/2068 2070/18/2070
f 2077/26/2077 2070/18/2070 2078/27/2078
f 2071/19/2071 2077/26/2077 2078/27/2078
f 2073/21/2073 2079/28/2079 2071/19/2071
f 2065/12/2065 2080/29/2080 2073/21/2073
f 2075/23/2075 2081/30/2081 2082/31/2082
f 2083/32/2083 2075/33/2075 2076/25/2076
f 2084/34/2084 2076/25/2076 2077/26/2077
f 2085/35/2085 2077/26/2077 2079/28/2079
f 2080/29/2080 2085/35/2085 2079/28/2079
f 2082/31/2082 2086/36/2086 2080/29/2080
f 2087/37/2087 2081/30/2081 2088/38/2088
f 2083/32/2083 2087/39/2087 2088/40/2088
f 2084/34/2084 2089/41/2089 2083/32/2083
f 2085/35/2085 2090/42/2090 2084/34/2084
f 2091/43/2091 2085/35/2085 2086/36/2086
f 2092/44/2092 2086/36/2086 2081/30/2081
f 2093/45/2093 2092/44/2092 2087/37/2087
f 2089/41/2089 2093/46/2093 2087/39/2087
f 2090/42/2090 2094/47/2094 2089/41/2089
f 2095/48/2095 2096/49/2096 2090/42/2090
f 2097/50/2097 2095/48/2095 2091/43/2091
f 2098/51/2098 2091/43/2091 2092/44/2092
f 2099/52/2099 2098/51/2098 2093/45/2093
f 2100/53/2100 2093/46/2093 2094/47/2094
f 2096/49/2096 2100/53/2100 2094/47/2094
f 2101/54/2101 2102/55/2102 2096/49/2096
f 2097/50/2097 2103/56/2103 2101/54/2101
f 2104/57/2104 2097/50/2097 2098/51/2098
f 2099/52/2099 2105/58/2105 2104/57/2104
f 2100/53/2100 2106/59/2106 2099/60/2099
f 2107/61/2107 2100/53/2100 2102/55/2102
f 2108/62/2108 2102/55/2102 2103/56/2103
f 2109/63/2109 2103/56/2103 2110/64/2110
f 2104/57/2104 2109/63/2109 2110/64/2110
f 2111/65/2111 2105/58/2105 2106/66/2106
f 2112/67/2112 2106/59/2106 2113/68/2113
f 2107/61/2107 2112/67/2112 2113/68/2113
f 2108/62/2108 2114/69/2114 2107/61/2107
f 2109/63/2109 2115/70/2115 2108/62/2108
f 2116/71/2116 2109/63/2109 2105/58/2105
f 2111/65/2111 2117/72/2117 2116/71/2116
f 2118/73/2118 2111/74/2111 2112/67/2112
f 2119/75/2119 2112/67/2112 2114/69/2114
f 2120/76/2120 2114/69/2114 2115/70/2115
f 2121/77/2121 2120/76/2120 2115/70/2115
f 2116/71/2116 2122/78/2122 2121/77/2121
f 2123/79/2123 2117/72/2117 2124/80/2124
f 2125/81/2125 2124/82/2124 2118/73/2118
f 2119/75/2119 2125/81/2125 2118/73/2118
f 2120/76/2120 2126/83/2126 2119/75/2119
f 2122/78/2122 2127/84/2127 2120/76/2120
f 2128/85/2128 2122/78/2122 2117/72/2117
f 2123/79/2123 2129/86/2129 2128/85/2128
f 2125/81/2125 2130/87/2130 2123/88/2123
f 2126/83/2126 2131/89/2131 2125/81/2125
f 2132/90/2132 2126/83/2126 2127/84/2127
f 2133/91/2133 2127/84/2127 2134/92/2134
f 2129/86/2129 2134/92/2134 2128/85/2128
f 2135/11/2135 2136/12/2136 2137/24/2137
f 2138/14/2138 2137/15/2137 2139/18/2139
f 2140/17/2140 2139/18/2139 2141/27/2141
f 2140/17/2140 2142/19/2142 2143/20/2143
f 2143/20/2143 2144/21/2144 2145/22/2145
f 2145/22/2145 2136/12/2136 2146/13/2146
f 2136/12/2136 2147/23/2147 2137/24/2137
f 2137/15/2137 2148/25/2148 2139/18/2139
f 2139/18/2139 2149/26/2149 2141/27/2141
f 2142/19/2142 2149/26/2149 2150/28/2150
f 2144/21/2144 2150/28/2150 2151/29/2151
f 2136/12/2136 2151/29/2151 2152/31/2152
f 2147/23/2147 2153/30/2153 2154/38/2154
f 2147/33/2147 2155/32/2155 2148/25/2148
f 2148/25/2148 2156/34/2156 2149/26/2149
f 2149/26/2149 2157/35/2157 2150/28/2150
f 2151/29/2151 2157/35/2157 2158/36/2158
f 2152/31/2152 2158/36/2158 2153/30/2153
f 2153/30/2153 2159/37/2159 2154/38/2154
f 2155/32/2155 2159/39/2159 2160/41/2160
f 2156/34/2156 2160/41/2160 2161/42/2161
f 2157/35/2157 2161/42/2161 2162/48/2162
f 2157/35/2157 2163/43/2163 2158/36/2158
f 2158/36/2158 2164/44/2164 2153/30/2153
f 2164/44/2164 2165/45/2165 2159/37/2159
f 2160/41/2160 2165/46/2165 2166/47/2166
f 2161/42/2161 2166/47/2166 2167/49/2167
f 2162/48/2162 2167/49/2167 2168/54/2168
f 2162/48/2162 2169/50/2169 2163/43/2163
f 2163/43/2163 2170/51/2170 2164/44/2164
f 2170/51/2170 2171/52/2171 2165/45/2165
f 2165/46/2165 2172/53/2172 2166/47/2166
f 2167/49/2167 2172/53/2172 2173/55/2173
f 2168/54/2168 2173/55/2173 2174/56/2174
f 2169/50/2169 2174/56/2174 2175/64/2175
f 2169/50/2169 2176/57/2176 2170/51/2170
f 2171/52/2171 2177/58/2177 2178/66/2178
f 2172/53/2172 2178/59/2178 2179/68/2179
f 2172/53/2172 2180/61/2180 2173/55/2173
f 2173/55/2173 2181/62/2181 2174/56/2174
f 2174/56/2174 2182/63/2182 2175/64/2175
f 2176/57/2176 2182/63/2182 2177/58/2177
f 2177/58/2177 2183/65/2183 2178/66/2178
f 2178/59/2178 2184/67/2184 2179/68/2179
f 2180/61/2180 2184/67/2184 2185/69/2185
f 2181/62/2181 2185/69/2185 2186/70/2186
f 2181/62/2181 2187/77/2187 2182/63/2182
f 2182/63/2182 2188/71/2188 2177/58/2177
f 2183/65/2183 2189/72/2189 2190/80/2190
f 2183/74/2183 2191/73/2191 2184/67/2184
f 2184/67/2184 2192/75/2192 2185/69/2185
f 2185/69/2185 2193/76/2193 2186/70/2186
f 2187/77/2187 2193/76/2193 2194/78/2194
f 2188/71/2188 2194/78/2194 2189/72/2189
f 2189/72/2189 2195/79/2195 2190/80/2190
f 2190/82/2190 2196/81/2196 2191/73/2191
f 2192/75/2192 2196/81/2196 2197/83/2197
f 2193/76/2193 2197/83/2197 2198/84/2198
f 2194/78/2194 2198/84/2198 2199/92/2199
f 2194/78/2194 2200/85/2200 2189/72/2189
f 2195/79/2195 2201/86/2201 2202/93/2202
f 2196/81/2196 2202/87/2202 2203/89/2203
f 2197/83/2197 2203/89/2203 2204/94/2204
f 2197/83/2197 2205/90/2205 2198/84/2198
f 2198/84/2198 2206/91/2206 2199/92/2199
f 2199/92/2199 2201/86/2201 2200/85/2200
f 2064/11/2064 2068/24/2068 2065/12/2065
f 2067/14/2067 2070/18/2070 2068/15/2068
f 2069/17/2069 2078/27/2078 2070/18/2070
f 2071/19/2071 2078/27/2078 2069/17/2069
f 2073/21/2073 2071/19/2071 2072/20/2072
f 2065/12/2065 2073/21/2073 2074/22/2074
f 2075/23/2075 2082/31/2082 2065/12/2065
f 2076/25/2076 2075/33/2075 2068/15/2068
f 2077/26/2077 2076/25/2076 2070/18/2070
f 2071/19/2071 2079/28/2079 2077/26/2077
f 2073/21/2073 2080/29/2080 2079/28/2079
f 2065/12/2065 2082/31/2082 2080/29/2080
f 2075/23/2075 2088/38/2088 2081/30/2081
f 2083/32/2083 2088/40/2088 2075/33/2075
f 2084/34/2084 2083/32/2083 2076/25/2076
f 2085/35/2085 2084/34/2084 2077/26/2077
f 2080/29/2080 2086/36/2086 2085/35/2085
f 2082/31/2082 2081/30/2081 2086/36/2086
f 2087/37/2087 2092/44/2092 2081/30/2081
f 2083/32/2083 2089/41/2089 2087/39/2087
f 2084/34/2084 2090/42/2090 2089/41/2089
f 2085/35/2085 2095/48/2095 2090/42/2090
f 2091/43/2091 2095/48/2095 2085/35/2085
f 2092/44/2092 2091/43/2091 2086/36/2086
f 2093/45/2093 2098/51/2098 2092/44/2092
f 2089/41/2089 2094/47/2094 2093/46/2093
f 2090/42/2090 2096/49/2096 2094/47/2094
f 2095/48/2095 2101/54/2101 2096/49/2096
f 2097/50/2097 2101/54/2101 2095/48/2095
f 2098/51/2098 2097/50/2097 2091/43/2091
f 2099/52/2099 2104/57/2104 2098/51/2098
f 2100/53/2100 2099/60/2099 2093/46/2093
f 2096/49/2096 2102/55/2102 2100/53/2100
f 2101/54/2101 2103/56/2103 2102/55/2102
f 2097/50/2097 2110/64/2110 2103/56/2103
f 2104/57/2104 2110/64/2110 2097/50/2097
f 2099/52/2099 2106/66/2106 2105/58/2105
f 2100/53/2100 2113/68/2113 2106/59/2106
f 2107/61/2107 2113/68/2113 2100/53/2100
f 2108/62/2108 2107/61/2107 2102/55/2102
f 2109/63/2109 2108/62/2108 2103/56/2103
f 2104/57/2104 2105/58/2105 2109/63/2109
f 2111/65/2111 2116/71/2116 2105/58/2105
f 2112/67/2112 2111/74/2111 2106/59/2106
f 2107/61/2107 2114/69/2114 2112/67/2112
f 2108/62/2108 2115/70/2115 2114/69/2114
f 2109/63/2109 2121/77/2121 2115/70/2115
f 2116/71/2116 2121/77/2121 2109/63/2109
f 2111/65/2111 2124/80/2124 2117/72/2117
f 2118/73/2118 2124/82/2124 2111/74/2111
f 2119/75/2119 2118/73/2118 2112/67/2112
f 2120/76/2120 2119/75/2119 2114/69/2114
f 2121/77/2121 2122/78/2122 2120/76/2120
f 2116/71/2116 2117/72/2117 2122/78/2122
f 2123/79/2123 2128/85/2128 2117/72/2117
f 2125/81/2125 2123/88/2123 2124/82/2124
f 2119/75/2119 2126/83/2126 2125/81/2125
f 2120/76/2120 2127/84/2127 2126/83/2126
f 2122/78/2122 2134/92/2134 2127/84/2127
f 2128/85/2128 2134/92/2134 2122/78/2122
f 2123/79/2123 2130/93/2130 2129/86/2129
f 2125/81/2125 2131/89/2131 2130/87/2130
f 2126/83/2126 2207/94/2207 2131/89/2131
f 2132/90/2132 2207/94/2207 2126/83/2126
f 2133/91/2133 2132/90/2132 2127/84/2127
f 2129/86/2129 2133/91/2133 2134/92/2134
f 2135/11/2135 2146/13/2146 2136/12/2136
f 2138/14/2138 2135/16/2135 2137/15/2137
f 2140/17/2140 2138/14/2138 2139/18/2139
f 2140/17/2140 2141/27/2141 2142/19/2142
f 2143/20/2143 2142/19/2142 2144/21/2144
f 2145/22/2145 2144/21/2144 2136/12/2136
f 2136/12/2136 2152/31/2152 2147/23/2147
f 2137/15/2137 2147/33/2147 2148/25/2148
f 2139/18/2139 2148/25/2148 2149/26/2149
f 2142/19/2142 2141/27/2141 2149/26/2149
f 2144/21/2144 2142/19/2142 2150/28/2150
f 2136/12/2136 2144/21/2144 2151/29/2151
f 2147/23/2147 2152/31/2152 2153/30/2153
f 2147/33/2147 2154/40/2154 2155/32/2155
f 2148/25/2148 2155/32/2155 2156/34/2156
f 2149/26/2149 2156/34/2156 2157/35/2157
f 2151/29/2151 2150/28/2150 2157/35/2157
f 2152/31/2152 2151/29/2151 2158/36/2158
f 2153/30/2153 2164/44/2164 2159/37/2159
f 2155/32/2155 2154/40/2154 2159/39/2159
f 2156/34/2156 2155/32/2155 2160/41/2160
f 2157/35/2157 2156/34/2156 2161/42/2161
f 2157/35/2157 2162/48/2162 2163/43/2163
f 2158/36/2158 2163/43/2163 2164/44/2164
f 2164/44/2164 2170/51/2170 2165/45/2165
f 2160/41/2160 2159/39/2159 2165/46/2165
f 2161/42/2161 2160/41/2160 2166/47/2166
f 2162/48/2162 2161/42/2161 2167/49/2167
f 2162/48/2162 2168/54/2168 2169/50/2169
f 2163/43/2163 2169/50/2169 2170/51/2170
f 2170/51/2170 2176/57/2176 2171/52/2171
f 2165/46/2165 2171/60/2171 2172/53/2172
f 2167/49/2167 2166/47/2166 2172/53/2172
f 2168/54/2168 2167/49/2167 2173/55/2173
f 2169/50/2169 2168/54/2168 2174/56/2174
f 2169/50/2169 2175/64/2175 2176/57/2176
f 2171/52/2171 2176/57/2176 2177/58/2177
f 2172/53/2172 2171/60/2171 2178/59/2178
f 2172/53/2172 2179/68/2179 2180/61/2180
f 2173/55/2173 2180/61/2180 2181/62/2181
f 2174/56/2174 2181/62/2181 2182/63/2182
f 2176/57/2176 2175/64/2175 2182/63/2182
f 2177/58/2177 2188/71/2188 2183/65/2183
f 2178/59/2178 2183/74/2183 2184/67/2184
f 2180/61/2180 2179/68/2179 2184/67/2184
f 2181/62/2181 2180/61/2180 2185/69/2185
f 2181/62/2181 2186/70/2186 2187/77/2187
f 2182/63/2182 2187/77/2187 2188/71/2188
f 2183/65/2183 2188/71/2188 2189/72/2189
f 2183/74/2183 2190/82/2190 2191/73/2191
f 2184/67/2184 2191/73/2191 2192/75/2192
f 2185/69/2185 2192/75/2192 2193/76/2193
f 2187/77/2187 2186/70/2186 2193/76/2193
f 2188/71/2188 2187/77/2187 2194/78/2194
f 2189/72/2189 2200/85/2200 2195/79/2195
f 2190/82/2190 2195/88/2195 2196/81/2196
f 2192/75/2192 2191/73/2191 2196/81/2196
f 2193/76/2193 2192/75/2192 2197/83/2197
f 2194/78/2194 2193/76/2193 2198/84/2198
f 2194/78/2194 2199/92/2199 2200/85/2200
f 2195/79/2195 2200/85/2200 2201/86/2201
f 2196/81/2196 2195/88/2195 2202/87/2202
f 2197/83/2197 2196/81/2196 2203/89/2203
f 2197/83/2197 2204/94/2204 2205/90/2205
f 2198/84/2198 2205/90/2205 2206/91/2206
f 2199/92/2199 2206/91/2206 2201/86/2201
# Vertices: 144, normals: 144, texture coordinates: 84, faces: 264

o obj12
v 0.83179134 -0.56628662 1.75559044
v 0.82268012 -0.50894672 1.75442183
v 0.82292646 -0.56628662 1.7538271
v 0.85248232 -0.63482291 1.74099576
v 0.84808266 -0.577483 1.74871659
v 0.84762752 -0.63482291 1.74826145
v 0.85418707 -0.63482291 1.73242533
v 0.85307699 -0.577483 1.74124205
v 0.85248232 -0.63482291 1.72385478
v 0.8548308 -0.577483 1.73242533
v 0.84808266 -0.577483 1.71613395
v 0.85307699 -0.577483 1.72360849
v 0.84762752 -0.63482291 1.71658909
v 0.84060818 -0.577483 1.71113968
v 0.83179134 -0.63482291 1.7100296
v 0.84036183 -0.63482291 1.71173429
v 0.82297456 -0.577483 1.71113968
v 0.83179134 -0.577483 1.70938587
v 0.81595522 -0.63482291 1.71658909
v 0.82322091 -0.63482291 1.71173429
v 0.81110042 -0.63482291 1.72385478
v 0.81550002 -0.577483 1.71613395
v 0.80939561 -0.63482291 1.73242533
v 0.81050569 -0.577483 1.72360849
v 0.81110042 -0.63482291 1.74099576
v 0.80875194 -0.577483 1.73242533
v 0.81595516 -0.63482291 1.74826145
v 0.81050569 -0.577483 1.74124205
v 0.82322091 -0.63482291 1.75311625
v 0.81550002 -0.577483 1.74871659
v 0.85297769 -0.74962425 1.73242521
v 0.84677237 -0.74962425 1.74740624
v 0.81681031 -0.74962425 1.71744418
v 0.84153956 -0.36067766 1.75595963
v 0.8546561 0.25060445 1.75529015
v 0.84416568 0.25060445 1.76229966
v 0.81941712 0.25060445 1.76229966
v 0.83179134 -0.36067766 1.75789857
v 0.8317914 0.25060445 1.76476097
v 0.79364997 -0.83441603 1.729496
v 0.7794103 -0.78024411 1.72829211
v 0.79364997 -0.77823883 1.72905707
v 0.7794103 -0.78024411 1.73821998
v 0.79364997 -0.83441603 1.7387352
v 0.79364997 -0.77823883 1.739007
v 0.7794103 -0.83441603 1.7287873
v 0.8317911 -1.42381334 1.73659813
v 0.84490788 -1.34694076 1.7374332
v 0.81867433 -1.34694076 1.7374332
v 0.79364997 -0.74377841 1.72897339
v 0.7794103 -0.7600162 1.73823261
v 0.79364997 -0.74377841 1.73892093
v 0.86993229 -0.74377841 1.72897339
v 0.88417196 -0.7600162 1.73823261
v 0.88417196 -0.7600162 1.72830439
v 0.86993229 -0.74377841 1.73892093
v 0.85180688 -0.77407867 1.73967671
v 0.86993229 -0.77823883 1.739007
v 0.86611575 -1.34689999 1.73292506
v 0.86611575 -1.34689999 1.73545802
v 0.8317911 -1.44939661 1.73449266
v 0.81177437 -0.83441603 1.73933256
v 0.81177545 -0.77407867 1.73967671
v 0.88417196 -0.78024411 1.73821998
v 0.86993229 -0.83441603 1.7387352
v 0.88417196 -0.83441603 1.73800623
v 0.88417196 -0.78024411 1.72829211
v 0.86993229 -0.83441603 1.729496
v 0.86993229 -0.77823883 1.72905707
v 0.83179116 -0.83441603 1.73070669
v 0.83179116 -0.7694847 1.73041475
v 0.79746652 -1.34689999 1.73292506
v 0.80679762 -1.34689999 1.73311973
v 0.80679762 -1.34689999 1.73565829
v 0.8317911 -1.42377257 1.73498726
v 0.81867433 -1.34689999 1.73582244
v 0.81177711 -0.73706573 1.73963165
v 0.83179116 -0.72965431 1.73041677
v 0.8317911 -1.43739963 1.73471415
v 0.85180515 -0.73706573 1.73963165
v 0.88417196 -0.83441603 1.7287873
v 0.7794103 -0.7600162 1.72830439
v 0.91041702 -0.77688313 1.73237073
v 0.7531653 -0.77688318 1.73237073
v 0.85678464 -1.34689999 1.73565829
v 0.79746652 -1.34689999 1.73545802
v 0.8317911 -1.34689999 1.73345244
v 0.85678464 -1.34689999 1.73311973
v 0.85180795 -0.83441603 1.73933256
v 0.84490788 -1.34689999 1.73582244
v 0.84686142 -1.24444401 1.73773193
v 0.81672084 -1.24440312 1.73612106
v 0.81521553 -1.14194727 1.73813951
v 0.81521553 -1.14190638 1.73652864
v 0.81389225 -1.03945041 1.73878276
v 0.81389225 -1.03940964 1.73717189
v 0.850595 -0.93691278 1.73833191
v 0.85180795 -0.8344568 1.74094343
v 0.850595 -0.93695354 1.73994279
v 0.81298733 -0.93695354 1.73994279
v 0.81298733 -0.93691278 1.73833191
v 0.85180515 -0.7371065 1.74124241
v 0.85180688 -0.7741195 1.74128759
v 0.8809979 -0.93691278 1.72996688
v 0.86762106 -0.93691278 1.73052895
v 0.8786298 -1.03940964 1.73133433
v 0.86589676 -1.03940964 1.73172665
v 0.87516689 -1.14190638 1.7320925
v 0.86337525 -1.14190638 1.73239064
v 0.8712278 -1.24440312 1.73257291
v 0.86050695 -1.24440312 1.73281133
v 0.7959612 -0.93691278 1.73052895
v 0.83179116 -0.93691278 1.7314893
v 0.79768556 -1.03940964 1.73172665
v 0.83179116 -1.03940964 1.73239672
v 0.80020702 -1.14190638 1.73239064
v 0.83179116 -1.14190638 1.7328999
v 0.80307531 -1.24440312 1.73281133
v 0.83179116 -1.24440312 1.73321867
v 0.7794103 -0.83441603 1.73800623
v 0.78258443 -0.93691278 1.72996676
v 0.78258443 -0.93691278 1.73727977
v 0.78495252 -1.03940964 1.73133433
v 0.78495252 -1.03940964 1.73643768
v 0.78841537 -1.14190638 1.7320925
v 0.78841537 -1.14190638 1.73597074
v 0.79235446 -1.24440312 1.73257291
v 0.79235446 -1.24440312 1.73567474
v 0.7959612 -0.93691278 1.73785806
v 0.79768556 -1.03940964 1.7368412
v 0.80020702 -1.14190638 1.73627734
v 0.80307531 -1.24440312 1.73592007
v 0.86762106 -0.93691278 1.73785806
v 0.86589676 -1.03940964 1.7368412
v 0.84969002 -1.03940964 1.73717189
v 0.86337525 -1.14190638 1.73627734
v 0.84836674 -1.14190638 1.73652864
v 0.86050695 -1.24440312 1.73592007
v 0.84686142 -1.24440312 1.73612106
v 0.8809979 -0.93691278 1.73727977
v 0.8786298 -1.03940964 1.73643768
v 0.87516689 -1.14190638 1.73597074
v 0.8712278 -1.24440312 1.73567474
v 0.81177437 -0.8344568 1.74094343
v 0.81177545 -0.7741195 1.74128759
v 0.81177711 -0.7371065 1.74124241
v 0.84836674 -1.14194727 1.73813951
v 0.81672084 -1.24444401 1.73773193
v 0.84969002 -1.03945041 1.73878276
v 0.84036183 -0.63482291 1.75311625
v 0.84060818 -0.577483 1.75371099
v 0.82263201 -0.49775031 1.75453794
v 0.81441194 -0.44041038 1.74980474
v 0.81486708 -0.49775031 1.74934959
v 0.80908406 -0.44041038 1.74183095
v 0.80967873 -0.49775031 1.74158466
v 0.80785686 -0.49775031 1.73242533
v 0.80721313 -0.44041038 1.73242533
v 0.80967873 -0.49775031 1.72326601
v 0.80908406 -0.44041038 1.7230196
v 0.81486714 -0.49775028 1.71550107
v 0.81441194 -0.44041038 1.71504593
v 0.82238567 -0.44041035 1.70971799
v 0.82263201 -0.49775028 1.71031272
v 0.83179134 -0.49775028 1.70849085
v 0.83179134 -0.44041035 1.70784712
v 0.84119701 -0.44041035 1.70971799
v 0.84095073 -0.49775028 1.71031272
v 0.8491708 -0.44041038 1.71504593
v 0.8487156 -0.49775028 1.71550107
v 0.85449868 -0.44041038 1.7230196
v 0.85390395 -0.49775031 1.72326601
v 0.85636955 -0.44041038 1.73242533
v 0.85572588 -0.49775031 1.73242533
v 0.85449868 -0.44041038 1.74183095
v 0.85390395 -0.49775031 1.74158466
v 0.8491708 -0.44041038 1.74980474
v 0.8487156 -0.49775031 1.74934959
v 0.84119701 -0.44041038 1.75513256
v 0.84095073 -0.49775031 1.75453794
v 0.84124511 -0.429214 1.75524879
v 0.83179134 -0.37187406 1.75777292
v 0.83179134 -0.429214 1.75712919
v 0.83179134 -0.577483 1.75546467
v 0.83179134 -0.63482291 1.75482094
v 0.84065628 -0.56628662 1.7538271
v 0.83179134 -0.50894672 1.75623417
v 0.83179134 -0.44041038 1.75700355
v 0.83179134 -0.49775031 1.75635982
v 0.82016319 0.27018875 1.73724198
v 0.82697481 0.27018875 1.7440536
v 0.83660793 0.27018833 1.72079718
v 0.81604409 -0.64601934 1.74817252
v 0.82368368 -0.74962425 1.7519989
v 0.82326901 -0.64601934 1.75300014
v 0.81541115 -0.56628662 1.74880552
v 0.81495601 -0.50894672 1.74926066
v 0.81121653 -0.64601934 1.7409476
v 0.81681031 -0.74962425 1.74740624
v 0.82233757 -0.429214 1.75524879
v 0.81386793 -0.37187406 1.75034881
v 0.81432307 -0.429214 1.74989367
v 0.81038958 -0.56628662 1.74129021
v 0.8097949 -0.50894672 1.7415365
v 0.813779 -0.36067766 1.75043762
v 0.80892664 0.25060445 1.75529015
v 0.81060499 -0.74962425 1.73242521
v 0.80952132 -0.64601934 1.73242533
v 0.80896795 -0.429214 1.74187911
v 0.80837321 -0.37187406 1.74212539
v 0.80798256 -0.50894672 1.73242533
v 0.80862623 -0.56628662 1.73242533
v 0.8082571 -0.36067766 1.74217355
v 0.8019172 0.25060445 1.74479973
v 0.81121653 -0.64601934 1.72390294
v 0.80708748 -0.429214 1.73242533
v 0.80644375 -0.37187406 1.73242533
v 0.8097949 -0.50894672 1.72331405
v 0.81038958 -0.56628662 1.72356033
v 0.80631804 -0.36067766 1.73242533
v 0.79945576 0.25060445 1.73242545
v 0.81604409 -0.64601934 1.71667802
v 0.81221771 -0.74962425 1.72431755
v 0.80896795 -0.429214 1.72297156
v 0.80837321 -0.37187406 1.72272515
v 0.81495601 -0.50894672 1.71558988
v 0.81541115 -0.56628662 1.71604502
v 0.8082571 -0.36067766 1.72267711
v 0.8019172 0.25060445 1.72005105
v 0.82368368 -0.74962425 1.71285164
v 0.82326901 -0.64601934 1.7118504
v 0.81432307 -0.429214 1.714957
v 0.81386793 -0.37187406 1.71450186
v 0.82292646 -0.56628662 1.71102357
v 0.82268012 -0.50894666 1.71042883
v 0.813779 -0.36067766 1.71441293
v 0.80892664 0.25060445 1.70956063
v 0.83179134 -0.74962425 1.71123886
v 0.83179134 -0.64601934 1.71015525
v 0.82233757 -0.42921397 1.70960188
v 0.82209128 -0.37187403 1.70900714
v 0.83179134 -0.50894666 1.7086165
v 0.83179134 -0.56628662 1.70926023
v 0.82204318 -0.3606776 1.70889103
v 0.81941712 0.25060457 1.70255125
v 0.839899 -0.74962425 1.71285164
v 0.84031373 -0.64601934 1.7118504
v 0.83179134 -0.37187403 1.70707774
v 0.83179134 -0.42921397 1.70772135
v 0.84090263 -0.50894666 1.71042883
v 0.84065628 -0.56628662 1.71102357
v 0.83179134 -0.3606776 1.70695198
v 0.8317914 0.25060457 1.70008981
v 0.84753865 -0.64601934 1.71667802
v 0.84149146 -0.37187403 1.70900714
v 0.84124511 -0.42921397 1.70960188
v 0.84862673 -0.50894672 1.71558988
v 0.84817159 -0.56628662 1.71604502
v 0.84153956 -0.3606776 1.70889103
v 0.84416568 0.25060457 1.70255125
v 0.85136503 -0.74962425 1.72431755
v 0.85236621 -0.64601934 1.72390294
v 0.84971482 -0.37187406 1.71450186
v 0.84925967 -0.429214 1.714957
v 0.85378784 -0.50894672 1.72331405
v 0.85319316 -0.56628662 1.72356033
v 0.8546561 0.25060445 1.70956063
v 0.85406137 -0.64601934 1.73242533
v 0.85520953 -0.37187406 1.72272515
v 0.85461479 -0.429214 1.72297156
v 0.85495651 -0.56628662 1.73242533
v 0.85560018 -0.50894672 1.73242533
v 0.86166561 0.25060445 1.72005105
v 0.84980369 -0.36067766 1.71441293
v 0.85236621 -0.64601934 1.7409476
v 0.85713899 -0.37187406 1.73242533
v 0.85649526 -0.429214 1.73242533
v 0.85378784 -0.50894672 1.7415365
v 0.85319316 -0.56628662 1.74129021
v 0.8572647 -0.36067766 1.73242533
v 0.86412698 0.25060445 1.73242545
v 0.84753865 -0.64601934 1.74817252
v 0.85520953 -0.37187406 1.74212539
v 0.85461479 -0.429214 1.74187911
v 0.84862673 -0.50894672 1.74926066
v 0.84817159 -0.56628662 1.74880552
v 0.85532564 -0.36067766 1.74217355
v 0.86166561 0.25060445 1.74479973
v 0.839899 -0.74962425 1.7519989
v 0.84031373 -0.64601934 1.75300014
v 0.84971482 -0.37187406 1.75034881
v 0.84925967 -0.429214 1.74989367
v 0.84090263 -0.50894672 1.75442183
v 0.83179134 -0.64601934 1.7546953
v 0.82238567 -0.44041038 1.75513268
v 0.84149146 -0.37187406 1.7558434
v 0.82209128 -0.37187406 1.7558434
v 0.82297456 -0.577483 1.75371099
v 0.81302726 -0.57752228 1.75118935
v 0.80727488 -0.57752228 1.74258029
v 0.85999227 -0.42925325 1.73242533
v 0.81193918 -0.44044966 1.71257317
v 0.85010028 -0.63486212 1.71411633
v 0.84170008 -0.63486212 1.70850348
v 0.85701865 -0.50898594 1.74287474
v 0.85001141 -0.64605862 1.71420527
v 0.81293839 -0.56632584 1.75127828
v 0.80573714 -0.42925325 1.72163332
v 0.8134824 -0.63486212 1.75073421
v 0.85713476 -0.49778956 1.7429229
v 0.85922289 -0.49778956 1.73242533
v 0.80656409 -0.50898594 1.7219758
v 0.81248325 -0.50898594 1.71311712
v 0.83179134 -0.37191328 1.70358074
v 0.8428297 -0.37191328 1.70577633
v 0.81357133 -0.64605862 1.75064528
v 0.80798572 -0.64605862 1.74228585
v 0.8563078 -0.57752228 1.74258029
v 0.81239438 -0.49778956 1.71302831
v 0.80644792 -0.49778956 1.72192776
v 0.84287781 -0.36071688 1.70566022
v 0.83179134 -0.36071688 1.70345497
v 0.82075304 -0.37191331 1.75907421
v 0.81139517 -0.37191331 1.75282156
v 0.85845345 -0.56632584 1.73242533
v 0.81302726 -0.57752228 1.71366119
v 0.83179134 -0.37191331 1.76126993
v 0.84253526 -0.4404496 1.70648718
v 0.85571313 -0.63486212 1.74233401
v 0.85768408 -0.63486212 1.73242533
v 0.84287781 -0.36071691 1.75919044
v 0.82070494 -0.36071691 1.75919044
v 0.82204318 -0.36067766 1.75595963
v 0.85755837 -0.64605862 1.73242533
v 0.85559702 -0.64605862 1.74228585
v 0.81293839 -0.56632584 1.71357226
v 0.80715877 -0.56632584 1.72222209
v 0.83179134 -0.44044966 1.76050055
v 0.84258336 -0.42925322 1.70637107
v 0.83179134 -0.42925322 1.70422435
v 0.81193918 -0.44044966 1.75227749
v 0.80786961 -0.63486212 1.72251654
v 0.83179134 -0.42925325 1.7606262
v 0.84258336 -0.42925325 1.7584796
v 0.83179134 -0.50898594 1.70511949
v 0.84224087 -0.50898594 1.70719802
v 0.860636 -0.37191331 1.73242533
v 0.81357133 -0.64605862 1.71420527
v 0.84224087 -0.50898594 1.75765264
v 0.83179134 -0.50898594 1.75973117
v 0.82099932 -0.42925325 1.7584796
v 0.83179134 -0.49778956 1.75985682
v 0.84228897 -0.49778956 1.75776875
v 0.83179134 -0.49778953 1.70499384
v 0.82134187 -0.50898594 1.75765264
v 0.81248325 -0.50898594 1.75173342
v 0.85855645 -0.36071691 1.72133887
v 0.85532564 -0.36067766 1.72267711
v 0.80294675 -0.37191331 1.73242533
v 0.8051424 -0.37191331 1.72138691
v 0.84194642 -0.57752228 1.7569418
v 0.83179134 -0.57752228 1.75896168
v 0.83179134 -0.57752222 1.70588887
v 0.84194642 -0.57752222 1.70790887
v 0.85986656 -0.44044966 1.73242533
v 0.83179134 -0.56632584 1.75908744
v 0.84199452 -0.56632584 1.75705791
v 0.82129377 -0.49778956 1.75776875
v 0.80502629 -0.36071691 1.72133887
v 0.80282104 -0.36071691 1.73242533
v 0.84170008 -0.63486218 1.75634706
v 0.83179134 -0.56632584 1.70576322
v 0.8578456 -0.42925325 1.72163332
v 0.80371612 -0.44044966 1.73242533
v 0.80585325 -0.44044966 1.72168136
v 0.84165198 -0.64605862 1.75623095
v 0.83179134 -0.64605862 1.7581923
v 0.83179134 -0.63486212 1.7065326
v 0.85701865 -0.50898594 1.7219758
v 0.85909718 -0.50898594 1.73242533
v 0.8428297 -0.37191331 1.75907421
v 0.84165198 -0.64605862 1.70861959
v 0.82158822 -0.56632584 1.75705791
v 0.80359048 -0.42925325 1.73242533
v 0.82188267 -0.63486218 1.75634706
v 0.85713476 -0.49778956 1.72192776
v 0.85227644 -0.36071691 1.75291038
v 0.84980369 -0.36067766 1.75043762
v 0.82075304 -0.37191328 1.70577633
v 0.8563078 -0.57752228 1.72227025
v 0.85832781 -0.57752228 1.73242533
v 0.85164356 -0.44044966 1.75227749
v 0.84253526 -0.44044966 1.75836337
v 0.80435985 -0.49778956 1.73242533
v 0.82070494 -0.36071688 1.70566022
v 0.85642397 -0.56632584 1.72222209
v 0.80727488 -0.57752228 1.72227025
v 0.85173243 -0.42925325 1.7523663
v 0.83179134 -0.4404496 1.70435011
v 0.85571313 -0.63486212 1.72251654
v 0.83179134 -0.36071691 1.76139557
v 0.80512923 -0.56632584 1.73242533
v 0.82099932 -0.42925322 1.70637107
v 0.82193077 -0.64605862 1.75623095
v 0.82163632 -0.57752228 1.7569418
v 0.81185031 -0.42925325 1.7523663
v 0.82104743 -0.44044966 1.75836349
v 0.80786961 -0.63486212 1.74233401
v 0.80715877 -0.56632584 1.74262846
v 0.80644798 -0.49778956 1.7429229
v 0.81239432 -0.49778956 1.75182235
v 0.80573714 -0.42925325 1.74321735
v 0.80502629 -0.36071691 1.7435118
v 0.81130624 -0.36071691 1.75291038
v 0.80589861 -0.63486212 1.73242533
v 0.80602431 -0.64605862 1.73242533
v 0.80656409 -0.50898594 1.74287474
v 0.80585325 -0.44044966 1.74316919
v 0.8051424 -0.37191331 1.74346364
v 0.80798572 -0.64605862 1.7225647
v 0.80525494 -0.57752228 1.73242533
v 0.80448556 -0.50898594 1.73242533
v 0.81348246 -0.63486212 1.71411633
v 0.8113063 -0.36071691 1.71194017
v 0.82193077 -0.64605862 1.70861959
v 0.82188267 -0.63486212 1.70850348
v 0.82163632 -0.57752222 1.70790887
v 0.82129377 -0.49778953 1.70708191
v 0.81185031 -0.42925325 1.71248424
v 0.82104743 -0.4404496 1.70648718
v 0.81139517 -0.37191331 1.7120291
v 0.83179134 -0.64605862 1.70665824
v 0.82158822 -0.56632584 1.70779276
v 0.82134187 -0.50898594 1.70719802
v 0.84228897 -0.49778953 1.70708191
v 0.85064435 -0.56632584 1.71357226
v 0.84199452 -0.56632584 1.70779276
v 0.85109949 -0.50898594 1.71311712
v 0.85173243 -0.42925325 1.71248424
v 0.85227644 -0.36071691 1.71194017
v 0.85559702 -0.64605862 1.7225647
v 0.85055542 -0.57752228 1.71366119
v 0.85118836 -0.49778956 1.71302831
v 0.85772949 -0.44044966 1.72168136
v 0.85164356 -0.44044966 1.71257317
v 0.85218757 -0.37191331 1.7120291
v 0.85844034 -0.37191331 1.72138691
v 0.85772949 -0.44044966 1.74316919
v 0.85855645 -0.36071691 1.7435118
v 0.86076164 -0.36071691 1.73242533
v 0.85001141 -0.64605862 1.75064528
v 0.85010028 -0.63486212 1.75073421
v 0.85064435 -0.56632584 1.75127828
v 0.85642397 -0.56632584 1.74262846
v 0.85109949 -0.50898594 1.75173342
v 0.8578456 -0.42925325 1.74321735
v 0.85218757 -0.37191331 1.75282156
v 0.85844034 -0.37191331 1.74346364
v 0.85055542 -0.57752228 1.75118935
v 0.85118836 -0.49778956 1.75182235
v 0.83179134 -0.63486218 1.75831795
v 0.84318393 0.2603966 1.75992942
v 0.8317914 0.2603966 1.76219559
v 0.8317914 0.26756483 1.75496686
v 0.83660793 0.27018875 1.7440536
v 0.8317914 0.27018875 1.74501169
v 0.85284209 0.2603966 1.75347614
v 0.84041762 0.26756483 1.75325096
v 0.84069127 0.27018875 1.74132526
v 0.85929543 0.2603966 1.74381793
v 0.84773058 0.26756483 1.74836457
v 0.85261697 0.26756483 1.74105167
v 0.86156154 0.2603966 1.73242545
v 0.8443777 0.27018875 1.73242545
v 0.84341961 0.27018875 1.73724198
v 0.85929543 0.2603966 1.72103286
v 0.85261697 0.26756483 1.72379923
v 0.8543328 0.26756483 1.73242545
v 0.85284209 0.2603966 1.71137476
v 0.84773058 0.26756513 1.71648622
v 0.84341961 0.27018875 1.7276088
v 0.84318393 0.2603966 1.70492136
v 0.84041762 0.26756483 1.71159983
v 0.84069127 0.27018917 1.72352552
v 0.8317914 0.26039672 1.7026552
v 0.8317914 0.26756501 1.70988405
v 0.82039887 0.2603966 1.70492136
v 0.82316518 0.26756483 1.71159983
v 0.82697481 0.27018833 1.72079718
v 0.8317914 0.27018893 1.7198391
v 0.81074071 0.2603966 1.71137476
v 0.81585222 0.26756513 1.71648622
v 0.81096584 0.26756483 1.72379923
v 0.82016319 0.27018875 1.7276088
v 0.82289153 0.27018917 1.72352552
v 0.80428731 0.2603966 1.72103286
v 0.80202121 0.2603966 1.73242545
v 0.81920511 0.27018875 1.73242545
v 0.80428731 0.2603966 1.74381793
v 0.80925 0.26756483 1.73242545
v 0.81096584 0.26756483 1.74105167
v 0.81585217 0.26756483 1.74836457
v 0.82039887 0.2603966 1.75992942
v 0.81074071 0.2603966 1.75347614
v 0.82289153 0.27018875 1.74132526
v 0.82316518 0.26756483 1.75325096
v 0.83179134 -0.74962425 1.75361156
v 0.81221771 -0.74962425 1.74053299
v 0.84677237 -0.74962425 1.71744418
v 0.85136503 -0.74962425 1.74053288
vn 0 0.74588 0.66608
vn -0.24803 -0.76154 0.59878
vn -0.2549 0.74588 0.61538
vn 0.61537 0.74588 0.2549
vn 0.45829 -0.76154 0.45828
vn 0.47099 0.74588 0.47099
vn 0.66608 0.74588 0
vn 0.59878 -0.76154 0.24803
vn 0.61537 0.74589 -0.2549
vn 0.64811 -0.76154 0
vn 0.45829 -0.76154 -0.45829
vn 0.59878 -0.76154 -0.24802
vn 0.47099 0.74588 -0.47099
vn 0.24803 -0.76154 -0.59879
vn -0 0.74588 -0.66608
vn 0.25489 0.74588 -0.61537
vn -0.24803 -0.76154 -0.59879
vn -0 -0.76154 -0.64812
vn -0.47099 0.74588 -0.47099
vn -0.25489 0.74588 -0.61537
vn -0.61537 0.74588 -0.2549
vn -0.45828 -0.76154 -0.45829
vn -0.66608 0.74588 0
vn -0.59878 -0.76154 -0.24802
vn -0.61538 0.74588 0.2549
vn -0.64812 -0.76154 0
vn -0.47099 0.74588 0.47099
vn -0.59878 -0.76154 0.24802
vn -0.25489 0.74588 0.61538
vn -0.45829 -0.76154 0.45829
vn 0.74275 -0.66957 -0
vn 0.52522 -0.66955 0.52521
vn -0.52522 -0.66954 -0.52522
vn 0.2549 0.74588 0.61538
vn 0.70198 0.12024 0.70198
vn 0.3799 0.12024 0.91718
vn -0.3799 0.12024 0.91718
vn -0 0.74587 0.66609
vn -0 0.12024 0.99275
vn 0.04083 -0.00899 -0.99913
vn -0.35151 -0.27782 -0.89401
vn 0.04438 -0.00405 -0.99901
vn -0.42446 -0.25796 0.86792
vn -0.04207 -0.00674 0.99909
vn -0.04507 -0.00199 0.99898
vn -0.6926 -0.01809 -0.72109
vn 0 -0.85146 0.52442
vn 0.7197 -0.07309 0.69043
vn -0.71971 -0.07309 0.69042
vn -0.40946 0.62576 -0.6639
vn -0.49228 0.47626 0.72858
vn -0.44698 0.61814 0.64661
vn 0.40946 0.62576 -0.6639
vn 0.49228 0.47626 0.72858
vn 0.43517 0.49179 -0.75417
vn 0.44698 0.61814 0.64661
vn 0.72086 -0.00083 0.69308
vn 0.04507 -0.00199 0.99898
vn 0.71439 -0.14026 -0.68555
vn 0.72831 -0.14038 0.67071
vn 7E-05 -1 0.00047
vn -0.71787 -0.00907 0.69612
vn -0.72086 -0.00083 0.69308
vn 0.42446 -0.25796 0.86792
vn 0.04207 -0.00674 0.99909
vn 0.72769 -0.01499 0.68574
vn 0.35151 -0.27782 -0.89401
vn -0.04083 -0.00899 -0.99913
vn -0.04438 -0.00405 -0.99901
vn -0 -0.00777 -0.99997
vn -0 -0.00254 -1
vn -0.71439 -0.14025 -0.68555
vn 0.01737 -0.00569 -0.99983
vn -0.01809 -0.0092 0.99979
vn -0 -0.10904 0.99404
vn -0.69317 -0.06992 0.71737
vn -0.46702 0.8341 0.29353
vn 0 0.90777 -0.41947
vn -0 -0.01853 0.99983
vn 0.46702 0.8341 0.29353
vn 0.6926 -0.01809 -0.72109
vn -0.43517 0.49179 -0.75417
vn 0.97691 -0.21129 -0.03176
vn -0.97691 -0.21129 -0.03176
vn 0.01809 -0.0092 0.99979
vn -0.72831 -0.14038 0.67071
vn 0 -0.00621 -0.99998
vn -0.01737 -0.00569 -0.99983
vn 0.71787 -0.00907 0.69612
vn 0.69317 -0.06992 0.71737
vn 0.70776 -0.0144 0.70631
vn -0.71171 -0.01437 0.70233
vn -0.7076 -0.0134 0.70648
vn -0.71255 -0.01333 0.70149
vn -0.70815 -0.01393 0.70592
vn -0.71324 -0.01372 0.70079
vn 0.71726 -0.0144 0.69666
vn 0.70802 -0.00968 0.70613
vn 0.70661 -0.01474 0.70745
vn -0.70663 -0.01474 0.70743
vn -0.71726 -0.0144 0.69666
vn 0.57873 0.56967 0.58357
vn 0.70633 -0.00156 0.70788
vn 0.69046 -0.02729 -0.72286
vn -0.03443 -0.01016 -0.99936
vn 0.69751 -0.02679 -0.71607
vn -0.02552 -0.0082 -0.99964
vn 0.69835 -0.02932 -0.71516
vn -0.02083 -0.00458 -0.99977
vn 0.69987 -0.03368 -0.71347
vn -0.01829 -0.00287 -0.99983
vn 0.03444 -0.01016 -0.99936
vn -0 -0.00919 -0.99996
vn 0.02552 -0.0082 -0.99964
vn -0 -0.00732 -0.99997
vn 0.02083 -0.00458 -0.99977
vn -0 -0.00423 -0.99999
vn 0.01829 -0.00287 -0.99983
vn -0 -0.00279 -1
vn -0.72769 -0.01499 0.68574
vn -0.69045 -0.02729 -0.72286
vn -0.72105 -0.02516 0.69243
vn -0.69751 -0.02679 -0.71607
vn -0.71957 -0.02539 0.69396
vn -0.69835 -0.02932 -0.71516
vn -0.71649 -0.02871 0.69701
vn -0.69987 -0.03368 -0.71347
vn -0.71578 -0.03347 0.69753
vn -0.03541 -0.0098 0.99932
vn -0.02614 -0.00837 0.99962
vn -0.02141 -0.00511 0.99976
vn -0.01884 -0.00366 0.99982
vn 0.03541 -0.0098 0.99932
vn 0.02614 -0.00837 0.99962
vn 0.71324 -0.01372 0.70079
vn 0.02141 -0.00511 0.99976
vn 0.71255 -0.01333 0.70149
vn 0.01884 -0.00366 0.99982
vn 0.71171 -0.01437 0.70233
vn 0.72105 -0.02516 0.69243
vn 0.71957 -0.02539 0.69396
vn 0.71649 -0.02871 0.69701
vn 0.71578 -0.03347 0.69753
vn -0.708 -0.00968 0.70614
vn -0.70632 -0.00156 0.70789
vn -0.57875 0.56967 0.58355
vn 0.70761 -0.0134 0.70648
vn -0.70775 -0.0144 0.70631
vn 0.70817 -0.01393 0.7059
vn 0.25489 0.74588 0.61538
vn 0.24802 -0.76154 0.59878
vn -0.2549 0.74588 0.61538
vn -0.45829 -0.76154 0.45828
vn -0.47099 0.74588 0.47099
vn -0.59878 -0.76154 0.24802
vn -0.61538 0.74588 0.2549
vn -0.66608 0.74588 -0
vn -0.64811 -0.76154 0
vn -0.61538 0.74588 -0.2549
vn -0.59878 -0.76154 -0.24802
vn -0.47099 0.74588 -0.47099
vn -0.45829 -0.76154 -0.45829
vn -0.24802 -0.76154 -0.59878
vn -0.2549 0.74588 -0.61538
vn -0 0.74588 -0.66608
vn -0 -0.76154 -0.64812
vn 0.24802 -0.76154 -0.59878
vn 0.2549 0.74588 -0.61538
vn 0.45829 -0.76154 -0.45829
vn 0.47099 0.74588 -0.47099
vn 0.59878 -0.76154 -0.24802
vn 0.61538 0.74588 -0.2549
vn 0.64811 -0.76154 0
vn 0.66608 0.74588 -0
vn 0.59878 -0.76154 0.24802
vn 0.61538 0.74588 0.2549
vn 0.45828 -0.76154 0.45829
vn 0.47099 0.74588 0.47099
vn 0.24802 -0.76154 0.59878
vn 0.2549 0.74588 0.61538
vn 0.25489 0.74588 0.61538
vn -0 -0.76154 0.64812
vn 0 0.74588 0.66608
vn -0 -0.76154 0.64812
vn -0 0.74587 0.66609
vn 0.2549 0.74588 0.61537
vn -0 -0.76154 0.64812
vn 0 -0.76154 0.64811
vn 0 0.74588 0.66608
vn -0.13324 0.98955 0.05519
vn -0.05519 0.98954 0.13325
vn 0.05518 0.98955 -0.13324
vn -0.45849 -0.76129 0.45849
vn -0.28423 -0.66957 0.68621
vn -0.24813 -0.7613 0.59905
vn -0.47099 0.74588 0.47099
vn -0.45829 -0.76154 0.45829
vn -0.59905 -0.76129 0.24814
vn -0.52521 -0.66956 0.52521
vn -0.25489 0.74588 0.61538
vn -0.45828 -0.76154 0.45829
vn -0.47099 0.74588 0.47099
vn -0.61537 0.74589 0.2549
vn -0.59879 -0.76153 0.24803
vn -0.47099 0.74588 0.47099
vn -0.70198 0.12024 0.70198
vn -0.74276 -0.66956 -0
vn -0.6484 -0.7613 0
vn -0.61538 0.74588 0.2549
vn -0.59878 -0.76154 0.24802
vn -0.64812 -0.76154 0
vn -0.66608 0.74588 0
vn -0.61538 0.74588 0.2549
vn -0.91718 0.12024 0.37991
vn -0.59905 -0.76129 -0.24813
vn -0.66608 0.74588 -0
vn -0.64812 -0.76154 0
vn -0.59879 -0.76154 -0.24803
vn -0.61537 0.74588 -0.2549
vn -0.66608 0.74588 0
vn -0.99275 0.12024 0
vn -0.4585 -0.76129 -0.45849
vn -0.68622 -0.66956 -0.28424
vn -0.61538 0.74588 -0.2549
vn -0.59878 -0.76154 -0.24802
vn -0.45829 -0.76154 -0.45829
vn -0.47098 0.74588 -0.47099
vn -0.61538 0.74588 -0.2549
vn -0.91718 0.12024 -0.37991
vn -0.28424 -0.66958 -0.6862
vn -0.24813 -0.76129 -0.59905
vn -0.47099 0.74588 -0.47099
vn -0.45829 -0.76154 -0.45829
vn -0.25489 0.74588 -0.61538
vn -0.24802 -0.76154 -0.59878
vn -0.47099 0.74588 -0.47099
vn -0.70197 0.12024 -0.70198
vn -0 -0.66956 -0.74275
vn 0 -0.76129 -0.64841
vn -0.2549 0.74588 -0.61537
vn -0.24802 -0.76154 -0.59878
vn 0 -0.76154 -0.64811
vn -0 0.74588 -0.66608
vn -0.2549 0.74587 -0.61538
vn -0.37991 0.12024 -0.91718
vn 0.28424 -0.66956 -0.68622
vn 0.24813 -0.7613 -0.59905
vn 0 -0.76154 -0.64812
vn -0 0.74588 -0.66608
vn 0.24802 -0.76154 -0.59878
vn 0.25489 0.74588 -0.61538
vn -0 0.74588 -0.66609
vn 0 0.12024 -0.99275
vn 0.4585 -0.76129 -0.45849
vn 0.24802 -0.76154 -0.59878
vn 0.2549 0.74588 -0.61538
vn 0.45829 -0.76154 -0.45829
vn 0.47098 0.74589 -0.47099
vn 0.2549 0.74587 -0.61539
vn 0.37991 0.12024 -0.91718
vn 0.6862 -0.66958 -0.28423
vn 0.59905 -0.76129 -0.24813
vn 0.45829 -0.76154 -0.45829
vn 0.47099 0.74588 -0.47099
vn 0.59879 -0.76154 -0.24802
vn 0.61537 0.74588 -0.2549
vn 0.70197 0.12024 -0.70198
vn 0.6484 -0.7613 0
vn 0.59878 -0.76154 -0.24802
vn 0.61538 0.74588 -0.2549
vn 0.66607 0.74589 0
vn 0.64812 -0.76153 0
vn 0.91718 0.12024 -0.37991
vn 0.47099 0.74588 -0.47099
vn 0.59905 -0.76129 0.24813
vn 0.64812 -0.76154 0
vn 0.66608 0.74588 -0
vn 0.59879 -0.76154 0.24803
vn 0.61537 0.74588 0.2549
vn 0.66608 0.74588 -0
vn 0.99274 0.12024 0
vn 0.45849 -0.76129 0.45849
vn 0.59878 -0.76154 0.24802
vn 0.61538 0.74588 0.2549
vn 0.45829 -0.76154 0.45829
vn 0.47099 0.74588 0.47099
vn 0.61538 0.74588 0.2549
vn 0.91718 0.12024 0.37991
vn 0.28423 -0.66957 0.68621
vn 0.24813 -0.7613 0.59905
vn 0.45829 -0.76154 0.45829
vn 0.47099 0.74588 0.47099
vn 0.24803 -0.76154 0.59878
vn -0 -0.76129 0.64841
vn -0.24802 -0.76154 0.59878
vn 0.24802 -0.76154 0.59878
vn -0.24802 -0.76154 0.59878
vn -0.24802 -0.76154 0.59878
vn -0.52268 -0.67351 0.52268
vn -0.68289 -0.67354 0.28286
vn 0.7532 0.6578 0
vn -0.52267 -0.67352 -0.52267
vn 0.53259 0.6578 -0.53259
vn 0.28823 0.65781 -0.69585
vn 0.68291 -0.67352 0.28287
vn 0.52266 -0.67354 -0.52266
vn -0.53258 0.65782 0.53258
vn -0.69587 0.65779 -0.28824
vn -0.53259 0.6578 0.53258
vn 0.69586 0.6578 0.28824
vn 0.75318 0.65781 0
vn -0.68291 -0.67351 -0.28287
vn -0.52267 -0.67352 -0.52267
vn -0 -0.67352 -0.73917
vn 0.28287 -0.67352 -0.6829
vn -0.52267 -0.67353 0.52267
vn -0.6829 -0.67352 0.28287
vn 0.68291 -0.67351 0.28287
vn -0.53259 0.65781 -0.53258
vn -0.69585 0.65781 -0.28823
vn 0.28823 0.6578 -0.69586
vn -0 0.65782 -0.75317
vn -0.28286 -0.67352 0.68291
vn -0.52267 -0.67352 0.52267
vn 0.7532 0.65779 0
vn -0.52267 -0.67353 -0.52266
vn -0 -0.67353 0.73916
vn 0.28287 -0.67352 -0.68291
vn 0.69585 0.65781 0.28823
vn 0.75318 0.65782 0
vn 0.28823 0.65781 0.69585
vn -0.28823 0.6578 0.69586
vn -0.2549 0.74588 0.61538
vn 0.73917 -0.67352 -0
vn 0.6829 -0.67353 0.28286
vn -0.53258 0.65781 -0.53259
vn -0.69585 0.65781 -0.28823
vn 0 -0.67351 0.73918
vn 0.28823 0.65781 -0.69585
vn 0 0.65782 -0.75317
vn -0.52267 -0.67353 0.52266
vn -0.69585 0.6578 -0.28824
vn 0 0.65781 0.75318
vn 0.28823 0.6578 0.69586
vn 0 -0.67353 -0.73916
vn 0.28286 -0.67355 -0.68288
vn 0.73918 -0.6735 0
vn -0.52267 -0.67352 -0.52266
vn 0.28287 -0.67351 0.68291
vn 0 -0.67353 0.73916
vn -0.28823 0.65781 0.69586
vn -0 0.6578 0.75319
vn 0.28822 0.65782 0.69585
vn -0 0.6578 -0.75319
vn -0.28287 -0.67351 0.68291
vn -0.52267 -0.67352 0.52267
vn 0.69586 0.6578 -0.28824
vn 0.61538 0.74588 -0.2549
vn -0.73917 -0.67352 -0
vn -0.6829 -0.67352 -0.28287
vn 0.28287 -0.67353 0.6829
vn -0 -0.67353 0.73916
vn -0 -0.67352 -0.73917
vn 0.28287 -0.67351 -0.68291
vn 0.73917 -0.67352 -0
vn -0 0.65781 0.75318
vn 0.28822 0.65782 0.69585
vn -0.28824 0.65781 0.69585
vn -0.69586 0.6578 -0.28823
vn -0.75319 0.65781 0
vn 0.28823 0.6578 0.69586
vn -0 0.65779 -0.7532
vn 0.69585 0.65782 -0.28822
vn -0.73917 -0.67352 0
vn -0.68288 -0.67355 -0.28286
vn 0.28286 -0.67353 0.6829
vn -0 -0.67353 0.73916
vn -0 0.65783 -0.75316
vn 0.68291 -0.67351 -0.28287
vn 0.73916 -0.67353 -0
vn 0.28287 -0.67352 0.68291
vn 0.28287 -0.67353 -0.68289
vn -0.28823 0.6578 0.69586
vn -0.75317 0.65783 0
vn -0.28823 0.6578 0.69586
vn 0.69586 0.6578 -0.28823
vn 0.53258 0.6578 0.53259
vn 0.47099 0.74588 0.47099
vn -0.28286 -0.67353 -0.68289
vn 0.6829 -0.67352 -0.28286
vn 0.73915 -0.67355 0
vn 0.52266 -0.67354 0.52266
vn 0.28287 -0.67354 0.68288
vn -0.75319 0.65781 1E-05
vn -0.28824 0.65778 -0.69587
vn 0.69585 0.65781 -0.28823
vn -0.6829 -0.67353 -0.28286
vn 0.53258 0.65781 0.53258
vn -0 -0.67352 -0.73917
vn 0.69586 0.6578 -0.28823
vn -0 0.6578 0.7532
vn -0.75319 0.65781 0
vn -0.28823 0.65781 -0.69585
vn -0.28286 -0.67355 0.68288
vn -0.28286 -0.67354 0.68289
vn -0.53257 0.65782 0.53258
vn -0.28287 -0.67354 0.68289
vn -0.69584 0.65782 0.28823
vn -0.69585 0.65781 0.28824
vn -0.69585 0.65781 0.28824
vn -0.53258 0.65781 0.53258
vn -0.69587 0.65779 0.28824
vn -0.69585 0.65781 0.28824
vn -0.53257 0.65783 0.53257
vn -0.75319 0.65781 0
vn -0.73914 -0.67355 0
vn -0.68291 -0.67352 0.28287
vn -0.68289 -0.67353 0.28286
vn -0.6829 -0.67353 0.28286
vn -0.6829 -0.67353 -0.28286
vn -0.73915 -0.67354 0
vn -0.73916 -0.67353 -0
vn -0.53258 0.65781 -0.53258
vn -0.53258 0.65781 -0.53258
vn -0.28287 -0.67354 -0.68289
vn -0.28823 0.65781 -0.69585
vn -0.28287 -0.67351 -0.68291
vn -0.28823 0.65781 -0.69585
vn -0.53258 0.65781 -0.53259
vn -0.28287 -0.67353 -0.68289
vn -0.52266 -0.67353 -0.52267
vn -0 -0.67352 -0.73917
vn -0.28822 0.65782 -0.69584
vn -0.28286 -0.67353 -0.6829
vn 0.28823 0.6578 -0.69586
vn 0.53257 0.65782 -0.53258
vn 0.28822 0.65782 -0.69584
vn 0.52267 -0.67352 -0.52267
vn 0.5326 0.65779 -0.5326
vn 0.53259 0.65779 -0.53259
vn 0.68289 -0.67353 -0.28287
vn 0.52266 -0.67354 -0.52266
vn 0.53258 0.65781 -0.53257
vn 0.6829 -0.67353 -0.28287
vn 0.52265 -0.67355 -0.52265
vn 0.52266 -0.67354 -0.52266
vn 0.68289 -0.67353 -0.28286
vn 0.68291 -0.67352 0.28287
vn 0.69586 0.6578 0.28824
vn 0.75317 0.65783 0
vn 0.52267 -0.67352 0.52267
vn 0.53258 0.65781 0.53258
vn 0.53259 0.6578 0.53259
vn 0.69585 0.65782 0.28823
vn 0.52267 -0.67353 0.52266
vn 0.69585 0.65782 0.28823
vn 0.52267 -0.67352 0.52267
vn 0.68288 -0.67355 0.28286
vn 0.52266 -0.67354 0.52265
vn 0.53258 0.65781 0.53259
vn 0 0.65781 0.75319
vn 0.3345 0.48573 0.80757
vn 0 0.48574 0.87411
vn -0 0.85418 0.51998
vn 0.05519 0.98955 0.13324
vn -0 0.98954 0.14423
vn 0.61808 0.48574 0.61809
vn 0.19899 0.85418 0.4804
vn 0.10199 0.98954 0.10199
vn 0.80757 0.48573 0.33451
vn 0.36768 0.85418 0.36768
vn 0.4804 0.85418 0.19899
vn 0.8741 0.48574 0
vn 0.14421 0.98955 -0
vn 0.13324 0.98955 0.05519
vn 0.80757 0.48574 -0.3345
vn 0.48041 0.85417 -0.19898
vn 0.51998 0.85418 -0
vn 0.61809 0.48574 -0.61808
vn 0.36768 0.85418 -0.36768
vn 0.13322 0.98955 -0.05516
vn 0.33451 0.48573 -0.80757
vn 0.19898 0.85418 -0.48039
vn 0.10176 0.98958 -0.10182
vn 0 0.48574 -0.8741
vn 0 0.85419 -0.51996
vn -0.33451 0.48573 -0.80757
vn -0.19898 0.85418 -0.48039
vn -0.05518 0.98954 -0.13326
vn 0 0.98958 -0.14396
vn -0.61809 0.48573 -0.61809
vn -0.36768 0.85418 -0.36768
vn -0.48041 0.85417 -0.19898
vn -0.13324 0.98955 -0.05517
vn -0.10176 0.98959 -0.10182
vn -0.80757 0.48574 -0.3345
vn -0.8741 0.48574 -0
vn -0.14423 0.98954 0
vn -0.80757 0.48574 0.3345
vn -0.51998 0.85418 0
vn -0.4804 0.85418 0.19899
vn -0.36768 0.85418 0.36768
vn -0.3345 0.48574 0.80757
vn -0.61808 0.48574 0.61809
vn -0.10198 0.98954 0.10198
vn -0.19899 0.85418 0.4804
vn 0 -0.66957 0.74275
vn -0.6862 -0.66958 0.28423
vn 0.52519 -0.66958 -0.5252
vn 0.6862 -0.66958 0.28423
vt 0.9375 0.81147
vt 0.875 0.50967
vt 0.9375 0.50967
vt 0.0625 0.50967
vt 0 0.81147
vt 0 0.50967
vt 0.66428 0.28551
vt 0.71449 0.33572
vt 0.78551 0.16428
vt 0.125 0.81147
vt 0.125 0.50967
vt 0.1875 0.81147
vt 0.1875 0.50967
vt 0.25 0.81147
vt 0.25 0.50967
vt 0.3125 0.81147
vt 0.3125 0.50967
vt 0.375 0.81147
vt 0.375 0.50967
vt 0.4375 0.81147
vt 0.4375 0.50967
vt 0.5 0.81147
vt 0.4375 0.50967
vt 0.5 0.50967
vt 0.5625 0.81147
vt 0.5625 0.50967
vt 0.625 0.50967
vt 0.5625 0.81147
vt 0.6875 0.50967
vt 0.625 0.81147
vt 0.75 0.81147
vt 0.75 0.50967
vt 0.8125 0.81147
vt 0.8125 0.50967
vt 0.8125 0.81147
vt 0.8125 0.50967
vt 1 0.50967
vt 0.94008 0.50485
vt 0.99742 0.50485
vt 0.99039 0.5
vt 0.75 0.41618
vt 0.78551 0.33572
vt 0.75 0.34279
vt 0.93492 0.50485
vt 0.87758 0.50485
vt 0.92789 0.5
vt 0.81359 0.40353
vt 0.81561 0.31561
vt 0.81508 0.50485
vt 0.87242 0.50485
vt 0.86539 0.5
vt 0.90353 0.31359
vt 0.8675 0.3675
vt 0.80992 0.50485
vt 0.75258 0.50485
vt 0.80289 0.5
vt 0.84279 0.25
vt 0.83572 0.28551
vt 0.69008 0.50485
vt 0.74742 0.50485
vt 0.69711 0.5
vt 0.74039 0.5
vt 0.90353 0.18641
vt 0.91618 0.25
vt 0.62758 0.50485
vt 0.68492 0.50485
vt 0.67789 0.5
vt 0.8675 0.1325
vt 0.83572 0.21449
vt 0.56508 0.50485
vt 0.62242 0.50485
vt 0.57211 0.5
vt 0.61539 0.5
vt 0.81561 0.18439
vt 0.55992 0.50485
vt 0.50258 0.50485
vt 0.55289 0.5
vt 0.75 0.08382
vt 0.81359 0.09647
vt 0.44008 0.50485
vt 0.49742 0.50485
vt 0.44711 0.5
vt 0.49039 0.5
vt 0.71449 0.16428
vt 0.75 0.15721
vt 0.37758 0.50485
vt 0.43492 0.50485
vt 0.42789 0.5
vt 0.6325 0.1325
vt 0.68641 0.09647
vt 0.37242 0.50485
vt 0.32211 0.5
vt 0.36539 0.5
vt 0.66428 0.21449
vt 0.68439 0.18439
vt 0.30992 0.50485
vt 0.25258 0.50485
vt 0.30289 0.5
vt 0.59647 0.18641
vt 0.65721 0.25
vt 0.19008 0.50485
vt 0.24742 0.50485
vt 0.24039 0.5
vt 0.59647 0.31359
vt 0.58382 0.25
vt 0.18492 0.50485
vt 0.13461 0.5
vt 0.17789 0.5
vt 0.6325 0.3675
vt 0.06508 0.50485
vt 0.12242 0.50485
vt 0.11539 0.5
vt 0.68439 0.31561
vt 0.05992 0.50485
vt 0.00961 0.5
vt 0.05289 0.5
vt 0.68641 0.40353
vt 1 0.81147
vt 0.9375 0.50967
vt 0.875 0.81147
vt 0.0625 0.81147
vt 0.0625 0.81147
vt 0.125 0.81147
vt 0.1875 0.81147
vt 0.25 0.81147
vt 0.3125 0.81147
vt 0.375 0.81147
vt 0.4375 0.81147
vt 0.5 0.81147
vt 0.625 0.81147
vt 0.6875 0.81147
vt 0.6875 0.81147
vt 0.75 0.81147
vt 0.875 0.81147
vt 0.94711 0.5
vt 0.88461 0.5
vt 0.82211 0.5
vt 0.75961 0.5
vt 0.63461 0.5
vt 0.50961 0.5
vt 0.38461 0.5
vt 0.31508 0.50485
vt 0.25961 0.5
vt 0.19711 0.5
vt 0.12758 0.50485
vt 0.07211 0.5
vt 0.00258 0.50485
vt 0.9375 0.81147
vt 0.66667 1
vt 1 0.3802
vt 0.66667 0.3802
vt 1 0.3802
vt 1 1
vt 0.66667 0
vt 1 0
vt 0.33333 0
vt 0 0
vt 0.41254 0.3802
vt 0.33333 0.3802
vt 0 1
vt 0.58747 1
vt 0.58746 0.3802
vt 0 0.3802
vt 0.33333 1
vt 0 0.3802
vt 0.5 1
vt 0.5 0.3802
vt 0.58747 1
vt 0.58746 0
vt 0.5 0
vt 0.10422 1
vt 0.41254 0
vt 0 0.30329
vt 0 0.30329
vt 1 0.30329
vt 1 0.30329
vt 0.37293 1
vt 0.31466 1
vt 0.64048 1
vt 0.5 1
vt 0.41253 1
vt 0.58746 0
vt 0.4128 0.12966
vt 0.58746 0.3802
vt 0.41253 1
vt 0.41254 0
vt 0.59555 1
vt 0.41254 0.3802
vt 0 0.91298
vt 0.0625 0.88467
vt 0.0625 0.91298
vt 0.8125 0.94681
vt 0.875 0.9185
vt 0.875 0.94681
vt 0.75 0.94681
vt 0.8125 0.9185
vt 0.8125 0.94681
vt 0.6875 0.94681
vt 0.75 0.9185
vt 0.75 0.94681
vt 0.6875 0.94681
vt 0.625 0.9185
vt 0.6875 0.9185
vt 0.625 0.94681
vt 0.5625 0.9185
vt 0.625 0.9185
vt 0.5 0.94681
vt 0.5625 0.94681
vt 0.5 0.94681
vt 0.4375 0.9185
vt 0.5 0.9185
vt 0.375 0.94681
vt 0.4375 0.9185
vt 0.4375 0.94681
vt 0.3125 0.94681
vt 0.375 0.9185
vt 0.375 0.94681
vt 0.25 0.94681
vt 0.3125 0.9185
vt 0.3125 0.94681
vt 0.1875 0.94681
vt 0.25 0.9185
vt 0.25 0.94681
vt 0.125 0.94681
vt 0.1875 0.9185
vt 0.1875 0.94681
vt 0.0625 0.94681
vt 0.125 0.9185
vt 0.125 0.94681
vt 0.49 0.25
vt 0.41971 0.41971
vt 0.08029 0.08029
vt 0.9375 0.94681
vt 0.9375 0.9185
vt 0.0625 0.87914
vt 0.125 0.85083
vt 0.125 0.87914
vt 0.1875 0.85083
vt 0.1875 0.87914
vt 0.25 0.87914
vt 0.25 0.85083
vt 0.3125 0.87914
vt 0.3125 0.85083
vt 0.375 0.87914
vt 0.3125 0.85083
vt 0.375 0.85083
vt 0.4375 0.85083
vt 0.4375 0.87914
vt 0.5 0.87914
vt 0.5 0.85083
vt 0.5625 0.85083
vt 0.5625 0.87914
vt 0.625 0.85083
vt 0.625 0.87914
vt 0.6875 0.85083
vt 0.6875 0.87914
vt 0.75 0.85083
vt 0.75 0.87914
vt 0.8125 0.85083
vt 0.8125 0.87914
vt 0.875 0.85083
vt 0.875 0.87914
vt 0.9375 0.85083
vt 0.9375 0.87914
vt 0.9375 0.8453
vt 1 0.81699
vt 1 0.8453
vt 0.9375 0.94681
vt 1 0.9185
vt 1 0.94681
vt 0.9375 0.91298
vt 1 0.88467
vt 1 0.91298
vt 1 0.85083
vt 1 0.87914
vt 0.125 0.95234
vt 0.0625 1
vt 0.0625 0.95234
vt 0.125 0.91298
vt 0.125 0.88467
vt 0.1875 0.95234
vt 0.125 1
vt 0.0625 0.8453
vt 0.125 0.81699
vt 0.125 0.8453
vt 0.1875 0.91298
vt 0.1875 0.88467
vt 0.25 1
vt 0.1875 0.95234
vt 0.25 0.95234
vt 0.1875 0.8453
vt 0.1875 0.81699
vt 0.25 0.88467
vt 0.25 0.91298
vt 0.3125 0.95234
vt 0.25 0.95234
vt 0.25 0.8453
vt 0.1875 0.81699
vt 0.25 0.81699
vt 0.25 0.91298
vt 0.3125 0.88467
vt 0.3125 0.91298
vt 0.375 0.95234
vt 0.3125 1
vt 0.3125 0.95234
vt 0.3125 0.8453
vt 0.25 0.81699
vt 0.3125 0.81699
vt 0.375 0.88467
vt 0.375 0.91298
vt 0.4375 1
vt 0.4375 0.95234
vt 0.375 0.8453
vt 0.3125 0.81699
vt 0.375 0.81699
vt 0.4375 0.91298
vt 0.4375 0.88467
vt 0.5 1
vt 0.4375 0.95234
vt 0.5 0.95234
vt 0.4375 0.8453
vt 0.375 0.81699
vt 0.4375 0.81699
vt 0.4375 0.91298
vt 0.5 0.88467
vt 0.5 0.91298
vt 0.5625 1
vt 0.5 0.95234
vt 0.5625 0.95234
vt 0.5 0.81699
vt 0.5 0.8453
vt 0.5 0.91298
vt 0.5625 0.88467
vt 0.5625 0.91298
vt 0.625 0.95234
vt 0.5625 0.95234
vt 0.5 0.8453
vt 0.5625 0.81699
vt 0.5625 0.8453
vt 0.5625 0.91298
vt 0.625 0.88467
vt 0.625 0.91298
vt 0.6875 1
vt 0.625 0.95234
vt 0.6875 0.95234
vt 0.5625 0.8453
vt 0.625 0.81699
vt 0.625 0.8453
vt 0.625 0.91298
vt 0.6875 0.88467
vt 0.6875 0.91298
vt 0.75 1
vt 0.6875 0.95234
vt 0.75 0.95234
vt 0.625 0.8453
vt 0.6875 0.81699
vt 0.6875 0.8453
vt 0.75 0.91298
vt 0.75 0.88467
vt 0.8125 0.95234
vt 0.75 0.95234
vt 0.6875 0.8453
vt 0.75 0.81699
vt 0.75 0.8453
vt 0.75 0.91298
vt 0.8125 0.88467
vt 0.8125 0.91298
vt 0.875 1
vt 0.8125 0.95234
vt 0.875 0.95234
vt 0.75 0.8453
vt 0.8125 0.81699
vt 0.8125 0.8453
vt 0.8125 0.91298
vt 0.875 0.88467
vt 0.875 0.91298
vt 0.9375 1
vt 0.9375 0.95234
vt 0.8125 0.8453
vt 0.875 0.81699
vt 0.875 0.8453
vt 0.875 0.91298
vt 0.9375 0.88467
vt 1 0.95234
vt 0.9375 0.95234
vt 0 0.87914
vt 0.0625 0.85083
vt 0.875 0.8453
vt 0.9375 0.81699
vt 0.9375 0.8453
vt 0 0.8453
vt 0.0625 0.81699
vt 0 0.94681
vt 0.0625 0.9185
vt 0.0625 0.94681
vt 0.5625 0.94681
vt 0.75 0.88467
vt 0.3125 0.8453
vt 0.0625 0.81699
vt 0.3125 0.9185
vt 0.9375 0.81699
vt 0.0625 0.85083
vt 0.5 0.88467
vt 0.6875 0.81699
vt 0.9375 0.88467
vt 0.0625 0.91298
vt 0.25 0.8453
vt 0.25 0.88467
vt 0 0.81699
vt 0.6875 0.91298
vt 0 0.95234
vt 0 0.9185
vt 0 0.88467
vt 0 0.85083
vt 0.125 0.85083
vt 0.125 0.8453
vt 0.375 0.91298
vt 0.375 0.85083
vt 0.4375 0.94681
vt 0.4375 0.88467
vt 0.5625 0.88467
vt 0.5625 0.85083
vt 0.5625 0.81699
vt 0.625 0.94681
vt 0.625 0.88467
vt 0.625 0.81699
vt 0.75 0.85083
vt 0.75 0.81699
vt 0.8125 0.81699
vt 0.34184 0.47173
vt 0.25 0.49
vt 0.15816 0.47173
vt 0.08029 0.41971
vt 0.02827 0.34184
vt 0.01 0.25
vt 0.02827 0.15816
vt 0.15816 0.02827
vt 0.25 0.01
vt 0.34184 0.02827
vt 0.41971 0.08029
vt 0.47173 0.15816
vt 0.47173 0.34184
vt 0.1875 1
vt 0.375 1
vt 0.625 1
vt 0.8125 1
usemtl mat4
f 2241/95/2241 2242/96/2242 2243/97/2243
f 2244/98/2244 2245/99/2245 2246/100/2246
f 2397/101/2397 2398/102/2398 2399/103/2399
f 2412/104/2412 2244/98/2244 2413/105/2413
f 2420/106/2420 2413/105/2413 2421/107/2421
f 2427/108/2427 2421/107/2421 2428/109/2428
f 2435/110/2435 2428/109/2428 2436/111/2436
f 2443/112/2443 2436/111/2436 2444/113/2444
f 2451/114/2451 2444/113/2444 2452/115/2452
f 2459/116/2459 2452/117/2452 2460/118/2460
f 2466/119/2466 2460/118/2460 2467/120/2467
f 2474/121/2474 2466/122/2466 2467/120/2467
f 2480/123/2480 2481/124/2481 2474/121/2474
f 2487/125/2487 2480/123/2480 2488/126/2488
f 2494/127/2494 2488/126/2488 2495/128/2495
f 2242/96/2242 2494/129/2494 2495/130/2495
f 2246/131/2246 2669/132/2669 2670/133/2670
f 2669/132/2669 2671/134/2671 2670/133/2670
f 2671/135/2671 2672/136/2672 2673/137/2673
f 2242/96/2242 2669/138/2669 2243/97/2243
f 2674/139/2674 2675/140/2675 2669/138/2669
f 2675/141/2675 2676/142/2676 2672/136/2672
f 2242/96/2242 2677/143/2677 2674/144/2674
f 2677/143/2677 2678/145/2678 2674/144/2674
f 2679/146/2679 2676/142/2676 2678/147/2678
f 2488/126/2488 2677/148/2677 2495/128/2495
f 2680/149/2680 2679/150/2679 2677/148/2677
f 2679/146/2679 2681/151/2681 2682/152/2682
f 2488/126/2488 2683/153/2683 2680/154/2680
f 2680/154/2680 2684/155/2684 2685/156/2685
f 2684/157/2684 2681/151/2681 2685/158/2685
f 2480/123/2480 2686/159/2686 2683/160/2683
f 2686/159/2686 2684/161/2684 2683/160/2683
f 2687/162/2687 2688/163/2688 2684/157/2684
f 2474/121/2474 2689/164/2689 2686/165/2686
f 2686/165/2686 2690/166/2690 2687/167/2687
f 2687/162/2687 2399/103/2399 2691/168/2691
f 2460/118/2460 2689/169/2689 2467/120/2467
f 2692/170/2692 2690/171/2690 2689/169/2689
f 2693/172/2693 2399/103/2399 2690/173/2690
f 2460/118/2460 2694/174/2694 2692/175/2692
f 2692/175/2692 2695/176/2695 2693/177/2693
f 2693/172/2693 2696/178/2696 2697/179/2697
f 2452/115/2452 2698/180/2698 2694/181/2694
f 2698/180/2698 2695/182/2695 2694/181/2694
f 2699/183/2699 2696/178/2696 2695/184/2695
f 2436/111/2436 2698/185/2698 2444/113/2444
f 2698/185/2698 2700/186/2700 2699/187/2699
f 2699/183/2699 2701/188/2701 2702/189/2702
f 2428/109/2428 2703/190/2703 2436/111/2436
f 2704/191/2704 2700/192/2700 2703/190/2703
f 2700/193/2700 2705/194/2705 2701/188/2701
f 2428/109/2428 2706/195/2706 2704/196/2704
f 2706/195/2706 2707/197/2707 2704/196/2704
f 2708/198/2708 2705/194/2705 2707/199/2707
f 2413/105/2413 2706/200/2706 2421/107/2421
f 2706/200/2706 2709/201/2709 2708/202/2708
f 2709/203/2709 2397/101/2397 2708/198/2708
f 2413/105/2413 2710/204/2710 2711/205/2711
f 2710/204/2710 2709/206/2709 2711/205/2711
f 2709/203/2709 2398/102/2398 2712/207/2712
f 2246/100/2246 2710/208/2710 2244/98/2244
f 2710/208/2710 2671/209/2671 2713/210/2713
f 2713/211/2713 2673/137/2673 2398/102/2398
f 2245/212/2245 2243/213/2243 2246/131/2246
f 2241/95/2241 2595/214/2595 2242/96/2242
f 2244/98/2244 2540/215/2540 2245/99/2245
f 2398/102/2398 2673/137/2673 2672/136/2672
f 2672/136/2672 2676/142/2676 2682/152/2682
f 2682/152/2682 2681/151/2681 2399/103/2399
f 2681/151/2681 2688/163/2688 2399/103/2399
f 2688/163/2688 2691/168/2691 2399/103/2399
f 2399/103/2399 2697/179/2697 2696/178/2696
f 2696/178/2696 2702/189/2702 2701/188/2701
f 2701/188/2701 2705/194/2705 2397/101/2397
f 2397/101/2397 2712/207/2712 2398/102/2398
f 2398/102/2398 2672/136/2672 2399/103/2399
f 2672/136/2672 2682/152/2682 2399/103/2399
f 2399/103/2399 2696/178/2696 2701/188/2701
f 2701/188/2701 2397/101/2397 2399/103/2399
f 2412/104/2412 2540/216/2540 2244/98/2244
f 2420/106/2420 2412/217/2412 2413/105/2413
f 2427/108/2427 2420/218/2420 2421/107/2421
f 2435/110/2435 2427/219/2427 2428/109/2428
f 2443/112/2443 2435/220/2435 2436/111/2436
f 2451/114/2451 2443/221/2443 2444/113/2444
f 2459/116/2459 2451/222/2451 2452/117/2452
f 2466/119/2466 2459/223/2459 2460/118/2460
f 2474/121/2474 2481/224/2481 2466/122/2466
f 2480/123/2480 2565/225/2565 2481/124/2481
f 2487/125/2487 2565/226/2565 2480/123/2480
f 2494/127/2494 2487/227/2487 2488/126/2488
f 2242/96/2242 2595/228/2595 2494/129/2494
f 2246/131/2246 2243/213/2243 2669/132/2669
f 2669/132/2669 2675/229/2675 2671/134/2671
f 2671/135/2671 2675/141/2675 2672/136/2672
f 2242/96/2242 2674/139/2674 2669/138/2669
f 2674/139/2674 2678/230/2678 2675/140/2675
f 2675/141/2675 2678/147/2678 2676/142/2676
f 2242/96/2242 2495/130/2495 2677/143/2677
f 2677/143/2677 2679/231/2679 2678/145/2678
f 2679/146/2679 2682/152/2682 2676/142/2676
f 2488/126/2488 2680/149/2680 2677/148/2677
f 2680/149/2680 2685/232/2685 2679/150/2679
f 2679/146/2679 2685/158/2685 2681/151/2681
f 2488/126/2488 2480/123/2480 2683/153/2683
f 2680/154/2680 2683/153/2683 2684/155/2684
f 2684/157/2684 2688/163/2688 2681/151/2681
f 2480/123/2480 2474/121/2474 2686/159/2686
f 2686/159/2686 2687/233/2687 2684/161/2684
f 2687/162/2687 2691/168/2691 2688/163/2688
f 2474/121/2474 2467/120/2467 2689/164/2689
f 2686/165/2686 2689/164/2689 2690/166/2690
f 2687/162/2687 2690/173/2690 2399/103/2399
f 2460/118/2460 2692/170/2692 2689/169/2689
f 2692/170/2692 2693/234/2693 2690/171/2690
f 2693/172/2693 2697/179/2697 2399/103/2399
f 2460/118/2460 2452/117/2452 2694/174/2694
f 2692/175/2692 2694/174/2694 2695/176/2695
f 2693/172/2693 2695/184/2695 2696/178/2696
f 2452/115/2452 2444/113/2444 2698/180/2698
f 2698/180/2698 2699/235/2699 2695/182/2695
f 2699/183/2699 2702/189/2702 2696/178/2696
f 2436/111/2436 2703/236/2703 2698/185/2698
f 2698/185/2698 2703/236/2703 2700/186/2700
f 2699/183/2699 2700/193/2700 2701/188/2701
f 2428/109/2428 2704/191/2704 2703/190/2703
f 2704/191/2704 2707/237/2707 2700/192/2700
f 2700/193/2700 2707/199/2707 2705/194/2705
f 2428/109/2428 2421/107/2421 2706/195/2706
f 2706/195/2706 2708/238/2708 2707/197/2707
f 2708/198/2708 2397/101/2397 2705/194/2705
f 2413/105/2413 2711/239/2711 2706/200/2706
f 2706/200/2706 2711/239/2711 2709/201/2709
f 2709/203/2709 2712/207/2712 2397/101/2397
f 2413/105/2413 2244/98/2244 2710/204/2710
f 2710/204/2710 2713/240/2713 2709/206/2709
f 2709/203/2709 2713/211/2713 2398/102/2398
f 2246/100/2246 2670/241/2670 2710/208/2710
f 2710/208/2710 2670/241/2670 2671/209/2671
f 2713/211/2713 2671/135/2671 2673/137/2673
f 2245/212/2245 2241/242/2241 2243/213/2243
usemtl mat6
f 2247/243/2247 2248/244/2248 2249/245/2249
f 2250/246/2250 2251/243/2251 2252/245/2252
f 2253/247/2253 2250/246/2250 2248/244/2248
f 2257/248/2257 2258/249/2258 2259/248/2259
f 2260/250/2260 2261/251/2261 2262/251/2262
f 2263/250/2263 2264/252/2264 2265/253/2265
f 2266/254/2266 2267/254/2267 2268/254/2268
f 2252/245/2252 2269/255/2269 2270/256/2270
f 2271/257/2271 2272/258/2272 2273/254/2273
f 2274/259/2274 2275/258/2275 2276/253/2276
f 2277/260/2277 2249/245/2249 2278/261/2278
f 2276/253/2276 2277/260/2277 2278/261/2278
f 2279/247/2279 2280/243/2280 2268/247/2268
f 2281/243/2281 2282/262/2282 2283/262/2283
f 2257/248/2257 2284/263/2284 2285/264/2285
f 2267/254/2267 2286/265/2286 2268/254/2268
f 2260/250/2260 2278/261/2278 2285/264/2285
f 2278/261/2278 2257/248/2257 2285/264/2285
f 2262/251/2262 2276/253/2276 2260/250/2260
f 2260/250/2260 2287/266/2287 2263/250/2263
f 2261/251/2261 2265/253/2265 2271/257/2271
f 2288/254/2288 2271/257/2271 2273/254/2273
f 2258/249/2258 2252/245/2252 2259/248/2259
f 2249/245/2249 2289/249/2289 2257/248/2257
f 2262/251/2262 2290/259/2290 2274/259/2274
f 2261/251/2261 2290/267/2290 2262/251/2262
f 2271/257/2271 2290/268/2290 2261/251/2261
f 2274/259/2274 2290/257/2290 2271/257/2271
f 2248/244/2248 2291/269/2291 2289/249/2289
f 2250/246/2250 2291/244/2291 2248/244/2248
f 2258/249/2258 2291/246/2291 2250/246/2250
f 2289/249/2289 2291/270/2291 2258/249/2258
f 2292/258/2292 2282/271/2282 2286/272/2286
f 2293/247/2293 2286/273/2286 2281/243/2281
f 2293/247/2293 2279/247/2279 2268/247/2268
f 2294/274/2294 2295/258/2295 2268/260/2268
f 2265/253/2265 2296/275/2296 2272/258/2272
f 2280/243/2280 2294/274/2294 2268/243/2268
f 2284/276/2284 2287/277/2287 2285/264/2285
f 2259/248/2259 2270/278/2270 2284/276/2284
f 2284/276/2284 2309/277/2309 2287/277/2287
f 2275/258/2275 2311/254/2311 2312/258/2312
f 2312/258/2312 2313/254/2313 2314/258/2314
f 2314/258/2314 2315/254/2315 2316/258/2316
f 2316/258/2316 2317/254/2317 2318/258/2318
f 2318/258/2318 2266/254/2266 2295/258/2295
f 2277/260/2277 2319/243/2319 2247/243/2247
f 2320/274/2320 2321/243/2321 2319/243/2319
f 2322/274/2322 2323/243/2323 2321/243/2321
f 2324/274/2324 2325/243/2325 2323/243/2323
f 2326/274/2326 2280/243/2280 2325/243/2325
f 2277/260/2277 2312/258/2312 2320/274/2320
f 2320/274/2320 2314/258/2314 2322/274/2322
f 2322/274/2322 2316/258/2316 2324/274/2324
f 2324/274/2324 2318/258/2318 2326/274/2326
f 2326/274/2326 2295/258/2295 2294/274/2294
f 2327/247/2327 2328/247/2328 2329/247/2329
f 2329/247/2329 2330/247/2330 2331/247/2331
f 2331/247/2331 2332/247/2332 2333/247/2333
f 2333/247/2333 2334/247/2334 2335/247/2335
f 2335/247/2335 2279/247/2279 2293/247/2293
f 2251/243/2251 2329/247/2329 2336/243/2336
f 2336/243/2336 2331/247/2331 2337/243/2337
f 2337/243/2337 2333/247/2333 2338/243/2338
f 2338/243/2338 2335/247/2335 2339/243/2339
f 2339/243/2339 2293/247/2293 2281/243/2281
f 2296/275/2296 2340/258/2340 2272/258/2272
f 2304/275/2304 2341/258/2341 2340/258/2340
f 2342/279/2342 2343/258/2343 2341/258/2341
f 2344/275/2344 2345/258/2345 2343/258/2343
f 2346/275/2346 2292/258/2292 2345/258/2345
f 2272/258/2272 2347/254/2347 2273/254/2273
f 2340/258/2340 2348/254/2348 2347/254/2347
f 2341/258/2341 2349/254/2349 2348/254/2348
f 2343/258/2343 2350/254/2350 2349/254/2349
f 2345/258/2345 2267/254/2267 2350/254/2350
f 2269/255/2269 2336/243/2336 2308/255/2308
f 2308/255/2308 2337/243/2337 2303/255/2303
f 2303/255/2303 2338/243/2338 2301/255/2301
f 2301/255/2301 2339/243/2339 2299/262/2299
f 2299/262/2299 2281/243/2281 2283/262/2283
f 2247/243/2247 2328/247/2328 2253/247/2253
f 2319/243/2319 2330/247/2330 2328/247/2328
f 2321/243/2321 2332/247/2332 2330/247/2330
f 2323/243/2323 2334/247/2334 2332/247/2332
f 2325/243/2325 2279/247/2279 2334/247/2334
f 2273/254/2273 2311/254/2311 2288/254/2288
f 2347/254/2347 2313/254/2313 2311/254/2311
f 2348/254/2348 2315/254/2315 2313/254/2313
f 2349/254/2349 2317/254/2317 2315/254/2315
f 2350/254/2350 2266/254/2266 2317/254/2317
f 2295/258/2295 2266/254/2266 2268/258/2268
f 2247/243/2247 2253/247/2253 2248/244/2248
f 2250/246/2250 2327/247/2327 2251/243/2251
f 2253/247/2253 2327/247/2327 2250/246/2250
f 2257/248/2257 2289/249/2289 2258/249/2258
f 2260/250/2260 2263/250/2263 2261/251/2261
f 2263/250/2263 2287/280/2287 2264/252/2264
f 2252/245/2252 2251/243/2251 2269/255/2269
f 2271/257/2271 2265/253/2265 2272/258/2272
f 2274/259/2274 2288/254/2288 2275/258/2275
f 2277/260/2277 2247/243/2247 2249/245/2249
f 2276/253/2276 2275/258/2275 2277/260/2277
f 2281/243/2281 2286/281/2286 2282/262/2282
f 2257/248/2257 2259/248/2259 2284/263/2284
f 2267/254/2267 2292/258/2292 2286/265/2286
f 2260/250/2260 2276/253/2276 2278/261/2278
f 2278/261/2278 2249/245/2249 2257/248/2257
f 2262/251/2262 2274/259/2274 2276/253/2276
f 2260/250/2260 2285/264/2285 2287/266/2287
f 2261/251/2261 2263/250/2263 2265/253/2265
f 2288/254/2288 2274/259/2274 2271/257/2271
f 2258/249/2258 2250/246/2250 2252/245/2252
f 2249/245/2249 2248/244/2248 2289/249/2289
f 2292/258/2292 2297/275/2297 2282/271/2282
f 2293/247/2293 2268/243/2268 2286/273/2286
f 2265/253/2265 2264/282/2264 2296/275/2296
f 2259/248/2259 2252/245/2252 2270/278/2270
f 2284/276/2284 2353/276/2353 2309/277/2309
f 2275/258/2275 2288/254/2288 2311/254/2311
f 2312/258/2312 2311/254/2311 2313/254/2313
f 2314/258/2314 2313/254/2313 2315/254/2315
f 2316/258/2316 2315/254/2315 2317/254/2317
f 2318/258/2318 2317/254/2317 2266/254/2266
f 2277/260/2277 2320/274/2320 2319/243/2319
f 2320/274/2320 2322/274/2322 2321/243/2321
f 2322/274/2322 2324/274/2324 2323/243/2323
f 2324/274/2324 2326/274/2326 2325/243/2325
f 2326/274/2326 2294/274/2294 2280/243/2280
f 2277/260/2277 2275/258/2275 2312/258/2312
f 2320/274/2320 2312/258/2312 2314/258/2314
f 2322/274/2322 2314/258/2314 2316/258/2316
f 2324/274/2324 2316/258/2316 2318/258/2318
f 2326/274/2326 2318/258/2318 2295/258/2295
f 2327/247/2327 2253/247/2253 2328/247/2328
f 2329/247/2329 2328/247/2328 2330/247/2330
f 2331/247/2331 2330/247/2330 2332/247/2332
f 2333/247/2333 2332/247/2332 2334/247/2334
f 2335/247/2335 2334/247/2334 2279/247/2279
f 2251/243/2251 2327/247/2327 2329/247/2329
f 2336/243/2336 2329/247/2329 2331/247/2331
f 2337/243/2337 2331/247/2331 2333/247/2333
f 2338/243/2338 2333/247/2333 2335/247/2335
f 2339/243/2339 2335/247/2335 2293/247/2293
f 2296/275/2296 2304/275/2304 2340/258/2340
f 2304/275/2304 2342/279/2342 2341/258/2341
f 2342/279/2342 2344/275/2344 2343/258/2343
f 2344/275/2344 2346/275/2346 2345/258/2345
f 2346/275/2346 2297/275/2297 2292/258/2292
f 2272/258/2272 2340/258/2340 2347/254/2347
f 2340/258/2340 2341/258/2341 2348/254/2348
f 2341/258/2341 2343/258/2343 2349/254/2349
f 2343/258/2343 2345/258/2345 2350/254/2350
f 2345/258/2345 2292/258/2292 2267/254/2267
f 2269/255/2269 2251/243/2251 2336/243/2336
f 2308/255/2308 2336/243/2336 2337/243/2337
f 2303/255/2303 2337/243/2337 2338/243/2338
f 2301/255/2301 2338/243/2338 2339/243/2339
f 2299/262/2299 2339/243/2339 2281/243/2281
f 2247/243/2247 2319/243/2319 2328/247/2328
f 2319/243/2319 2321/243/2321 2330/247/2330
f 2321/243/2321 2323/243/2323 2332/247/2332
f 2323/243/2323 2325/243/2325 2334/247/2334
f 2325/243/2325 2280/243/2280 2279/247/2279
f 2273/254/2273 2347/254/2347 2311/254/2311
f 2347/254/2347 2348/254/2348 2313/254/2313
f 2348/254/2348 2349/254/2349 2315/254/2315
f 2349/254/2349 2350/254/2350 2317/254/2317
f 2350/254/2350 2267/254/2267 2266/254/2266
usemtl mat7
f 2254/275/2254 2255/275/2255 2256/262/2256
f 2297/275/2297 2298/275/2298 2255/275/2255
f 2299/262/2299 2300/255/2300 2301/255/2301
f 2282/262/2282 2256/262/2256 2283/262/2283
f 2301/255/2301 2302/255/2302 2303/255/2303
f 2304/275/2304 2305/275/2305 2306/275/2306
f 2303/255/2303 2307/255/2307 2308/255/2308
f 2264/252/2264 2309/280/2309 2310/252/2310
f 2308/255/2308 2351/255/2351 2269/255/2269
f 2305/275/2305 2307/255/2307 2306/275/2306
f 2352/278/2352 2309/280/2309 2353/276/2353
f 2351/255/2351 2310/282/2310 2352/256/2352
f 2282/271/2282 2255/275/2255 2254/271/2254
f 2298/275/2298 2256/262/2256 2255/275/2255
f 2354/275/2354 2355/262/2355 2298/275/2298
f 2356/279/2356 2300/255/2300 2354/275/2354
f 2356/279/2356 2307/255/2307 2302/255/2302
f 2269/255/2269 2352/256/2352 2270/256/2270
f 2283/262/2283 2355/262/2355 2299/262/2299
f 2346/275/2346 2354/275/2354 2298/275/2298
f 2344/275/2344 2356/279/2356 2354/275/2354
f 2296/275/2296 2310/282/2310 2305/275/2305
f 2342/279/2342 2306/275/2306 2356/279/2356
f 2270/278/2270 2353/276/2353 2284/276/2284
f 2297/275/2297 2346/275/2346 2298/275/2298
f 2299/262/2299 2355/262/2355 2300/255/2300
f 2282/262/2282 2254/262/2254 2256/262/2256
f 2301/255/2301 2300/255/2300 2302/255/2302
f 2304/275/2304 2296/275/2296 2305/275/2305
f 2303/255/2303 2302/255/2302 2307/255/2307
f 2264/252/2264 2287/280/2287 2309/280/2309
f 2308/255/2308 2307/255/2307 2351/255/2351
f 2305/275/2305 2351/255/2351 2307/255/2307
f 2352/278/2352 2310/252/2310 2309/280/2309
f 2351/255/2351 2305/275/2305 2310/282/2310
f 2282/271/2282 2297/275/2297 2255/275/2255
f 2298/275/2298 2355/262/2355 2256/262/2256
f 2354/275/2354 2300/255/2300 2355/262/2355
f 2356/279/2356 2302/255/2302 2300/255/2300
f 2356/279/2356 2306/275/2306 2307/255/2307
f 2269/255/2269 2351/255/2351 2352/256/2352
f 2283/262/2283 2256/262/2256 2355/262/2355
f 2346/275/2346 2344/275/2344 2354/275/2354
f 2344/275/2344 2342/279/2342 2356/279/2356
f 2296/275/2296 2264/282/2264 2310/282/2310
f 2342/279/2342 2304/275/2304 2306/275/2306
f 2270/278/2270 2352/278/2352 2353/276/2353
usemtl mat8
f 2208/283/2208 2209/284/2209 2210/285/2210
f 2211/286/2211 2212/287/2212 2213/288/2213
f 2214/289/2214 2215/290/2215 2211/291/2211
f 2216/292/2216 2217/293/2217 2214/294/2214
f 2216/295/2216 2218/296/2218 2219/297/2219
f 2220/298/2220 2221/299/2221 2218/300/2218
f 2222/301/2222 2221/299/2221 2223/302/2223
f 2222/303/2222 2224/304/2224 2225/305/2225
f 2226/306/2226 2224/307/2224 2227/308/2227
f 2228/309/2228 2229/310/2229 2226/311/2226
f 2230/312/2230 2231/313/2231 2228/314/2228
f 2232/315/2232 2233/316/2233 2230/317/2230
f 2234/318/2234 2235/319/2235 2232/320/2232
f 2236/321/2236 2237/322/2237 2234/323/2234
f 2238/324/2238 2239/325/2239 2240/326/2240
f 2357/327/2357 2212/287/2212 2358/328/2358
f 2359/329/2359 2360/330/2360 2361/331/2361
f 2361/331/2361 2362/332/2362 2363/333/2363
f 2364/334/2364 2362/332/2362 2365/335/2365
f 2366/336/2366 2365/335/2365 2367/337/2367
f 2368/338/2368 2367/339/2367 2369/340/2369
f 2368/338/2368 2370/341/2370 2371/342/2371
f 2372/343/2372 2370/341/2370 2373/344/2373
f 2372/343/2372 2374/345/2374 2375/346/2375
f 2375/346/2375 2376/347/2376 2377/348/2377
f 2377/348/2377 2378/349/2378 2379/350/2379
f 2379/350/2379 2380/351/2380 2381/352/2381
f 2381/352/2381 2382/353/2382 2383/354/2383
f 2383/354/2383 2384/355/2384 2385/356/2385
f 2385/356/2385 2386/357/2386 2387/358/2387
f 2388/359/2388 2389/360/2389 2390/361/2390
f 2357/362/2357 2391/363/2391 2392/364/2392
f 2393/365/2393 2394/366/2394 2208/367/2208
f 2387/358/2387 2395/368/2395 2396/369/2396
f 2400/370/2400 2401/371/2401 2402/372/2402
f 2403/373/2403 2209/284/2209 2404/374/2404
f 2405/375/2405 2406/376/2406 2400/370/2400
f 2407/377/2407 2408/378/2408 2409/379/2409
f 2410/380/2410 2404/374/2404 2411/381/2411
f 2414/382/2414 2405/383/2405 2415/384/2415
f 2416/385/2416 2408/378/2408 2417/386/2417
f 2410/380/2410 2418/387/2418 2419/388/2419
f 2422/389/2422 2414/382/2414 2415/390/2415
f 2423/391/2423 2417/392/2417 2424/393/2424
f 2419/394/2419 2425/395/2425 2426/396/2426
f 2429/397/2429 2430/398/2430 2422/399/2422
f 2431/400/2431 2424/401/2424 2432/402/2432
f 2426/396/2426 2433/403/2433 2434/404/2434
f 2437/405/2437 2429/397/2429 2438/406/2438
f 2439/407/2439 2432/408/2432 2440/409/2440
f 2441/410/2441 2433/403/2433 2442/411/2442
f 2445/412/2445 2438/413/2438 2446/414/2446
f 2447/415/2447 2440/416/2440 2448/417/2448
f 2441/418/2441 2449/419/2449 2450/420/2450
f 2453/421/2453 2446/422/2446 2454/423/2454
f 2447/415/2447 2455/424/2455 2456/425/2456
f 2450/426/2450 2457/427/2457 2458/428/2458
f 2461/429/2461 2453/421/2453 2454/430/2454
f 2456/431/2456 2462/432/2462 2463/433/2463
f 2458/434/2458 2464/435/2464 2465/436/2465
f 2468/437/2468 2461/438/2461 2469/439/2469
f 2463/440/2463 2470/441/2470 2471/442/2471
f 2465/443/2465 2472/444/2472 2473/445/2473
f 2238/446/2238 2469/447/2469 2475/448/2475
f 2471/449/2471 2476/450/2476 2477/451/2477
f 2478/452/2478 2472/444/2472 2479/453/2479
f 2482/454/2482 2238/446/2238 2475/455/2475
f 2477/456/2477 2483/457/2483 2484/458/2484
f 2478/459/2478 2485/460/2485 2486/461/2486
f 2239/462/2239 2482/463/2482 2489/464/2489
f 2484/465/2484 2490/466/2490 2491/467/2491
f 2486/468/2486 2492/469/2492 2493/470/2493
f 2496/471/2496 2489/464/2489 2497/472/2497
f 2491/473/2491 2498/474/2498 2499/475/2499
f 2493/476/2493 2500/477/2500 2393/365/2393
f 2501/478/2501 2496/471/2496 2497/479/2497
f 2396/480/2396 2502/481/2502 2359/329/2359
f 2499/482/2499 2503/483/2503 2388/484/2388
f 2390/485/2390 2504/486/2504 2407/377/2407
f 2392/487/2392 2505/488/2505 2236/489/2236
f 2235/319/2235 2506/322/2506 2507/319/2507
f 2491/467/2491 2508/465/2508 2484/465/2484
f 2367/339/2367 2509/340/2509 2369/340/2369
f 2223/490/2223 2510/298/2510 2511/490/2511
f 2479/491/2479 2512/460/2512 2485/460/2485
f 2454/430/2454 2513/429/2513 2461/429/2461
f 2410/380/2410 2514/373/2514 2403/373/2403
f 2439/407/2439 2515/492/2515 2431/492/2431
f 2232/320/2232 2516/318/2516 2234/318/2234
f 2381/352/2381 2517/354/2517 2518/352/2518
f 2433/403/2433 2519/395/2519 2520/403/2520
f 2462/432/2462 2521/424/2521 2522/432/2522
f 2405/375/2405 2523/370/2523 2524/375/2524
f 2217/293/2217 2525/290/2525 2215/290/2215
f 2366/336/2366 2526/338/2526 2527/336/2527
f 2459/223/2459 2528/119/2528 2529/223/2529
f 2408/378/2408 2530/493/2530 2531/378/2531
f 2486/461/2486 2532/459/2532 2478/459/2478
f 2231/494/2231 2533/310/2533 2229/310/2229
f 2503/495/2503 2534/360/2534 2389/360/2389
f 2373/344/2373 2535/345/2535 2374/345/2374
f 2214/289/2214 2536/291/2536 2537/289/2537
f 2245/212/2245 2538/242/2538 2241/242/2241
f 2412/104/2412 2539/216/2539 2540/216/2540
f 2482/454/2482 2541/455/2541 2542/454/2542
f 2426/396/2426 2543/404/2543 2544/396/2544
f 2386/357/2386 2545/368/2545 2395/368/2395
f 2456/431/2456 2546/433/2546 2547/431/2547
f 2502/496/2502 2548/330/2548 2360/330/2360
f 2226/311/2226 2549/309/2549 2228/309/2228
f 2388/359/2388 2550/361/2550 2551/359/2551
f 2457/427/2457 2552/497/2552 2553/427/2553
f 2476/498/2476 2554/457/2554 2483/457/2483
f 2422/399/2422 2555/397/2555 2429/397/2429
f 2394/366/2394 2556/499/2556 2557/366/2557
f 2409/379/2409 2558/377/2558 2407/377/2407
f 2387/358/2387 2559/369/2559 2560/358/2560
f 2375/346/2375 2561/343/2561 2372/343/2372
f 2404/374/2404 2562/284/2562 2563/374/2563
f 2487/125/2487 2564/226/2564 2565/226/2565
f 2432/402/2432 2566/401/2566 2567/402/2567
f 2391/363/2391 2568/328/2568 2569/363/2569
f 2221/299/2221 2570/305/2570 2571/299/2571
f 2378/349/2378 2572/351/2572 2380/351/2380
f 2393/365/2393 2573/367/2573 2574/365/2574
f 2361/331/2361 2575/329/2575 2359/329/2359
f 2427/219/2427 2576/110/2576 2577/219/2577
f 2392/364/2392 2578/362/2578 2357/362/2357
f 2458/428/2458 2579/426/2579 2450/426/2450
f 2505/488/2505 2506/322/2506 2237/322/2237
f 2477/456/2477 2508/458/2508 2580/456/2580
f 2367/337/2367 2581/335/2581 2582/337/2582
f 2501/478/2501 2583/479/2583 2584/478/2584
f 2222/301/2222 2511/302/2511 2585/301/2585
f 2479/453/2479 2586/444/2586 2587/453/2587
f 2498/474/2498 2588/483/2588 2503/483/2503
f 2446/422/2446 2589/423/2589 2454/423/2454
f 2403/373/2403 2590/500/2590 2210/500/2210
f 2423/501/2423 2515/400/2515 2591/501/2591
f 2236/321/2236 2516/323/2516 2592/321/2592
f 2381/352/2381 2593/350/2593 2379/350/2379
f 2418/502/2418 2519/395/2519 2425/395/2425
f 2241/95/2241 2594/214/2594 2595/214/2595
f 2455/424/2455 2596/417/2596 2521/424/2521
f 2402/372/2402 2523/370/2523 2400/370/2400
f 2217/293/2217 2597/297/2597 2598/293/2598
f 2386/357/2386 2599/355/2599 2600/357/2600
f 2366/336/2366 2601/334/2601 2364/334/2364
f 2459/116/2459 2602/222/2602 2451/222/2451
f 2389/503/2389 2530/486/2530 2504/486/2504
f 2473/504/2473 2532/452/2532 2603/504/2603
f 2233/316/2233 2604/313/2604 2231/313/2231
f 2499/482/2499 2551/484/2551 2605/482/2605
f 2370/341/2370 2606/344/2606 2373/344/2373
f 2214/294/2214 2607/292/2607 2216/292/2216
f 2492/469/2492 2556/477/2556 2500/477/2500
f 2540/215/2540 2608/99/2608 2245/99/2245
f 2469/447/2469 2541/448/2541 2475/448/2475
f 2419/394/2419 2544/396/2544 2609/394/2609
f 2456/425/2456 2610/415/2610 2447/415/2447
f 2401/371/2401 2501/505/2501 2402/372/2402
f 2584/505/2584 2592/489/2592 2611/372/2611
f 2590/285/2590 2569/506/2569 2573/283/2573
f 2559/480/2559 2562/284/2562 2557/507/2557
f 2558/377/2558 2545/508/2545 2550/485/2550
f 2608/99/2608 2530/486/2530 2534/503/2534
f 2523/370/2523 2592/321/2592 2516/323/2516
f 2590/500/2590 2506/322/2506 2612/488/2612
f 2575/329/2575 2563/374/2563 2562/284/2562
f 2613/379/2613 2614/496/2614 2558/377/2558
f 2539/216/2539 2531/378/2531 2530/493/2530
f 2524/375/2524 2516/318/2516 2615/320/2615
f 2616/380/2616 2506/322/2506 2514/373/2514
f 2617/333/2617 2563/374/2563 2618/331/2618
f 2619/385/2619 2548/509/2548 2613/510/2613
f 2620/106/2620 2531/378/2531 2621/217/2621
f 2524/383/2524 2622/317/2622 2623/384/2623
f 2609/388/2609 2507/319/2507 2616/380/2616
f 2601/334/2601 2624/381/2624 2617/333/2617
f 2619/385/2619 2581/335/2581 2625/332/2625
f 2577/108/2577 2626/392/2626 2620/218/2620
f 2627/389/2627 2622/312/2622 2549/314/2549
f 2609/394/2609 2604/313/2604 2628/316/2628
f 2527/336/2527 2629/502/2629 2601/334/2601
f 2515/400/2515 2581/335/2581 2591/501/2591
f 2576/110/2576 2566/401/2566 2577/219/2577
f 2555/397/2555 2549/309/2549 2630/311/2630
f 2544/396/2544 2533/310/2533 2604/494/2604
f 2526/338/2526 2519/395/2519 2527/336/2527
f 2515/492/2515 2509/340/2509 2582/339/2582
f 2631/112/2631 2567/408/2567 2576/220/2576
f 2632/406/2632 2630/306/2630 2633/308/2633
f 2543/511/2543 2634/307/2634 2533/310/2533
f 2635/342/2635 2520/403/2520 2526/338/2526
f 2636/407/2636 2637/341/2637 2509/512/2509
f 2602/114/2602 2638/416/2638 2631/221/2631
f 2639/414/2639 2633/513/2633 2585/303/2585
f 2579/420/2579 2634/304/2634 2640/418/2640
f 2561/343/2561 2641/514/2641 2635/342/2635
f 2610/415/2610 2606/344/2606 2637/341/2637
f 2602/222/2602 2521/424/2521 2596/417/2596
f 2639/422/2639 2511/302/2511 2589/423/2589
f 2579/426/2579 2571/299/2571 2570/305/2570
f 2642/346/2642 2552/497/2552 2561/343/2561
f 2546/433/2546 2606/344/2606 2547/431/2547
f 2528/119/2528 2521/424/2521 2529/223/2529
f 2589/430/2589 2510/298/2510 2513/429/2513
f 2643/436/2643 2571/299/2571 2644/434/2644
f 2642/346/2642 2645/435/2645 2553/515/2553
f 2646/442/2646 2535/516/2535 2546/440/2546
f 2647/224/2647 2522/517/2522 2528/122/2528
f 2648/439/2648 2510/518/2510 2607/295/2607
f 2603/445/2603 2649/296/2649 2643/443/2643
f 2650/348/2650 2586/444/2586 2645/519/2645
f 2646/449/2646 2651/349/2651 2652/347/2652
f 2564/225/2564 2653/520/2653 2647/124/2647
f 2541/448/2541 2607/292/2607 2537/294/2537
f 2532/452/2532 2597/297/2597 2603/504/2603
f 2593/350/2593 2587/453/2587 2586/444/2586
f 2580/456/2580 2572/351/2572 2651/349/2651
f 2564/226/2564 2554/457/2554 2654/498/2654
f 2542/454/2542 2537/289/2537 2536/291/2536
f 2532/459/2532 2525/290/2525 2598/293/2598
f 2518/352/2518 2512/460/2512 2587/491/2587
f 2508/465/2508 2655/353/2655 2572/521/2572
f 2656/127/2656 2554/522/2554 2657/227/2657
f 2658/464/2658 2536/286/2536 2659/288/2659
f 2660/470/2660 2525/290/2525 2661/468/2661
f 2517/354/2517 2662/469/2662 2512/460/2512
f 2605/475/2605 2655/353/2655 2663/473/2663
f 2656/129/2656 2664/474/2664 2665/523/2665
f 2658/464/2658 2578/327/2578 2583/472/2583
f 2660/476/2660 2568/328/2568 2666/287/2666
f 2667/356/2667 2556/477/2556 2662/469/2662
f 2605/482/2605 2600/357/2600 2599/355/2599
f 2594/214/2594 2588/483/2588 2664/474/2664
f 2583/479/2583 2668/364/2668 2584/478/2584
f 2574/365/2574 2569/363/2569 2568/328/2568
f 2560/358/2560 2557/366/2557 2556/499/2556
f 2551/359/2551 2545/368/2545 2600/357/2600
f 2608/212/2608 2588/495/2588 2538/242/2538
f 2465/436/2465 2644/434/2644 2458/434/2458
f 2443/112/2443 2576/220/2576 2435/220/2435
f 2363/333/2363 2618/331/2618 2361/331/2361
f 2382/353/2382 2572/521/2572 2655/353/2655
f 2218/300/2218 2571/299/2571 2649/300/2649
f 2440/409/2440 2567/408/2567 2638/409/2638
f 2487/227/2487 2656/127/2656 2657/227/2657
f 2404/374/2404 2624/381/2624 2411/381/2411
f 2377/348/2377 2642/346/2642 2375/346/2375
f 2409/510/2409 2619/385/2619 2613/510/2613
f 2438/406/2438 2555/397/2555 2632/406/2632
f 2490/466/2490 2554/522/2554 2665/466/2665
f 2457/515/2457 2645/435/2645 2464/435/2464
f 2227/308/2227 2630/306/2630 2226/306/2226
f 2360/509/2360 2625/332/2625 2362/332/2362
f 2463/440/2463 2646/442/2646 2546/440/2546
f 2434/511/2434 2640/410/2640 2543/511/2543
f 2489/464/2489 2542/463/2542 2658/464/2658
f 2412/217/2412 2620/106/2620 2621/217/2621
f 2211/286/2211 2659/288/2659 2536/286/2536
f 2376/347/2376 2535/516/2535 2652/347/2652
f 2229/310/2229 2634/307/2634 2224/307/2224
f 2493/470/2493 2661/468/2661 2486/468/2486
f 2408/378/2408 2626/386/2626 2417/386/2417
f 2466/122/2466 2647/224/2647 2528/122/2528
f 2368/338/2368 2635/342/2635 2526/338/2526
f 2212/287/2212 2525/290/2525 2666/287/2666
f 2415/384/2415 2524/383/2524 2623/384/2623
f 2470/441/2470 2522/517/2522 2653/441/2653
f 2442/411/2442 2520/403/2520 2641/411/2641
f 2385/356/2385 2517/354/2517 2383/354/2383
f 2230/317/2230 2615/315/2615 2232/315/2232
f 2402/372/2402 2584/505/2584 2611/372/2611
f 2447/415/2447 2636/407/2636 2439/407/2439
f 2419/388/2419 2616/380/2616 2410/380/2410
f 2461/438/2461 2648/439/2648 2469/439/2469
f 2492/469/2492 2512/460/2512 2662/469/2662
f 2220/518/2220 2607/295/2607 2510/518/2510
f 2236/489/2236 2668/487/2668 2392/487/2392
f 2370/341/2370 2509/512/2509 2637/341/2637
f 2499/475/2499 2663/473/2663 2491/473/2491
f 2235/319/2235 2628/316/2628 2233/316/2233
f 2465/443/2465 2603/445/2603 2643/443/2643
f 2443/221/2443 2602/114/2602 2631/221/2631
f 2364/334/2364 2617/333/2617 2363/333/2363
f 2210/285/2210 2573/283/2573 2208/283/2208
f 2384/355/2384 2655/353/2655 2599/355/2599
f 2218/296/2218 2597/297/2597 2219/297/2219
f 2448/417/2448 2638/416/2638 2596/417/2596
f 2494/129/2494 2594/228/2594 2656/129/2656
f 2418/387/2418 2624/381/2624 2629/387/2629
f 2377/348/2377 2593/350/2593 2650/348/2650
f 2391/506/2391 2612/488/2612 2505/488/2505
f 2423/391/2423 2619/385/2619 2416/385/2416
f 2438/413/2438 2639/414/2639 2446/414/2446
f 2490/523/2490 2664/474/2664 2498/474/2498
f 2464/519/2464 2586/444/2586 2472/444/2472
f 2359/329/2359 2559/480/2559 2396/480/2396
f 2222/303/2222 2633/513/2633 2227/513/2227
f 2365/335/2365 2625/332/2625 2581/335/2581
f 2477/451/2477 2646/449/2646 2471/449/2471
f 2441/418/2441 2579/420/2579 2640/418/2640
f 2497/472/2497 2658/464/2658 2583/472/2583
f 2420/218/2420 2577/108/2577 2620/218/2620
f 2394/507/2394 2562/284/2562 2209/284/2209
f 2357/327/2357 2659/288/2659 2213/288/2213
f 2376/347/2376 2651/349/2651 2378/349/2378
f 2224/304/2224 2570/305/2570 2225/305/2225
f 2393/365/2393 2660/476/2660 2493/476/2493
f 2417/392/2417 2566/393/2566 2424/393/2424
f 2565/225/2565 2647/124/2647 2481/124/2481
f 2407/377/2407 2550/485/2550 2390/485/2390
f 2371/342/2371 2561/343/2561 2635/342/2635
f 2358/328/2358 2666/287/2666 2568/328/2568
f 2415/390/2415 2627/389/2627 2422/389/2422
f 2470/520/2470 2654/450/2654 2476/450/2476
f 2502/481/2502 2545/508/2545 2614/481/2614
f 2449/419/2449 2641/514/2641 2552/419/2552
f 2387/358/2387 2667/356/2667 2385/356/2385
f 2230/312/2230 2549/314/2549 2622/312/2622
f 2208/283/2208 2394/507/2394 2209/284/2209
f 2211/286/2211 2215/290/2215 2212/287/2212
f 2214/289/2214 2217/293/2217 2215/290/2215
f 2216/292/2216 2219/297/2219 2217/293/2217
f 2216/295/2216 2220/518/2220 2218/296/2218
f 2220/298/2220 2223/490/2223 2221/299/2221
f 2222/301/2222 2225/305/2225 2221/299/2221
f 2222/303/2222 2227/513/2227 2224/304/2224
f 2226/306/2226 2229/310/2229 2224/307/2224
f 2228/309/2228 2231/494/2231 2229/310/2229
f 2230/312/2230 2233/316/2233 2231/313/2231
f 2232/315/2232 2235/319/2235 2233/316/2233
f 2234/318/2234 2237/322/2237 2235/319/2235
f 2236/321/2236 2505/488/2505 2237/322/2237
f 2239/325/2239 2496/524/2496 2714/525/2714
f 2714/525/2714 2401/526/2401 2406/527/2406
f 2406/527/2406 2715/528/2715 2414/529/2414
f 2414/529/2414 2430/530/2430 2406/527/2406
f 2430/530/2430 2240/326/2240 2406/527/2406
f 2240/326/2240 2437/531/2437 2445/532/2445
f 2445/532/2445 2453/533/2453 2240/326/2240
f 2453/533/2453 2716/534/2716 2240/326/2240
f 2716/534/2716 2468/535/2468 2238/324/2238
f 2238/324/2238 2717/536/2717 2239/325/2239
f 2239/325/2239 2714/525/2714 2240/326/2240
f 2714/525/2714 2406/527/2406 2240/326/2240
f 2716/534/2716 2238/324/2238 2240/326/2240
f 2357/327/2357 2213/288/2213 2212/287/2212
f 2359/329/2359 2502/496/2502 2360/330/2360
f 2361/331/2361 2360/509/2360 2362/332/2362
f 2364/334/2364 2363/333/2363 2362/332/2362
f 2366/336/2366 2364/334/2364 2365/335/2365
f 2368/338/2368 2366/336/2366 2367/339/2367
f 2368/338/2368 2369/512/2369 2370/341/2370
f 2372/343/2372 2371/342/2371 2370/341/2370
f 2372/343/2372 2373/344/2373 2374/345/2374
f 2375/346/2375 2374/516/2374 2376/347/2376
f 2377/348/2377 2376/347/2376 2378/349/2378
f 2379/350/2379 2378/349/2378 2380/351/2380
f 2381/352/2381 2380/521/2380 2382/353/2382
f 2383/354/2383 2382/353/2382 2384/355/2384
f 2385/356/2385 2384/355/2384 2386/357/2386
f 2388/359/2388 2503/495/2503 2389/360/2389
f 2357/362/2357 2358/328/2358 2391/363/2391
f 2393/365/2393 2500/499/2500 2394/366/2394
f 2387/358/2387 2386/357/2386 2395/368/2395
f 2400/370/2400 2406/376/2406 2401/371/2401
f 2403/373/2403 2210/500/2210 2209/284/2209
f 2405/375/2405 2715/537/2715 2406/376/2406
f 2407/377/2407 2504/493/2504 2408/378/2408
f 2410/380/2410 2403/373/2403 2404/374/2404
f 2414/382/2414 2715/537/2715 2405/383/2405
f 2416/385/2416 2409/510/2409 2408/378/2408
f 2410/380/2410 2411/381/2411 2418/387/2418
f 2422/389/2422 2430/398/2430 2414/382/2414
f 2423/391/2423 2416/385/2416 2417/392/2417
f 2419/394/2419 2418/502/2418 2425/395/2425
f 2429/397/2429 2240/538/2240 2430/398/2430
f 2431/400/2431 2423/501/2423 2424/401/2424
f 2426/396/2426 2425/395/2425 2433/403/2433
f 2437/405/2437 2240/538/2240 2429/397/2429
f 2439/407/2439 2431/492/2431 2432/408/2432
f 2441/410/2441 2434/511/2434 2433/403/2433
f 2445/412/2445 2437/405/2437 2438/413/2438
f 2447/415/2447 2439/407/2439 2440/416/2440
f 2441/418/2441 2442/514/2442 2449/419/2449
f 2453/421/2453 2445/412/2445 2446/422/2446
f 2447/415/2447 2448/417/2448 2455/424/2455
f 2450/426/2450 2449/497/2449 2457/427/2457
f 2461/429/2461 2716/539/2716 2453/421/2453
f 2456/431/2456 2455/424/2455 2462/432/2462
f 2458/434/2458 2457/515/2457 2464/435/2464
f 2468/437/2468 2716/539/2716 2461/438/2461
f 2463/440/2463 2462/517/2462 2470/441/2470
f 2465/443/2465 2464/519/2464 2472/444/2472
f 2238/446/2238 2468/437/2468 2469/447/2469
f 2471/449/2471 2470/520/2470 2476/450/2476
f 2478/452/2478 2473/504/2473 2472/444/2472
f 2482/454/2482 2717/540/2717 2238/446/2238
f 2477/456/2477 2476/498/2476 2483/457/2483
f 2478/459/2478 2479/491/2479 2485/460/2485
f 2239/462/2239 2717/540/2717 2482/463/2482
f 2484/465/2484 2483/522/2483 2490/466/2490
f 2486/468/2486 2485/460/2485 2492/469/2492
f 2496/471/2496 2239/462/2239 2489/464/2489
f 2491/473/2491 2490/523/2490 2498/474/2498
f 2493/476/2493 2492/469/2492 2500/477/2500
f 2501/478/2501 2714/247/2714 2496/471/2496
f 2396/480/2396 2395/508/2395 2502/481/2502
f 2499/482/2499 2498/474/2498 2503/483/2503
f 2390/485/2390 2389/503/2389 2504/486/2504
f 2392/487/2392 2391/506/2391 2505/488/2505
f 2235/319/2235 2237/322/2237 2506/322/2506
f 2491/467/2491 2663/467/2663 2508/465/2508
f 2367/339/2367 2582/339/2582 2509/340/2509
f 2223/490/2223 2220/298/2220 2510/298/2510
f 2479/491/2479 2587/491/2587 2512/460/2512
f 2454/430/2454 2589/430/2589 2513/429/2513
f 2410/380/2410 2616/380/2616 2514/373/2514
f 2439/407/2439 2636/407/2636 2515/492/2515
f 2232/320/2232 2615/320/2615 2516/318/2516
f 2381/352/2381 2383/354/2383 2517/354/2517
f 2433/403/2433 2425/395/2425 2519/395/2519
f 2462/432/2462 2455/424/2455 2521/424/2521
f 2405/375/2405 2400/370/2400 2523/370/2523
f 2217/293/2217 2598/293/2598 2525/290/2525
f 2366/336/2366 2368/338/2368 2526/338/2526
f 2459/223/2459 2466/119/2466 2528/119/2528
f 2408/378/2408 2504/493/2504 2530/493/2530
f 2486/461/2486 2661/461/2661 2532/459/2532
f 2231/494/2231 2604/494/2604 2533/310/2533
f 2503/495/2503 2588/495/2588 2534/360/2534
f 2373/344/2373 2606/344/2606 2535/345/2535
f 2214/289/2214 2211/291/2211 2536/291/2536
f 2245/212/2245 2608/212/2608 2538/242/2538
f 2412/104/2412 2621/104/2621 2539/216/2539
f 2482/454/2482 2475/455/2475 2541/455/2541
f 2426/396/2426 2434/404/2434 2543/404/2543
f 2386/357/2386 2600/357/2600 2545/368/2545
f 2456/431/2456 2463/433/2463 2546/433/2546
f 2502/496/2502 2614/496/2614 2548/330/2548
f 2226/311/2226 2630/311/2630 2549/309/2549
f 2388/359/2388 2390/361/2390 2550/361/2550
f 2457/427/2457 2449/497/2449 2552/497/2552
f 2476/498/2476 2654/498/2654 2554/457/2554
f 2422/399/2422 2627/399/2627 2555/397/2555
f 2394/366/2394 2500/499/2500 2556/499/2556
f 2409/379/2409 2613/379/2613 2558/377/2558
f 2387/358/2387 2396/369/2396 2559/369/2559
f 2375/346/2375 2642/346/2642 2561/343/2561
f 2404/374/2404 2209/284/2209 2562/284/2562
f 2487/125/2487 2657/125/2657 2564/226/2564
f 2432/402/2432 2424/401/2424 2566/401/2566
f 2391/363/2391 2358/328/2358 2568/328/2568
f 2221/299/2221 2225/305/2225 2570/305/2570
f 2378/349/2378 2651/349/2651 2572/351/2572
f 2393/365/2393 2208/367/2208 2573/367/2573
f 2361/331/2361 2618/331/2618 2575/329/2575
f 2427/219/2427 2435/110/2435 2576/110/2576
f 2392/364/2392 2668/364/2668 2578/362/2578
f 2458/428/2458 2644/428/2644 2579/426/2579
f 2505/488/2505 2612/488/2612 2506/322/2506
f 2477/456/2477 2484/458/2484 2508/458/2508
f 2367/337/2367 2365/335/2365 2581/335/2581
f 2501/478/2501 2497/479/2497 2583/479/2583
f 2222/301/2222 2223/302/2223 2511/302/2511
f 2479/453/2479 2472/444/2472 2586/444/2586
f 2498/474/2498 2664/474/2664 2588/483/2588
f 2446/422/2446 2639/422/2639 2589/423/2589
f 2403/373/2403 2514/373/2514 2590/500/2590
f 2423/501/2423 2431/400/2431 2515/400/2515
f 2236/321/2236 2234/323/2234 2516/323/2516
f 2381/352/2381 2518/352/2518 2593/350/2593
f 2418/502/2418 2629/502/2629 2519/395/2519
f 2241/95/2241 2538/95/2538 2594/214/2594
f 2455/424/2455 2448/417/2448 2596/417/2596
f 2402/372/2402 2611/372/2611 2523/370/2523
f 2217/293/2217 2219/297/2219 2597/297/2597
f 2386/357/2386 2384/355/2384 2599/355/2599
f 2366/336/2366 2527/336/2527 2601/334/2601
f 2459/116/2459 2529/116/2529 2602/222/2602
f 2389/503/2389 2534/503/2534 2530/486/2530
f 2473/504/2473 2478/452/2478 2532/452/2532
f 2233/316/2233 2628/316/2628 2604/313/2604
f 2499/482/2499 2388/484/2388 2551/484/2551
f 2370/341/2370 2637/341/2637 2606/344/2606
f 2214/294/2214 2537/294/2537 2607/292/2607
f 2492/469/2492 2662/469/2662 2556/477/2556
f 2540/215/2540 2539/215/2539 2608/99/2608
f 2469/447/2469 2648/447/2648 2541/448/2541
f 2419/394/2419 2426/396/2426 2544/396/2544
f 2456/425/2456 2547/425/2547 2610/415/2610
f 2401/371/2401 2714/254/2714 2501/505/2501
f 2584/505/2584 2668/487/2668 2592/489/2592
f 2590/285/2590 2612/488/2612 2569/506/2569
f 2559/480/2559 2575/329/2575 2562/284/2562
f 2558/377/2558 2614/481/2614 2545/508/2545
f 2608/99/2608 2539/215/2539 2530/486/2530
f 2523/370/2523 2611/372/2611 2592/321/2592
f 2590/500/2590 2514/373/2514 2506/322/2506
f 2575/329/2575 2618/331/2618 2563/374/2563
f 2613/379/2613 2548/330/2548 2614/496/2614
f 2539/216/2539 2621/104/2621 2531/378/2531
f 2524/375/2524 2523/370/2523 2516/318/2516
f 2616/380/2616 2507/319/2507 2506/322/2506
f 2617/333/2617 2624/381/2624 2563/374/2563
f 2619/385/2619 2625/332/2625 2548/509/2548
f 2620/106/2620 2626/386/2626 2531/378/2531
f 2524/383/2524 2615/315/2615 2622/317/2622
f 2609/388/2609 2628/316/2628 2507/319/2507
f 2601/334/2601 2629/387/2629 2624/381/2624
f 2619/385/2619 2591/391/2591 2581/335/2581
f 2577/108/2577 2566/393/2566 2626/392/2626
f 2627/389/2627 2623/390/2623 2622/312/2622
f 2609/394/2609 2544/396/2544 2604/313/2604
f 2527/336/2527 2519/395/2519 2629/502/2629
f 2515/400/2515 2582/337/2582 2581/335/2581
f 2576/110/2576 2567/402/2567 2566/401/2566
f 2555/397/2555 2627/399/2627 2549/309/2549
f 2544/396/2544 2543/404/2543 2533/310/2533
f 2526/338/2526 2520/403/2520 2519/395/2519
f 2515/492/2515 2636/407/2636 2509/340/2509
f 2631/112/2631 2638/409/2638 2567/408/2567
f 2632/406/2632 2555/397/2555 2630/306/2630
f 2543/511/2543 2640/410/2640 2634/307/2634
f 2635/342/2635 2641/411/2641 2520/403/2520
f 2636/407/2636 2610/415/2610 2637/341/2637
f 2602/114/2602 2596/417/2596 2638/416/2638
f 2639/414/2639 2632/413/2632 2633/513/2633
f 2579/420/2579 2570/305/2570 2634/304/2634
f 2561/343/2561 2552/419/2552 2641/514/2641
f 2610/415/2610 2547/425/2547 2606/344/2606
f 2602/222/2602 2529/116/2529 2521/424/2521
f 2639/422/2639 2585/301/2585 2511/302/2511
f 2579/426/2579 2644/428/2644 2571/299/2571
f 2642/346/2642 2553/427/2553 2552/497/2552
f 2546/433/2546 2535/345/2535 2606/344/2606
f 2528/119/2528 2522/432/2522 2521/424/2521
f 2589/430/2589 2511/490/2511 2510/298/2510
f 2643/436/2643 2649/300/2649 2571/299/2571
f 2642/346/2642 2650/348/2650 2645/435/2645
f 2646/442/2646 2652/347/2652 2535/516/2535
f 2647/224/2647 2653/441/2653 2522/517/2522
f 2648/439/2648 2513/438/2513 2510/518/2510
f 2603/445/2603 2597/297/2597 2649/296/2649
f 2650/348/2650 2593/350/2593 2586/444/2586
f 2646/449/2646 2580/451/2580 2651/349/2651
f 2564/225/2564 2654/450/2654 2653/520/2653
f 2541/448/2541 2648/447/2648 2607/292/2607
f 2532/452/2532 2598/293/2598 2597/297/2597
f 2593/350/2593 2518/352/2518 2587/453/2587
f 2580/456/2580 2508/458/2508 2572/351/2572
f 2564/226/2564 2657/125/2657 2554/457/2554
f 2542/454/2542 2541/455/2541 2537/289/2537
f 2532/459/2532 2661/461/2661 2525/290/2525
f 2518/352/2518 2517/354/2517 2512/460/2512
f 2508/465/2508 2663/467/2663 2655/353/2655
f 2656/127/2656 2665/466/2665 2554/522/2554
f 2658/464/2658 2542/463/2542 2536/286/2536
f 2660/470/2660 2666/287/2666 2525/290/2525
f 2517/354/2517 2667/356/2667 2662/469/2662
f 2605/475/2605 2599/355/2599 2655/353/2655
f 2656/129/2656 2594/228/2594 2664/474/2664
f 2658/464/2658 2659/288/2659 2578/327/2578
f 2660/476/2660 2574/365/2574 2568/328/2568
f 2667/356/2667 2560/358/2560 2556/477/2556
f 2605/482/2605 2551/484/2551 2600/357/2600
f 2594/214/2594 2538/95/2538 2588/483/2588
f 2583/479/2583 2578/362/2578 2668/364/2668
f 2574/365/2574 2573/367/2573 2569/363/2569
f 2560/358/2560 2559/369/2559 2557/366/2557
f 2551/359/2551 2550/361/2550 2545/368/2545
f 2608/212/2608 2534/360/2534 2588/495/2588
f 2465/436/2465 2643/436/2643 2644/434/2644
f 2443/112/2443 2631/112/2631 2576/220/2576
f 2363/333/2363 2617/333/2617 2618/331/2618
f 2382/353/2382 2380/521/2380 2572/521/2572
f 2218/300/2218 2221/299/2221 2571/299/2571
f 2440/409/2440 2432/408/2432 2567/408/2567
f 2487/227/2487 2494/127/2494 2656/127/2656
f 2404/374/2404 2563/374/2563 2624/381/2624
f 2377/348/2377 2650/348/2650 2642/346/2642
f 2409/510/2409 2416/385/2416 2619/385/2619
f 2438/406/2438 2429/397/2429 2555/397/2555
f 2490/466/2490 2483/522/2483 2554/522/2554
f 2457/515/2457 2553/515/2553 2645/435/2645
f 2227/308/2227 2633/308/2633 2630/306/2630
f 2360/509/2360 2548/509/2548 2625/332/2625
f 2463/440/2463 2471/442/2471 2646/442/2646
f 2434/511/2434 2441/410/2441 2640/410/2640
f 2489/464/2489 2482/463/2482 2542/463/2542
f 2412/217/2412 2420/106/2420 2620/106/2620
f 2211/286/2211 2213/288/2213 2659/288/2659
f 2376/347/2376 2374/516/2374 2535/516/2535
f 2229/310/2229 2533/310/2533 2634/307/2634
f 2493/470/2493 2660/470/2660 2661/468/2661
f 2408/378/2408 2531/378/2531 2626/386/2626
f 2466/122/2466 2481/224/2481 2647/224/2647
f 2368/338/2368 2371/342/2371 2635/342/2635
f 2212/287/2212 2215/290/2215 2525/290/2525
f 2415/384/2415 2405/383/2405 2524/383/2524
f 2470/441/2470 2462/517/2462 2522/517/2522
f 2442/411/2442 2433/403/2433 2520/403/2520
f 2385/356/2385 2667/356/2667 2517/354/2517
f 2230/317/2230 2622/317/2622 2615/315/2615
f 2402/372/2402 2501/505/2501 2584/505/2584
f 2447/415/2447 2610/415/2610 2636/407/2636
f 2419/388/2419 2609/388/2609 2616/380/2616
f 2461/438/2461 2513/438/2513 2648/439/2648
f 2492/469/2492 2485/460/2485 2512/460/2512
f 2220/518/2220 2216/295/2216 2607/295/2607
f 2236/489/2236 2592/489/2592 2668/487/2668
f 2370/341/2370 2369/512/2369 2509/512/2509
f 2499/475/2499 2605/475/2605 2663/473/2663
f 2235/319/2235 2507/319/2507 2628/316/2628
f 2465/443/2465 2473/445/2473 2603/445/2603
f 2443/221/2443 2451/114/2451 2602/114/2602
f 2364/334/2364 2601/334/2601 2617/333/2617
f 2210/285/2210 2590/285/2590 2573/283/2573
f 2384/355/2384 2382/353/2382 2655/353/2655
f 2218/296/2218 2649/296/2649 2597/297/2597
f 2448/417/2448 2440/416/2440 2638/416/2638
f 2494/129/2494 2595/228/2595 2594/228/2594
f 2418/387/2418 2411/381/2411 2624/381/2624
f 2377/348/2377 2379/350/2379 2593/350/2593
f 2391/506/2391 2569/506/2569 2612/488/2612
f 2423/391/2423 2591/391/2591 2619/385/2619
f 2438/413/2438 2632/413/2632 2639/414/2639
f 2490/523/2490 2665/523/2665 2664/474/2664
f 2464/519/2464 2645/519/2645 2586/444/2586
f 2359/329/2359 2575/329/2575 2559/480/2559
f 2222/303/2222 2585/303/2585 2633/513/2633
f 2365/335/2365 2362/332/2362 2625/332/2625
f 2477/451/2477 2580/451/2580 2646/449/2646
f 2441/418/2441 2450/420/2450 2579/420/2579
f 2497/472/2497 2489/464/2489 2658/464/2658
f 2420/218/2420 2427/108/2427 2577/108/2577
f 2394/507/2394 2557/507/2557 2562/284/2562
f 2357/327/2357 2578/327/2578 2659/288/2659
f 2376/347/2376 2652/347/2652 2651/349/2651
f 2224/304/2224 2634/304/2634 2570/305/2570
f 2393/365/2393 2574/365/2574 2660/476/2660
f 2417/392/2417 2626/392/2626 2566/393/2566
f 2565/225/2565 2564/225/2564 2647/124/2647
f 2407/377/2407 2558/377/2558 2550/485/2550
f 2371/342/2371 2372/343/2372 2561/343/2561
f 2358/328/2358 2212/287/2212 2666/287/2666
f 2415/390/2415 2623/390/2623 2627/389/2627
f 2470/520/2470 2653/520/2653 2654/450/2654
f 2502/481/2502 2395/508/2395 2545/508/2545
f 2449/419/2449 2442/514/2442 2641/514/2641
f 2387/358/2387 2560/358/2560 2667/356/2667
f 2230/312/2230 2228/314/2228 2549/314/2549
# Vertices: 510, normals: 510, texture coordinates: 446, faces: 1012

o obj13
v -0.00039192 0.16418387 2.08101892
v 0.04047767 0.16501793 2.08118486
v 0.04047767 0.16216396 2.08061719
v -0.00039204 0.26607591 1.45290816
v 0.04047756 0.264056 1.45250654
v -0.00039206 0.27993912 1.36367548
v 0.04047755 0.26690999 1.45307398
v -0.04126163 0.26690987 1.45307398
v -0.04126162 0.26405591 1.45250654
v -0.00039205 0.27401239 1.45376778
v -0.00039199 0.22286373 1.95086312
v -0.04126157 0.21290722 1.94960177
v -0.04126157 0.2157612 1.95016932
v 0.04047761 0.21290733 1.94960177
v -0.00039198 0.21492724 1.9500035
v 0.04047761 0.2157613 1.95016932
v -0.04126151 0.16501783 2.08118486
v -0.04126151 0.16216384 2.08061719
v -0.00039193 0.17212036 2.08187866
v 2.7E-07 -0.33105642 2.08669734
v -0.04086932 -0.33189863 2.08681512
v -0.04086932 -0.3290168 2.08641243
v 3E-07 -0.39673394 1.45377445
v -0.04086929 -0.39469421 1.4534893
v 3.1E-07 -0.40545332 1.36389303
v -0.04086929 -0.39757603 1.45389211
v 0.04086989 -0.39757597 1.45389211
v 0.04086989 -0.39469421 1.4534893
v 3.1E-07 -0.40470666 1.45417714
v 2.7E-07 -0.33902919 2.08710027
v 0.04086985 -0.32901675 2.08641243
v 0.04086986 -0.33189857 2.08681512
v -0.24262372 -0.26114833 2.08680582
v -0.27208424 -0.23284467 2.08822918
v -0.27006629 -0.2308069 2.08773661
v -0.31704265 -0.30758929 1.45655966
v -0.34448528 -0.27724791 1.45749044
v -0.32718176 -0.31375492 1.36703944
v -0.3465032 -0.27928567 1.45798314
v -0.2887615 -0.337084 1.45542407
v -0.28674358 -0.33504617 1.45493138
v -0.32265687 -0.313227 1.45721149
v -0.24823794 -0.26678592 2.08745766
v -0.21232463 -0.28860527 2.08517742
v -0.21434258 -0.29064298 2.08567023
v -0.12522839 -0.30802697 2.08669734
v -0.16498655 -0.29852313 2.08681512
v -0.16425894 -0.2957347 2.08641243
v -0.14181046 -0.37157667 1.45377445
v -0.18084101 -0.35928434 1.4534893
v -0.14401191 -0.38001359 1.36389303
v -0.18156861 -0.36207289 1.45389199
v -0.10247756 -0.38271016 1.45389223
v -0.10174995 -0.37992173 1.4534893
v -0.1438234 -0.37929106 1.45417714
v -0.12724133 -0.31574142 2.08710027
v -0.08516788 -0.31637204 2.08641243
v -0.08589549 -0.31916052 2.08681512
v 0.13618273 -0.3040235 2.08940864
v 0.09706036 -0.31587565 2.08952641
v 0.0962818 -0.31310093 2.08912373
v 0.15392604 -0.36725879 1.45648575
v 0.11402512 -0.37633622 1.4562006
v 0.15628166 -0.37565398 1.36660433
v 0.11480367 -0.37911093 1.45660341
v 0.19350345 -0.35702842 1.45660341
v 0.1927249 -0.35425377 1.4562006
v 0.15607995 -0.37493515 1.45688844
v 0.13833663 -0.31169981 2.08981156
v 0.17498158 -0.29101843 2.08912373
v 0.17576014 -0.29379308 2.08952641
v 0.24525285 -0.26157367 2.09194613
v 0.21697384 -0.2910437 2.09025431
v 0.21494868 -0.2889933 2.08985186
v 0.31150949 -0.28819895 1.45964384
v 0.2812053 -0.31561869 1.45754945
v 0.32048905 -0.29155052 1.36985064
v 0.28323048 -0.31766903 1.4579519
v 0.3409721 -0.25992733 1.46157098
v 0.33894691 -0.25787693 1.46116853
v 0.31713444 -0.29384917 1.46004629
v 0.25087783 -0.26722389 2.09234858
v 0.27269033 -0.23125164 2.09347105
v 0.27471548 -0.23330204 2.09387326
v -0.30537757 -0.15205236 2.08649802
v -0.28536984 -0.18765958 2.08480597
v -0.31223717 -0.15611579 2.08690023
v -0.37618807 -0.16125651 1.4541955
v -0.38572058 -0.16225518 1.36440241
v -0.35370672 -0.19538514 1.45210111
v -0.3561804 -0.19686373 1.45250368
v -0.39764157 -0.1265135 1.45612264
v -0.39516792 -0.12503488 1.45572019
v -0.38304773 -0.16531993 1.45459795
v -0.32683107 -0.11730932 2.08842516
v -0.32435742 -0.11583067 2.08802271
v -0.28289616 -0.18618099 2.08440351
v 0.30537802 -0.15205197 2.08649778
v 0.28537032 -0.18765928 2.08480597
v 0.28289664 -0.18618067 2.08440351
v 0.37618855 -0.16125612 1.4541955
v 0.35370716 -0.19538479 1.45210111
v 0.385721 -0.1622548 1.36440229
v 0.35618088 -0.19686337 1.45250344
v 0.39764202 -0.12651305 1.45612264
v 0.39516827 -0.12503447 1.45572019
v 0.38304812 -0.16531955 1.45459783
v 0.31223756 -0.15611543 2.08690023
v 0.32435778 -0.11583038 2.08802271
v 0.32683146 -0.11730893 2.08842492
v 0.32339966 -0.02941321 2.08560467
v 0.3292549 -0.06986675 2.08612657
v 0.32642668 -0.0702225 2.08554173
v 0.42893144 -0.02175707 1.4581418
v 0.4319585 -0.06256638 1.4580791
v 0.44331643 -0.02074476 1.36899757
v 0.43478671 -0.06221065 1.4586637
v 0.42472917 0.01890437 1.45796192
v 0.42190093 0.01854865 1.4573772
v 0.43680137 -0.02077343 1.45904934
v 0.33126956 -0.02842954 2.08651209
v 0.31636912 0.01089254 2.08484006
v 0.31919736 0.01124829 2.08542466
v -0.26649332 0.07077114 2.08174014
v -0.29895023 0.04592515 2.0822618
v -0.27143559 0.07697421 2.08264756
v -0.33663318 0.14999226 1.45427728
v -0.34621572 0.16076842 1.36513305
v -0.36731559 0.12291547 1.45421445
v -0.36909014 0.12514627 1.45479918
v -0.30521336 0.17614201 1.45409739
v -0.30343881 0.17391121 1.45351267
v -0.34157541 0.15619531 1.45518482
v -0.3044633 0.11654566 1.95194483
v -0.2681013 0.13649234 1.9508574
v -0.26632673 0.13426156 1.95027268
v -0.33020344 0.08326581 1.95097446
v -0.33197793 0.0854966 1.95155919
v -0.29952103 0.11034259 1.95103741
v -0.23507357 0.09692091 2.08156013
v -0.23329902 0.0946901 2.08097553
v -0.29717568 0.04369438 2.0816772
v -0.32339936 -0.02941355 2.08560443
v -0.32925466 -0.06986712 2.08612633
v -0.33126932 -0.0284299 2.08651185
v -0.42893121 -0.02175754 1.4581418
v -0.44331625 -0.02074523 1.36899734
v -0.43195829 -0.06256682 1.45807886
v -0.43478641 -0.06221111 1.45866346
v -0.42472893 0.01890393 1.45796168
v -0.42190072 0.01854818 1.45737696
v -0.43680122 -0.0207739 1.45904899
v -0.31919712 0.01124793 2.08542442
v -0.31636894 0.0108922 2.08483982
v -0.32642639 -0.07022284 2.08554173
v 0.2664935 0.07077143 2.08174038
v 0.29895046 0.0459255 2.08226204
v 0.29717591 0.0436947 2.08167744
v 0.33663324 0.14999259 1.45427752
v 0.36731568 0.12291585 1.45421469
v 0.34621584 0.16076881 1.36513305
v 0.36909017 0.12514666 1.45479941
v 0.30521342 0.17614233 1.45409751
v 0.3034389 0.17391153 1.45351279
v 0.34157547 0.15619567 1.45518494
v 0.30446342 0.11654599 1.95194495
v 0.26632687 0.13426185 1.9502728
v 0.26810136 0.13649265 1.95085752
v 0.33020365 0.08326616 1.9509747
v 0.29952121 0.11034291 1.95103753
v 0.3319782 0.08549698 1.95155931
v 0.23507366 0.09692117 2.08156037
v 0.23329912 0.09469035 2.08097553
v 0.27143571 0.0769745 2.0826478
v 0.14316404 0.12606418 2.08700562
v 0.18144853 0.1117439 2.08752751
v 0.18040034 0.10909309 2.08694291
v 0.18720144 0.2222738 1.45954299
v 0.22443773 0.2053027 1.45948005
v 0.19323154 0.23537301 1.37039852
v 0.22548594 0.20795348 1.46006477
v 0.14952953 0.23814335 1.45936298
v 0.14848134 0.23549256 1.45877826
v 0.19012363 0.22964701 1.46045017
v 0.16616261 0.18091024 1.9572103
v 0.12452034 0.18675581 1.95553827
v 0.12556852 0.1894066 1.95612288
v 0.20047672 0.15656593 1.95624006
v 0.1632404 0.17353703 1.95630288
v 0.20152493 0.15921675 1.95682466
v 0.10549216 0.14193375 2.08682561
v 0.10444397 0.13928296 2.08624101
v 0.14608623 0.13343741 2.08791304
v -0.14316401 0.12606402 2.08700585
v -0.18144852 0.1117437 2.08752751
v -0.14608623 0.13343725 2.08791327
v -0.1872015 0.22227359 1.45954299
v -0.19323163 0.2353728 1.37039852
v -0.22443777 0.20530245 1.45948005
v -0.22548597 0.20795324 1.46006477
v -0.14952964 0.23814318 1.45936298
v -0.14848144 0.23549239 1.45877826
v -0.19012372 0.22964679 1.46045041
v -0.1661626 0.18091007 1.95721042
v -0.12556854 0.18940645 1.95612288
v -0.12452035 0.18675566 1.95553827
v -0.20047671 0.15656571 1.95624006
v -0.2015249 0.15921651 1.95682478
v -0.1632404 0.17353685 1.956303
v -0.10549215 0.14193363 2.08682561
v -0.10444395 0.13928284 2.08624101
v -0.18040027 0.10909289 2.08694291
vn -0 0.84598 -0.53322
vn -0.62397 -0.33715 -0.70498
vn -0.55435 0.73547 -0.38958
vn -0 0.99178 0.12792
vn -0.71309 0.65484 0.25036
vn 0 -0.12972 0.99155
vn -0.78104 -0.61863 0.08526
vn 0.78104 -0.61863 0.08526
vn 0.71309 0.65484 0.25036
vn 0 -0.99646 -0.08404
vn 0 -0.97273 -0.23192
vn 0.72119 0.6735 0.1621
vn 0.7388 -0.65491 -0.15894
vn -0.72119 0.6735 0.1621
vn -0 0.97231 0.23368
vn -0.7388 -0.65491 -0.15894
vn 0.62397 -0.33715 -0.70498
vn 0.55435 0.73547 -0.38958
vn 0 -0.56223 -0.82698
vn 0 -0.74898 -0.6626
vn 0.61792 0.44704 -0.64678
vn 0.56598 -0.65699 -0.49803
vn 0 -0.995 0.09989
vn 0.71705 -0.65721 0.23219
vn 5E-05 0.07262 0.99736
vn 0.77745 0.62068 0.10161
vn -0.77745 0.62068 0.10161
vn -0.71705 -0.65721 0.23219
vn -0 0.99845 -0.05572
vn -0 0.6888 -0.72495
vn -0.56598 -0.65699 -0.49803
vn -0.61793 0.44704 -0.64678
vn -0.55841 -0.5296 -0.63851
vn 0.72367 -0.12084 -0.67949
vn -0.08633 -0.86478 -0.49468
vn -0.69846 -0.70357 0.13094
vn 0.05256 -0.97175 0.23009
vn 0.09544 0.05135 0.99411
vn 0.99216 -0.11085 0.05774
vn -0.10625 0.98863 0.10642
vn -0.96052 0.04231 0.27499
vn 0.70285 0.70601 -0.08693
vn 0.45449 0.48706 -0.74579
vn -0.88599 -0.06436 -0.45921
vn -0.14936 0.75302 -0.64082
vn -0.1891 -0.72471 -0.6626
vn 0.71078 0.27654 -0.64678
vn 0.38177 -0.7786 -0.49803
vn -0.25122 -0.96276 0.09989
vn 0.52789 -0.81696 0.23219
vn 0.01833 0.07027 0.99736
vn 0.90897 0.40428 0.10162
vn -0.59555 0.79687 0.10161
vn -0.85975 -0.45487 0.2322
vn 0.25209 0.9661 -0.05572
vn 0.17391 0.66648 -0.72495
vn -0.71352 -0.4928 -0.49803
vn -0.48504 0.58857 -0.64678
vn 0.20234 -0.72113 -0.6626
vn 0.47418 0.59736 -0.64678
vn 0.72243 -0.47965 -0.49803
vn 0.26881 -0.958 0.09989
vn 0.86794 -0.43906 0.23219
vn -0.01964 0.06991 0.99736
vn 0.58086 0.80764 0.10161
vn -0.91622 0.38757 0.10161
vn -0.51284 -0.82649 0.23219
vn -0.26974 0.96132 -0.05572
vn -0.18609 0.66319 -0.72495
vn -0.36744 -0.78546 -0.49803
vn -0.71572 0.26348 -0.64678
vn 0.55035 -0.50886 -0.66195
vn 0.14067 0.77285 -0.6188
vn 0.87998 -0.04916 -0.47246
vn 0.70044 -0.7067 0.09979
vn 0.96398 0.03456 0.26371
vn -0.08255 0.02013 0.99638
vn 0.10712 0.98491 0.13593
vn -0.99127 -0.1135 0.06709
vn -0.04909 -0.97852 0.20022
vn -0.70426 0.70775 -0.05567
vn -0.46436 0.50975 -0.72424
vn 0.08033 -0.84878 -0.52261
vn -0.73237 -0.10015 -0.6735
vn -0.66014 -0.355 -0.66196
vn 0.05714 0.78347 -0.6188
vn 0.57712 0.37739 -0.72423
vn -0.85496 -0.50901 0.09979
vn 0.08497 -0.00116 0.99638
vn -0.92469 0.2746 0.26372
vn 0.14266 0.98039 0.13593
vn 0.93137 -0.35785 0.06709
vn -0.19725 -0.95969 0.20022
vn 0.85892 0.50907 -0.05567
vn 0.68401 -0.28018 -0.67352
vn -0.29011 -0.80171 -0.52258
vn -0.8643 0.17254 -0.47246
vn 0.66014 -0.35501 -0.66195
vn -0.05714 0.78347 -0.6188
vn 0.8643 0.17254 -0.47246
vn 0.85496 -0.50901 0.09979
vn 0.92469 0.2746 0.26371
vn -0.08499 -0.00121 0.99638
vn -0.14266 0.98039 0.13594
vn -0.93136 -0.35787 0.06709
vn 0.19726 -0.95969 0.20022
vn -0.85892 0.50907 -0.05567
vn -0.57712 0.37738 -0.72424
vn 0.29011 -0.80169 -0.52261
vn -0.68403 -0.28018 -0.6735
vn 0.78412 0.09191 -0.61376
vn -0.47735 0.55761 -0.67912
vn 0.61288 0.64235 -0.46018
vn 0.97899 0.1228 0.16277
vn 0.54778 0.7928 0.26722
vn -0.13571 -0.00829 0.99071
vn -0.71685 0.69503 0.05538
vn -0.52552 -0.848 0.06873
vn 0.72423 -0.63035 0.27954
vn -0.98523 -0.12319 -0.11891
vn -0.63577 -0.08547 -0.76713
vn 0.75214 -0.48098 -0.45049
vn -0.32531 -0.6688 -0.66849
vn -0.53335 0.6608 -0.5281
vn 0.69059 0.12532 -0.71231
vn 0.34209 -0.43993 -0.83032
vn -0.61739 0.77518 0.13389
vn 0.09132 -0.10073 0.99071
vn 0.15135 0.95682 0.24817
vn 0.99719 0.00386 0.07482
vn -0.22353 -0.9707 0.08823
vn -0.96317 0.06704 0.26042
vn 0.62077 -0.77881 -0.09003
vn 0.60442 -0.76036 -0.23777
vn -0.17044 -0.97286 -0.15653
vn -0.98206 0.07651 0.17234
vn 0.14512 0.9764 0.15996
vn 0.98426 -0.051 -0.16921
vn -0.60414 0.76003 0.23952
vn -0.28464 -0.65326 -0.7016
vn -0.89611 0.22867 -0.3804
vn -0.02969 0.92037 -0.38992
vn -0.78412 0.09191 -0.61376
vn 0.47737 0.55761 -0.6791
vn 0.63577 -0.08547 -0.76713
vn -0.97899 0.1228 0.16277
vn 0.13571 -0.00824 0.99071
vn -0.54778 0.7928 0.26722
vn 0.71684 0.69503 0.05538
vn 0.52552 -0.848 0.06873
vn -0.72424 -0.63035 0.27954
vn 0.98523 -0.12319 -0.11891
vn 0.32531 -0.6688 -0.66849
vn -0.75214 -0.48098 -0.45049
vn -0.61286 0.64234 -0.46021
vn 0.53334 0.6608 -0.5281
vn -0.69059 0.12532 -0.71231
vn 0.02969 0.92037 -0.38992
vn 0.61739 0.77518 0.13389
vn -0.15136 0.95682 0.24817
vn -0.09131 -0.10074 0.99071
vn -0.99719 0.00386 0.07482
vn 0.22353 -0.97069 0.08823
vn 0.96317 0.06705 0.26042
vn -0.62077 -0.77881 -0.09003
vn -0.60442 -0.76036 -0.23777
vn 0.98206 0.07652 0.17234
vn 0.17045 -0.97285 -0.15653
vn -0.14512 0.9764 0.15996
vn 0.60414 0.76003 0.23952
vn -0.98426 -0.051 -0.16921
vn 0.28466 -0.65323 -0.70161
vn 0.89612 0.22868 -0.38037
vn -0.34209 -0.43993 -0.83032
vn 0.31786 0.78745 -0.5281
vn -0.69715 -0.08117 -0.71231
vn -0.23955 0.88915 -0.38992
vn 0.36496 0.92134 0.13389
vn -0.42336 0.87131 0.24817
vn -0.05806 -0.12294 0.99071
vn -0.95512 -0.28662 0.07482
vn 0.49645 -0.86357 0.08823
vn 0.90192 0.34455 0.26042
vn -0.36714 -0.9258 -0.09003
vn -0.35687 -0.90339 -0.23777
vn 0.91724 0.35912 0.17234
vn 0.4463 -0.88109 -0.15653
vn -0.4231 0.89185 0.15996
vn 0.35669 0.903 0.23952
vn -0.92677 -0.33534 -0.16921
vn 0.4625 -0.54209 -0.7016
vn 0.79071 0.47965 -0.3804
vn -0.19919 -0.52047 -0.83032
vn -0.31786 0.78745 -0.5281
vn 0.69716 -0.08116 -0.71231
vn 0.19919 -0.52047 -0.83032
vn -0.36496 0.92134 0.13389
vn 0.05808 -0.12294 0.99071
vn 0.42336 0.87131 0.24817
vn 0.95512 -0.28662 0.07482
vn -0.49645 -0.86357 0.08823
vn -0.90192 0.34455 0.26042
vn 0.36714 -0.9258 -0.09003
vn 0.35687 -0.90339 -0.23777
vn -0.4463 -0.88109 -0.15653
vn -0.91724 0.35912 0.17234
vn 0.4231 0.89185 0.15996
vn 0.92677 -0.33534 -0.16921
vn -0.3567 0.90299 0.23952
vn -0.4625 -0.54209 -0.70159
vn -0.79072 0.47965 -0.3804
vn 0.23954 0.88915 -0.38992
vt 0.5 0
vt 1 1
vt 1 0
vt 0 0
vt 1 1
vt 0 1
vt 0.5 1
vt 0.5 1
vt 0.5 1
usemtl mat4
f 2718/541/2718 2719/542/2719 2720/543/2720
f 2721/541/2721 2722/543/2722 2723/544/2723
f 2722/543/2722 2724/545/2724 2723/543/2723
f 2725/546/2725 2726/544/2726 2723/546/2723
f 2727/547/2727 2725/546/2725 2723/542/2723
f 2728/548/2728 2725/546/2725 2727/547/2727
f 2729/544/2729 2725/546/2725 2730/546/2730
f 2731/543/2731 2724/545/2724 2722/543/2722
f 2731/543/2731 2721/541/2721 2732/541/2732
f 2729/544/2729 2721/541/2721 2726/544/2726
f 2728/548/2728 2724/545/2724 2733/542/2733
f 2734/546/2734 2718/541/2718 2735/544/2735
f 2726/544/2726 2721/541/2721 2723/544/2723
f 2724/545/2724 2727/547/2727 2723/542/2723
f 2736/549/2736 2733/542/2733 2719/542/2719
f 2718/541/2718 2729/544/2729 2735/544/2735
f 2718/541/2718 2731/543/2731 2732/541/2732
f 2719/542/2719 2731/543/2731 2720/543/2720
f 2734/546/2734 2729/544/2729 2730/546/2730
f 2736/549/2736 2730/546/2730 2728/548/2728
f 2737/541/2737 2738/542/2738 2739/543/2739
f 2740/541/2740 2741/543/2741 2742/544/2742
f 2741/543/2741 2743/545/2743 2742/543/2742
f 2744/546/2744 2745/544/2745 2742/546/2742
f 2746/547/2746 2744/546/2744 2742/542/2742
f 2747/549/2747 2744/546/2744 2746/547/2746
f 2748/544/2748 2744/546/2744 2749/546/2749
f 2739/543/2739 2743/545/2743 2741/543/2741
f 2739/543/2739 2740/541/2740 2737/541/2737
f 2748/544/2748 2740/541/2740 2745/544/2745
f 2747/549/2747 2743/545/2743 2738/542/2738
f 2749/546/2749 2737/541/2737 2748/544/2748
f 2745/544/2745 2740/541/2740 2742/544/2742
f 2743/545/2743 2746/547/2746 2742/542/2742
f 2750/541/2750 2751/542/2751 2752/543/2752
f 2753/541/2753 2754/543/2754 2755/544/2755
f 2754/543/2754 2756/545/2756 2755/543/2755
f 2757/546/2757 2758/544/2758 2755/546/2755
f 2759/547/2759 2757/546/2757 2755/542/2755
f 2760/549/2760 2757/546/2757 2759/547/2759
f 2761/544/2761 2757/546/2757 2762/546/2762
f 2752/543/2752 2756/545/2756 2754/543/2754
f 2752/543/2752 2753/541/2753 2750/541/2750
f 2761/544/2761 2753/541/2753 2758/544/2758
f 2760/549/2760 2756/545/2756 2751/542/2751
f 2762/546/2762 2750/541/2750 2761/544/2761
f 2758/544/2758 2753/541/2753 2755/544/2755
f 2756/545/2756 2759/547/2759 2755/542/2755
f 2763/541/2763 2764/542/2764 2765/543/2765
f 2766/541/2766 2767/543/2767 2768/544/2768
f 2767/543/2767 2769/545/2769 2768/543/2768
f 2770/546/2770 2771/544/2771 2768/546/2768
f 2772/547/2772 2770/546/2770 2768/542/2768
f 2773/549/2773 2770/546/2770 2772/547/2772
f 2774/544/2774 2770/546/2770 2775/546/2775
f 2765/543/2765 2769/545/2769 2767/543/2767
f 2765/543/2765 2766/541/2766 2763/541/2763
f 2774/544/2774 2766/541/2766 2771/544/2771
f 2773/549/2773 2769/545/2769 2764/542/2764
f 2775/546/2775 2763/541/2763 2774/544/2774
f 2771/544/2771 2766/541/2766 2768/544/2768
f 2769/545/2769 2772/547/2772 2768/542/2768
f 2776/541/2776 2777/542/2777 2778/543/2778
f 2779/541/2779 2780/543/2780 2781/544/2781
f 2780/543/2780 2782/545/2782 2781/543/2781
f 2783/546/2783 2784/544/2784 2781/546/2781
f 2785/547/2785 2783/546/2783 2781/542/2781
f 2786/549/2786 2783/546/2783 2785/547/2785
f 2787/544/2787 2783/546/2783 2788/546/2788
f 2778/543/2778 2782/545/2782 2780/543/2780
f 2778/543/2778 2779/541/2779 2776/541/2776
f 2787/544/2787 2779/541/2779 2784/544/2784
f 2786/549/2786 2782/545/2782 2777/542/2777
f 2788/546/2788 2776/541/2776 2787/544/2787
f 2784/544/2784 2779/541/2779 2781/544/2781
f 2782/545/2782 2785/547/2785 2781/542/2781
f 2789/541/2789 2790/542/2790 2791/543/2791
f 2792/541/2792 2793/543/2793 2794/544/2794
f 2793/543/2793 2795/545/2795 2794/543/2794
f 2796/546/2796 2797/544/2797 2794/546/2794
f 2798/547/2798 2796/546/2796 2794/542/2794
f 2799/549/2799 2796/546/2796 2798/547/2798
f 2800/544/2800 2796/546/2796 2801/546/2801
f 2791/543/2791 2795/545/2795 2793/543/2793
f 2791/543/2791 2792/541/2792 2789/541/2789
f 2800/544/2800 2792/541/2792 2797/544/2797
f 2799/549/2799 2795/545/2795 2790/542/2790
f 2801/546/2801 2789/541/2789 2800/544/2800
f 2797/544/2797 2792/541/2792 2794/544/2794
f 2795/545/2795 2798/547/2798 2794/542/2794
f 2802/541/2802 2803/542/2803 2804/549/2804
f 2805/541/2805 2806/544/2806 2807/543/2807
f 2807/543/2807 2806/543/2806 2808/545/2808
f 2809/546/2809 2806/546/2806 2810/544/2810
f 2811/547/2811 2806/542/2806 2809/546/2809
f 2804/549/2804 2809/546/2809 2812/546/2812
f 2809/546/2809 2813/544/2813 2812/546/2812
f 2814/543/2814 2808/545/2808 2803/542/2803
f 2805/541/2805 2814/543/2814 2802/541/2802
f 2813/544/2813 2805/541/2805 2802/541/2802
f 2808/545/2808 2804/549/2804 2803/542/2803
f 2802/541/2802 2812/546/2812 2813/544/2813
f 2810/544/2810 2806/544/2806 2805/541/2805
f 2808/545/2808 2806/542/2806 2811/547/2811
f 2815/541/2815 2816/542/2816 2817/543/2817
f 2818/541/2818 2819/543/2819 2820/544/2820
f 2819/543/2819 2821/545/2821 2820/543/2820
f 2822/546/2822 2823/544/2823 2820/546/2820
f 2824/547/2824 2822/546/2822 2820/542/2820
f 2825/549/2825 2822/546/2822 2824/547/2824
f 2826/544/2826 2822/546/2822 2827/546/2827
f 2817/543/2817 2821/545/2821 2819/543/2819
f 2817/543/2817 2818/541/2818 2815/541/2815
f 2826/544/2826 2818/541/2818 2823/544/2823
f 2825/549/2825 2821/545/2821 2816/542/2816
f 2827/546/2827 2815/541/2815 2826/544/2826
f 2823/544/2823 2818/541/2818 2820/544/2820
f 2821/545/2821 2824/547/2824 2820/542/2820
f 2828/541/2828 2829/542/2829 2830/543/2830
f 2831/541/2831 2832/543/2832 2833/544/2833
f 2832/543/2832 2834/545/2834 2833/543/2833
f 2835/546/2835 2836/544/2836 2833/546/2833
f 2837/547/2837 2835/546/2835 2833/542/2833
f 2838/549/2838 2835/546/2835 2837/547/2837
f 2839/544/2839 2835/546/2835 2840/546/2840
f 2830/543/2830 2834/545/2834 2832/543/2832
f 2830/543/2830 2831/541/2831 2828/541/2828
f 2839/544/2839 2831/541/2831 2836/544/2836
f 2838/549/2838 2834/545/2834 2829/542/2829
f 2840/546/2840 2828/541/2828 2839/544/2839
f 2836/544/2836 2831/541/2831 2833/544/2833
f 2834/545/2834 2837/547/2837 2833/542/2833
f 2841/541/2841 2842/542/2842 2843/549/2843
f 2844/541/2844 2845/544/2845 2846/543/2846
f 2846/543/2846 2845/543/2845 2847/545/2847
f 2848/546/2848 2845/546/2845 2849/544/2849
f 2850/547/2850 2845/542/2845 2848/546/2848
f 2851/548/2851 2848/546/2848 2852/546/2852
f 2848/546/2848 2853/544/2853 2852/546/2852
f 2854/543/2854 2847/545/2847 2855/542/2855
f 2844/541/2844 2854/543/2854 2856/541/2856
f 2853/544/2853 2844/541/2844 2856/541/2856
f 2847/545/2847 2851/548/2851 2855/542/2855
f 2841/541/2841 2857/546/2857 2858/544/2858
f 2849/544/2849 2845/544/2845 2844/541/2844
f 2847/545/2847 2845/542/2845 2850/547/2850
f 2855/542/2855 2843/549/2843 2842/542/2842
f 2853/544/2853 2841/541/2841 2858/544/2858
f 2841/541/2841 2854/543/2854 2859/543/2859
f 2854/543/2854 2842/542/2842 2859/543/2859
f 2857/546/2857 2853/544/2853 2858/544/2858
f 2843/549/2843 2852/546/2852 2857/546/2857
f 2860/541/2860 2861/542/2861 2862/549/2862
f 2863/541/2863 2864/544/2864 2865/543/2865
f 2865/543/2865 2864/543/2864 2866/545/2866
f 2867/546/2867 2864/546/2864 2868/544/2868
f 2869/547/2869 2864/542/2864 2867/546/2867
f 2862/549/2862 2867/546/2867 2870/546/2870
f 2867/546/2867 2871/544/2871 2870/546/2870
f 2872/543/2872 2866/545/2866 2861/542/2861
f 2863/541/2863 2872/543/2872 2860/541/2860
f 2871/544/2871 2863/541/2863 2860/541/2860
f 2866/545/2866 2862/549/2862 2861/542/2861
f 2860/541/2860 2870/546/2870 2871/544/2871
f 2868/544/2868 2864/544/2864 2863/541/2863
f 2866/545/2866 2864/542/2864 2869/547/2869
f 2873/541/2873 2874/542/2874 2875/543/2875
f 2876/541/2876 2877/543/2877 2878/544/2878
f 2877/543/2877 2879/545/2879 2878/543/2878
f 2880/546/2880 2881/544/2881 2878/546/2878
f 2882/547/2882 2880/546/2880 2878/542/2878
f 2883/548/2883 2880/546/2880 2882/547/2882
f 2884/544/2884 2880/546/2880 2885/546/2885
f 2886/543/2886 2879/545/2879 2877/543/2877
f 2886/543/2886 2876/541/2876 2887/541/2887
f 2884/544/2884 2876/541/2876 2881/544/2881
f 2883/548/2883 2879/545/2879 2888/542/2888
f 2889/546/2889 2873/541/2873 2890/544/2890
f 2881/544/2881 2876/541/2876 2878/544/2878
f 2879/545/2879 2882/547/2882 2878/542/2878
f 2891/549/2891 2888/542/2888 2874/542/2874
f 2873/541/2873 2884/544/2884 2890/544/2890
f 2873/541/2873 2886/543/2886 2887/541/2887
f 2874/542/2874 2886/543/2886 2875/543/2875
f 2889/546/2889 2884/544/2884 2885/546/2885
f 2891/549/2891 2885/546/2885 2883/548/2883
f 2892/541/2892 2893/542/2893 2894/543/2894
f 2895/541/2895 2896/543/2896 2897/544/2897
f 2896/543/2896 2898/545/2898 2897/543/2897
f 2899/546/2899 2900/544/2900 2897/546/2897
f 2901/547/2901 2899/546/2899 2897/542/2897
f 2902/548/2902 2899/546/2899 2901/547/2901
f 2903/544/2903 2899/546/2899 2904/546/2904
f 2905/543/2905 2898/545/2898 2896/543/2896
f 2905/543/2905 2895/541/2895 2906/541/2906
f 2903/544/2903 2895/541/2895 2900/544/2900
f 2902/548/2902 2898/545/2898 2907/542/2907
f 2908/546/2908 2892/541/2892 2909/544/2909
f 2900/544/2900 2895/541/2895 2897/544/2897
f 2898/545/2898 2901/547/2901 2897/542/2897
f 2910/549/2910 2907/542/2907 2893/542/2893
f 2892/541/2892 2903/544/2903 2909/544/2909
f 2892/541/2892 2905/543/2905 2906/541/2906
f 2893/542/2893 2905/543/2905 2894/543/2894
f 2908/546/2908 2903/544/2903 2904/546/2904
f 2910/549/2910 2904/546/2904 2902/548/2902
f 2911/541/2911 2912/542/2912 2913/549/2913
f 2914/541/2914 2915/544/2915 2916/543/2916
f 2916/543/2916 2915/543/2915 2917/545/2917
f 2918/546/2918 2915/546/2915 2919/544/2919
f 2920/547/2920 2915/542/2915 2918/546/2918
f 2921/548/2921 2918/546/2918 2922/546/2922
f 2918/546/2918 2923/544/2923 2922/546/2922
f 2924/543/2924 2917/545/2917 2925/542/2925
f 2914/541/2914 2924/543/2924 2926/541/2926
f 2923/544/2923 2914/541/2914 2926/541/2926
f 2917/545/2917 2921/548/2921 2925/542/2925
f 2911/541/2911 2927/546/2927 2928/544/2928
f 2919/544/2919 2915/544/2915 2914/541/2914
f 2917/545/2917 2915/542/2915 2920/547/2920
f 2925/542/2925 2913/549/2913 2912/542/2912
f 2923/544/2923 2911/541/2911 2928/544/2928
f 2911/541/2911 2924/543/2924 2929/543/2929
f 2924/543/2924 2912/542/2912 2929/543/2929
f 2927/546/2927 2923/544/2923 2928/544/2928
f 2913/549/2913 2922/546/2922 2927/546/2927
f 2718/541/2718 2736/549/2736 2719/542/2719
f 2728/548/2728 2730/546/2730 2725/546/2725
f 2729/544/2729 2726/544/2726 2725/546/2725
f 2731/543/2731 2733/542/2733 2724/545/2724
f 2731/543/2731 2722/543/2722 2721/541/2721
f 2729/544/2729 2732/541/2732 2721/541/2721
f 2728/548/2728 2727/547/2727 2724/545/2724
f 2734/546/2734 2736/549/2736 2718/541/2718
f 2736/549/2736 2728/548/2728 2733/542/2733
f 2718/541/2718 2732/541/2732 2729/544/2729
f 2718/541/2718 2720/543/2720 2731/543/2731
f 2719/542/2719 2733/542/2733 2731/543/2731
f 2734/546/2734 2735/544/2735 2729/544/2729
f 2736/549/2736 2734/546/2734 2730/546/2730
f 2737/541/2737 2747/549/2747 2738/542/2738
f 2747/549/2747 2749/546/2749 2744/546/2744
f 2748/544/2748 2745/544/2745 2744/546/2744
f 2739/543/2739 2738/542/2738 2743/545/2743
f 2739/543/2739 2741/543/2741 2740/541/2740
f 2748/544/2748 2737/541/2737 2740/541/2740
f 2747/549/2747 2746/547/2746 2743/545/2743
f 2749/546/2749 2747/549/2747 2737/541/2737
f 2750/541/2750 2760/549/2760 2751/542/2751
f 2760/549/2760 2762/546/2762 2757/546/2757
f 2761/544/2761 2758/544/2758 2757/546/2757
f 2752/543/2752 2751/542/2751 2756/545/2756
f 2752/543/2752 2754/543/2754 2753/541/2753
f 2761/544/2761 2750/541/2750 2753/541/2753
f 2760/549/2760 2759/547/2759 2756/545/2756
f 2762/546/2762 2760/549/2760 2750/541/2750
f 2763/541/2763 2773/549/2773 2764/542/2764
f 2773/549/2773 2775/546/2775 2770/546/2770
f 2774/544/2774 2771/544/2771 2770/546/2770
f 2765/543/2765 2764/542/2764 2769/545/2769
f 2765/543/2765 2767/543/2767 2766/541/2766
f 2774/544/2774 2763/541/2763 2766/541/2766
f 2773/549/2773 2772/547/2772 2769/545/2769
f 2775/546/2775 2773/549/2773 2763/541/2763
f 2776/541/2776 2786/549/2786 2777/542/2777
f 2786/549/2786 2788/546/2788 2783/546/2783
f 2787/544/2787 2784/544/2784 2783/546/2783
f 2778/543/2778 2777/542/2777 2782/545/2782
f 2778/543/2778 2780/543/2780 2779/541/2779
f 2787/544/2787 2776/541/2776 2779/541/2779
f 2786/549/2786 2785/547/2785 2782/545/2782
f 2788/546/2788 2786/549/2786 2776/541/2776
f 2789/541/2789 2799/549/2799 2790/542/2790
f 2799/549/2799 2801/546/2801 2796/546/2796
f 2800/544/2800 2797/544/2797 2796/546/2796
f 2791/543/2791 2790/542/2790 2795/545/2795
f 2791/543/2791 2793/543/2793 2792/541/2792
f 2800/544/2800 2789/541/2789 2792/541/2792
f 2799/549/2799 2798/547/2798 2795/545/2795
f 2801/546/2801 2799/549/2799 2789/541/2789
f 2802/541/2802 2814/543/2814 2803/542/2803
f 2804/549/2804 2811/547/2811 2809/546/2809
f 2809/546/2809 2810/544/2810 2813/544/2813
f 2814/543/2814 2807/543/2807 2808/545/2808
f 2805/541/2805 2807/543/2807 2814/543/2814
f 2813/544/2813 2810/544/2810 2805/541/2805
f 2808/545/2808 2811/547/2811 2804/549/2804
f 2802/541/2802 2804/549/2804 2812/546/2812
f 2815/541/2815 2825/549/2825 2816/542/2816
f 2825/549/2825 2827/546/2827 2822/546/2822
f 2826/544/2826 2823/544/2823 2822/546/2822
f 2817/543/2817 2816/542/2816 2821/545/2821
f 2817/543/2817 2819/543/2819 2818/541/2818
f 2826/544/2826 2815/541/2815 2818/541/2818
f 2825/549/2825 2824/547/2824 2821/545/2821
f 2827/546/2827 2825/549/2825 2815/541/2815
f 2828/541/2828 2838/549/2838 2829/542/2829
f 2838/549/2838 2840/546/2840 2835/546/2835
f 2839/544/2839 2836/544/2836 2835/546/2835
f 2830/543/2830 2829/542/2829 2834/545/2834
f 2830/543/2830 2832/543/2832 2831/541/2831
f 2839/544/2839 2828/541/2828 2831/541/2831
f 2838/549/2838 2837/547/2837 2834/545/2834
f 2840/546/2840 2838/549/2838 2828/541/2828
f 2841/541/2841 2859/543/2859 2842/542/2842
f 2851/548/2851 2850/547/2850 2848/546/2848
f 2848/546/2848 2849/544/2849 2853/544/2853
f 2854/543/2854 2846/543/2846 2847/545/2847
f 2844/541/2844 2846/543/2846 2854/543/2854
f 2853/544/2853 2849/544/2849 2844/541/2844
f 2847/545/2847 2850/547/2850 2851/548/2851
f 2841/541/2841 2843/549/2843 2857/546/2857
f 2855/542/2855 2851/548/2851 2843/549/2843
f 2853/544/2853 2856/541/2856 2841/541/2841
f 2841/541/2841 2856/541/2856 2854/543/2854
f 2854/543/2854 2855/542/2855 2842/542/2842
f 2857/546/2857 2852/546/2852 2853/544/2853
f 2843/549/2843 2851/548/2851 2852/546/2852
f 2860/541/2860 2872/543/2872 2861/542/2861
f 2862/549/2862 2869/547/2869 2867/546/2867
f 2867/546/2867 2868/544/2868 2871/544/2871
f 2872/543/2872 2865/543/2865 2866/545/2866
f 2863/541/2863 2865/543/2865 2872/543/2872
f 2871/544/2871 2868/544/2868 2863/541/2863
f 2866/545/2866 2869/547/2869 2862/549/2862
f 2860/541/2860 2862/549/2862 2870/546/2870
f 2873/541/2873 2891/549/2891 2874/542/2874
f 2883/548/2883 2885/546/2885 2880/546/2880
f 2884/544/2884 2881/544/2881 2880/546/2880
f 2886/543/2886 2888/542/2888 2879/545/2879
f 2886/543/2886 2877/543/2877 2876/541/2876
f 2884/544/2884 2887/541/2887 2876/541/2876
f 2883/548/2883 2882/547/2882 2879/545/2879
f 2889/546/2889 2891/549/2891 2873/541/2873
f 2891/549/2891 2883/548/2883 2888/542/2888
f 2873/541/2873 2887/541/2887 2884/544/2884
f 2873/541/2873 2875/543/2875 2886/543/2886
f 2874/542/2874 2888/542/2888 2886/543/2886
f 2889/546/2889 2890/544/2890 2884/544/2884
f 2891/549/2891 2889/546/2889 2885/546/2885
f 2892/541/2892 2910/549/2910 2893/542/2893
f 2902/548/2902 2904/546/2904 2899/546/2899
f 2903/544/2903 2900/544/2900 2899/546/2899
f 2905/543/2905 2907/542/2907 2898/545/2898
f 2905/543/2905 2896/543/2896 2895/541/2895
f 2903/544/2903 2906/541/2906 2895/541/2895
f 2902/548/2902 2901/547/2901 2898/545/2898
f 2908/546/2908 2910/549/2910 2892/541/2892
f 2910/549/2910 2902/548/2902 2907/542/2907
f 2892/541/2892 2906/541/2906 2903/544/2903
f 2892/541/2892 2894/543/2894 2905/543/2905
f 2893/542/2893 2907/542/2907 2905/543/2905
f 2908/546/2908 2909/544/2909 2903/544/2903
f 2910/549/2910 2908/546/2908 2904/546/2904
f 2911/541/2911 2929/543/2929 2912/542/2912
f 2921/548/2921 2920/547/2920 2918/546/2918
f 2918/546/2918 2919/544/2919 2923/544/2923
f 2924/543/2924 2916/543/2916 2917/545/2917
f 2914/541/2914 2916/543/2916 2924/543/2924
f 2923/544/2923 2919/544/2919 2914/541/2914
f 2917/545/2917 2920/547/2920 2921/548/2921
f 2911/541/2911 2913/549/2913 2927/546/2927
f 2925/542/2925 2921/548/2921 2913/549/2913
f 2923/544/2923 2926/541/2926 2911/541/2911
f 2911/541/2911 2926/541/2926 2924/543/2924
f 2924/543/2924 2925/542/2925 2912/542/2912
f 2927/546/2927 2922/546/2922 2923/544/2923
f 2913/549/2913 2921/548/2921 2922/546/2922
# Vertices: 212, normals: 212, texture coordinates: 9, faces: 368

o obj14
v -0.81199396 -0.00987612 1.74328458
v -0.80169159 1.95256543 1.73511064
v -0.80397797 1.95256543 1.74660516
v -0.86986947 -1.74009764 1.72949576
v -0.88410914 -1.69024992 1.72829187
v -0.86986947 -1.68840468 1.72905684
v -0.88410914 -1.69024992 1.73821974
v -0.86986947 -1.74009764 1.73873496
v -0.86986947 -1.68840468 1.73900676
v -0.88410914 -1.74009764 1.72878706
v -0.86986947 -1.67269528 1.72897315
v -0.86986947 -1.67269528 1.73892081
v -0.79358715 -1.67269528 1.72897315
v -0.77934748 -1.69024992 1.73821974
v -0.77934748 -1.69024992 1.72829187
v -0.79358715 -1.67269528 1.73892081
v -0.81171256 -1.68457663 1.73967648
v -0.79358715 -1.68840468 1.73900676
v -0.85174507 -1.74009764 1.73933232
v -0.85174406 -1.68457663 1.73967648
v -0.79358715 -1.74009764 1.73873496
v -0.77934748 -1.74009764 1.738006
v -0.79358715 -1.74009764 1.72949576
v -0.79358715 -1.68840468 1.72905684
v -0.83172828 -1.74009764 1.73070645
v -0.83172828 -1.68034935 1.73041451
v -0.85174233 -1.65053701 1.74043679
v -0.83172828 -1.64369845 1.73041451
v -0.81171429 -1.65053701 1.74043679
v -0.77934748 -1.74009764 1.72878706
v -0.81171155 -1.74009764 1.73933232
v -0.83172834 -2.28240919 1.73498714
v -0.81692642 -2.02308035 1.73813927
v -0.83172834 -2.28244662 1.7365979
v -0.79299408 -2.02304292 1.73209226
v -0.83172834 -2.30598783 1.73449242
v -0.80352396 -2.02304292 1.7323904
v -0.79589838 -1.83441257 1.73052883
v -0.78252155 -1.83441257 1.72996664
v -0.81292444 -1.83441257 1.73833168
v -0.81171155 -1.74013519 1.74094319
v -0.81292444 -1.83445024 1.73994255
v -0.81171256 -1.68461418 1.74128735
v -0.85993272 -2.02304292 1.7323904
v -0.83172828 -1.83441257 1.73148918
v -0.83172834 -2.02304292 1.73289967
v -0.86755824 -1.83441257 1.73052883
v -0.8704626 -2.02304292 1.73209226
v -0.88093507 -1.83441257 1.73727953
v -0.88093507 -1.83441257 1.72996664
v -0.8704626 -2.02304292 1.7359705
v -0.88410914 -1.74009764 1.738006
v -0.86755824 -1.83441257 1.73785782
v -0.83172834 -2.29494882 1.73471391
v -0.85993272 -2.02304292 1.7362771
v -0.80352396 -2.02304292 1.7362771
v -0.81692642 -2.02304292 1.73652852
v -0.79589838 -1.83441257 1.73785782
v -0.79299408 -2.02304292 1.7359705
v -0.78252155 -1.83441257 1.73727953
v -0.85053211 -1.83441257 1.73833168
v -0.8465302 -2.02304292 1.73652852
v -0.8465302 -2.02308035 1.73813927
v -0.85174507 -1.74013519 1.74094319
v -0.85053211 -1.83445024 1.73994255
v -0.85174406 -1.68461418 1.74128735
v -0.8688724 1.95256543 1.75049627
v -0.8528679 2.00956178 1.75624967
v -0.85934836 2.00956178 1.74655104
v -0.82238483 -1.67269528 1.72576678
v -0.8185147 -1.67269528 1.73511016
v -0.82238483 -1.67269528 1.74445343
v -0.85296744 1.95256543 1.7563498
v -0.83990228 -0.00987603 1.75484455
v -0.8432228 1.95256543 1.76286089
v -0.85146224 -0.00987612 1.74328458
v -0.85947853 1.95256543 1.74660516
v -0.8530882 -0.00987612 1.7351104
v -0.86176497 1.95256543 1.73511064
v -0.8514623 -0.00987611 1.72693622
v -0.85947853 1.95256543 1.723616
v -0.84683198 -0.00987611 1.72000647
v -0.85296744 1.95256543 1.71387148
v -0.8432228 1.95256543 1.70736027
v -0.83172828 1.95256543 1.70507395
v -0.83990228 -0.00987611 1.71537626
v -0.82355398 -0.00987611 1.71537626
v -0.8202337 1.95256543 1.70736027
v -0.81662428 -0.00987611 1.72000647
v -0.81048912 1.95256543 1.71387148
v -0.81199396 -0.00987611 1.72693622
v -0.80397797 1.95256543 1.723616
v -0.85045862 -0.00989665 1.75384092
v -0.84683198 -0.00987612 1.75021422
v -0.82355398 -0.00987612 1.75484455
v -0.81048912 1.95256543 1.7563498
v -0.8202337 1.95256543 1.76286089
v -0.83172828 1.95256543 1.76514733
v -0.79458416 1.95256543 1.75049627
v -0.80183369 2.00956178 1.73511064
v -0.80410933 2.00956178 1.74655104
v -0.84711385 1.95256543 1.77225471
v -0.83172882 2.00956178 1.76500571
v -0.84316921 2.00956178 1.76273012
v -0.86015713 1.95256543 1.76353955
v -0.86015713 1.95256543 1.70668173
v -0.84316921 2.00956178 1.70749116
v -0.84711385 1.95256543 1.69796658
v -0.83172828 1.95256543 1.77531517
v -0.82028848 2.00956178 1.76273012
v -0.87193274 1.95256543 1.73511064
v -0.85934836 2.00956178 1.72367024
v -0.8688724 1.95256543 1.71972501
v -0.80329937 1.95256543 1.70668173
v -0.80410933 2.00956178 1.72367024
v -0.79458416 1.95256543 1.71972501
v -0.861624 2.00956178 1.73511064
v -0.8528679 2.00956178 1.7139715
v -0.79152375 1.95256543 1.73511064
v -0.81634265 1.95256543 1.77225471
v -0.81058979 2.00956178 1.75624967
v -0.81634265 1.95256543 1.69796658
v -0.81058979 2.00956178 1.7139715
v -0.83172935 2.04249454 1.71394944
v -0.83172882 2.00956178 1.70521545
v -0.83982736 2.04249454 1.75466096
v -0.8466925 2.04249454 1.75007379
v -0.81056821 2.04249454 1.73511064
v -0.81217903 2.04249454 1.74320865
v -0.81676614 2.04249454 1.75007379
v -0.82363129 2.04249454 1.75466096
v -0.83982736 2.04249454 1.71556032
v -0.85127962 2.04249454 1.74320865
v -0.85289043 2.04249454 1.73511064
v -0.8466925 2.04249454 1.72014737
v -0.83591586 2.04977202 1.74521756
v -0.82162249 2.04977202 1.73929703
v -0.82754302 2.04977202 1.72500372
v -0.85127962 2.04249454 1.72701263
v -0.82028848 2.00956178 1.70749116
v -0.81676614 2.04249454 1.72014737
v -0.82363135 2.04249454 1.71556032
v -0.81217903 2.04249454 1.72701263
v -0.83172935 2.04249454 1.75627172
v -0.80329937 1.95256543 1.76353955
v -0.83172828 1.95256543 1.69490612
v -0.82508302 2.04764056 1.71906471
v -0.83172941 2.04764056 1.71774268
v -0.81944847 2.04764056 1.74739158
v -0.82508302 2.04764056 1.75115645
v -0.82754302 2.04977202 1.74521756
v -0.82399392 2.04977202 1.74284613
v -0.84401035 2.04764056 1.74739158
v -0.84777522 2.04764056 1.74175704
v -0.84183633 2.04977202 1.73929703
v -0.81436151 2.04764056 1.73511064
v -0.8156836 2.04764056 1.74175704
v -0.83172941 2.04764056 1.75247848
v -0.83172941 2.04977202 1.74605024
v -0.81944847 2.04764056 1.7228297
v -0.82399392 2.04977202 1.72737515
v -0.83837581 2.04764056 1.71906471
v -0.83172941 2.04977202 1.72417092
v -0.83837581 2.04764056 1.75115645
v -0.8394649 2.04977202 1.74284613
v -0.84401035 2.04764056 1.7228297
v -0.83591586 2.04977202 1.72500372
v -0.8156836 2.04764056 1.72846425
v -0.82162255 2.04977202 1.73092413
v -0.82078981 2.04977202 1.73511064
v -0.84777522 2.04764056 1.72846425
v -0.84909725 2.04764056 1.73511064
v -0.84183633 2.04977202 1.73092413
v -0.84266907 2.04977202 1.73511064
v -0.8394649 2.04977202 1.72737515
v -0.82047892 -1.42594898 1.74635947
v -0.81287169 -1.42602956 1.74292076
v -0.81703031 -1.42594898 1.74119818
v -0.82047892 -1.42594898 1.72386098
v -0.81287169 -1.42602956 1.72729969
v -0.81729603 -1.42602956 1.72067809
v -0.83781612 -1.42594898 1.72041237
v -0.8317281 -1.42602956 1.71470022
v -0.83953869 -1.42602956 1.71625388
v -0.84763688 -1.42594898 1.73511016
v -0.85058451 -1.42602956 1.72729969
v -0.8521381 -1.42602956 1.73511016
v -0.84297729 -1.42594898 1.74635947
v -0.83953869 -1.42602956 1.75396657
v -0.83781612 -1.42594898 1.74980795
v -0.82391751 -1.42602956 1.75396657
v -0.81729603 -1.42602956 1.74954224
v -0.81581932 -1.42594898 1.73511016
v -0.81703031 -1.42594898 1.72902215
v -0.82564008 -1.42594898 1.72041237
v -0.8317281 -1.42594898 1.71920145
v -0.84642589 -1.42594898 1.72902215
v -0.84616017 -1.42602956 1.72067809
v -0.84642589 -1.42594898 1.74119818
v -0.84616017 -1.42602956 1.74954224
v -0.8113181 -1.42602956 1.73511016
v -0.82391751 -1.42602956 1.71625388
v -0.84297729 -1.42594898 1.72386098
v -0.85058451 -1.42602956 1.74292076
v -0.8317281 -1.42594898 1.751019
v -0.8317281 -1.42602956 1.75552022
v -0.82564008 -1.42594898 1.74980795
v -0.8317281 -1.43704879 1.75724077
v -0.84014386 -1.44226635 1.7554276
v -0.8317281 -1.44226635 1.75710154
v -0.83912408 -1.46403491 1.75296569
v -0.8317281 -1.67269528 1.74832356
v -0.8317281 -1.46403491 1.75443685
v -0.84989995 -1.45478618 1.74263716
v -0.85171223 -1.44423783 1.73511016
v -0.85139716 -1.45478618 1.73511016
v -0.85040921 -1.43498647 1.72737229
v -0.846026 -1.43498647 1.72081232
v -0.84563619 -1.45478618 1.72120214
v -0.83937567 -1.44423783 1.71664727
v -0.83925509 -1.45478618 1.71693838
v -0.8317281 -1.45478618 1.71544111
v -0.8317281 -1.44423783 1.71512604
v -0.82420111 -1.45478618 1.71693838
v -0.82408053 -1.44423783 1.71664727
v -0.81782001 -1.45478618 1.72120214
v -0.81759721 -1.44423783 1.72097933
v -0.81355625 -1.45478618 1.72758317
v -0.8132652 -1.44423783 1.72746265
v -0.81205904 -1.45478618 1.73511016
v -0.81174397 -1.44423783 1.73511016
v -0.81355625 -1.45478618 1.74263716
v -0.8132652 -1.44423783 1.7427578
v -0.81782001 -1.45478618 1.74901831
v -0.81759721 -1.44423783 1.74924111
v -0.82408053 -1.44423783 1.75357306
v -0.82420111 -1.45478618 1.75328207
v -0.82399017 -1.43498647 1.75379133
v -0.8317281 -1.43498647 1.75533044
v -0.83946604 -1.43498647 1.75379133
v -0.84539413 -1.46403491 1.7487762
v -0.83678466 -1.67269528 1.74731767
v -0.846026 -1.43498647 1.74940813
v -0.83925509 -1.45478618 1.75328207
v -0.8317281 -1.44423783 1.75509429
v -0.83937567 -1.44423783 1.75357306
v -0.84393573 -1.67269528 1.74016666
v -0.84958363 -1.46403491 1.74250615
v -0.84585899 -1.44423783 1.74924111
v -0.850191 -1.44423783 1.7427578
v -0.85194838 -1.43498647 1.73511016
v -0.85105479 -1.46403491 1.73511016
v -0.84393573 -1.67269528 1.73005354
v -0.84958363 -1.46403491 1.72771418
v -0.84989995 -1.45478618 1.72758317
v -0.850191 -1.44423783 1.72746265
v -0.84539413 -1.46403491 1.72144413
v -0.84585899 -1.44423783 1.72097933
v -0.83946604 -1.43498647 1.71642911
v -0.83678466 -1.67269528 1.72290254
v -0.83912408 -1.46403491 1.71725464
v -0.8317281 -1.43498647 1.71489
v -0.8317281 -1.67269528 1.72189677
v -0.8317281 -1.46403491 1.71578348
v -0.82399017 -1.43498647 1.71642911
v -0.82433212 -1.46403491 1.71725464
v -0.8174302 -1.43498647 1.72081232
v -0.81806207 -1.46403491 1.72144413
v -0.82667154 -1.67269528 1.72290254
v -0.81304705 -1.43498647 1.72737229
v -0.81952047 -1.67269528 1.73005354
v -0.81387258 -1.46403491 1.72771418
v -0.81150782 -1.43498647 1.73511016
v -0.81240141 -1.46403491 1.73511016
v -0.81304705 -1.43498647 1.74284816
v -0.81952047 -1.67269528 1.74016666
v -0.81387258 -1.46403491 1.74250615
v -0.8174302 -1.43498647 1.74940813
v -0.81806207 -1.46403491 1.7487762
v -0.82433212 -1.46403491 1.75296569
v -0.82667154 -1.67269528 1.74731767
v -0.85040921 -1.43498647 1.74284816
v -0.8317281 -1.45478618 1.75477922
v -0.83990037 -1.46208441 1.75483978
v -0.84682846 -1.46208441 1.75021052
v -0.8317281 -1.46208441 1.71375513
v -0.82355583 -1.46208441 1.71538067
v -0.80959749 -1.43704879 1.73511016
v -0.81181204 -1.45686877 1.74335968
v -0.81017113 -1.45686877 1.73511016
v -0.84727836 -1.44226635 1.75066042
v -0.85204554 -1.44226635 1.74352598
v -0.84014386 -1.44226635 1.71479285
v -0.8317281 -1.44226635 1.71311879
v -0.81037301 -1.46208441 1.73511016
v -0.81199855 -1.46208441 1.74328244
v -0.85217416 -1.43704879 1.74357927
v -0.84737682 -1.43704879 1.75075889
v -0.8317281 -1.43704879 1.71297956
v -0.84019715 -1.43704879 1.71466422
v -0.81141073 -1.44226635 1.72669446
v -0.80973673 -1.44226635 1.73511016
v -0.85328507 -1.45686877 1.73511016
v -0.8317281 -1.45686877 1.71355319
v -0.83997762 -1.45686877 1.71519411
v -0.85308319 -1.46208441 1.73511016
v -0.85145766 -1.46208441 1.72693789
v -0.81128204 -1.43704879 1.72664118
v -0.81181204 -1.45686877 1.72686064
v -0.85204554 -1.44226635 1.72669446
v -0.84727836 -1.44226635 1.71955991
v -0.82331234 -1.44226635 1.7554276
v -0.82325906 -1.43704879 1.75555623
v -0.85217416 -1.43704879 1.72664118
v -0.84737682 -1.43704879 1.71946144
v -0.82347864 -1.45686877 1.75502622
v -0.85371947 -1.44226635 1.73511016
v -0.84697115 -1.45686877 1.71986711
v -0.82355583 -1.46208441 1.75483978
v -0.8317281 -1.46208441 1.75646532
v -0.83990037 -1.46208441 1.71538067
v -0.81607938 -1.43704879 1.71946144
v -0.85385871 -1.43704879 1.73511016
v -0.84563619 -1.45478618 1.74901831
v -0.84019715 -1.43704879 1.75555623
v -0.85164416 -1.45686877 1.74335968
v -0.85164416 -1.45686877 1.72686064
v -0.83997762 -1.45686877 1.75502622
v -0.84697115 -1.45686877 1.75035322
v -0.8317281 -1.45686877 1.75666714
v -0.85145766 -1.46208441 1.74328244
v -0.84682846 -1.46208441 1.7200098
v -0.82347858 -1.45686877 1.71519411
v -0.82325906 -1.43704879 1.71466422
v -0.81648505 -1.45686877 1.71986711
v -0.81662774 -1.46208441 1.7200098
v -0.82331234 -1.44226635 1.71479285
v -0.81199855 -1.46208441 1.72693789
v -0.81617785 -1.44226635 1.71955991
v -0.81141073 -1.44226635 1.74352598
v -0.81648505 -1.45686877 1.75035322
v -0.81662774 -1.46208441 1.75021052
v -0.81607938 -1.43704879 1.75075889
v -0.81128204 -1.43704879 1.74357927
v -0.81617785 -1.44226635 1.75066042
v -0.82401037 -0.30854359 1.75374269
v -0.8317281 -0.30854353 1.75527787
v -0.8317281 -0.00987603 1.75647044
v -0.81746757 -0.30854359 1.74937093
v -0.82204759 -0.30856386 1.75848114
v -0.85620075 -0.00989665 1.74524724
v -0.81746757 -0.30854359 1.72084975
v -0.82204759 -0.30856386 1.71173954
v -0.81384087 -0.30856386 1.71722305
v -0.85821706 -0.00989665 1.7351104
v -0.81309581 -0.30854359 1.74282813
v -0.81384087 -0.30856386 1.75299752
v -0.85036045 -0.30854359 1.72739255
v -0.84961534 -0.30856386 1.71722305
v -0.84598869 -0.30854359 1.72084975
v -0.84140861 -0.3085638 1.75848114
v -0.83944589 -0.30854353 1.75374269
v -0.85045862 -0.00989665 1.71637988
v -0.85620075 -0.00989665 1.72497344
v -0.841865 -0.00989665 1.71063781
v -0.84598869 -0.30854359 1.74937093
v -0.84961534 -0.30856386 1.75299752
v -0.81309581 -0.30854359 1.72739255
v -0.8083573 -0.30856386 1.72542989
v -0.81662428 -0.00987612 1.75021422
v -0.8317281 -0.00987611 1.71375024
v -0.84140861 -0.30856386 1.71173954
v -0.83944589 -0.30854359 1.71647799
v -0.81156063 -0.30854359 1.73511028
v -0.82401037 -0.30854359 1.71647799
v -0.8317281 -0.30854359 1.71494281
v -0.85189563 -0.30854359 1.73511028
v -0.85036045 -0.30854359 1.74282813
v -0.82159126 -0.00989665 1.71063781
v -0.8317281 -0.00989665 1.70862138
v -0.8317281 -0.3085638 1.76040673
v -0.8550989 -0.30856386 1.74479079
v -0.80643177 -0.30856386 1.73511028
v -0.81299758 -0.00989665 1.71637988
v -0.8317281 -0.30856386 1.70981395
v -0.80523914 -0.00989665 1.7351104
v -0.80725551 -0.00989665 1.72497344
v -0.810368 -0.00987612 1.7351104
v -0.80725551 -0.00989665 1.74524724
v -0.85702449 -0.30856386 1.73511028
v -0.8083573 -0.30856386 1.74479079
v -0.81299758 -0.00989665 1.75384092
v -0.8317281 -0.00989656 1.7615993
v -0.841865 -0.00989656 1.759583
v -0.82159126 -0.00989665 1.759583
v -0.8550989 -0.30856386 1.72542989
v -0.81370199 -0.25877902 1.75313652
v -0.84148377 -0.25877896 1.75866258
v -0.84975427 -0.25877902 1.75313652
v -0.80817586 -0.25877902 1.72535467
v -0.80623531 -0.25877902 1.73511028
v -0.81370199 -0.25877902 1.71708417
v -0.82197243 -0.25877902 1.7115581
v -0.84148377 -0.25877902 1.7115581
v -0.8317281 -0.25877902 1.7096175
v -0.84975421 -0.25877902 1.71708417
v -0.8552804 -0.25877902 1.72535467
v -0.85722089 -0.25877902 1.73511028
v -0.8552804 -0.25877902 1.74486601
v -0.80817586 -0.25877902 1.74486601
v -0.8317281 -0.25877896 1.76060319
v -0.82197243 -0.25877902 1.75866258
v -0.80149126 -0.26851085 1.74763489
v -0.79899997 -0.26851085 1.73511028
v -0.8317281 -0.29886279 1.70257866
v -0.81920362 -0.26851085 1.70487344
v -0.8317281 -0.26851085 1.70238221
v -0.86425984 -0.29886279 1.73511028
v -0.79919642 -0.29886279 1.73511028
v -0.80167276 -0.29886279 1.74755967
v -0.86196494 -0.26851085 1.7225858
v -0.86445624 -0.26851085 1.7351104
v -0.81927878 -0.29886279 1.705055
v -0.80858582 -0.26851085 1.75825262
v -0.80858582 -0.26851085 1.71196806
v -0.8617835 -0.29886279 1.72266102
v -0.85487038 -0.26851085 1.71196806
v -0.81927878 -0.29886279 1.76516569
v -0.80872476 -0.29886279 1.71210694
v -0.84425265 -0.26851079 1.76534724
v -0.8317281 -0.26851079 1.76783848
v -0.80872476 -0.29886279 1.75811374
v -0.8317281 -0.29886279 1.76764202
v -0.81920362 -0.26851085 1.76534724
v -0.84417748 -0.29886279 1.76516569
v -0.80149126 -0.26851085 1.7225858
v -0.80167276 -0.29886279 1.72266102
v -0.84425265 -0.26851085 1.70487344
v -0.84417748 -0.29886279 1.705055
v -0.8547315 -0.29886279 1.71210694
v -0.8617835 -0.29886279 1.74755967
v -0.85487038 -0.26851085 1.75825262
v -0.86196494 -0.26851085 1.74763489
v -0.8547315 -0.29886279 1.75811374
v -0.84107137 -1.67269528 1.74445343
v -0.8449415 -1.67269528 1.73511016
v -0.84107137 -1.67269528 1.72576678
vn 0.61022 0.75083 0.25276
vn 0.65551 -0.75519 0
vn 0.6056 -0.7552 0.25085
vn 0.04084 -0.00977 -0.99912
vn -0.70592 0.25599 -0.66042
vn 0.04509 -0.00629 -0.99896
vn -0.74287 0.25342 0.61962
vn -0.04208 -0.00732 0.99909
vn -0.04583 -0.00024 0.99895
vn -0.69287 -0.01965 -0.72079
vn -0.51735 0.46761 -0.71672
vn -0.57623 0.43583 0.69138
vn 0.51735 0.46761 -0.71672
vn 0.74287 0.25342 0.61962
vn 0.70592 0.25599 -0.66042
vn 0.57623 0.43583 0.69138
vn 0.72029 -0.00578 0.69365
vn 0.04583 -0.00024 0.99895
vn -0.7178 -0.00988 0.69618
vn -0.72029 -0.00578 0.69365
vn 0.04208 -0.00732 0.99909
vn 0.72791 -0.01629 0.68548
vn -0.04084 -0.00977 -0.99912
vn -0.04509 -0.00629 -0.99896
vn -0 -0.00839 -0.99996
vn -0 -0.00281 -1
vn -0.48164 0.7327 0.48081
vn 0 0.88688 -0.46199
vn 0.48163 0.73269 0.48083
vn 0.69287 -0.01965 -0.72079
vn 0.7178 -0.00988 0.69618
vn 0 -0.0512 0.99869
vn 0.71116 -0.03343 0.70224
vn 0 -0.85053 0.52592
vn 0.70287 -0.07408 -0.70745
vn 0 -1 -0.00282
vn -0.02354 -0.00662 -0.9997
vn -0.03461 -0.00909 -0.99936
vn 0.69382 -0.03905 -0.71909
vn 0.71576 -0.01899 0.69809
vn 0.70809 -0.01052 0.70605
vn 0.70814 -0.01921 0.70581
vn 0.70362 0.00669 0.71054
vn 0.02354 -0.00662 -0.9997
vn -0 -0.00848 -0.99996
vn 0 -0.00655 -0.99998
vn 0.03461 -0.00909 -0.99936
vn -0.70287 -0.07408 -0.70745
vn -0.72388 -0.03766 0.68889
vn -0.69382 -0.03905 -0.71909
vn -0.72264 -0.07367 0.68728
vn -0.72791 -0.01629 0.68548
vn -0.03557 -0.01001 0.99932
vn -0 -0.01998 0.9998
vn -0.02427 -0.00886 0.99967
vn 0.02427 -0.00886 0.99967
vn 0.70903 -0.03306 0.70441
vn 0.03557 -0.01001 0.99932
vn 0.72264 -0.07367 0.68728
vn 0.72388 -0.03766 0.68889
vn -0.71576 -0.01899 0.69809
vn -0.70903 -0.03306 0.70441
vn -0.71116 -0.03343 0.70224
vn -0.70807 -0.01052 0.70606
vn -0.70815 -0.01921 0.70581
vn -0.70362 0.00669 0.71055
vn -0.74062 -0.5978 0.30677
vn -0.69037 0.21628 0.69037
vn -0.90201 0.21628 0.37362
vn 0.52075 -0.67648 -0.52076
vn 0.73647 -0.67647 0
vn 0.52076 -0.67646 0.52077
vn -0.46351 -0.75519 0.46351
vn -0.25277 0.75082 0.61023
vn -0.25085 -0.7552 0.6056
vn -0.61022 0.75083 0.25276
vn -0.60561 -0.75519 0.25085
vn -0.6605 0.75083 0
vn -0.6555 -0.75519 -0
vn -0.61023 0.75082 -0.25276
vn -0.6056 -0.7552 -0.25085
vn -0.46704 0.75082 -0.46705
vn -0.46351 -0.7552 -0.46351
vn -0.25085 -0.7552 -0.6056
vn -0 -0.75519 -0.65551
vn -0.25276 0.75083 -0.61022
vn 0.25276 0.75083 -0.61022
vn 0.25085 -0.7552 -0.6056
vn 0.46704 0.75083 -0.46705
vn 0.46351 -0.75519 -0.46351
vn 0.61023 0.75082 -0.25277
vn 0.6056 -0.7552 -0.25085
vn -0.52941 0.66291 0.52941
vn -0.46704 0.75083 0.46704
vn 0.25277 0.75083 0.61022
vn 0.46351 -0.75519 0.46351
vn 0.25085 -0.7552 0.6056
vn -0 -0.75519 0.6555
vn 0.74063 -0.5978 0.30678
vn 0.97633 0.21631 -0
vn 0.90201 0.2163 0.37363
vn -0.30678 -0.59781 0.74061
vn -0 0.21629 0.97633
vn -0.37363 0.21629 0.90201
vn -0.56686 -0.59779 0.56685
vn -0.56685 -0.5978 -0.56685
vn -0.37363 0.21629 -0.90201
vn -0.30678 -0.5978 -0.74062
vn -0 -0.59779 0.80166
vn 0.37362 0.2163 0.90201
vn -0.80163 -0.59782 0
vn -0.90201 0.21628 -0.37363
vn -0.74062 -0.5978 -0.30677
vn 0.56685 -0.5978 -0.56685
vn 0.90201 0.2163 -0.37363
vn 0.74063 -0.5978 -0.30678
vn -0.97633 0.21628 -0
vn -0.69037 0.21628 -0.69037
vn 0.80166 -0.59778 0
vn 0.30677 -0.59781 0.74062
vn 0.69036 0.2163 0.69037
vn 0.30677 -0.5978 -0.74063
vn 0.69036 0.2163 -0.69037
vn 0 0.42366 -0.90582
vn -0 0.21629 -0.97633
vn -0.34664 0.42366 0.83687
vn -0.64051 0.42365 0.64051
vn 0.90582 0.42367 -0
vn 0.83687 0.42367 0.34664
vn 0.64051 0.42367 0.64051
vn 0.34664 0.42366 0.83687
vn -0.34664 0.42366 -0.83687
vn -0.83687 0.42365 0.34664
vn -0.90583 0.42365 0
vn -0.64051 0.42365 -0.64051
vn -0.06838 0.9839 0.16509
vn 0.16509 0.9839 0.06838
vn 0.06839 0.9839 -0.1651
vn -0.83687 0.42365 -0.34664
vn 0.37362 0.2163 -0.90201
vn 0.64051 0.42367 -0.64051
vn 0.34665 0.42366 -0.83687
vn 0.83687 0.42367 -0.34664
vn -0 0.42366 0.90582
vn 0.56685 -0.59778 0.56686
vn -0 -0.59781 -0.80164
vn 0.23386 0.79154 -0.56459
vn -0 0.79155 -0.61111
vn 0.43212 0.79155 0.43212
vn 0.23386 0.79155 0.56459
vn 0.06838 0.9839 0.16509
vn 0.12635 0.98391 0.12635
vn -0.43212 0.79154 0.43212
vn -0.56459 0.79154 0.23386
vn -0.16509 0.98391 0.06838
vn 0.61111 0.79155 -0
vn 0.56458 0.79155 0.23386
vn -0 0.79155 0.61111
vn 0 0.9839 0.17869
vn 0.43211 0.79155 -0.43212
vn 0.12635 0.98391 -0.12635
vn -0.23387 0.79154 -0.56459
vn 0 0.98391 -0.17869
vn -0.23386 0.79154 0.5646
vn -0.12635 0.98391 0.12635
vn -0.43212 0.79154 -0.43212
vn -0.06839 0.98391 -0.16509
vn 0.56459 0.79155 -0.23386
vn 0.16509 0.9839 -0.06838
vn 0.17869 0.98391 -0
vn -0.5646 0.79154 -0.23386
vn -0.61111 0.79154 0
vn -0.16509 0.9839 -0.06838
vn -0.17869 0.98391 0
vn -0.12635 0.98391 -0.12635
vn 0.47106 0.74579 0.47106
vn 0.7006 0.65188 0.2902
vn 0.61547 0.74579 0.25493
vn 0.47107 0.74578 -0.47107
vn 0.70061 0.65187 -0.29019
vn 0.53623 0.65186 -0.53623
vn -0.25494 0.74579 -0.61547
vn 0 0.65186 -0.75834
vn -0.2902 0.65187 -0.70061
vn -0.66618 0.74579 0
vn -0.7006 0.65188 -0.2902
vn -0.75833 0.65187 -1E-05
vn -0.47106 0.74579 0.47106
vn -0.2902 0.65188 0.7006
vn -0.25494 0.74579 0.61547
vn 0.2902 0.65188 0.7006
vn 0.53623 0.65186 0.53622
vn 0.66619 0.74579 0
vn 0.61547 0.74579 -0.25494
vn 0.25493 0.74579 -0.61547
vn -0 0.74579 -0.66618
vn -0.61547 0.74579 -0.25494
vn -0.53623 0.65186 -0.53622
vn -0.61548 0.74578 0.25494
vn -0.53623 0.65187 0.53622
vn 0.75834 0.65186 0
vn 0.2902 0.65187 -0.70061
vn -0.47106 0.74579 -0.47106
vn -0.70062 0.65186 0.2902
vn 0 0.74579 0.66618
vn 0 0.65185 0.75835
vn 0.25494 0.74579 0.61547
vn 0 0.33791 0.94118
vn -0.3535 -0.38301 0.85343
vn 0 -0.38301 0.92375
vn -0.34664 -0.42365 0.83688
vn -0 -0.67648 0.73647
vn -0 -0.42365 0.90583
vn -0.86121 0.36203 0.35673
vn -0.90816 -0.41862 -0
vn -0.93217 0.36203 -0
vn -0.85775 0.37153 -0.35529
vn -0.65649 0.37153 -0.6565
vn -0.65914 0.36203 -0.65914
vn -0.34754 -0.41862 -0.83903
vn -0.35673 0.36204 -0.8612
vn -0 0.36203 -0.93217
vn 0 -0.41862 -0.90816
vn 0.35673 0.36204 -0.86121
vn 0.34754 -0.41862 -0.83903
vn 0.65914 0.36203 -0.65914
vn 0.64217 -0.41863 -0.64216
vn 0.86121 0.36203 -0.35673
vn 0.83903 -0.41862 -0.34754
vn 0.93217 0.36203 -0
vn 0.90816 -0.41862 -0
vn 0.86121 0.36203 0.35672
vn 0.83903 -0.41863 0.34754
vn 0.65914 0.36202 0.65914
vn 0.64216 -0.41863 0.64217
vn 0.34754 -0.41863 0.83903
vn 0.35672 0.36202 0.86121
vn 0.35528 0.37153 0.85775
vn 0 0.37153 0.92842
vn -0.35528 0.37153 0.85775
vn -0.64052 -0.42364 0.64052
vn -0.28183 -0.67649 0.68039
vn -0.65649 0.37152 0.6565
vn -0.35672 0.36203 0.86121
vn -0 -0.41862 0.90816
vn -0.34754 -0.41863 0.83903
vn -0.6804 -0.67649 0.28183
vn -0.83688 -0.42364 0.34664
vn -0.64217 -0.41862 0.64217
vn -0.83903 -0.41863 0.34754
vn -0.92842 0.37153 0
vn -0.90583 -0.42364 -0
vn -0.6804 -0.67649 -0.28183
vn -0.83688 -0.42364 -0.34664
vn -0.86121 0.36203 -0.35673
vn -0.83903 -0.41863 -0.34754
vn -0.64052 -0.42364 -0.64052
vn -0.64216 -0.41863 -0.64216
vn -0.35529 0.37153 -0.85775
vn -0.28182 -0.67649 -0.68039
vn -0.34664 -0.42364 -0.83688
vn 0 0.37154 -0.92842
vn 0 -0.67648 -0.73646
vn -0 -0.42363 -0.90583
vn 0.35529 0.37153 -0.85775
vn 0.34664 -0.42364 -0.83688
vn 0.65649 0.37153 -0.65649
vn 0.64052 -0.42364 -0.64052
vn 0.28182 -0.67649 -0.68039
vn 0.85775 0.37153 -0.35529
vn 0.68039 -0.67649 -0.28183
vn 0.83688 -0.42364 -0.34664
vn 0.92842 0.37152 -0
vn 0.90583 -0.42364 0
vn 0.85775 0.37153 0.35529
vn 0.6804 -0.67649 0.28183
vn 0.83688 -0.42364 0.34664
vn 0.65649 0.37152 0.65649
vn 0.64052 -0.42364 0.64052
vn 0.34665 -0.42365 0.83687
vn 0.28183 -0.67648 0.6804
vn -0.85775 0.37153 0.35529
vn 0 0.36203 0.93217
vn -0.35189 -0.39303 0.84953
vn -0.6502 -0.39303 0.6502
vn -0 -0.39302 -0.91953
vn 0.35189 -0.39303 -0.84953
vn 0.94118 0.33791 -0
vn 0.87289 0.32761 0.36157
vn 0.94481 0.32762 0
vn -0.65319 -0.38301 0.65319
vn -0.85342 -0.38302 0.3535
vn -0.35351 -0.383 -0.85343
vn -0 -0.383 -0.92375
vn 0.91953 -0.39302 0
vn 0.84953 -0.39302 0.35189
vn -0.86953 0.33792 0.36017
vn -0.66551 0.33792 0.66551
vn 0 0.33792 -0.94117
vn -0.36017 0.33792 -0.86953
vn 0.85343 -0.38301 -0.3535
vn 0.92374 -0.38301 -0
vn -0.94481 0.32762 0
vn -0 0.3276 -0.94481
vn -0.36156 0.32762 -0.87289
vn -0.91953 -0.39302 -0
vn -0.84953 -0.39303 -0.35189
vn 0.86953 0.33793 -0.36017
vn 0.87289 0.32762 -0.36156
vn -0.85343 -0.38301 -0.3535
vn -0.65318 -0.38302 -0.65318
vn 0.3535 -0.38301 0.85343
vn 0.36017 0.33792 0.86953
vn -0.86953 0.33792 -0.36017
vn -0.66551 0.33793 -0.66551
vn 0.36157 0.32762 0.87289
vn -0.92375 -0.383 -0
vn -0.66808 0.32763 -0.66808
vn 0.35189 -0.39303 0.84953
vn 0 -0.39302 0.91953
vn -0.35189 -0.39302 -0.84953
vn 0.66551 0.33793 -0.66551
vn -0.94117 0.33792 -0
vn -0.65914 0.36202 0.65914
vn -0.36017 0.33792 0.86953
vn -0.87289 0.32762 0.36157
vn -0.87289 0.32763 -0.36156
vn -0.36157 0.32761 0.87289
vn -0.66808 0.32762 0.66808
vn 0 0.32763 0.94481
vn -0.84953 -0.39303 0.35188
vn -0.6502 -0.39302 -0.65021
vn 0.36156 0.32763 -0.87289
vn 0.36017 0.33792 -0.86953
vn 0.66808 0.32763 -0.66808
vn 0.65021 -0.39302 -0.65021
vn 0.3535 -0.383 -0.85343
vn 0.84953 -0.39303 -0.35188
vn 0.65318 -0.38302 -0.65318
vn 0.85343 -0.383 0.3535
vn 0.66808 0.32762 0.66808
vn 0.65021 -0.39302 0.6502
vn 0.66551 0.33792 0.66551
vn 0.86953 0.33793 0.36017
vn 0.65319 -0.38301 0.65318
vn 0.25028 -0.75647 0.60425
vn -0 -0.75647 0.65403
vn 0 0.75082 0.6605
vn 0.46247 -0.75647 0.46247
vn 0.18728 -0.87206 0.45215
vn -0.69171 0.66291 0.28651
vn 0.46247 -0.75647 -0.46247
vn 0.18729 -0.87205 -0.45216
vn 0.34607 -0.87205 -0.34606
vn -0.74869 0.66292 0
vn 0.60425 -0.75647 0.25029
vn 0.34607 -0.87205 0.34607
vn -0.60425 -0.75647 -0.25029
vn -0.34606 -0.87205 -0.34607
vn -0.46247 -0.75647 -0.46247
vn -0.18729 -0.87206 0.45215
vn -0.25028 -0.75647 0.60424
vn -0.52941 0.66291 -0.52941
vn -0.69171 0.66291 -0.28651
vn -0.28652 0.66292 -0.6917
vn -0.46247 -0.75646 0.46247
vn -0.34606 -0.87206 0.34606
vn 0.60425 -0.75647 -0.25029
vn 0.45216 -0.87205 -0.18728
vn 0.46704 0.75083 0.46704
vn 0 0.75083 -0.6605
vn -0.18728 -0.87206 -0.45215
vn -0.25029 -0.75647 -0.60424
vn 0.65404 -0.75646 -0
vn 0.25029 -0.75647 -0.60424
vn 0 -0.75646 -0.65404
vn -0.65404 -0.75646 -0
vn -0.60425 -0.75647 0.25029
vn 0.28651 0.66292 -0.6917
vn 0 0.66291 -0.7487
vn -0 -0.87205 0.48942
vn -0.45215 -0.87206 0.18729
vn 0.4894 -0.87206 -0
vn 0.52941 0.66291 -0.52941
vn 0 -0.87206 -0.4894
vn 0.7487 0.66291 -0
vn 0.69171 0.66291 -0.28652
vn 0.6605 0.75083 0
vn 0.69171 0.66291 0.28651
vn -0.48941 -0.87205 -0
vn 0.45216 -0.87205 0.18729
vn 0.52941 0.66291 0.52941
vn 0 0.66292 0.74869
vn -0.28651 0.66291 0.69171
vn 0.28651 0.66291 0.69171
vn -0.45215 -0.87206 -0.18729
vn 0.66881 0.32465 0.66881
vn -0.36196 0.32464 0.87384
vn -0.66881 0.32465 0.66881
vn 0.87384 0.32465 -0.36195
vn 0.94584 0.32465 0
vn 0.66881 0.32465 -0.66881
vn 0.36196 0.32465 -0.87384
vn -0.36196 0.32464 -0.87384
vn 0 0.32465 -0.94583
vn -0.6688 0.32465 -0.66881
vn -0.87384 0.32464 -0.36196
vn -0.94584 0.32464 -0
vn -0.87384 0.32465 0.36195
vn 0.87384 0.32464 0.36195
vn 0 0.32465 0.94583
vn 0.36196 0.32465 0.87384
vn 0.88129 0.3001 0.36505
vn 0.95391 0.3001 -0
vn 0 -0.30693 -0.95173
vn 0.36505 0.3001 -0.88129
vn 0 0.30009 -0.95391
vn -0.95173 -0.30692 -0
vn 0.95173 -0.30693 -0
vn 0.87929 -0.30693 0.36421
vn -0.8813 0.3001 -0.36504
vn -0.95391 0.30011 0
vn 0.36421 -0.30693 -0.87929
vn 0.67451 0.3001 0.67452
vn 0.67451 0.3001 -0.67451
vn -0.87929 -0.30693 -0.36421
vn -0.67452 0.3001 -0.67451
vn 0.36421 -0.30693 0.87929
vn 0.67298 -0.30692 -0.67298
vn -0.36505 0.3001 0.88129
vn 0 0.30009 0.95391
vn 0.67298 -0.30693 0.67298
vn 0 -0.30693 0.95173
vn 0.36504 0.30011 0.88129
vn -0.36421 -0.30693 0.87929
vn 0.88129 0.3001 -0.36505
vn 0.87929 -0.30693 -0.36421
vn -0.36505 0.3001 -0.88129
vn -0.36421 -0.30693 -0.87929
vn -0.67298 -0.30692 -0.67298
vn -0.87928 -0.30693 0.36421
vn -0.67452 0.3001 0.67451
vn -0.8813 0.3001 0.36505
vn -0.67298 -0.30693 0.67298
vn -0.52076 -0.67647 0.52076
vn -0.73646 -0.67649 0
vn -0.52076 -0.67647 -0.52077
vt 0.1875 0.50967
vt 0.125 0.50967
vt 0.8125 0.50967
vt 0.75 0.50967
vt 0.0625 0.50967
vt 0 0.50967
vt 0.375 0.50967
vt 0.4375 0.50967
vt 1 0.50967
vt 0.9375 0.50967
vt 0.25 0.50967
vt 0.3125 0.50967
vt 0.625 0.50967
vt 0.6875 0.50967
vt 0.9375 0.50967
vt 0.875 0.50967
vt 0.5625 0.50967
vt 0.4375 0.50967
vt 0.5 0.50967
vt 0.28681 0.50967
vt 0.66545 0.50967
vt 0.53422 0.50967
vt 0.3125 0.50967
vt 0.8125 0.50967
vt 0.5625 0.50967
vt 0.5 0.50967
vt 0.875 0.50967
vt 0.93447 0.50967
vt 0.55407 0.50967
vt 0.65069 0.50967
vt 0.125 0.50967
vt 0.1875 0.50967
vt 0.29067 0.50967
vt 0.8125 0.50967
vt 0.94053 0.50967
vt 0.99697 0.50967
vt 0.89209 0.50967
vt 0.38343 0.50967
vt 0.04542 0.50967
vt 0.625 0.50967
vt 0.57609 0.50967
vt 0.4375 0.50967
vt 0.49074 0.50967
vt 0.0625 0.50967
vt 0.27205 0.50967
vt 0.375 0.50967
vt 0.44676 0.50967
vt 0.6875 0.50967
vt 0.61466 0.50967
vt 0.64683 0.50967
vt 0.3125 0.50967
vt 0.36141 0.50967
vt 0.32284 0.50967
vt 0.40328 0.50967
vt 0.00303 0.50967
vt 0.8125 0.72732
vt 0.06256 0.72732
vt 0.1875 0.72732
vt 0.25 0.72732
vt 0.3125 0.72732
vt 0.375 0.72732
vt 0.4375 0.72732
vt 0.5625 0.72732
vt 0.625 0.72732
vt 0.6875 0.72732
vt 0.125 0.72732
vt 0.93744 0.72732
vt 0.99623 0.82265
vt 0.93743 0.74817
vt 0.99713 0.74817
vt 0.99738 0.72732
vt 0.875 0.74817
vt 0.93743 0.74817
vt 0.625 0.74817
vt 0.5625 0.74817
vt 0.8125 0.74817
vt 0.3125 0.74817
vt 0.375 0.74817
vt 0.00287 0.74817
vt 0.06257 0.74817
vt 0.125 0.74817
vt 0.06257 0.74817
vt 0.6875 0.74817
vt 0.875 0.72732
vt 0.5 0.72732
vt 0.00377 0.82265
vt 0.4375 0.74817
vt 0.93741 0.82265
vt 0.75 0.82265
vt 0.75 0.74817
vt 0.6875 0.82265
vt 0.625 0.82265
vt 0.5625 0.82265
vt 0.5 0.74817
vt 0.5625 0.74817
vt 0.5 0.82265
vt 0.4375 0.74817
vt 0.5 0.74817
vt 0.4375 0.82265
vt 0.375 0.82265
vt 0.3125 0.74817
vt 0.25 0.82265
vt 0.25 0.74817
vt 0.1875 0.74817
vt 0.25 0.74817
vt 0.1875 0.82265
vt 0.1875 0.74817
vt 0.06259 0.82265
vt 0.8125 0.82265
vt 0.5 0.72732
vt 0.5625 0.72732
vt 0.75 0.72732
vt 0.8125 0.72732
vt 0.00262 0.72732
vt 0.125 0.72732
vt 0.93744 0.72732
vt 0.875 0.74474
vt 0.06256 0.74474
vt 0.125 0.74474
vt 0.6875 0.74474
vt 0.75 0.74474
vt 0.625 0.74474
vt 0.6875 0.74474
vt 0.5625 0.74474
vt 0.625 0.74474
vt 0.4375 0.74474
vt 0.5 0.74474
vt 0.375 0.74474
vt 0.3125 0.74474
vt 0.375 0.74474
vt 0.25 0.74474
vt 0.3125 0.74474
vt 0.25 0.74474
vt 0.125 0.74474
vt 0.1875 0.74474
vt 0.75 0.74474
vt 0.8125 0.74474
vt 0.99717 0.74474
vt 0.93743 0.74474
vt 0.5 0.74474
vt 0.00283 0.74474
vt 0.06256 0.74474
vt 0.93743 0.74474
vt 0.1875 0.74474
vt 0.06259 0.82265
vt 0.875 0.82265
vt 0.3125 0.82265
vt 0.125 0.82265
vt 0.66667 1
vt 1 0.3802
vt 0.66667 0.3802
vt 1 0.3802
vt 1 1
vt 0.66667 0
vt 1 0.3802
vt 0.33333 0
vt 0 0.3802
vt 0 0.3802
vt 0.41254 0.3802
vt 0.33333 0.3802
vt 0.58747 1
vt 0.58746 0.3802
vt 0.33333 1
vt 0 1
vt 0 0.3802
vt 0.5 1
vt 0.5 0.3802
vt 0.58746 0
vt 0.5 0
vt 0.41254 0
vt 0.41253 1
vt 0.58746 0
vt 0.4128 0.12966
vt 0.37293 1
vt 0.58746 0.3802
vt 0.41254 0
vt 0.5 1
vt 0.64048 1
vt 0.10422 1
vt 0.58747 1
vt 0.41254 0.3802
vt 0.31466 1
vt 0.59555 1
vt 0.41971 0.08029
vt 0.49 0.25
vt 0.41971 0.41971
vt 0.00404 0.82337
vt 0.0624 0.82374
vt 0.00438 0.82374
vt 0.0625 0.92537
vt -0.00037 0.92537
vt 0.1875 0.92035
vt 0.25 0.91458
vt 0.25 0.92035
vt 0.3125 0.82337
vt 0.3125 0.82337
vt 0.375 0.82337
vt 0.375 0.92035
vt 0.4375 0.91458
vt 0.4375 0.92035
vt 0.5 0.92035
vt 0.5 0.91458
vt 0.5625 0.92035
vt 0.5625 0.91458
vt 0.625 0.92035
vt 0.625 0.91458
vt 0.6875 0.92035
vt 0.6875 0.91458
vt 0.75 0.92035
vt 0.6875 0.91458
vt 0.75 0.91458
vt 0.8125 0.92035
vt 0.8125 0.91458
vt 0.875 0.92035
vt 0.8125 0.91458
vt 0.875 0.91458
vt 0.9375 0.91458
vt 0.9375 0.92035
vt 0.93741 0.82337
vt 0.99596 0.82337
vt 0.06259 0.82337
vt 0.125 0.92537
vt 0.0625 1
vt 0.0625 0.92537
vt 0.125 0.82337
vt 0.0625 0.92035
vt -0.00042 0.91458
vt 0.0625 0.91458
vt 0.1875 1
vt 0.125 0.92537
vt 0.1875 0.92537
vt 0.125 0.91458
vt 0.1875 0.91458
vt 0.25 0.82337
vt 0.25 0.92537
vt 0.1875 0.92537
vt 0.3125 1
vt 0.3125 0.92537
vt 0.3125 0.92035
vt 0.25 0.91458
vt 0.3125 0.91458
vt 0.375 0.92537
vt 0.3125 0.92035
vt 0.375 0.91458
vt 0.375 0.92035
vt 0.4375 0.82337
vt 0.4375 1
vt 0.4375 0.92537
vt 0.5 0.82337
vt 0.5 1
vt 0.5 0.92537
vt 0.5625 0.82337
vt 0.5625 0.92537
vt 0.625 0.82337
vt 0.625 0.92537
vt 0.5625 1
vt 0.6875 0.82337
vt 0.6875 1
vt 0.6875 0.92537
vt 0.75 0.82337
vt 0.75 1
vt 0.75 0.92537
vt 0.8125 0.82337
vt 0.8125 1
vt 0.75 0.92537
vt 0.8125 0.92537
vt 0.875 0.82337
vt 0.875 0.92537
vt 0.8125 0.92537
vt 0.93741 0.82337
vt 0.9375 0.92537
vt 0.875 1
vt 1.00037 0.92537
vt 0.9375 1
vt 0.9375 0.92537
vt 0.1875 0.82337
vt 0.9375 0.92035
vt 1.00042 0.91458
vt 1.00039 0.92035
vt 0.25 0.92035
vt 0.6875 0.92035
vt 0.3125 0.91458
vt 0.9375 0.91458
vt 0.875 0.91458
vt 0.25 0.82337
vt 0.125 0.92035
vt 0.125 0.91458
vt 0.06281 0.82374
vt 0.06259 0.82337
vt 0.31229 0.82374
vt 0.25021 0.82374
vt 0.37479 0.82374
vt 0.31271 0.82374
vt 0.12522 0.82374
vt 0.0625 0.92035
vt -0.00039 0.92035
vt 0.18771 0.82374
vt 0.43729 0.82374
vt 0.37521 0.82374
vt 0.43771 0.82374
vt 0.5 0.92035
vt 0.50021 0.82374
vt 0.56271 0.82374
vt 0.68729 0.82374
vt 0.62521 0.82374
vt 0.74979 0.82374
vt 0.68771 0.82374
vt 0.81229 0.82374
vt 0.75021 0.82374
vt 0.81271 0.82374
vt 0.87521 0.82374
vt 0.9376 0.82374
vt 0.8125 0.92035
vt 0.125 0.92035
vt 0.1875 0.91458
vt 0.625 0.92035
vt 0.34184 0.47173
vt 0.08029 0.41971
vt 0.25 0.49
vt 0.15816 0.47173
vt 0.02827 0.34184
vt 0.01 0.25
vt 0.02827 0.15816
vt 0.08029 0.08029
vt 0.15816 0.02827
vt 0.25 0.01
vt 0.34184 0.02827
vt 0.47173 0.15816
vt 0.47173 0.34184
vt 0.125 1
vt 0.25 1
vt 0.375 1
vt 0.625 1
vt 0.12479 0.82374
vt 0.18729 0.82374
vt 0.24979 0.82374
vt 0.49979 0.82374
vt 0.56229 0.82374
vt 0.62479 0.82374
vt 0.87478 0.82374
vt 0.93719 0.82374
vt 0.99562 0.82374
usemtl mat3
f 2996/550/2996 2997/551/2997 2998/550/2998
f 3028/552/3028 3029/553/3029 3030/552/3030
f 3031/554/3031 3032/555/3032 3033/554/3033
f 3034/551/3034 3033/554/3033 2997/551/2997
f 3035/556/3035 3036/557/3036 3037/557/3037
f 3038/558/3038 3039/559/3039 3032/558/3032
f 3040/560/3040 3041/561/3041 3042/561/3042
f 3043/562/3043 3044/563/3044 3045/563/3045
f 3040/560/3040 2998/550/2998 3046/560/3046
f 3042/561/3042 3047/556/3047 3035/556/3035
f 3045/563/3045 3029/553/3029 3048/553/3048
f 3049/564/3049 3050/565/3050 3039/564/3039
f 3051/566/3051 3052/562/3052 3043/562/3043
f 3036/567/3036 3053/568/3053 3054/568/3054
f 2997/551/2997 3055/554/3055 3056/551/3056
f 3030/552/3030 3057/553/3057 3058/552/3058
f 3039/564/3039 3059/565/3059 3060/564/3060
f 3047/556/3047 3061/557/3061 3036/557/3036
f 3044/563/3044 3057/553/3057 3029/553/3029
f 3046/560/3046 3062/550/3062 3063/560/3063
f 3041/561/3041 3064/556/3064 3047/556/3047
f 3065/569/3065 3066/570/3066 3067/571/3067
f 3041/561/3041 3063/560/3063 3068/572/3068
f 3069/566/3069 3070/562/3070 3052/562/3052
f 2998/550/2998 3056/551/3056 3062/550/3062
f 3054/568/3054 3071/566/3071 3069/566/3069
f 3052/562/3052 3072/563/3072 3044/563/3044
f 3002/551/3002 3031/554/3031 3034/551/3034
f 3027/555/3027 3031/554/3031 3004/554/3004
f 3033/554/3033 3073/555/3073 3055/554/3055
f 3025/565/3025 3028/573/3028 3074/565/3074
f 2932/552/2932 3048/553/3048 3028/552/3028
f 3025/565/3025 3049/564/3049 3026/564/3026
f 3021/563/3021 3043/562/3043 3045/563/3045
f 3027/558/3027 3049/559/3049 3038/558/3038
f 2931/553/2931 3045/563/3045 3048/553/3048
f 3017/566/3017 3075/568/3075 3051/566/3051
f 3013/567/3013 3075/568/3075 3014/568/3014
f 3019/562/3019 3051/566/3051 3043/562/3043
f 3010/561/3010 3035/556/3035 3012/556/3012
f 3008/560/3008 3042/561/3042 3010/561/3010
f 3012/556/3012 3037/557/3037 3013/557/3013
f 3050/565/3050 3058/573/3058 3059/565/3059
f 3002/551/3002 2996/550/2996 3006/550/3006
f 3006/550/3006 3040/560/3040 3008/560/3008
f 3037/567/3037 3054/568/3054 3075/568/3075
f 3074/565/3074 3030/573/3030 3050/565/3050
f 3075/568/3075 3069/566/3069 3051/566/3051
f 3053/568/3053 3076/574/3076 3071/566/3071
f 3077/575/3077 3067/571/3067 3076/574/3076
f 3060/564/3060 3078/576/3078 3079/577/3079
f 3078/576/3078 3080/578/3080 3079/577/3079
f 3058/573/3058 3078/576/3078 3059/565/3059
f 3078/576/3078 3066/570/3066 3081/579/3081
f 3062/550/3062 3082/580/3082 3083/581/3083
f 3082/580/3082 3084/582/3084 3083/581/3083
f 3058/552/3058 3085/553/3085 3086/583/3086
f 3085/553/3085 3066/570/3066 3086/583/3086
f 3073/558/3073 3079/584/3079 3087/585/3087
f 3079/586/3079 3088/587/3088 3087/588/3087
f 3071/566/3071 3089/589/3089 3070/562/3070
f 3089/589/3089 3067/571/3067 3090/590/3090
f 3061/567/3061 3077/575/3077 3053/568/3053
f 3091/591/3091 3092/592/3092 3077/575/3077
f 3056/551/3056 3093/593/3093 3082/580/3082
f 3082/580/3082 3065/569/3065 3094/594/3094
f 3061/557/3061 3095/595/3095 3091/591/3091
f 3095/595/3095 3096/596/3096 3091/591/3091
f 3070/562/3070 3097/597/3097 3072/563/3072
f 3089/589/3089 3098/598/3098 3097/597/3097
f 3072/563/3072 3085/553/3085 3057/553/3057
f 3085/553/3085 3098/598/3098 3099/599/3099
f 3073/555/3073 3093/593/3093 3055/554/3055
f 3093/593/3093 3088/587/3088 3065/569/3065
f 3063/560/3063 3100/600/3100 3068/572/3068
f 3101/560/3101 3102/601/3102 3100/600/3100
f 3062/550/3062 3101/560/3101 3063/560/3063
f 3083/581/3083 3103/602/3103 3101/560/3101
f 3068/561/3068 3095/595/3095 3064/556/3064
f 3095/595/3095 3102/601/3102 3104/603/3104
f 3032/558/3032 3060/559/3060 3073/558/3073
f 2996/550/2996 3034/551/3034 2997/551/2997
f 3028/552/3028 3048/553/3048 3029/553/3029
f 3031/554/3031 3038/555/3038 3032/555/3032
f 3034/551/3034 3031/554/3031 3033/554/3033
f 3035/556/3035 3047/556/3047 3036/557/3036
f 3038/558/3038 3049/559/3049 3039/559/3039
f 3040/560/3040 3046/560/3046 3041/561/3041
f 3043/562/3043 3052/562/3052 3044/563/3044
f 3040/560/3040 2996/550/2996 2998/550/2998
f 3042/561/3042 3041/561/3041 3047/556/3047
f 3045/563/3045 3044/563/3044 3029/553/3029
f 3049/564/3049 3074/565/3074 3050/565/3050
f 3051/566/3051 3069/566/3069 3052/562/3052
f 3036/567/3036 3061/567/3061 3053/568/3053
f 2997/551/2997 3033/554/3033 3055/554/3055
f 3030/552/3030 3029/553/3029 3057/553/3057
f 3039/564/3039 3050/565/3050 3059/565/3059
f 3047/556/3047 3064/556/3064 3061/557/3061
f 3044/563/3044 3072/563/3072 3057/553/3057
f 3046/560/3046 2998/550/2998 3062/550/3062
f 3041/561/3041 3068/561/3068 3064/556/3064
f 3065/569/3065 3088/587/3088 3066/570/3066
f 3088/587/3088 3080/578/3080 3066/570/3066
f 3080/578/3080 3081/579/3081 3066/570/3066
f 3066/570/3066 3099/599/3099 3067/571/3067
f 3099/599/3099 3098/598/3098 3067/571/3067
f 3098/598/3098 3090/590/3090 3067/571/3067
f 3067/571/3067 3092/592/3092 3096/596/3096
f 3096/596/3096 3104/603/3104 3067/571/3067
f 3104/603/3104 3102/601/3102 3067/571/3067
f 3102/601/3102 3103/602/3103 3084/582/3084
f 3084/582/3084 3094/594/3094 3065/569/3065
f 3102/601/3102 3084/582/3084 3067/571/3067
f 3084/582/3084 3065/569/3065 3067/571/3067
f 3041/561/3041 3046/560/3046 3063/560/3063
f 3069/566/3069 3071/566/3071 3070/562/3070
f 2998/550/2998 2997/551/2997 3056/551/3056
f 3054/568/3054 3053/568/3053 3071/566/3071
f 3052/562/3052 3070/562/3070 3072/563/3072
f 3002/551/3002 3004/554/3004 3031/554/3031
f 3027/555/3027 3038/555/3038 3031/554/3031
f 3033/554/3033 3032/555/3032 3073/555/3073
f 3025/565/3025 2932/573/2932 3028/573/3028
f 2932/552/2932 2931/553/2931 3048/553/3048
f 3025/565/3025 3074/565/3074 3049/564/3049
f 3021/563/3021 3019/562/3019 3043/562/3043
f 3027/558/3027 3026/559/3026 3049/559/3049
f 2931/553/2931 3021/563/3021 3045/563/3045
f 3017/566/3017 3014/568/3014 3075/568/3075
f 3013/567/3013 3037/567/3037 3075/568/3075
f 3019/562/3019 3017/566/3017 3051/566/3051
f 3010/561/3010 3042/561/3042 3035/556/3035
f 3008/560/3008 3040/560/3040 3042/561/3042
f 3012/556/3012 3035/556/3035 3037/557/3037
f 3050/565/3050 3030/573/3030 3058/573/3058
f 3002/551/3002 3034/551/3034 2996/550/2996
f 3006/550/3006 2996/550/2996 3040/560/3040
f 3037/567/3037 3036/567/3036 3054/568/3054
f 3074/565/3074 3028/573/3028 3030/573/3030
f 3075/568/3075 3054/568/3054 3069/566/3069
f 3053/568/3053 3077/575/3077 3076/574/3076
f 3077/575/3077 3092/592/3092 3067/571/3067
f 3060/564/3060 3059/565/3059 3078/576/3078
f 3078/576/3078 3081/579/3081 3080/578/3080
f 3058/573/3058 3086/583/3086 3078/576/3078
f 3078/576/3078 3086/583/3086 3066/570/3066
f 3062/550/3062 3056/551/3056 3082/580/3082
f 3082/580/3082 3094/594/3094 3084/582/3084
f 3058/552/3058 3057/553/3057 3085/553/3085
f 3085/553/3085 3099/599/3099 3066/570/3066
f 3073/558/3073 3060/559/3060 3079/584/3079
f 3079/586/3079 3080/578/3080 3088/587/3088
f 3071/566/3071 3076/574/3076 3089/589/3089
f 3089/589/3089 3076/574/3076 3067/571/3067
f 3061/567/3061 3091/591/3091 3077/575/3077
f 3091/591/3091 3096/596/3096 3092/592/3092
f 3056/551/3056 3055/554/3055 3093/593/3093
f 3082/580/3082 3093/593/3093 3065/569/3065
f 3061/557/3061 3064/556/3064 3095/595/3095
f 3095/595/3095 3104/603/3104 3096/596/3096
f 3070/562/3070 3089/589/3089 3097/597/3097
f 3089/589/3089 3090/590/3090 3098/598/3098
f 3072/563/3072 3097/597/3097 3085/553/3085
f 3085/553/3085 3097/597/3097 3098/598/3098
f 3073/555/3073 3087/604/3087 3093/593/3093
f 3093/593/3093 3087/604/3087 3088/587/3088
f 3063/560/3063 3101/560/3101 3100/600/3100
f 3101/560/3101 3103/602/3103 3102/601/3102
f 3062/550/3062 3083/581/3083 3101/560/3101
f 3083/581/3083 3084/582/3084 3103/602/3103
f 3068/561/3068 3100/600/3100 3095/595/3095
f 3095/595/3095 3100/600/3100 3102/601/3102
f 3032/558/3032 3039/559/3039 3060/559/3060
usemtl mat4
f 2930/605/2930 2931/553/2931 2932/552/2932
f 3002/551/3002 3003/606/3003 3004/554/3004
f 3005/607/3005 3002/551/3002 3006/550/3006
f 3007/608/3007 3006/550/3006 3008/560/3008
f 3009/609/3009 3008/560/3008 3010/561/3010
f 3011/610/3011 3010/561/3010 3012/556/3012
f 3013/557/3013 3011/610/3011 3012/556/3012
f 3014/568/3014 3015/611/3015 3013/567/3013
f 3016/612/3016 3014/568/3014 3017/566/3017
f 3018/613/3018 3017/566/3017 3019/562/3019
f 3020/614/3020 3019/562/3019 3021/563/3021
f 2931/553/2931 3020/614/3020 3021/563/3021
f 3005/607/3005 3022/615/3022 3023/615/3023
f 3024/616/3024 3025/565/3025 3026/564/3026
f 3003/606/3003 3027/555/3027 3004/554/3004
f 3134/617/3134 3275/618/3275 3276/619/3276
f 3277/620/3277 3026/559/3026 3027/558/3027
f 3278/621/3278 3279/622/3279 3275/622/3275
f 3007/608/3007 3280/607/3280 3005/607/3005
f 3281/623/3281 3282/624/3282 3283/623/3283
f 3009/609/3009 3284/608/3284 3007/608/3007
f 3285/625/3285 3286/621/3286 3278/621/3278
f 3287/626/3287 3288/627/3288 3289/627/3289
f 3276/628/3276 3290/629/3290 3291/629/3291
f 3009/609/3009 3292/610/3292 3293/609/3293
f 3011/610/3011 3294/611/3294 3292/610/3292
f 3295/630/3295 3290/631/3290 3296/630/3296
f 3297/632/3297 3283/623/3283 3298/632/3298
f 3299/633/3299 2932/573/2932 3025/565/3025
f 3300/634/3300 3294/611/3294 3015/611/3015
f 3291/629/3291 3134/635/3134 3276/628/3276
f 3289/627/3289 3301/636/3301 3302/636/3302
f 3136/637/3136 3278/621/3278 3275/622/3275
f 3285/625/3285 3122/638/3122 3303/639/3303
f 3303/639/3303 3123/640/3123 3297/632/3297
f 3123/640/3123 3281/623/3281 3297/632/3297
f 3108/641/3108 3304/624/3304 3281/623/3281
f 3124/642/3124 3305/643/3305 3304/644/3304
f 3125/645/3125 3302/646/3302 3305/647/3305
f 3111/648/3111 3289/627/3289 3302/636/3302
f 3132/649/3132 3287/626/3287 3289/627/3289
f 3287/650/3287 3114/651/3114 3306/652/3306
f 3114/651/3114 3307/653/3307 3306/654/3306
f 3128/655/3128 3295/630/3295 3307/656/3307
f 3295/630/3295 3119/657/3119 3291/631/3291
f 3278/621/3278 3107/658/3107 3285/625/3285
f 3300/659/3300 3308/612/3308 3309/659/3309
f 3276/619/3276 3279/618/3279 3310/619/3310
f 3018/613/3018 3308/660/3308 3016/660/3016
f 3307/656/3307 3296/630/3296 3311/656/3311
f 3303/639/3303 3298/632/3298 3312/639/3312
f 3020/614/3020 3313/613/3313 3018/613/3018
f 3305/647/3305 3301/646/3301 3314/647/3314
f 3020/614/3020 3315/661/3315 3316/614/3316
f 3317/661/3317 3318/605/3318 3315/661/3315
f 3306/654/3306 3311/653/3311 3319/654/3319
f 3303/639/3303 3320/625/3320 3285/625/3285
f 3024/616/3024 3321/633/3321 3299/633/3299
f 2930/662/2930 3321/633/3321 3318/662/3318
f 3305/643/3305 3282/644/3282 3304/644/3304
f 3003/606/3003 3322/663/3322 3277/663/3277
f 3003/606/3003 3022/664/3022 3323/606/3323
f 3277/620/3277 3324/665/3324 3024/665/3024
f 3306/652/3306 3325/650/3325 3287/650/3287
f 3326/666/3326 3318/662/3318 3321/633/3321
f 3327/667/3327 3022/664/3022 3328/668/3328
f 3329/669/3329 3315/661/3315 3330/670/3330
f 3331/671/3331 3316/614/3316 3329/672/3329
f 3332/673/3332 3313/613/3313 3331/674/3331
f 3332/673/3332 3309/659/3309 3308/612/3308
f 3333/675/3333 3309/634/3309 3334/676/3334
f 3335/677/3335 3294/611/3294 3333/675/3333
f 3336/678/3336 3292/610/3292 3335/679/3335
f 3337/680/3337 3293/609/3293 3336/681/3336
f 3337/682/3337 3280/607/3280 3284/608/3284
f 3328/683/3328 3280/607/3280 3338/684/3338
f 3330/685/3330 3318/605/3318 3339/686/3339
f 3340/687/3340 3324/665/3324 3322/620/3322
f 3341/688/3341 3321/633/3321 3324/616/3324
f 3330/685/3330 3342/686/3342 3343/685/3343
f 3301/646/3301 3344/647/3344 3314/647/3314
f 3334/689/3334 3345/673/3345 3346/689/3346
f 3311/653/3311 3347/654/3347 3319/654/3319
f 3320/625/3320 3348/639/3348 3349/625/3349
f 3337/680/3337 3350/681/3350 3351/680/3351
f 3282/644/3282 3344/643/3344 3352/644/3352
f 3341/688/3341 3353/666/3353 3326/666/3326
f 3332/673/3332 3354/674/3354 3345/673/3345
f 3319/652/3319 3355/650/3355 3325/650/3325
f 3336/678/3336 3356/679/3356 3350/678/3350
f 3286/621/3286 3357/622/3357 3279/622/3279
f 3326/666/3326 3342/686/3342 3339/686/3339
f 3282/624/3282 3358/623/3358 3283/623/3283
f 3340/690/3340 3359/691/3359 3360/690/3360
f 3286/621/3286 3349/625/3349 3361/621/3361
f 3340/690/3340 3323/606/3323 3327/691/3327
f 3362/619/3362 3363/692/3363 3360/687/3360
f 3362/628/3362 3359/691/3359 3364/629/3364
f 3361/621/3361 3363/688/3363 3357/622/3357
f 3348/639/3348 3342/686/3342 3349/625/3349
f 3348/639/3348 3365/669/3365 3343/670/3343
f 3366/632/3366 3354/671/3354 3365/672/3365
f 3352/624/3352 3354/674/3354 3358/623/3358
f 3344/643/3344 3345/673/3345 3352/644/3352
f 3344/647/3344 3367/675/3367 3346/676/3346
f 3368/636/3368 3356/677/3356 3367/675/3367
f 3355/626/3355 3356/679/3356 3369/627/3369
f 3355/650/3355 3351/680/3351 3350/681/3350
f 3370/653/3370 3351/682/3351 3347/654/3347
f 3370/656/3370 3371/683/3371 3372/684/3372
f 3364/631/3364 3371/668/3371 3373/630/3373
f 3349/625/3349 3353/666/3353 3361/621/3361
f 3338/693/3338 3351/682/3351 3372/693/3372
f 3298/632/3298 3348/639/3348 3312/639/3312
f 3296/630/3296 3370/656/3370 3311/656/3311
f 3310/619/3310 3357/618/3357 3362/619/3362
f 3334/676/3334 3367/675/3367 3333/675/3333
f 3288/627/3288 3368/636/3368 3301/636/3301
f 3329/669/3329 3343/670/3343 3365/669/3365
f 3328/683/3328 3372/684/3372 3371/683/3371
f 3340/687/3340 3363/692/3363 3341/692/3341
f 3283/623/3283 3366/632/3366 3298/632/3298
f 3290/631/3290 3373/630/3373 3296/630/3296
f 3335/677/3335 3367/675/3367 3356/677/3356
f 3328/668/3328 3359/667/3359 3327/667/3327
f 3310/628/3310 3364/629/3364 3290/629/3290
f 3325/626/3325 3369/627/3369 3288/627/3288
f 3331/671/3331 3365/672/3365 3354/671/3354
f 2930/605/2930 3317/661/3317 2931/553/2931
f 3002/551/3002 3023/664/3023 3003/606/3003
f 3005/607/3005 3023/615/3023 3002/551/3002
f 3007/608/3007 3005/607/3005 3006/550/3006
f 3009/609/3009 3007/608/3007 3008/560/3008
f 3011/610/3011 3009/609/3009 3010/561/3010
f 3013/557/3013 3015/611/3015 3011/610/3011
f 3014/568/3014 3300/634/3300 3015/611/3015
f 3016/612/3016 3300/659/3300 3014/568/3014
f 3018/613/3018 3016/660/3016 3017/566/3017
f 3020/614/3020 3018/613/3018 3019/562/3019
f 2931/553/2931 3317/661/3317 3020/614/3020
f 3005/607/3005 3280/607/3280 3022/615/3022
f 3024/616/3024 3299/633/3299 3025/565/3025
f 3003/606/3003 3277/663/3277 3027/555/3027
f 3134/617/3134 3136/637/3136 3275/618/3275
f 3277/620/3277 3024/665/3024 3026/559/3026
f 3278/621/3278 3286/621/3286 3279/622/3279
f 3007/608/3007 3284/608/3284 3280/607/3280
f 3281/623/3281 3304/624/3304 3282/624/3282
f 3009/609/3009 3293/609/3293 3284/608/3284
f 3285/625/3285 3320/625/3320 3286/621/3286
f 3287/626/3287 3325/626/3325 3288/627/3288
f 3276/628/3276 3310/628/3310 3290/629/3290
f 3009/609/3009 3011/610/3011 3292/610/3292
f 3011/610/3011 3015/611/3015 3294/611/3294
f 3295/630/3295 3291/631/3291 3290/631/3290
f 3297/632/3297 3281/623/3281 3283/623/3283
f 3299/633/3299 2930/662/2930 2932/573/2932
f 3300/634/3300 3309/634/3309 3294/611/3294
f 3291/629/3291 3119/694/3119 3134/635/3134
f 3289/627/3289 3288/627/3288 3301/636/3301
f 3136/637/3136 3105/695/3105 3278/621/3278
f 3285/625/3285 3107/658/3107 3122/638/3122
f 3303/639/3303 3122/638/3122 3123/640/3123
f 3123/640/3123 3108/641/3108 3281/623/3281
f 3108/641/3108 3124/642/3124 3304/624/3304
f 3124/642/3124 3125/645/3125 3305/643/3305
f 3125/645/3125 3111/648/3111 3302/646/3302
f 3111/648/3111 3132/649/3132 3289/627/3289
f 3132/649/3132 3126/696/3126 3287/626/3287
f 3287/650/3287 3126/696/3126 3114/651/3114
f 3114/651/3114 3128/655/3128 3307/653/3307
f 3128/655/3128 3117/697/3117 3295/630/3295
f 3295/630/3295 3117/697/3117 3119/657/3119
f 3278/621/3278 3105/695/3105 3107/658/3107
f 3300/659/3300 3016/612/3016 3308/612/3308
f 3276/619/3276 3275/618/3275 3279/618/3279
f 3018/613/3018 3313/613/3313 3308/660/3308
f 3307/656/3307 3295/630/3295 3296/630/3296
f 3303/639/3303 3297/632/3297 3298/632/3298
f 3020/614/3020 3316/614/3316 3313/613/3313
f 3305/647/3305 3302/646/3302 3301/646/3301
f 3020/614/3020 3317/661/3317 3315/661/3315
f 3317/661/3317 2930/605/2930 3318/605/3318
f 3306/654/3306 3307/653/3307 3311/653/3311
f 3303/639/3303 3312/639/3312 3320/625/3320
f 3024/616/3024 3324/616/3324 3321/633/3321
f 2930/662/2930 3299/633/3299 3321/633/3321
f 3305/643/3305 3314/643/3314 3282/644/3282
f 3003/606/3003 3323/606/3323 3322/663/3322
f 3003/606/3003 3023/664/3023 3022/664/3022
f 3277/620/3277 3322/620/3322 3324/665/3324
f 3306/652/3306 3319/652/3319 3325/650/3325
f 3326/666/3326 3339/686/3339 3318/662/3318
f 3327/667/3327 3323/606/3323 3022/664/3022
f 3329/669/3329 3316/614/3316 3315/661/3315
f 3331/671/3331 3313/613/3313 3316/614/3316
f 3332/673/3332 3308/660/3308 3313/613/3313
f 3332/673/3332 3334/689/3334 3309/659/3309
f 3333/675/3333 3294/611/3294 3309/634/3309
f 3335/677/3335 3292/610/3292 3294/611/3294
f 3336/678/3336 3293/609/3293 3292/610/3292
f 3337/680/3337 3284/608/3284 3293/609/3293
f 3337/682/3337 3338/693/3338 3280/607/3280
f 3328/683/3328 3022/615/3022 3280/607/3280
f 3330/685/3330 3315/661/3315 3318/605/3318
f 3340/687/3340 3341/692/3341 3324/665/3324
f 3341/688/3341 3326/666/3326 3321/633/3321
f 3330/685/3330 3339/686/3339 3342/686/3342
f 3301/646/3301 3368/646/3368 3344/647/3344
f 3334/689/3334 3332/673/3332 3345/673/3345
f 3311/653/3311 3370/653/3370 3347/654/3347
f 3320/625/3320 3312/639/3312 3348/639/3348
f 3337/680/3337 3336/681/3336 3350/681/3350
f 3282/644/3282 3314/643/3314 3344/643/3344
f 3341/688/3341 3363/688/3363 3353/666/3353
f 3332/673/3332 3331/674/3331 3354/674/3354
f 3319/652/3319 3347/652/3347 3355/650/3355
f 3336/678/3336 3335/679/3335 3356/679/3356
f 3286/621/3286 3361/621/3361 3357/622/3357
f 3326/666/3326 3353/666/3353 3342/686/3342
f 3282/624/3282 3352/624/3352 3358/623/3358
f 3340/690/3340 3327/691/3327 3359/691/3359
f 3286/621/3286 3320/625/3320 3349/625/3349
f 3340/690/3340 3322/663/3322 3323/606/3323
f 3362/619/3362 3357/618/3357 3363/692/3363
f 3362/628/3362 3360/690/3360 3359/691/3359
f 3361/621/3361 3353/666/3353 3363/688/3363
f 3348/639/3348 3343/685/3343 3342/686/3342
f 3348/639/3348 3366/632/3366 3365/669/3365
f 3366/632/3366 3358/623/3358 3354/671/3354
f 3352/624/3352 3345/673/3345 3354/674/3354
f 3344/643/3344 3346/689/3346 3345/673/3345
f 3344/647/3344 3368/646/3368 3367/675/3367
f 3368/636/3368 3369/627/3369 3356/677/3356
f 3355/626/3355 3350/678/3350 3356/679/3356
f 3355/650/3355 3347/652/3347 3351/680/3351
f 3370/653/3370 3372/693/3372 3351/682/3351
f 3370/656/3370 3373/630/3373 3371/683/3371
f 3364/631/3364 3359/667/3359 3371/668/3371
f 3349/625/3349 3342/686/3342 3353/666/3353
f 3338/693/3338 3337/682/3337 3351/682/3351
f 3298/632/3298 3366/632/3366 3348/639/3348
f 3296/630/3296 3373/630/3373 3370/656/3370
f 3310/619/3310 3279/618/3279 3357/618/3357
f 3334/676/3334 3346/676/3346 3367/675/3367
f 3288/627/3288 3369/627/3369 3368/636/3368
f 3329/669/3329 3330/670/3330 3343/670/3343
f 3328/683/3328 3338/684/3338 3372/684/3372
f 3340/687/3340 3360/687/3360 3363/692/3363
f 3283/623/3283 3358/623/3358 3366/632/3366
f 3290/631/3290 3364/631/3364 3373/630/3373
f 3335/677/3335 3333/675/3333 3367/675/3367
f 3328/668/3328 3371/668/3371 3359/667/3359
f 3310/628/3310 3362/628/3362 3364/629/3364
f 3325/626/3325 3355/626/3355 3369/627/3369
f 3331/671/3331 3329/672/3329 3365/672/3365
usemtl mat6
f 2933/698/2933 2934/699/2934 2935/700/2935
f 2936/701/2936 2937/698/2937 2938/700/2938
f 2939/702/2939 2936/701/2936 2934/699/2934
f 2940/703/2940 2936/704/2936 2941/703/2941
f 2942/705/2942 2943/706/2943 2944/707/2944
f 2945/705/2945 2946/708/2946 2947/709/2947
f 2938/700/2938 2948/710/2948 2949/711/2949
f 2943/707/2943 2950/712/2950 2951/713/2951
f 2944/714/2944 2952/712/2952 2953/709/2953
f 2954/715/2954 2935/700/2935 2955/716/2955
f 2953/709/2953 2954/715/2954 2955/716/2955
f 2940/703/2940 2956/717/2956 2957/718/2957
f 2942/705/2942 2955/716/2955 2957/718/2957
f 2955/716/2955 2940/703/2940 2957/718/2957
f 2944/714/2944 2953/709/2953 2942/705/2942
f 2942/705/2942 2958/719/2958 2945/705/2945
f 2943/706/2943 2945/705/2945 2947/709/2947
f 2959/713/2959 2943/707/2943 2951/713/2951
f 2941/703/2941 2936/701/2936 2938/700/2938
f 2940/703/2940 2935/700/2935 2934/701/2934
f 2947/709/2947 2960/720/2960 2950/712/2950
f 2956/721/2956 2958/722/2958 2957/718/2957
f 2961/723/2961 2962/720/2962 2963/723/2963
f 2964/713/2964 2965/712/2965 2966/712/2966
f 2941/703/2941 2949/724/2949 2956/721/2956
f 2964/713/2964 2967/712/2967 2968/713/2968
f 2969/720/2969 2970/720/2970 2971/720/2971
f 2946/708/2946 2958/725/2958 2972/708/2972
f 2952/712/2952 2968/713/2968 2967/712/2967
f 2973/698/2973 2974/726/2974 2975/726/2975
f 2975/726/2975 2965/698/2965 2973/698/2973
f 2954/715/2954 2976/698/2976 2933/698/2933
f 2966/712/2966 2974/726/2974 2967/712/2967
f 2966/712/2966 2965/715/2965 2975/726/2975
f 2954/715/2954 2967/712/2967 2974/726/2974
f 2977/702/2977 2978/702/2978 2979/702/2979
f 2977/702/2977 2965/702/2965 2980/702/2980
f 2981/702/2981 2979/702/2979 2978/702/2978
f 2980/702/2980 2982/698/2982 2978/702/2978
f 2980/702/2980 2983/727/2983 2984/698/2984
f 2937/698/2937 2978/702/2978 2982/698/2982
f 2985/712/2985 2969/720/2969 2986/720/2986
f 2961/723/2961 2985/712/2985 2986/720/2986
f 2960/720/2960 2987/712/2987 2950/712/2950
f 2987/712/2987 2988/713/2988 2989/713/2989
f 2983/728/2983 2988/713/2988 2985/712/2985
f 2950/712/2950 2989/713/2989 2951/713/2951
f 2984/698/2984 2990/710/2990 2982/698/2982
f 2984/698/2984 2961/729/2961 2991/710/2991
f 2948/710/2948 2982/698/2982 2990/710/2990
f 2976/698/2976 2977/702/2977 2979/702/2979
f 2973/698/2973 2965/702/2965 2977/702/2977
f 2933/698/2933 2979/702/2979 2939/702/2939
f 2964/713/2964 2989/713/2989 2988/713/2988
f 2988/713/2988 2965/713/2965 2964/713/2964
f 2951/713/2951 2968/713/2968 2959/713/2959
f 2971/720/2971 2992/710/2992 2962/720/2962
f 2992/710/2992 2963/720/2963 2962/720/2962
f 2990/710/2990 2993/710/2993 2948/710/2948
f 2970/720/2970 2994/710/2994 2971/720/2971
f 2995/724/2995 2958/725/2958 2956/721/2956
f 2993/710/2993 2972/730/2972 2995/711/2995
f 2961/729/2961 2992/710/2992 2991/710/2991
f 2986/720/2986 2971/720/2971 2962/720/2962
f 2948/710/2948 2995/711/2995 2949/711/2949
f 2991/710/2991 2994/710/2994 2990/710/2990
f 2960/720/2960 2972/730/2972 2970/720/2970
f 2956/721/2956 2949/724/2949 2995/724/2995
f 2933/698/2933 2939/702/2939 2934/699/2934
f 2936/701/2936 2981/702/2981 2937/698/2937
f 2939/702/2939 2981/702/2981 2936/701/2936
f 2940/703/2940 2934/701/2934 2936/704/2936
f 2942/705/2942 2945/705/2945 2943/706/2943
f 2945/705/2945 2958/725/2958 2946/708/2946
f 2938/700/2938 2937/698/2937 2948/710/2948
f 2943/707/2943 2947/709/2947 2950/712/2950
f 2944/714/2944 2959/713/2959 2952/712/2952
f 2954/715/2954 2933/698/2933 2935/700/2935
f 2953/709/2953 2952/712/2952 2954/715/2954
f 2940/703/2940 2941/703/2941 2956/717/2956
f 2942/705/2942 2953/709/2953 2955/716/2955
f 2955/716/2955 2935/700/2935 2940/703/2940
f 2942/705/2942 2957/718/2957 2958/719/2958
f 2959/713/2959 2944/714/2944 2943/707/2943
f 2947/709/2947 2946/730/2946 2960/720/2960
f 2961/723/2961 2986/720/2986 2962/720/2962
f 2941/703/2941 2938/700/2938 2949/724/2949
f 2964/713/2964 2966/712/2966 2967/712/2967
f 2969/720/2969 2960/720/2960 2970/720/2970
f 2952/712/2952 2959/713/2959 2968/713/2968
f 2973/698/2973 2976/698/2976 2974/726/2974
f 2954/715/2954 2974/726/2974 2976/698/2976
f 2966/712/2966 2975/726/2975 2974/726/2974
f 2954/715/2954 2952/712/2952 2967/712/2967
f 2977/702/2977 2980/702/2980 2978/702/2978
f 2981/702/2981 2939/702/2939 2979/702/2979
f 2980/702/2980 2984/698/2984 2982/698/2982
f 2980/702/2980 2965/698/2965 2983/727/2983
f 2937/698/2937 2981/702/2981 2978/702/2978
f 2985/712/2985 2987/712/2987 2969/720/2969
f 2961/723/2961 2983/731/2983 2985/712/2985
f 2960/720/2960 2969/720/2969 2987/712/2987
f 2987/712/2987 2985/712/2985 2988/713/2988
f 2983/728/2983 2965/713/2965 2988/713/2988
f 2950/712/2950 2987/712/2987 2989/713/2989
f 2984/698/2984 2991/710/2991 2990/710/2990
f 2984/698/2984 2983/732/2983 2961/729/2961
f 2948/710/2948 2937/698/2937 2982/698/2982
f 2976/698/2976 2973/698/2973 2977/702/2977
f 2933/698/2933 2976/698/2976 2979/702/2979
f 2964/713/2964 2968/713/2968 2989/713/2989
f 2951/713/2951 2989/713/2989 2968/713/2968
f 2971/720/2971 2994/710/2994 2992/710/2992
f 2990/710/2990 2994/710/2994 2993/710/2993
f 2970/720/2970 2993/710/2993 2994/710/2994
f 2995/724/2995 2972/708/2972 2958/725/2958
f 2993/710/2993 2970/720/2970 2972/730/2972
f 2961/729/2961 2963/729/2963 2992/710/2992
f 2986/720/2986 2969/720/2969 2971/720/2971
f 2948/710/2948 2993/710/2993 2995/711/2995
f 2991/710/2991 2992/710/2992 2994/710/2994
f 2960/720/2960 2946/730/2946 2972/730/2972
usemtl mat8
f 2999/733/2999 3000/734/3000 3001/735/3001
f 3105/695/3105 3106/658/3106 3107/658/3107
f 3108/641/3108 3109/640/3109 3110/641/3110
f 3111/648/3111 3112/645/3112 3113/648/3113
f 3114/651/3114 3115/696/3115 3116/651/3116
f 3117/697/3117 3118/657/3118 3119/657/3119
f 3105/695/3105 3120/637/3120 3121/695/3121
f 3122/638/3122 3109/640/3109 3123/640/3123
f 3124/642/3124 3112/645/3112 3125/645/3125
f 3126/696/3126 3127/649/3127 3115/696/3115
f 3128/655/3128 3129/697/3129 3117/697/3117
f 3122/638/3122 3106/658/3106 3130/638/3130
f 3108/641/3108 3131/642/3131 3124/642/3124
f 3132/649/3132 3113/648/3113 3127/649/3127
f 3128/655/3128 3116/651/3116 3133/655/3133
f 3134/635/3134 3118/694/3118 3135/635/3135
f 3134/617/3134 3120/637/3120 3136/637/3136
f 3137/736/3137 3138/737/3138 3139/738/3139
f 3140/739/3140 3141/713/3141 3142/740/3142
f 3143/741/3143 3144/742/3144 3145/743/3145
f 3146/744/3146 3116/651/3116 3115/696/3115
f 3146/745/3146 3127/649/3127 3147/746/3147
f 3148/747/3148 3149/748/3149 3150/749/3150
f 3151/750/3151 3149/748/3149 3152/751/3152
f 3153/752/3153 3152/751/3152 3154/753/3154
f 3155/754/3155 3154/753/3154 3156/755/3156
f 3157/756/3157 3156/755/3156 3158/757/3158
f 3159/758/3159 3158/759/3158 3160/760/3160
f 3161/761/3161 3160/760/3160 3162/762/3162
f 3163/763/3163 3162/764/3162 3164/765/3164
f 3163/763/3163 3165/766/3165 3166/767/3166
f 3167/768/3167 3135/617/3135 3168/769/3168
f 3169/770/3169 3135/635/3135 3118/694/3118
f 3170/771/3170 3171/772/3171 3140/773/3140
f 3172/774/3172 3118/657/3118 3129/697/3129
f 3173/775/3173 3174/776/3174 3175/777/3175
f 3176/778/3176 3170/779/3170 3177/780/3177
f 3143/741/3143 3178/781/3178 3179/782/3179
f 3180/783/3180 3133/655/3133 3116/651/3116
f 3181/784/3181 3176/778/3176 3177/785/3177
f 3182/786/3182 3181/784/3181 3183/787/3183
f 3184/788/3184 3144/789/3144 3185/790/3185
f 3186/791/3186 3182/786/3182 3183/787/3183
f 3184/792/3184 3187/793/3187 3148/794/3148
f 3147/746/3147 3113/648/3113 3188/795/3188
f 3189/796/3189 3186/791/3186 3190/797/3190
f 3188/795/3188 3112/645/3112 3191/798/3191
f 3192/799/3192 3190/797/3190 3193/800/3193
f 3194/801/3194 3112/645/3112 3131/642/3131
f 3195/802/3195 3192/799/3192 3193/800/3193
f 3196/803/3196 3131/642/3131 3110/641/3110
f 3197/804/3197 3198/805/3198 3195/802/3195
f 3199/806/3199 3110/641/3110 3109/640/3109
f 3200/807/3200 3197/804/3197 3201/808/3201
f 3202/809/3202 3109/640/3109 3130/638/3130
f 3000/810/3000 3201/808/3201 3203/811/3203
f 3204/812/3204 3130/638/3130 3106/658/3106
f 3205/813/3205 3203/814/3203 3206/815/3206
f 3204/812/3204 3121/695/3121 3207/816/3207
f 3208/817/3208 3205/813/3205 3206/818/3206
f 3207/816/3207 3120/637/3120 3167/819/3167
f 3209/820/3209 3001/821/3001 3208/817/3208
f 3142/822/3142 3210/823/3210 3209/824/3209
f 3211/825/3211 3129/697/3129 3133/655/3133
f 3166/826/3166 3174/827/3174 3212/828/3212
f 3170/771/3170 3213/773/3213 3214/771/3214
f 3195/802/3195 3215/800/3215 3216/802/3216
f 3204/812/3204 3217/809/3217 3202/809/3202
f 3159/758/3159 3218/761/3218 3219/758/3219
f 3179/782/3179 3220/781/3220 3221/782/3221
f 3152/751/3152 3222/748/3222 3223/751/3223
f 3206/815/3206 3224/814/3224 3225/815/3225
f 3172/774/3172 3226/825/3226 3227/774/3227
f 3188/795/3188 3228/798/3228 3229/795/3229
f 3160/760/3160 3230/759/3230 3231/760/3231
f 3184/788/3184 3232/829/3232 3145/829/3145
f 3150/749/3150 3233/750/3233 3234/749/3234
f 3183/787/3183 3235/784/3235 3236/787/3236
f 3190/797/3190 3215/800/3215 3193/800/3193
f 3199/806/3199 3217/809/3217 3237/806/3237
f 3157/830/3157 3219/758/3219 3238/830/3238
f 3187/793/3187 3239/831/3239 3240/793/3240
f 3187/793/3187 3222/748/3222 3149/748/3149
f 3201/808/3201 3224/811/3224 3203/811/3203
f 3174/827/3174 3241/832/3241 3139/827/3139
f 3167/768/3167 3137/769/3137 3242/768/3242
f 3147/746/3147 3243/745/3243 3146/745/3146
f 3147/746/3147 3229/795/3229 3244/746/3244
f 3156/755/3156 3230/757/3230 3158/757/3158
f 3212/828/3212 3245/826/3245 3166/826/3166
f 3185/790/3185 3246/789/3246 3239/790/3239
f 3148/747/3148 3234/749/3234 3247/747/3247
f 3142/822/3142 3248/824/3248 3249/822/3249
f 3186/791/3186 3250/797/3250 3190/797/3190
f 3196/803/3196 3237/806/3237 3251/803/3251
f 3164/833/3164 3241/766/3241 3165/766/3165
f 3180/834/3180 3243/744/3243 3252/834/3252
f 3253/835/3253 3175/777/3175 3178/836/3178
f 3227/774/3227 3138/837/3138 3254/838/3254
f 3235/784/3235 3255/741/3255 3232/743/3232
f 3252/834/3252 3239/839/3239 3246/840/3246
f 3243/745/3243 3240/841/3240 3239/842/3239
f 3235/784/3235 3256/788/3256 3236/787/3236
f 3226/825/3226 3220/843/3220 3227/774/3227
f 3214/771/3214 3257/844/3257 3258/835/3258
f 3213/739/3213 3259/845/3259 3257/775/3257
f 3214/779/3214 3255/741/3255 3260/780/3260
f 3252/783/3252 3221/846/3221 3226/825/3226
f 3261/791/3261 3256/792/3256 3247/794/3247
f 3250/797/3250 3247/747/3247 3234/749/3234
f 3244/746/3244 3222/847/3222 3240/848/3240
f 3215/800/3215 3234/749/3234 3233/750/3233
f 3228/798/3228 3222/849/3222 3229/795/3229
f 3216/802/3216 3233/850/3233 3262/752/3262
f 3263/801/3263 3223/851/3223 3228/798/3228
f 3216/802/3216 3264/754/3264 3265/804/3265
f 3251/803/3251 3266/852/3266 3263/801/3263
f 3265/804/3265 3238/756/3238 3267/808/3267
f 3251/803/3251 3230/853/3230 3268/854/3268
f 3224/811/3224 3238/830/3238 3219/758/3219
f 3237/806/3237 3231/855/3231 3230/856/3230
f 3224/814/3224 3218/761/3218 3225/815/3225
f 3217/809/3217 3269/857/3269 3231/858/3231
f 3225/818/3225 3270/763/3270 3271/817/3271
f 3272/816/3272 3269/859/3269 3273/812/3273
f 3271/817/3271 3245/767/3245 3248/820/3248
f 3242/819/3242 3274/860/3274 3272/816/3272
f 3249/822/3249 3245/826/3245 3259/828/3259
f 3137/769/3137 3241/861/3241 3242/768/3242
f 3153/752/3153 3233/850/3233 3151/850/3151
f 3160/760/3160 3269/762/3269 3162/762/3162
f 3194/801/3194 3228/798/3228 3191/798/3191
f 3253/835/3253 3257/844/3257 3173/844/3173
f 3169/770/3169 3137/736/3137 3168/736/3168
f 3140/739/3140 3249/740/3249 3213/739/3213
f 3208/817/3208 3225/818/3225 3271/817/3271
f 3154/753/3154 3223/751/3223 3266/753/3266
f 3175/777/3175 3139/776/3139 3138/777/3138
f 3163/763/3163 3218/862/3218 3161/862/3161
f 3212/845/3212 3257/775/3257 3259/845/3259
f 3172/774/3172 3254/838/3254 3169/838/3169
f 3204/812/3204 3272/816/3272 3273/812/3273
f 3195/802/3195 3265/804/3265 3197/804/3197
f 3170/779/3170 3260/780/3260 3177/780/3177
f 3153/752/3153 3264/754/3264 3262/752/3262
f 3143/741/3143 3258/863/3258 3253/863/3253
f 3178/836/3178 3138/777/3138 3220/836/3220
f 3164/765/3164 3269/764/3269 3274/765/3274
f 3196/803/3196 3263/801/3263 3194/801/3194
f 3211/825/3211 3252/783/3252 3226/825/3226
f 3179/864/3179 3246/742/3246 3144/742/3144
f 3177/785/3177 3235/784/3235 3181/784/3181
f 3209/820/3209 3271/817/3271 3248/820/3248
f 3156/755/3156 3266/753/3266 3268/755/3268
f 3166/767/3166 3270/763/3270 3163/763/3163
f 3183/787/3183 3261/791/3261 3186/791/3186
f 3145/743/3145 3255/741/3255 3143/741/3143
f 3207/816/3207 3242/819/3242 3272/816/3272
f 3197/804/3197 3267/808/3267 3201/808/3201
f 3184/792/3184 3247/794/3247 3256/792/3256
f 3155/865/3155 3238/756/3238 3264/865/3264
f 3001/735/3001 3210/866/3210 3374/867/3374
f 3210/866/3210 3141/868/3141 3374/867/3374
f 3141/868/3141 3171/869/3171 3374/867/3374
f 3374/867/3374 3176/870/3176 3375/871/3375
f 3375/871/3375 3182/872/3182 3376/873/3376
f 3376/873/3376 3189/874/3189 3192/875/3192
f 3192/875/3192 3198/876/3198 2999/733/2999
f 2999/733/2999 3200/877/3200 3000/734/3000
f 3000/734/3000 3205/878/3205 3001/735/3001
f 3374/867/3374 3375/871/3375 3001/735/3001
f 3375/871/3375 3376/873/3376 3001/735/3001
f 3376/873/3376 3192/875/3192 3001/735/3001
f 3192/875/3192 2999/733/2999 3001/735/3001
f 3105/695/3105 3121/695/3121 3106/658/3106
f 3108/641/3108 3123/640/3123 3109/640/3109
f 3111/648/3111 3125/645/3125 3112/645/3112
f 3114/651/3114 3126/696/3126 3115/696/3115
f 3117/697/3117 3129/697/3129 3118/657/3118
f 3105/695/3105 3136/637/3136 3120/637/3120
f 3122/638/3122 3130/638/3130 3109/640/3109
f 3124/642/3124 3131/642/3131 3112/645/3112
f 3126/696/3126 3132/649/3132 3127/649/3127
f 3128/655/3128 3133/655/3133 3129/697/3129
f 3122/638/3122 3107/658/3107 3106/658/3106
f 3108/641/3108 3110/641/3110 3131/642/3131
f 3132/649/3132 3111/648/3111 3113/648/3113
f 3128/655/3128 3114/651/3114 3116/651/3116
f 3134/635/3134 3119/694/3119 3118/694/3118
f 3134/617/3134 3135/617/3135 3120/637/3120
f 3137/736/3137 3254/770/3254 3138/737/3138
f 3140/739/3140 3171/772/3171 3141/713/3141
f 3143/741/3143 3179/864/3179 3144/742/3144
f 3146/744/3146 3180/834/3180 3116/651/3116
f 3146/745/3146 3115/696/3115 3127/649/3127
f 3148/747/3148 3187/793/3187 3149/748/3149
f 3151/750/3151 3150/749/3150 3149/748/3149
f 3153/752/3153 3151/850/3151 3152/751/3152
f 3155/754/3155 3153/752/3153 3154/753/3154
f 3157/756/3157 3155/865/3155 3156/755/3156
f 3159/758/3159 3157/830/3157 3158/759/3158
f 3161/761/3161 3159/758/3159 3160/760/3160
f 3163/763/3163 3161/862/3161 3162/764/3162
f 3163/763/3163 3164/833/3164 3165/766/3165
f 3167/768/3167 3120/637/3120 3135/617/3135
f 3169/770/3169 3168/736/3168 3135/635/3135
f 3170/771/3170 3374/879/3374 3171/772/3171
f 3172/774/3172 3169/838/3169 3118/657/3118
f 3173/775/3173 3212/845/3212 3174/776/3174
f 3176/778/3176 3374/879/3374 3170/779/3170
f 3143/741/3143 3253/863/3253 3178/781/3178
f 3180/783/3180 3211/825/3211 3133/655/3133
f 3181/784/3181 3375/880/3375 3176/778/3176
f 3182/786/3182 3375/880/3375 3181/784/3181
f 3184/788/3184 3145/829/3145 3144/789/3144
f 3186/791/3186 3376/881/3376 3182/786/3182
f 3184/792/3184 3185/831/3185 3187/793/3187
f 3147/746/3147 3127/649/3127 3113/648/3113
f 3189/796/3189 3376/881/3376 3186/791/3186
f 3188/795/3188 3113/648/3113 3112/645/3112
f 3192/799/3192 3189/796/3189 3190/797/3190
f 3194/801/3194 3191/798/3191 3112/645/3112
f 3195/802/3195 3198/805/3198 3192/799/3192
f 3196/803/3196 3194/801/3194 3131/642/3131
f 3197/804/3197 2999/882/2999 3198/805/3198
f 3199/806/3199 3196/803/3196 3110/641/3110
f 3200/807/3200 2999/882/2999 3197/804/3197
f 3202/809/3202 3199/806/3199 3109/640/3109
f 3000/810/3000 3200/807/3200 3201/808/3201
f 3204/812/3204 3202/809/3202 3130/638/3130
f 3205/813/3205 3000/810/3000 3203/814/3203
f 3204/812/3204 3106/658/3106 3121/695/3121
f 3208/817/3208 3001/821/3001 3205/813/3205
f 3207/816/3207 3121/695/3121 3120/637/3120
f 3209/820/3209 3210/823/3210 3001/821/3001
f 3142/822/3142 3141/702/3141 3210/823/3210
f 3211/825/3211 3172/774/3172 3129/697/3129
f 3166/826/3166 3165/832/3165 3174/827/3174
f 3170/771/3170 3140/773/3140 3213/773/3213
f 3195/802/3195 3193/800/3193 3215/800/3215
f 3204/812/3204 3273/812/3273 3217/809/3217
f 3159/758/3159 3161/761/3161 3218/761/3218
f 3179/782/3179 3178/781/3178 3220/781/3220
f 3152/751/3152 3149/748/3149 3222/748/3222
f 3206/815/3206 3203/814/3203 3224/814/3224
f 3172/774/3172 3211/825/3211 3226/825/3226
f 3188/795/3188 3191/798/3191 3228/798/3228
f 3160/760/3160 3158/759/3158 3230/759/3230
f 3184/788/3184 3256/788/3256 3232/829/3232
f 3150/749/3150 3151/750/3151 3233/750/3233
f 3183/787/3183 3181/784/3181 3235/784/3235
f 3190/797/3190 3250/797/3250 3215/800/3215
f 3199/806/3199 3202/809/3202 3217/809/3217
f 3157/830/3157 3159/758/3159 3219/758/3219
f 3187/793/3187 3185/831/3185 3239/831/3239
f 3187/793/3187 3240/793/3240 3222/748/3222
f 3201/808/3201 3267/808/3267 3224/811/3224
f 3174/827/3174 3165/832/3165 3241/832/3241
f 3167/768/3167 3168/769/3168 3137/769/3137
f 3147/746/3147 3244/746/3244 3243/745/3243
f 3147/746/3147 3188/795/3188 3229/795/3229
f 3156/755/3156 3268/755/3268 3230/757/3230
f 3212/828/3212 3259/828/3259 3245/826/3245
f 3185/790/3185 3144/789/3144 3246/789/3246
f 3148/747/3148 3150/749/3150 3234/749/3234
f 3142/822/3142 3209/824/3209 3248/824/3248
f 3186/791/3186 3261/791/3261 3250/797/3250
f 3196/803/3196 3199/806/3199 3237/806/3237
f 3164/833/3164 3274/833/3274 3241/766/3241
f 3180/834/3180 3146/744/3146 3243/744/3243
f 3253/835/3253 3173/844/3173 3175/777/3175
f 3227/774/3227 3220/883/3220 3138/837/3138
f 3235/784/3235 3260/785/3260 3255/741/3255
f 3252/834/3252 3243/744/3243 3239/839/3239
f 3243/745/3243 3244/746/3244 3240/841/3240
f 3235/784/3235 3232/829/3232 3256/788/3256
f 3226/825/3226 3221/884/3221 3220/843/3220
f 3214/771/3214 3213/773/3213 3257/844/3257
f 3213/739/3213 3249/740/3249 3259/845/3259
f 3214/779/3214 3258/863/3258 3255/741/3255
f 3252/783/3252 3246/885/3246 3221/846/3221
f 3261/791/3261 3236/787/3236 3256/792/3256
f 3250/797/3250 3261/791/3261 3247/747/3247
f 3244/746/3244 3229/795/3229 3222/847/3222
f 3215/800/3215 3250/797/3250 3234/749/3234
f 3228/798/3228 3223/886/3223 3222/849/3222
f 3216/802/3216 3215/800/3215 3233/850/3233
f 3263/801/3263 3266/887/3266 3223/851/3223
f 3216/802/3216 3262/752/3262 3264/754/3264
f 3251/803/3251 3268/888/3268 3266/852/3266
f 3265/804/3265 3264/865/3264 3238/756/3238
f 3251/803/3251 3237/806/3237 3230/853/3230
f 3224/811/3224 3267/808/3267 3238/830/3238
f 3237/806/3237 3217/809/3217 3231/855/3231
f 3224/814/3224 3219/758/3219 3218/761/3218
f 3217/809/3217 3273/812/3273 3269/857/3269
f 3225/818/3225 3218/862/3218 3270/763/3270
f 3272/816/3272 3274/889/3274 3269/859/3269
f 3271/817/3271 3270/763/3270 3245/767/3245
f 3242/819/3242 3241/890/3241 3274/860/3274
f 3249/822/3249 3248/824/3248 3245/826/3245
f 3137/769/3137 3139/891/3139 3241/861/3241
f 3153/752/3153 3262/752/3262 3233/850/3233
f 3160/760/3160 3231/760/3231 3269/762/3269
f 3194/801/3194 3263/801/3263 3228/798/3228
f 3253/835/3253 3258/835/3258 3257/844/3257
f 3169/770/3169 3254/770/3254 3137/736/3137
f 3140/739/3140 3142/740/3142 3249/740/3249
f 3208/817/3208 3206/818/3206 3225/818/3225
f 3154/753/3154 3152/751/3152 3223/751/3223
f 3175/777/3175 3174/776/3174 3139/776/3139
f 3163/763/3163 3270/763/3270 3218/862/3218
f 3212/845/3212 3173/775/3173 3257/775/3257
f 3172/774/3172 3227/774/3227 3254/838/3254
f 3204/812/3204 3207/816/3207 3272/816/3272
f 3195/802/3195 3216/802/3216 3265/804/3265
f 3170/779/3170 3214/779/3214 3260/780/3260
f 3153/752/3153 3155/754/3155 3264/754/3264
f 3143/741/3143 3255/741/3255 3258/863/3258
f 3178/836/3178 3175/777/3175 3138/777/3138
f 3164/765/3164 3162/764/3162 3269/764/3269
f 3196/803/3196 3251/803/3251 3263/801/3263
f 3211/825/3211 3180/783/3180 3252/783/3252
f 3179/864/3179 3221/864/3221 3246/742/3246
f 3177/785/3177 3260/785/3260 3235/784/3235
f 3209/820/3209 3208/817/3208 3271/817/3271
f 3156/755/3156 3154/753/3154 3266/753/3266
f 3166/767/3166 3245/767/3245 3270/763/3270
f 3183/787/3183 3236/787/3236 3261/791/3261
f 3145/743/3145 3232/743/3232 3255/741/3255
f 3207/816/3207 3167/819/3167 3242/819/3242
f 3197/804/3197 3265/804/3265 3267/808/3267
f 3184/792/3184 3148/794/3148 3247/794/3247
f 3155/865/3155 3157/756/3157 3238/756/3238
# Vertices: 447, normals: 447, texture coordinates: 342, faces: 886

