# File generated by ImageToStl.com - Free Image and 3D model conversion tools

mtllib venus.mtl

# venus_0
o obj1
v 8.90997691 94.149046 -9.29987264
v 8.14274245 95.17158736 -9.69354232
v 9.33019307 95.51436685 -8.2325886
v 6.4043468 72.51468181 -4.79858997
v 7.22332085 74.81789011 -3.87127195
v 9.00333166 76.59633301 -4.098982
v -12.10935157 19.65643 -4.00245565
v -11.57857656 17.80297068 -3.62764727
v -11.94795009 16.93625068 -3.02375901
v 0.3382504 95.15763153 -1.85527986
v 1.29478225 95.57029132 -1.00410276
v 0.25223958 95.40249342 -3.12736671
v 6.84532136 98.74880516 -2.2268717
v 6.1199235 99.99686229 -3.39009237
v 5.85697344 97.55554849 -0.63026531
v 9.00341062 92.61416957 -1.44527338
v 8.48826549 93.69377729 0.60287358
v 6.53856646 92.60001509 0.48587865
v 9.52637097 73.38117743 0.71759669
v 8.53021163 71.65917586 1.43118976
v 7.7384658 72.06610606 -0.47281494
v -7.99599114 84.48491041 0.75502566
v -8.01126534 81.93773579 1.26579947
v -8.50179884 83.42065992 1.55267849
v 1.15671901 88.79634157 0.40376622
v -1.12660519 85.65529426 0.47941351
v -2.38220156 87.04711397 2.36168218
v 13.87737699 46.49393877 3.36678463
v 13.62729742 45.10854567 0.73335184
v 14.14189091 45.79819801 0.60285274
v 4.99177048 12.65734402 9.9996127
v 6.85788781 14.81714766 8.42019808
v 5.77503264 15.4118825 10.08906474
v -0.42641493 10.92989008 10.7171014
v -2.15287708 13.79156991 9.93184641
v -2.38689816 12.35027209 10.53802515
v 8.06277477 50.22332562 11.42893934
v 5.21516263 51.95949369 12.80122938
v 4.79080172 50.80398651 11.84352589
v -7.14545003 34.47208454 -15.10370707
v -5.76355438 35.38980335 -15.47053507
v -5.89733484 32.6213938 -15.41325875
v -3.00965324 34.1149558 -14.92786957
v -3.4433336 32.36436976 -14.72289974
v -3.52363971 37.42382348 -14.51789629
v -5.76823487 38.99525222 -13.67421173
v -8.39038378 29.29881759 -12.90425599
v -8.80823107 30.44373584 -12.04115254
v -6.42106403 29.30192422 -13.62082386
v -2.9833856 38.41254429 -13.6300755
v -3.38031653 29.44545118 -12.80315204
v -1.13522044 37.95650588 -13.95576856
v -2.27726499 34.32939331 -13.03180715
v -7.99882476 39.25101934 -11.79098521
v -4.25050468 41.32122445 -13.51125641
v -5.3688861 40.10654764 -12.8679658
v -6.32237208 41.69267992 -13.34976376
v -2.88567987 42.6157184 -12.07324946
v -8.54411444 35.46243217 -12.35130187
v -0.8477684 32.7716524 -13.32621057
v -1.4826217 40.50099249 -12.24320029
v -4.7838536 27.22057987 -11.92911876
v -5.51822838 42.87099753 -12.12275761
v -2.65085645 30.15472993 -12.32055496
v -7.56849514 25.03915429 -12.19694397
v -6.43445303 40.56410916 -11.68226767
v 0.13682813 35.53067179 -11.93651708
v -1.05524409 30.29335397 -12.42754807
v -8.83328708 26.0747375 -12.21059063
v -0.06365126 34.99974083 -10.21088676
v -8.91391966 41.53861384 -11.11044002
v -0.30462555 38.17339344 -11.16106301
v -2.23950828 27.39729441 -11.56369869
v -1.43822219 28.46021068 -11.1390762
v -9.77112643 21.83936478 -10.94465293
v -6.67092872 21.26695569 -10.64177554
v -3.18073942 45.06490656 -10.98911228
v -5.34773226 44.69263204 -10.6578061
v -10.46365822 25.34082567 -10.13928037
v -8.21514064 20.0111745 -10.70715119
v 3.27658715 96.47220294 -11.49987948
v 3.61365616 94.92758298 -11.33095711
v 2.28517335 95.73134591 -11.1020706
v 5.6433018 95.73531159 -11.32278963
v -8.30560327 40.05856737 -9.94271094
v -8.88428921 43.11902103 -9.17056959
v 6.29353179 94.26888305 -10.90258883
v 4.76742413 93.43721391 -10.61119058
v -10.00504304 34.25017245 -9.81609575
v -9.38297347 36.07395349 -8.25281744
v 3.38761675 97.71302493 -10.2107932
v -3.51160074 25.40223497 -9.9990211
v 5.91034661 96.56243396 -10.64630552
v 3.11928902 92.95382771 -10.81259529
v 1.44552297 92.74555862 -10.1864814
v -9.65756262 32.23024524 -8.37514737
v -0.986768 30.69559174 -9.49946064
v 0.96927019 38.87531276 -9.64471643
v 7.49939526 93.52629429 -10.13296284
v 5.11648591 91.97696927 -9.74589247
v -2.16567691 45.81377489 -9.58469078
v -0.72145602 43.14129003 -10.12060797
v -10.10452338 17.73445929 -9.78151268
v 5.48500425 97.88914926 -10.43834272
v 3.33379091 91.80719479 -9.73338403
v 3.78326447 98.77424698 -9.67446156
v 7.28984077 97.79787861 -9.93891819
v 8.13669338 94.66622953 -10.32300548
v 0.90009162 93.20330807 -9.78590995
v -2.12568523 25.07845598 -9.7806319
v 0.60824232 96.45988306 -9.53233805
v 2.37558948 92.39319535 -9.38681717
v -10.8812282 18.31214491 -9.3994839
v 6.61928909 99.49712596 -9.42910524
v 0.29616666 90.31138904 -9.82412469
v 2.21180098 90.62030363 -9.36403046
v 1.66803863 34.64248069 -9.59564286
v -1.5925031 27.50347162 -8.80722504
v 0.99628907 97.66460619 -9.3103466
v -0.88910021 45.54456044 -10.03778212
v 1.40676552 34.1704588 -10.07826137
v 7.9604719 92.85471672 -9.35836958
v 6.70167612 91.16049501 -8.10661672
v -5.56337524 47.52706137 -9.0867808
v 0.3512515 41.78276409 -9.05767778
v 2.05776286 32.0630653 -9.50048026
v -10.1526876 31.3634752 -5.49935924
v 4.70665429 89.95989558 -9.30740142
v 0.68496434 91.0399104 -8.10085266
v -2.65167514 22.00728756 -6.77565654
v -10.72800013 39.83997572 -6.47485582
v 0.72697727 29.00208657 -8.76662084
v 2.14820518 88.97144439 -8.55260218
v 1.04280799 89.9507583 -8.82930634
v -2.40802657 47.88924393 -9.03656175
v -0.43223996 46.01742534 -8.96671031
v -9.404926 44.87676632 -7.81786704
v -5.72053458 17.17777489 -8.18815419
v -6.66893397 16.73332438 -7.64045111
v -9.34142725 13.4334725 -7.85637853
v -10.97929267 29.39621106 -5.64361825
v -11.47788928 24.7119599 -7.49601892
v 1.32553256 99.20823016 -7.22079136
v 0.08910049 93.62319175 -7.68769256
v 1.11027732 92.58152148 -8.35372949
v 8.16610756 91.22664692 -8.07645852
v -9.08369316 46.85338785 -6.26791954
v 1.15758143 44.63065234 -8.63884026
v 1.26608645 42.36968548 -9.01681596
v 1.13488351 38.46264107 -7.66160895
v -0.31844028 24.73859884 -8.43813867
v -0.03282179 97.13576281 -7.86265252
v 9.43126057 93.15510299 -8.06543812
v 9.44807139 92.53602056 -8.25583713
v -2.59789694 49.33791457 -7.37442661
v -11.2354098 11.88753386 -8.03757658
v 8.16380655 98.81724541 -7.97073336
v -9.05705459 38.80133718 -6.4642294
v 1.08628646 32.39122753 -7.24626449
v 3.49491676 99.59168657 -7.75209726
v -5.94668084 49.44742649 -6.84783965
v 0.42900469 47.74803631 -7.33715969
v 0.77830622 26.32989015 -8.25322488
v -12.08231396 13.03056507 -7.55917585
v -7.94530372 3.58395881 -8.46348485
v -2.73501404 3.51560065 -8.52775603
v -10.69092142 0.07235243 -8.6125008
v -10.45781728 3.3286625 -8.44430709
v 0.10471683 0.05631166 -8.63175047
v 5.64812038 99.91473229 -6.88200602
v 9.72529121 94.16005368 -8.30992684
v 1.0078978 89.24301086 -8.24705542
v 1.16822697 35.6270007 -7.64280713
v 1.34052934 30.19799068 -8.29668243
v -0.89086531 21.90872189 -7.29443452
v 2.78544012 3.44020861 -8.42512021
v 8.07443658 0.09187267 -8.33718308
v 9.64708284 91.78024973 -7.03674693
v 2.66643335 87.17079281 -7.65037288
v -0.88504652 48.53613396 -7.83382479
v 2.36668078 39.71858726 -8.07573587
v -0.16443611 21.92676142 -6.79936031
v -9.78073916 3.38007052 -8.25290412
v 9.16600849 2.84390442 -8.12388622
v 7.77678585 99.54957425 -6.74772081
v 6.25683117 3.47536238 -8.03550906
v 1.01517438 88.26831509 -7.68724662
v -4.05248706 50.05024606 -7.6470236
v -9.38105956 34.8610747 -7.49261646
v -4.51960682 18.53611532 -6.54865204
v -12.55766037 10.43962715 -7.55934191
v -10.75287569 9.03684361 -8.20466132
v -9.77436746 10.9720352 -7.35578043
v -11.82740333 1.4664534 -7.43452244
v -0.04627577 95.42121443 -6.03637375
v 0.53815479 89.6953318 -7.06143635
v -12.09332665 17.08367149 -6.52248206
v -12.51186881 0.04136243 -6.78605257
v 0.73881826 28.72568395 -6.67731981
v -9.3887559 3.65359432 -6.87978371
v 11.83595378 1.45511379 -7.32687679
v 10.07086876 93.82008181 -7.38237184
v -7.54659184 49.83045213 -6.10141122
v 10.06655586 92.68126554 -7.02854439
v -0.09986191 92.21064647 -6.2965069
v 5.68976038 87.4988563 -4.75797249
v -1.2917762 50.07144759 -7.76009824
v -10.51026368 3.70782933 -6.82244906
v 3.21708501 99.96365732 -6.54552305
v 10.45411582 94.94384201 -6.52248524
v 7.44484134 90.49257884 -6.529171
v 0.9724633 87.30996861 -6.5155687
v 2.48513485 37.11361195 -6.39002176
v -10.05515117 36.53468086 -6.74306668
v -10.34215689 7.57723556 -7.23331242
v 1.49464069 45.21977421 -6.855051
v -10.53737911 33.62980469 -6.04173782
v 11.18348326 2.35797215 -6.98197212
v 11.75459792 0.02050981 -6.95848038
v -2.72032715 51.87763534 -6.90988216
v -12.81488182 1.51408952 -6.79246542
v 11.91465753 0.02669415 -3.81160963
v 9.66151724 97.61298523 -6.03520378
v -4.67368718 52.12633088 -5.77244747
v 0.68252211 3.65709011 -3.3855057
v 9.11921686 91.1582219 -5.90831389
v -0.34869122 48.57857685 -6.25729311
v 0.00949629 24.88630538 -5.44958426
v -2.4743851 20.62714415 -5.16034669
v -0.53146066 50.05223899 -6.48374097
v -3.53875321 15.05357793 -5.1086046
v -13.53801145 8.46732323 -5.30749992
v 9.91163923 95.74810313 -6.27209268
v 2.56920726 38.40224574 -6.07619569
v 2.3967745 30.60400621 -6.29900073
v -11.89128686 5.25473869 -6.29225042
v -9.74320702 6.08686248 -6.83408753
v 0.44831268 97.35417815 -4.45076627
v 0.50794219 93.56094676 -4.53526571
v -2.92231236 53.11668607 -5.21224464
v 2.38979292 33.35499908 -6.07207257
v 3.1148554 3.61266443 -4.57087016
v 10.58417861 94.35184364 -5.72220399
v -5.48863857 52.17544956 -5.9917564
v -6.06894138 51.3758214 -6.03609403
v -7.59065594 50.97813342 -6.51984534
v 3.27320531 51.54489101 -6.65162743
v 6.6687835 50.12339643 -6.86277131
v -11.25113972 35.41931351 -5.76136517
v -7.42872606 9.56745539 -3.35923805
v -11.1054235 4.08762069 -6.24199614
v -9.67544556 4.14431512 -5.40726662
v 4.24209729 87.18008869 -5.36364201
v 0.12798987 52.26914696 -6.08767456
v 1.94739391 48.42280448 -6.05451157
v 2.09178409 44.90303755 -5.74700209
v -11.3720545 37.60820393 -5.72726403
v 2.55079764 27.72249085 -5.77616007
v -12.79831064 11.82826624 -4.14037995
v 7.34330069 99.61688891 -4.80942194
v 1.26681318 99.20003811 -5.18595079
v 3.76579645 52.38366543 -5.68876236
v 8.36512179 50.26166489 -5.30174981
v 6.45840454 51.84389495 -5.13002041
v 8.23153661 49.32909133 -5.76967509
v 6.62957714 48.77353839 -6.10315291
v -11.35196405 26.39931437 -5.10154241
v -8.87913758 4.02089165 -5.46510474
v 10.36337153 92.82274258 -5.27568635
v 3.48350603 47.98627294 -6.1218544
v 7.02195525 46.38634304 -5.84444204
v -12.22469866 22.74311372 -4.67353003
v -6.26620529 11.895124 -3.64218615
v -8.18695473 5.03182088 -3.82806925
v 2.57890614 46.39171285 -5.91328349
v 2.65427157 36.84705577 -5.10382406
v -15.3692076 3.76816544 -4.83394483
v 8.81340539 71.80423555 -6.1441275
v 10.34223868 70.94796946 -6.05462079
v 8.73408816 70.93625814 -6.05905983
v -9.21339817 52.75408142 -3.81644275
v -8.01921804 53.44455452 -4.19095198
v -0.39658628 17.59029697 -3.20819848
v -2.10945851 12.6390771 -2.86307814
v 11.02591568 69.69023715 -5.45022563
v 4.28116513 46.78241707 -5.54842581
v 3.18428948 40.54348385 -4.39555141
v 1.9367395 35.00994271 -4.41845173
v -2.4699451 12.09182639 -2.48313406
v 11.93192186 1.46179242 -3.84051828
v -11.30605232 0.00134621 -2.31548773
v -1.42734433 53.80424726 -4.92509267
v -5.22255773 54.49521676 -4.06927627
v -12.17351653 31.86708042 -5.25366467
v 1.80777795 24.50189807 -4.92406964
v 1.02975272 21.77948663 -5.01557114
v -0.16288621 19.98714591 -4.95005167
v -14.55364878 6.23213532 -4.4973457
v 4.3905974 100.30888429 -4.83147641
v 2.12077901 87.50641608 -4.65243517
v 1.75589839 73.12869536 -4.76189283
v 3.00535673 75.61698925 -4.98951301
v 4.87632032 73.14632342 -5.94244897
v 3.94645358 72.0962119 -5.2104162
v -9.05695718 50.0785191 -4.4119653
v 4.21896219 44.77579494 -5.603805
v 3.93818905 40.16482463 -4.30627677
v -2.15482464 15.02738815 -1.78995499
v -2.64506531 3.70065742 -4.49525205
v 7.58971881 90.1958228 -4.23909124
v 6.08570588 75.44414069 -4.72240732
v -12.87384294 30.19879086 -5.04334394
v 11.76253002 3.52773599 -2.67498001
v 2.06378155 99.251229 -2.94807457
v 2.78994086 29.68363379 -3.43339599
v -13.08789397 28.32620872 -4.70378105
v 2.49111923 26.06188672 -4.78296106
v -12.57381003 1.07168545 -4.24607923
v 9.59316824 96.35493686 -3.99831226
v 0.09495034 94.46775112 -3.89433084
v 1.31379956 89.90246301 -2.57572906
v 1.55821523 74.76054324 -4.99586132
v 10.72922029 73.67301631 -4.91042408
v 12.05003472 71.84649461 -4.43400529
v -9.5683859 51.24890429 -2.46117189
v 5.52921692 43.92178937 -4.86203095
v 4.04364262 38.2335238 -4.12323722
v 1.82185101 33.62849229 -4.42107073
v 1.93498372 32.25183798 -3.84250887
v -5.36812501 9.41270191 -1.39077919
v 0.13982679 96.80966555 -3.63308541
v 9.43409257 92.33475828 -4.06479166
v 5.20287398 77.28038897 -4.64076105
v 9.77051265 50.23672504 -4.92557896
v 10.19002664 48.94154681 -4.18504976
v 10.48432621 47.30425273 -4.05737493
v 7.26698704 44.98049989 -4.64350598
v 3.79346882 42.95998065 -4.66488419
v -11.61523425 38.80795801 -2.7281859
v -4.661844 4.14582172 -4.34764137
v 8.47329107 98.62155016 -3.75526517
v 3.52631038 85.82333231 -3.74910724
v 6.3641743 71.68506076 -4.48973454
v 6.59147082 42.1002245 -4.43422015
v -0.17668742 20.8058505 -4.42824969
v -13.51320576 9.31732282 -3.23142227
v -7.9422943 4.20284805 -4.86259917
v 10.03351534 95.10667799 -3.39187897
v 3.39889667 52.74483133 -4.21449771
v 9.28283214 50.99910502 -4.40286712
v 9.4473777 45.2952511 -4.18057022
v -14.34198744 24.48485511 -4.10823994
v 11.46497653 69.18463066 -3.44474486
v 4.95572851 52.11939809 -4.06882839
v 6.65863849 51.83511063 -4.16110586
v -16.49029798 5.24972564 -3.55242957
v 5.06450638 3.62376296 -4.13149801
v 8.78763041 45.0105187 -3.57402099
v 4.65376777 39.63940144 -3.70727704
v -12.07642949 30.91501573 -3.40096879
v 1.86248261 3.62472794 -2.68942125
v -3.46159255 54.3039294 -3.84193833
v -1.81954448 53.99407196 -3.48665029
v 7.75899001 42.74156239 -3.70089262
v -12.00546111 34.34161918 -3.4822411
v 3.69602321 34.93881888 -4.12470197
v 2.196558 27.79016045 -3.29065608
v 0.95232302 24.14518968 -3.16758498
v -14.9258367 21.52149195 -4.07818907
v -3.89610385 12.10082549 -1.67628267
v 6.56167213 3.5431799 -1.63702065
v 12.51440685 3.36297536 -0.42009328
v 13.0714423 78.76787607 -3.01360704
v -10.70438383 45.09861105 -2.62086884
v -11.04103031 41.40832153 -2.08831294
v 5.58445231 37.41376507 -4.2771295
v 8.65171977 78.63877864 -4.10036935
v -1.20858673 74.07419428 -2.97711033
v 4.07603885 37.16001387 -3.38306528
v -15.58294027 19.34257118 -4.10315313
v 3.19593722 4.51804528 -4.64745176
v 4.0121261 4.5090109 -3.56488322
v 1.50991631 98.09766487 -2.55697299
v 4.11213507 80.9945237 -3.50600198
v -1.01526048 75.52052543 -3.11204218
v -16.19030376 19.63586806 -3.56156837
v -14.73288197 7.47937839 -2.97612514
v 6.00410041 3.62838133 -2.52520188
v 12.18335106 80.40195198 -3.01380602
v 13.370923 75.64497292 -3.33900004
v 0.48322948 71.49010048 -2.96867175
v 12.60691822 50.70240468 -3.01050888
v 12.24438947 49.5211917 -2.96675427
v 6.76425163 34.84759374 -3.38194678
v -15.21813241 21.71392802 -3.55486973
v 0.52417013 18.09214182 -2.49126925
v -0.97929918 16.52442168 -0.99130199
v -4.83714262 7.82097195 -0.22037046
v 5.40401854 84.47572114 -2.51401908
v 1.90026673 85.29508602 -1.98973908
v 2.0811219 55.65272502 -3.51421862
v 5.65383476 56.06152475 -3.35136096
v 10.73948767 51.7140059 -2.39396767
v 7.05738975 37.78357507 -2.88821679
v 4.55838431 29.99495034 -2.98373715
v -0.52187444 12.28483825 1.11788478
v -14.70098603 11.39011234 -2.95270994
v -2.97135716 4.37074117 -0.7570666
v 5.34330016 99.48861843 -2.2540058
v -7.47704654 54.57787435 -2.03380811
v 11.81011586 51.27976901 -2.88527573
v -9.93859012 49.29526981 -1.20408833
v 5.11239461 35.16671917 -2.81742879
v -12.52746152 27.75512543 -2.75083625
v 0.56741618 94.08162213 -1.99943532
v 1.27064204 92.20825105 -2.55787077
v 7.76814748 91.30151795 -2.7267114
v -12.57740591 34.98950375 -1.41661103
v -13.48742229 23.44552396 -2.16409922
v -14.67084124 17.60996347 -2.8904865
v 4.50780805 5.02775251 -3.02125165
v 1.03325384 4.14566014 -1.14339713
v 5.37788291 4.28923212 -3.11535311
v 3.84061499 99.74897163 -2.8274664
v 9.27988562 93.32704108 -2.79038359
v 7.06975124 85.85721324 -1.54007592
v 3.90996902 83.13532949 -2.49565614
v 12.66709163 72.32426277 -1.87308939
v -0.9687604 60.75209493 -2.81886828
v 2.73199816 60.97982886 -3.3339085
v 12.15920237 48.6362529 -2.0216543
v -17.32670817 4.68180285 0.72608708
v 10.39980077 99.0544736 -1.97669423
v 0.49385146 96.99252355 -2.30057798
v 10.4636286 95.76315597 -3.08821001
v -0.56804849 80.63411834 -2.39263902
v 3.43626625 70.03721982 -2.57661454
v -2.22615399 56.47525206 -2.57888431
v -9.56708233 54.73558105 0.20350089
v 10.71978708 52.67606525 -2.32138202
v 7.69728763 40.58217441 -3.61619616
v 4.60108052 31.16081914 -1.70474795
v -15.23973059 14.68696122 -2.98318571
v 2.2380676 5.26302268 -2.28135367
v 10.53489039 97.43667562 -2.41742402
v -4.75373885 76.86441425 -3.09709963
v -6.12127599 74.96989814 -2.61736173
v 6.53587141 71.21891971 -2.1407686
v -13.54301055 19.28032599 -2.19595397
v -4.08257518 8.66538053 0.25518959
v 2.070741 83.1009034 -1.88634741
v -2.98137273 78.88955599 -2.25921602
v 1.54884728 63.90746125 -2.15582093
v 2.39016653 62.71813041 -2.67209927
v 9.76981075 38.4525188 -1.15830047
v -13.42675203 31.62605814 -1.37997521
v -0.85030005 20.68619737 -2.3441339
v -14.78419922 9.78160811 -2.06100747
v -7.16824966 76.98296471 -2.38090407
v 10.12774218 69.48406015 -1.7829927
v -7.67871512 55.80432908 -0.40792018
v -10.38748531 46.48857181 -0.08056926
v 12.71663522 45.6004337 -1.76254736
v 7.28529442 34.45406402 -2.14036998
v 7.21611667 32.20758478 -2.00198026
v 1.06203753 24.5665203 -2.09942125
v 1.70841444 14.72405869 -0.36878674
v 5.52308676 4.93276537 -1.70720409
v 7.30621183 59.98134089 -2.17863901
v -9.82838689 52.07763211 -0.65774386
v 11.79635926 45.17928824 -1.61718845
v 10.47472148 40.85943962 -1.72220756
v 10.30921765 44.2937499 -2.40396667
v 6.20520861 32.02932242 -1.67694091
v 7.87237003 32.98012802 -2.25157312
v 3.6715533 5.24686348 -1.08653842
v 10.39379401 94.60018178 -1.9652141
v -15.8877454 11.504549 -1.07377002
v 8.28403193 99.4863095 -1.53507528
v 11.00039962 96.62607662 -1.76260051
v 2.73534928 92.73754174 -0.74066898
v 7.34215523 87.22589888 -0.1549577
v -0.65579543 62.9055492 -1.16987829
v 10.22021172 38.03170796 -0.07493279
v 0.11079895 23.50507711 -0.88521086
v 6.96541665 3.49618498 1.84856965
v 4.91817927 97.63088917 -0.54033892
v 7.75596564 83.93062339 -1.56788883
v 13.94548896 79.45073043 -1.32258233
v -4.79058075 71.95378492 -0.98987211
v 2.13536089 65.99942698 -1.69587498
v -0.1774062 68.39651927 -2.2961498
v -4.89515623 55.20676933 -1.36709885
v 13.68010981 49.54782026 -0.78627754
v 5.71740798 69.72255858 -1.3702809
v -10.54218287 50.89214247 -0.97430979
v -14.92021575 27.56674837 -0.91680148
v 2.50078524 24.72004467 -0.72334456
v 10.70860936 97.86461709 -1.3556034
v 6.96077304 91.16415355 -0.53438831
v 6.90575308 89.73292999 -0.91217435
v 9.27701918 84.40391555 -0.51503647
v -6.74161946 79.15179162 -0.34354085
v 14.11389192 78.92701916 0.19925321
v -5.01857012 68.55394415 -0.6764236
v 10.22993414 57.56138751 -1.1206704
v 11.13214755 40.70930826 -0.92376594
v -11.81780129 39.08243727 -0.69063187
v -0.16419353 18.26988363 -0.52203062
v -14.81825058 16.01445762 -1.47700845
v -17.15994439 5.89791674 -0.87134483
v 0.89101393 87.5603473 -0.52732934
v 7.35607555 70.91117966 -1.12606696
v -0.88662783 66.30567469 -1.24453432
v -4.76045561 60.33788372 -0.77388849
v 8.88233987 31.29954132 -0.04560955
v 4.83483525 27.94556588 -1.86345932
v 1.60433131 15.96717764 -0.41239661
v 0.49871175 10.72618972 -0.48922263
v -2.63075143 8.89990344 1.09091957
v -5.31644362 5.41920404 -0.85047604
v 1.71552909 96.23232441 -0.97879221
v 13.33765327 81.50574152 -0.61683807
v -9.6899895 53.96112315 0.39979463
v 7.16100685 98.79745752 -0.96030679
v 10.65219851 95.61874182 -1.11492824
v -7.57795765 75.26453752 -1.0394733
v -3.83693403 63.71017016 -0.70828099
v -1.3556817 63.03264581 -1.10404104
v -10.15929441 40.41692115 -0.52985672
v 10.44041799 96.52288922 -0.25466128
v 1.54409328 94.17853519 -0.89255921
v 2.0545136 93.58292283 -1.12218481
v 2.03908405 90.75381081 -0.79598669
v 5.46363884 67.04983927 -0.80541495
v 6.39453866 65.13004419 -0.38398298
v -11.36327356 37.26676082 -1.22828931
v 5.64289798 29.5794146 -0.91142175
v -15.67398189 19.32216986 -0.65100903
v -0.47814476 5.30239198 2.58791971
v 3.5364003 96.9210619 -0.55919447
v -3.7639056 83.98326129 0.05897157
v -4.24950212 66.03860989 -0.29863259
v -6.09704049 55.1407352 -0.44158553
v -10.63268934 41.78425604 0.79222164
v -16.43583146 9.727417 0.34557813
v 4.20197194 6.50308971 0.4652407
v 9.43933777 98.49767254 -0.47605768
v -7.442228 78.26570566 0.29789576
v 10.86056381 72.7068201 0.24826838
v 12.25597218 54.18650558 0.07829172
v 11.81297918 44.2191816 -0.4925624
v 9.35841319 33.02451844 0.88881001
v 6.19345602 24.81248968 -0.86758473
v 5.4438093 24.43157947 -0.85438147
v -0.26639288 20.77373803 -0.03685534
v 0.74812443 14.22806597 1.53298398
v 0.30675517 4.78405331 -0.14206219
v -13.13693834 0.83817595 2.43397891
v -6.1297947 82.55928914 0.0065554
v -10.64952585 53.63648317 0.33714935
v 13.16273311 51.56244776 0.35610775
v 9.64145824 29.55914054 0.96239522
v -15.78391345 18.70385858 0.02813453
v 11.67189672 40.99169552 1.42936049
v 3.66130077 24.06532443 0.47784456
v 10.04170423 94.79482237 0.02480815
v -6.57225086 72.6016358 0.58023975
v 9.07933431 62.79454308 0.41125154
v 13.37103326 49.46004016 1.50304187
v 8.28630702 27.78687353 0.98711605
v -15.70064523 23.18929686 -0.01193528
v -15.24338569 15.52679558 -0.14028137
v 5.82208505 5.07454679 -0.35813971
v 7.52920373 69.73817468 0.81768481
v 13.77135511 50.80951063 0.18395663
v 12.32893684 42.81551882 1.51484565
v -11.62121084 36.36167174 -0.07418531
v -11.91580953 32.31999209 -0.25503137
v -13.65278921 28.26786247 -0.11121616
v -15.75246392 20.32940999 0.05481271
v 6.16064848 3.83215133 -0.71235395
v 3.2626016 95.52447026 -0.15499505
v 3.00651842 94.2894132 -0.15617535
v 12.29672022 52.9349571 0.6756799
v 6.44930742 25.91033834 0.23003995
v -15.13430215 27.21815012 -0.40546647
v 12.42032092 75.51488 0.90364319
v 7.908077 27.35417972 1.11068714
v -17.05341828 8.02087894 1.07805455
v 1.71036429 5.89420436 0.77990398
v 6.70288708 5.00054656 0.08297877
v -10.43551007 37.69734597 0.12438427
v -11.36836398 29.62940139 0.45894969
v 5.24751645 5.56330654 1.46042541
v 12.08878211 3.53316516 0.55724141
v 7.53497943 96.4349716 1.27204473
v 4.05135533 95.40511533 0.00203019
v 6.69658789 88.71961714 0.8111073
v -0.08726649 11.47931 1.35194191
v -17.12156332 6.20952815 1.4393926
v 4.48709551 92.2788871 0.30024196
v 9.13492103 28.97763352 0.5209592
v -14.99045384 14.26071671 0.51654516
v 6.39095587 96.1900422 0.77304389
v 5.75409939 94.8367055 -0.14547469
v -9.89349736 46.14470408 1.88494823
v 12.76271591 45.07232546 0.99009428
v -10.33790322 36.05578098 0.17303022
v 0.62733302 19.20782876 1.50318842
v 1.34436804 5.87041836 3.12082508
v 1.6606636 89.28029725 1.33818151
v -7.50110399 65.30591612 3.45564968
v -10.00249313 51.55682262 1.72349794
v -10.7204621 50.44781188 1.51589417
v 11.26991374 36.61729644 1.13087668
v -15.08004117 25.03586476 0.44318187
v 0.10681641 8.74290026 3.24628916
v 9.52719088 95.4889252 0.28587779
v 11.17512836 59.57663213 1.96324822
v -8.5264101 56.33838234 2.33039139
v -12.23104555 32.49520728 1.03035546
v 7.39793217 23.64219117 1.35672118
v 7.68533428 21.32245985 1.23238132
v 3.30152486 13.60634244 1.70530827
v 13.49655182 0.04952145 6.71911032
v 8.59706958 96.39605775 1.07029684
v 7.43196443 89.89616128 1.76498044
v -7.80047298 74.16376977 2.96383282
v 8.11744524 67.07045125 2.51066027
v 12.25452261 44.81321754 3.48510242
v -10.96146927 26.23744261 0.67170882
v 7.44745514 94.54090614 1.21920693
v -6.67218425 86.58535126 1.41551199
v 12.22888902 77.78668894 2.85698424
v -11.65036303 22.20169379 0.7936925
v -1.55469124 8.5506558 1.80829457
v 4.49028254 90.86332515 2.40682205
v -10.78045194 54.29819252 3.24523166
v 9.6649171 29.18784831 2.40420726
v 8.51559167 28.17878347 1.67472533
v 6.86783444 19.11872087 2.00017347
v 1.52619038 9.72477601 1.3751794
v 9.95384076 84.71464533 2.24932934
v -10.85934055 33.41387905 1.16564948
v 4.53663026 21.15344457 1.65781147
v 1.8212075 15.48785053 2.20834839
v 5.08604461 91.83777572 1.52205113
v 6.94195803 88.61368578 2.46194957
v -9.81249328 26.97655613 1.0963735
v 2.53327599 20.07079476 2.05389028
v 6.75813186 90.38809171 1.67162734
v -7.77000121 59.02122955 2.40457476
v 3.91983174 20.02152178 1.62592117
v -11.6451543 16.44834408 1.85103644
v -12.66159812 0.10553105 2.72160805
v 12.91752506 81.41083754 1.4846683
v 9.56526609 73.5894194 3.54020321
v -10.98524202 33.78167159 2.56211044
v -10.60940583 29.7451279 1.71601045
v -17.09035619 4.36746394 2.51538665
v 6.20757222 91.26532128 2.51453473
v 7.08498967 87.41717484 2.44821104
v -10.46669483 46.41789774 3.29027261
v 4.78026119 91.24158238 2.73853093
v -10.13727174 54.72551395 2.6395818
v 13.45373461 52.28795329 4.92087397
v 10.07784285 34.16126434 3.38160491
v -10.27977367 23.14949778 2.41948637
v 4.04225604 12.26035827 2.91885243
v 2.17131929 8.48550441 2.96737495
v -8.09601783 85.74867667 2.47928859
v -8.18018582 61.62055959 2.85212482
v 13.98629439 50.89040705 3.85565853
v 9.87216573 63.85399035 3.95200475
v 5.46212502 6.78309013 3.07657882
v 3.74436585 6.95508669 3.22373657
v 12.94325083 3.37940019 2.78254725
v -7.60480332 87.11482785 3.62290475
v -10.31616788 52.89709354 3.96907869
v -10.61878875 49.60415428 2.53349136
v -13.07207421 9.63460462 2.50593503
v -9.37423464 57.19158264 4.84784013
v -9.32813921 42.69600802 2.92796095
v 11.84920645 37.51561414 3.55877108
v 9.34626384 31.67227059 3.42175785
v 10.57227449 26.98996023 4.2704493
v 1.9521615 17.00108096 2.60043867
v 6.92195114 4.36627783 2.60997702
v -11.11954319 30.10121711 3.56498062
v -10.97427765 27.09250331 3.8542908
v 5.63345923 90.58440457 2.42213961
v 13.92527342 49.14554713 3.71032796
v -9.18920832 39.38872456 3.04790528
v 2.99541064 10.79495412 5.45023275
v 10.42185632 79.59225969 5.51495093
v 11.76816232 53.59181158 6.38938232
v -8.73635197 35.59449888 3.57319305
v 8.88220273 24.63234696 3.6633039
v 8.27613068 20.63006549 3.52784158
v 6.28899907 88.78090214 2.56752853
v -15.49032447 5.24968736 4.12704134
v 6.73351935 89.77166254 2.84013633
v -2.08487403 87.56570935 3.30027517
v -11.0839085 50.98939366 3.61010041
v 4.43456487 15.28870722 4.55665328
v 3.67554286 13.79089876 3.92876748
v 4.40172578 11.04575863 4.032182
v -7.65437539 84.45564451 3.93502928
v -8.16651447 79.4776812 6.87254329
v -11.15644024 52.38830594 4.57118358
v 11.61434509 40.94567291 4.36661196
v 11.85340629 35.92033737 3.49604901
v -11.72200728 16.02340416 4.32352336
v 6.79203446 16.16234252 4.06234017
v 3.59653785 8.613906 4.33799912
v -9.23316846 32.52833997 3.3945461
v 9.33287997 26.1723728 4.99169782
v 8.65686659 17.12097607 5.36845937
v 0.01882509 6.44731716 3.53486906
v 8.1732193 67.75754019 4.26463285
v -9.6460344 42.53878958 4.20646027
v 12.98073353 45.3087163 3.98706943
v 9.36183256 30.09411613 4.29770446
v -11.61518542 23.66939221 4.64539228
v -13.11218728 9.77460692 4.58673393
v 6.17506744 5.14623105 5.21486445
v 1.01777833 88.24152575 4.35430279
v 10.92774094 28.13077824 4.57938969
v 4.52638754 89.52391425 3.59620526
v 5.59587096 88.64754287 3.98477837
v -8.42073653 71.75121621 5.16678604
v 11.08951666 38.93718246 4.30277276
v 2.58316698 9.98664812 4.67947142
v 12.30295474 41.84430401 4.87264754
v -15.70101142 3.24241126 4.25982612
v -8.11283378 85.94726736 5.76074349
v 13.16168921 46.64965697 4.34957864
v 2.0594947 7.79329187 4.85632935
v 1.73187858 7.08402593 4.12513595
v 4.12321141 6.75207642 5.02536616
v 13.00352697 3.43977235 7.61403607
v -8.77220172 82.04208672 6.48813133
v -8.2857409 65.60808371 5.49093965
v 5.68285288 87.65957396 4.15685854
v 6.80150859 85.25116783 5.41048113
v -9.04899991 23.66378562 4.44878889
v -12.42824292 18.65667226 5.72884045
v 8.99516974 33.13379475 5.30109099
v -6.06529685 29.64542626 5.90667021
v -8.54244761 61.57288653 6.03829829
v 13.02624044 48.97253899 7.34499787
v 11.07926638 59.34500099 4.33225538
v -7.59402003 28.27064872 4.55609678
v -11.32524396 24.3578489 4.60790367
v 5.00923645 12.54149332 4.8433742
v -6.88599283 87.0392978 6.04784493
v -13.40443029 7.71560679 6.31944664
v 3.38760661 87.96683585 4.73165884
v 8.86160571 82.63054643 5.79251358
v -8.82212404 39.5012195 5.61663637
v 10.64283562 35.34606621 4.99235897
v 6.21511945 14.21827882 5.25003759
v -15.19384477 2.32025833 5.31101075
v 8.81992846 74.37664384 6.6660408
v 11.44583622 44.18078456 5.74419546
v 10.17803421 37.6862653 6.03724879
v 8.40283305 19.04085429 5.61196532
v 13.40365794 51.13257996 6.45203284
v 4.02233144 7.23176187 5.57254745
v 13.6076789 2.91867033 7.26615826
v -9.73827019 55.56981353 7.52894838
v -7.643939 40.02142126 5.81928083
v 14.29901145 50.73111571 6.81734873
v -9.01719595 48.92113656 8.29515566
v -2.33455607 87.04064626 7.23949033
v -5.46511824 31.20567515 7.76416651
v 4.70300157 9.10346848 6.77354701
v -8.25877931 84.05833805 6.25365389
v 12.08140851 46.85903418 8.61886074
v -7.25965466 35.63863231 6.74991781
v 8.64669391 30.35790389 7.66113968
v 10.32242805 28.77699324 6.29058673
v -6.67705166 21.99372591 5.75672374
v 6.13576346 3.57292197 5.63927808
v 0.3796019 86.12045436 7.80259474
v 11.43802202 45.91285749 7.27273379
v 5.5536008 9.62305218 6.82632171
v 6.74544135 3.4231189 8.71068659
v -7.60318673 42.93346914 7.19503148
v 7.90939151 31.71241559 6.78050869
v -6.14980706 24.74386582 6.44358764
v -5.06527347 25.26854601 6.38817047
v -12.27368465 19.25895281 6.06299221
v 9.92806103 56.54414009 9.77566493
v -10.4265872 15.54611317 6.18786322
v -15.35894775 2.32542649 8.23479631
v 11.72002221 54.16705607 9.12502426
v 12.23987011 48.66176532 8.21355473
v 9.27624568 27.45511352 6.21491226
v 8.26642265 24.1249675 7.70669374
v -7.5545251 18.4716794 5.72853828
v -14.11723768 11.02092702 7.61261495
v 5.95402861 11.74232713 6.97094367
v -10.02551292 50.62223674 8.49699892
v 7.51442835 33.33577559 6.87310672
v 7.49068761 15.40435376 6.40306175
v 6.95123709 68.20609744 7.77324312
v -8.89962451 57.12263863 6.76660028
v -9.65944796 51.72006738 8.21323692
v 11.30673433 41.51510962 6.70258292
v 5.28858013 8.70069363 7.81167333
v 4.76725563 6.5173405 7.20344544
v 6.1011678 3.98961076 6.66328044
v -15.3783141 4.10207416 6.90221822
v 8.53024437 63.52215785 7.14894862
v 9.74342857 42.78710598 7.46230781
v 8.43497351 22.10432145 7.79552709
v -7.35700969 86.25870854 6.7306705
v 3.71351319 85.4005327 6.49390719
v -9.29079423 53.70640236 7.90033231
v 8.82537504 25.47172277 7.06214513
v 8.08988786 18.06908058 7.17456239
v -8.16198916 75.75254904 7.07875591
v -8.2247182 72.55340403 8.45712404
v 8.72852739 38.98305268 7.92451744
v -5.91965328 34.78273138 6.39295337
v -12.38151732 14.76544489 7.21195578
v 5.59659069 82.62195902 8.00473853
v -4.84989924 22.74707552 7.66825461
v 9.03295797 16.45413332 6.62138981
v 12.53985612 53.27676493 8.19079626
v 12.45382825 49.85817589 7.95956169
v -3.80113166 33.13568118 8.08783916
v -5.61633774 32.75156925 7.61733823
v -13.77408303 12.8536445 7.67336753
v -10.25845803 10.24853202 7.63496635
v -14.1612497 7.68237106 8.47653707
v 7.05971728 64.82679892 8.14447566
v -4.91631485 39.62118745 8.00672468
v 6.5593096 29.22557574 7.07753652
v -7.71585106 77.78789578 8.60428148
v 6.54363853 74.36307462 9.10933632
v -15.67195229 3.57824033 8.44360226
v 8.03864292 78.85904183 7.92391358
v 5.08942492 36.11476304 9.0057192
v -2.60557224 24.62164859 8.37178307
v -11.80947587 11.60530046 7.23294177
v -6.81114995 14.27803963 7.18768436
v -7.70523455 0.07221789 14.95493947
v -12.30837706 0.05603775 9.00474706
v 6.40280878 36.8184731 8.39265453
v -6.75787779 81.92272818 8.67290644
v -14.6029745 5.73030252 8.0900772
v 2.96435534 81.79117558 8.52090454
v -7.99640035 66.80480673 8.78256078
v -7.46362654 63.47603247 8.90335747
v -2.30300775 28.71011113 8.0890524
v 5.58033987 27.78384712 8.71203774
v -2.51841411 19.81857357 8.21659285
v -3.09851166 19.06599145 9.01419793
v 5.41918607 10.69646225 8.98357135
v 4.72292977 4.08592317 9.79178095
v 13.03278244 51.8777853 9.42924154
v 8.90952271 40.86053431 8.66682276
v 8.44939993 16.35270151 8.6202867
v 0.30226948 82.27325328 10.13677375
v 6.50851963 31.79740306 9.20374377
v -13.85452249 9.96746858 8.4854607
v -9.60310529 53.7541879 9.51090069
v -12.36623759 7.44575667 8.29146428
v 10.24103144 46.92080655 9.22390937
v 8.19839011 44.94527938 9.25774794
v -3.8125233 29.77735197 8.77909048
v -2.99711871 27.45912815 9.23312828
v 6.84512411 20.84202065 9.52157499
v 4.67518326 7.47805587 9.30741024
v 8.28489065 60.40276219 9.41366486
v 10.76095668 54.29378987 8.97060721
v -4.95885522 41.29613069 9.89281777
v -6.66906637 45.33000563 9.828267
v 1.50967848 33.40875514 8.91837556
v 1.08812857 17.24812688 10.58082593
v 6.77624778 19.3438682 8.88956657
v 10.72730762 49.98974908 10.0287949
v 4.74892036 78.18571679 9.53285575
v -7.30128245 57.18701872 9.78293029
v 7.62041042 41.90327199 10.06336566
v 2.14486371 30.75948233 10.4638777
v -0.83539252 27.39872407 8.70374279
v 7.11227237 24.10812638 9.62208301
v 8.20705471 3.43521822 11.998572
v 11.11755634 53.53663723 10.59907899
v 0.16640508 30.84983658 9.33038229
v -0.54881873 29.03647715 9.24397454
v -4.48921979 11.72272036 9.39865835
v -7.06821217 8.92617424 9.73457941
v 13.75530425 2.99140581 9.79682319
v -8.07424408 54.41036458 10.93844316
v -8.62046154 51.04125144 9.86236008
v -7.85842851 52.10188888 10.74859525
v 4.04174469 38.70446585 8.86540347
v -5.31588542 11.09010593 9.53171832
v -12.84967803 4.40716965 9.33465203
v 5.39127028 63.42385752 9.35694398
v 6.91653981 43.26396395 8.93355436
v 5.11381147 34.33873606 9.96700979
v -1.3680457 27.01774679 9.65724755
v 7.29993462 17.07029834 10.14088288
v -14.33285205 2.47177076 10.20331596
v -3.0734136 81.06020345 10.63664008
v 3.29746771 28.61618673 10.20170434
v 0.49988763 25.06591739 8.77097278
v -14.60921498 4.55992682 9.81903733
v 10.67584948 3.37257725 11.45874537
v 5.15353142 67.86467469 9.8792611
v 10.86320722 48.31145481 10.32526732
v 1.01161431 21.15309411 10.43393717
v -6.65888904 75.85639546 9.85684926
v 4.02715766 42.86573083 10.66596826
v -2.46860533 36.75557651 10.36197181
v 3.82932443 23.73124321 9.97352826
v 3.80669981 21.77332494 9.49949925
v 4.85546722 10.32730904 10.33505987
v -6.59213628 66.72053058 10.12405522
v -4.64757187 63.51294987 10.59986822
v -7.1638199 50.14914423 10.30981115
v -2.87115084 38.26984079 10.2647277
v 5.73685782 23.77799355 9.82092344
v 2.07113365 23.12296288 10.76602443
v -0.61803276 15.82473992 10.62860785
v 3.86935266 7.38391479 10.20925732
v 5.0822941 3.42137563 11.06485686
v -12.709389 0.17711684 10.59377445
v -6.64846473 56.47209817 11.37997109
v 8.94316175 54.81258612 11.1998947
v -1.69556016 38.48957401 9.21965385
v -3.31746524 40.99337456 9.95238421
v -2.59772708 42.04901845 10.32090692
v 0.95449965 14.96121243 9.79213945
v 3.91525778 13.71100435 10.63386374
v 1.91868784 75.18664255 10.29545241
v 2.89918869 64.19892941 10.11798804
v -5.60410853 47.31467014 11.23503087
v 3.89833027 45.09738126 10.08036864
v 3.45661358 37.07226048 11.18831177
v 5.66055403 25.44246276 10.04227772
v 4.05162639 20.81572777 11.02192169
v 3.49974114 12.09375393 9.85706089
v 4.03656401 73.1168778 10.49097721
v 1.30808255 44.44916691 11.01982509
v 0.88732552 31.69837114 10.65607842
v -4.3163444 11.88463095 11.37196234
v 3.28016655 9.6070951 10.96183951
v 1.04620519 23.32164599 11.02629024
v 3.21914107 4.07432675 11.26251177
v 13.20717157 0.0180299 12.13661643
v -4.82395548 56.91235484 12.11861273
v 10.19624339 53.94266749 11.97283749
v 2.83014794 46.82172751 11.1436884
v 2.45239125 39.5230877 11.17659992
v -8.99213952 2.02081835 12.04846443
v 12.77918304 3.13228185 11.39940138
v 1.80297167 69.53238814 10.70013358
v 1.7502424 64.27616594 10.14652853
v 2.41838341 58.63757476 10.80680675
v 10.0235226 51.86136532 11.67680003
v -11.98650733 1.09310599 11.22644728
v 9.18522713 0.03131509 13.67980723
v -0.26236229 72.30763901 11.65405341
v -2.66764774 72.80893218 11.73284453
v 4.48854105 58.47334362 11.0125204
v 7.22357752 54.83626391 12.1140365
v 3.00748677 57.31199909 10.17659141
v 2.37397855 44.87193272 10.98755745
v -0.93990405 41.66459466 11.33567772
v 3.61512308 18.1683565 10.91001176
v 5.11171292 18.5143147 11.21601256
v -2.79144405 12.32892543 11.74111679
v -0.43146314 64.93408321 10.97132396
v 0.82293377 60.14389189 11.2897745
v -7.22720691 51.95268258 12.19895337
v -5.23976672 50.7288232 11.40010643
v 8.34303999 48.80554029 11.4790028
v 2.481334 6.85061529 10.84645466
v -0.48797751 5.73581467 10.90551096
v 3.43955355 54.62170997 11.49689777
v 2.54784268 54.68334745 10.779305
v 10.56627134 50.57752065 11.45101311
v 12.99070781 1.28550467 12.5840371
v -2.41176048 62.19875064 11.29328237
v 1.13283643 55.27946909 12.39714286
v -6.8087737 54.72022237 12.68296091
v -6.64269965 53.08946561 12.05034218
v 0.62983615 44.09969621 12.12934537
v 2.34788926 11.79360734 11.42876993
v -5.31617166 49.47174083 12.1158098
v -0.60733269 11.57513335 11.99505758
v -3.76712534 0.0572131 15.41975353
v 0.74449207 3.40008029 11.78407566
v 5.52133076 49.07897846 12.10030212
v 2.97422111 49.27955638 11.90539567
v 2.82562265 3.08660702 11.92947899
v -2.17632263 56.03344714 12.92902572
v 4.24665067 54.60036127 12.28594883
v -2.62090625 51.0239225 11.65673828
v 0.57476029 49.8210454 11.91358608
v -0.37110986 46.22783506 12.35446013
v 3.0751513 50.5560883 11.51219541
v -3.82874215 55.83686262 13.24450547
v -0.10233555 51.29819741 12.29018982
v 8.31066045 51.08418383 12.63363156
v -1.09799203 48.63658389 12.34485241
v 7.54320385 54.64203402 13.04486202
v 9.11718365 52.62848113 12.82931868
v -2.21346953 11.04593996 12.83420927
v 0.14362056 3.87874581 13.32081945
v 3.71572713 53.47498807 12.42944528
v -4.71098912 53.4513055 12.63717057
v -3.81515519 7.20933294 13.44510842
v 0.97325955 55.13560923 12.89445359
v -1.16091864 9.37488965 13.20447407
v 8.00574184 1.91553943 13.87388715
v 6.86324256 54.14601241 13.57179754
v -6.1923315 2.8573788 14.14833057
v -2.90829453 54.63905187 13.38144944
v 5.84556271 2.82258474 13.10338921
v 3.36911196 2.6915621 13.87666346
v 5.74445548 1.25460158 14.02353785
v 4.85016098 0.07209519 14.06337237
v -0.77130264 4.03807436 14.24269937
v -4.23472007 3.53546856 14.52859056
v 1.40691718 2.80538576 14.84402886
vn -0.71056 0.29463 0.63898
vn -0.75969 0.25951 0.59626
vn -0.70566 0.27482 0.65308
vn 0.46426 0.61579 0.6366
vn 0.19496 0.6117 0.76669
vn 0.59051 0.41986 0.68922
vn 0.49784 -0.52351 0.69144
vn 0.6741 -0.37149 0.63842
vn 0.48191 0.02108 0.87597
vn 0.44483 0.89232 -0.07682
vn 0.61114 0.7837 -0.11103
vn 0.51014 0.80938 -0.29097
vn -0.14596 0.69346 -0.70555
vn -0.18495 0.71036 -0.67911
vn -0.19362 0.76468 -0.61463
vn -0.36313 -0.71613 -0.59606
vn -0.37124 -0.82384 -0.42832
vn -0.49566 -0.73225 -0.46704
vn -0.6228 -0.63989 0.45018
vn -0.70757 -0.56993 0.41777
vn -0.82567 -0.38011 -0.41689
vn 0.75635 -0.15252 0.63613
vn 0.7554 -0.10156 0.64735
vn 0.66666 -0.20611 0.7163
vn 0.64467 0.37058 0.66863
vn 0.5429 0.47893 0.68984
vn 0.52354 0.40365 0.75032
vn -0.80144 -0.58236 -0.13622
vn -0.82017 -0.52142 -0.23546
vn -0.7857 -0.57033 -0.23959
vn -0.77229 -0.23094 -0.59181
vn -0.73159 -0.276 -0.62338
vn -0.7997 -0.26383 -0.53932
vn 0.06046 0.629 -0.77505
vn -0.17695 0.33035 -0.92713
vn -0.43948 0.31996 -0.83933
vn 0.07991 -0.60486 -0.79231
vn 0.03448 -0.69903 -0.71426
vn -0.1493 -0.59616 -0.78886
vn 0.17775 -0.04143 0.9832
vn 0.28057 -0.04286 0.95888
vn 0.25807 0.01981 0.96592
vn -0.19586 -0.07872 0.97747
vn -0.14919 -0.02228 0.98856
vn -0.19581 0.00015 0.98064
vn -0.22679 -0.1986 0.95348
vn -0.27374 -0.04042 0.96095
vn -0.28427 -0.16344 0.94471
vn -0.3151 0.14828 0.93741
vn -0.25772 0.08721 0.96228
vn -0.25095 0.19353 0.94846
vn 0.01687 0.4196 0.90755
vn 0.08642 0.42074 0.90305
vn -0.01115 0.48231 0.87593
vn 0.88588 0.05073 0.46113
vn 0.87317 0.0192 0.48704
vn 0.90566 -0.04238 0.42188
vn 0.54771 -0.23025 0.80436
vn 0.5122 -0.19596 0.83621
vn 0.51913 -0.2945 0.80236
vn -0.06216 -0.47846 0.87591
vn -0.2034 -0.45439 0.86727
vn -0.21853 -0.50172 0.83697
vn 0.47296 0.36612 0.80141
vn 0.48249 0.43017 0.76299
vn 0.41156 0.44756 0.79392
vn -0.72886 0.23181 0.64423
vn -0.77631 0.20107 0.59742
vn -0.67121 0.04901 0.73965
vn 0.27934 -0.40299 0.87153
vn 0.31245 -0.43866 0.84259
vn 0.34267 -0.40128 0.84944
vn -0.1092 0.66815 0.73597
vn -0.16974 0.60175 0.78044
vn 0.02665 0.58846 0.80808
vn -0.86643 -0.23058 0.44287
vn -0.87007 -0.36313 0.33334
vn -0.85783 -0.30112 0.41648
vn 0.24381 -0.19981 0.94901
vn 0.17636 -0.03154 0.98382
vn 0.1152 -0.32937 0.93715
vn 0.54709 0.46856 0.69364
vn 0.53132 0.39626 0.74878
vn 0.5821 0.40001 0.70792
vn -0.91985 -0.07178 0.38565
vn -0.87434 0.23249 0.426
vn -0.93635 0.12191 0.32922
vn 0.1371 -0.0895 0.98651
vn 0.21503 -0.01736 0.97645
vn 0.01454 0.03516 0.99928
vn 0.02337 0.62558 0.77981
vn -0.16253 0.54741 0.82093
vn -0.14214 0.51372 0.8461
vn 0.08644 -0.38766 0.91774
vn 0.18188 -0.39361 0.90111
vn 0.12112 -0.3214 0.93917
vn 0.36923 -0.19272 0.90914
vn 0.46826 0.0212 0.88333
vn 0.33633 -0.13296 0.93231
vn -0.44776 0.48058 0.75403
vn -0.39479 0.41767 0.81835
vn -0.37277 0.50386 0.77921
vn 0.85827 0.24647 0.45014
vn 0.81151 0.22932 0.53746
vn 0.83505 0.16559 0.52466
vn 0.33885 -0.10479 0.93499
vn 0.1905 -0.18152 0.96476
vn 0.33448 -0.17572 0.92588
vn -0.64771 0.51966 0.55716
vn -0.68494 0.43126 0.58725
vn -0.65735 0.43957 0.61211
vn 0.87028 -0.02715 0.49181
vn 0.91864 0.01241 0.39489
vn 0.87987 0.04404 0.47317
vn -0.27978 -0.50437 0.81691
vn -0.15998 -0.62053 0.76769
vn -0.22212 -0.51011 0.83094
vn -0.24107 -0.46368 0.85257
vn -0.29113 -0.48916 0.82217
vn -0.22105 -0.50578 0.83386
vn -0.0149 0.71535 0.6986
vn -0.11646 0.71364 0.69076
vn -0.06616 0.68163 0.7287
vn -0.93311 -0.10341 0.3444
vn -0.93707 -0.16576 0.30727
vn -0.86572 -0.20853 0.45503
vn -0.7423 -0.29727 0.60051
vn -0.72562 -0.36681 0.58217
vn -0.71976 -0.30328 0.62448
vn -0.39316 -0.37103 0.84129
vn -0.40248 -0.41347 0.81673
vn -0.36088 -0.3983 0.84328
vn 0.73943 -0.52438 0.42222
vn 0.67898 -0.53947 0.49795
vn 0.69437 -0.59735 0.40129
vn 0.45086 0.64573 0.61624
vn 0.42468 0.63354 0.64674
vn 0.4926 0.59567 0.63444
vn -0.84257 0.0069 0.53854
vn -0.84772 -0.06066 0.52696
vn -0.82203 -0.0281 0.56875
vn 0.35394 -0.12556 0.9268
vn 0.30726 -0.09756 0.94661
vn 0.30748 -0.27661 0.91046
vn 0.1139 -0.23057 0.96637
vn -0.01068 -0.3316 0.94336
vn 0.03808 -0.36297 0.93102
vn 0.35844 -0.17948 0.91614
vn 0.32178 -0.1161 0.93967
vn 0.31482 -0.17939 0.93205
vn 0.16437 -0.2413 0.95643
vn 0.20926 -0.29646 0.93184
vn 0.20439 -0.24838 0.94685
vn -0.98172 -0.14957 0.11768
vn -0.93786 -0.24452 0.24623
vn -0.99186 0.00292 0.12733
vn 0.23108 -0.73883 0.63304
vn 0.42977 -0.75949 0.48834
vn 0.46001 -0.68953 0.55941
vn 0.49333 0.6064 0.62363
vn 0.42996 0.62728 0.64935
vn 0.45698 0.54626 0.70197
vn -0.90572 0.34343 0.24847
vn -0.92353 0.27345 0.26892
vn -0.85165 0.36533 0.37581
vn 0.15248 -0.33877 0.92843
vn 0.04018 -0.18209 0.98246
vn 0.02396 -0.30604 0.95172
vn -0.60674 -0.14587 0.7814
vn -0.59288 -0.04471 0.80405
vn -0.65939 -0.11991 0.74218
vn -0.0379 0.68079 0.7315
vn -0.06941 0.74443 0.66408
vn -0.09924 0.68739 0.71947
vn -0.94215 0.2254 0.24809
vn -0.91416 0.16549 0.37004
vn -0.91725 0.26769 0.29497
vn -0.92923 -0.3403 0.14399
vn -0.94753 -0.31822 -0.03039
vn -0.93175 -0.36214 -0.02649
vn -0.83858 -0.36359 0.4057
vn -0.75647 -0.56376 0.33156
vn -0.79048 -0.43635 0.42982
vn 0.19477 -0.24852 0.94884
vn 0.16482 -0.19045 0.96776
vn 0.15876 -0.27426 0.94846
vn -0.33758 -0.29418 0.89415
vn -0.31301 -0.32318 0.89307
vn -0.31783 -0.20044 0.92672
vn -0.54981 0.42163 0.72107
vn -0.52304 0.33495 0.78373
vn -0.48406 0.4436 0.75426
vn -0.02593 0.63714 0.77031
vn -0.10219 0.62081 0.77727
vn -0.08796 0.60679 0.78998
vn 0.86217 0.08624 0.49922
vn 0.83719 0.10911 0.53592
vn 0.84668 0.05434 0.52932
vn 0.15915 -0.27435 0.94837
vn 0.16313 -0.21305 0.96333
vn 0.10592 -0.2361 0.96594
vn 0.26154 -0.26303 0.92866
vn 0.34837 -0.06126 0.93535
vn 0.12745 -0.12446 0.984
vn -0.13716 -0.15562 0.97825
vn -0.00373 -0.10657 0.9943
vn -0.08053 0.03502 0.99614
vn 0.57288 0.72772 0.37712
vn 0.55628 0.70448 0.44075
vn 0.6296 0.67392 0.38658
vn 0.78548 -0.0539 0.61654
vn 0.80066 -0.01851 0.59883
vn 0.7638 -0.00457 0.64544
vn -0.29461 -0.3192 0.90073
vn -0.19668 -0.31228 0.92941
vn -0.32218 -0.26547 0.9087
vn 0.22542 0.41838 0.87985
vn 0.17896 0.37286 0.91047
vn 0.25974 0.34744 0.90101
vn 0.53676 0.67617 0.50466
vn 0.40018 0.80931 0.42997
vn 0.48325 0.59127 0.64566
vn 0.79217 -0.04531 0.60862
vn 0.78329 0.04451 0.62006
vn 0.76049 -0.00619 0.64932
vn -0.23714 -0.20657 0.94926
vn -0.09791 -0.27918 0.95524
vn 0.01422 -0.18471 0.98269
vn 0.54113 -0.59708 0.59218
vn 0.37556 -0.72889 0.57242
vn 0.49634 -0.73734 0.45823
vn -0.1724 -0.45857 0.87178
vn 0.06666 -0.44867 0.89121
vn -0.09037 -0.33775 0.93689
vn 0.39537 0.77776 0.48865
vn 0.38291 0.80316 0.45642
vn 0.29841 0.74163 0.60078
vn 0.73461 0.56776 0.37147
vn 0.83881 0.46755 0.27892
vn 0.85121 0.48601 0.19809
vn -0.98737 0.00758 -0.15823
vn -0.96847 0.24156 -0.06097
vn -0.97401 0.13645 -0.18077
vn -0.22545 0.70228 0.67526
vn -0.31466 0.7353 0.60027
vn -0.26476 0.6183 0.74001
vn 0.38419 -0.64861 0.65704
vn 0.22062 -0.75842 0.61329
vn 0.46713 -0.65685 0.59189
vn 0.10867 -0.59385 0.7972
vn 0.18227 -0.60719 0.77337
vn 0.09403 -0.5107 0.8546
vn -0.37375 -0.5676 0.73358
vn -0.37619 -0.48125 0.79176
vn -0.40405 -0.51353 0.75699
vn -0.61495 -0.36671 0.69811
vn -0.55625 -0.33042 0.7625
vn -0.64188 -0.25418 0.72345
vn -0.12434 0.55349 0.82353
vn -0.12198 0.63452 0.76322
vn -0.20614 0.54303 0.81402
vn 0.29696 -0.32494 0.8979
vn 0.36792 -0.10706 0.92367
vn 0.25484 -0.09753 0.96205
vn -0.22677 -0.16709 0.95951
vn -0.07104 -0.03014 0.99702
vn -0.2273 -0.00482 0.97381
vn 0.97455 -0.01332 0.22378
vn 0.97017 0.06018 0.23482
vn 0.9484 0.06634 0.31006
vn -0.93475 -0.35469 0.02107
vn -0.99952 -0.02418 0.01927
vn -0.98247 -0.13326 -0.13035
vn 0.51671 0.58069 0.62913
vn 0.40661 0.5653 0.71771
vn 0.52613 0.54886 0.64957
vn -0.78344 0.04682 0.61971
vn -0.71077 0.05238 0.70147
vn -0.76092 0.17829 0.62387
vn -0.58937 0.43101 0.68328
vn -0.61345 0.37375 0.6957
vn -0.50927 0.43072 0.74507
vn -0.4945 -0.00365 0.86917
vn -0.52435 0.12762 0.84188
vn -0.58595 -0.01912 0.81012
vn -0.22851 -0.65209 0.72288
vn -0.13393 -0.56778 0.81221
vn -0.24328 -0.55666 0.79432
vn -0.18378 -0.50536 0.84311
vn -0.21318 -0.37689 0.90139
vn -0.33046 -0.47734 0.81421
vn -0.59317 0.4318 0.67948
vn -0.55047 0.52427 0.64971
vn -0.64806 0.42069 0.63485
vn -0.55823 0.45668 0.69269
vn -0.60373 0.34587 0.71825
vn -0.50659 0.45071 0.735
vn -0.80269 0.03386 0.59544
vn -0.84262 -0.16786 0.51168
vn -0.77093 -0.18121 0.61059
vn 0.12328 -0.30635 0.9439
vn 0.19825 -0.24299 0.94955
vn 0.12991 -0.16969 0.9769
vn 0.02892 0.08157 0.99625
vn 0.1305 0.09699 0.98669
vn 0.1652 0.14377 0.97572
vn -0.08904 -0.67491 0.73251
vn -0.09254 -0.7442 0.66152
vn 0.01607 -0.64551 0.76358
vn -0.79386 0.28059 0.5395
vn -0.76249 0.17455 0.62302
vn -0.73959 0.27185 0.61571
vn 0.94846 0.17106 0.26676
vn 0.96302 0.13531 0.23299
vn 0.95955 0.20948 0.18809
vn 0.04001 0.49545 0.86772
vn 0.12318 0.44853 0.88524
vn 0.15536 0.49299 0.85605
vn -0.29614 0.21273 0.93115
vn -0.26719 0.23186 0.93533
vn -0.25913 0.29144 0.92082
vn -0.13568 0.818 0.55899
vn -0.00278 0.74044 0.67212
vn 0.01824 0.8301 0.55731
vn 0.65701 -0.18383 0.73113
vn 0.6739 0.03284 0.7381
vn 0.53235 -0.07257 0.84341
vn -0.47065 -0.32564 0.82003
vn -0.26452 -0.38169 0.88563
vn -0.34347 -0.3126 0.88561
vn -0.0548 -0.60325 0.79567
vn 0.0164 -0.67908 0.73388
vn 0.02171 -0.59961 0.8
vn 0.58705 0.44509 0.67622
vn 0.52324 0.33679 0.78281
vn 0.63563 0.29436 0.71368
vn -0.46825 0.08791 0.87921
vn -0.41994 0.04338 0.90652
vn -0.38467 0.10408 0.91717
vn 0.60018 -0.65602 0.45763
vn 0.57271 -0.59766 0.56107
vn 0.41796 -0.64193 0.64283
vn 0.61382 -0.55813 0.55832
vn 0.59866 -0.47363 0.64597
vn 0.54173 -0.66685 0.5117
vn 0.78352 -0.04635 0.61964
vn 0.81909 -0.04231 0.57211
vn 0.78294 0.00625 0.62206
vn 0.59139 -0.1165 0.79792
vn 0.51585 -0.19507 0.83417
vn 0.54389 -0.24149 0.80366
vn 0.02642 0.55725 0.82992
vn 0.08685 0.55688 0.82604
vn 0.06973 0.58991 0.80445
vn -0.09469 -0.91782 0.38553
vn 0.11097 -0.9377 0.32926
vn 0.02893 -0.84174 0.53911
vn 0.49955 0.01557 0.86614
vn 0.59394 0.04372 0.80332
vn 0.49714 0.18869 0.84691
vn -0.30787 -0.20247 0.92964
vn -0.28489 -0.37327 0.8829
vn -0.24681 -0.24948 0.9364
vn -0.4804 0.09849 0.8715
vn -0.35694 -0.01773 0.93396
vn -0.32576 0.06612 0.94314
vn -0.95503 -0.26449 -0.13401
vn -0.95876 -0.22404 0.17488
vn -0.98696 -0.16009 -0.01648
vn -0.93496 -0.33552 0.1152
vn -0.99091 -0.07496 0.11172
vn -0.98251 -0.18281 -0.03552
vn -0.79451 -0.5184 0.31627
vn -0.8664 -0.48391 0.1232
vn -0.79805 -0.58282 0.15313
vn 0.53091 0.3487 0.77236
vn 0.56842 0.26558 0.77869
vn 0.6373 0.32945 0.69664
vn 0.75819 -0.0759 0.6476
vn 0.64608 0.09392 0.75747
vn 0.6589 -0.03213 0.75155
vn -0.58901 -0.44461 0.67483
vn -0.61901 -0.41951 0.66396
vn -0.57422 -0.52958 0.62435
vn 0.43293 -0.04229 0.90044
vn 0.33357 0.09382 0.93804
vn 0.30658 -0.006 0.95183
vn -0.51864 0.48466 0.70436
vn -0.36031 0.54011 0.76057
vn -0.38893 0.60898 0.69129
vn -0.04296 -0.30874 0.95017
vn 0.0705 -0.14348 0.98714
vn -0.10898 -0.00631 0.99402
vn -0.26604 0.35238 0.89725
vn -0.26491 0.37911 0.88662
vn -0.29549 0.37969 0.87665
vn 0.34154 0.69789 0.62952
vn 0.31004 0.75272 0.58077
vn 0.21522 0.68662 0.69443
vn -0.61932 -0.40285 0.67391
vn -0.58784 -0.40881 0.69808
vn -0.57747 -0.36135 0.73209
vn -0.2254 -0.70919 0.66801
vn -0.13603 -0.72539 0.67476
vn -0.09896 -0.6893 0.71769
vn -0.13353 -0.6978 0.70374
vn -0.14276 -0.62234 0.76962
vn -0.22408 -0.6981 0.68003
vn -0.63649 -0.03929 0.77029
vn -0.71393 -0.12305 0.68932
vn -0.49908 -0.13944 0.85526
vn 0.1957 0.47659 0.85707
vn 0.20467 0.45803 0.86505
vn 0.25508 0.49627 0.82985
vn -0.7987 0.02739 0.60111
vn -0.76535 -0.0501 0.64166
vn -0.72457 0.11601 0.67937
vn -0.8619 0.19566 0.46781
vn -0.82668 0.22996 0.51354
vn -0.80814 0.33344 0.48552
vn -0.27954 -0.15136 0.94813
vn -0.07779 -0.30039 0.95064
vn -0.09111 -0.21572 0.97219
vn 0.955 0.2101 0.20936
vn 0.94459 0.24821 0.21482
vn 0.89307 0.08902 0.44103
vn -0.63912 -0.35125 0.68422
vn -0.57467 -0.26683 0.77367
vn -0.68493 -0.2858 0.67022
vn 0.06815 -0.24111 0.9681
vn -0.021 -0.19349 0.98088
vn -0.03514 -0.23439 0.97151
vn 0.97956 0.10409 -0.1721
vn 0.95363 0.2357 -0.18718
vn 0.9774 0.20702 -0.04286
vn -0.64268 -0.47506 0.60107
vn -0.62007 -0.29011 0.72894
vn -0.73937 -0.35148 0.57428
vn 0.26108 -0.15221 0.95324
vn 0.34475 0.03015 0.93821
vn 0.31174 0.04557 0.94907
vn 0.05601 -0.27509 0.95979
vn 0.05485 -0.24106 0.96896
vn 0.0111 -0.24866 0.96853
vn -0.3142 0.77667 0.54595
vn -0.29331 0.74135 0.60363
vn -0.2665 0.74455 0.61207
vn 0.57614 -0.75266 0.31869
vn 0.63689 -0.60093 0.48297
vn 0.60172 -0.61816 0.50577
vn -0.82617 0.1307 0.54805
vn -0.86202 0.04746 0.50464
vn -0.82885 0.07461 0.55448
vn -0.25883 -0.4034 0.87765
vn -0.11183 -0.29905 0.94766
vn -0.14571 -0.24463 0.95861
vn -0.97008 -0.10771 0.21757
vn -0.98295 -0.13289 0.12711
vn -0.91871 -0.2167 0.33017
vn 0.28136 0.59254 0.75481
vn 0.2495 0.52078 0.81642
vn 0.33969 0.4915 0.80189
vn 0.06965 -0.41927 0.90519
vn 0.07134 -0.45857 0.88579
vn 0.11124 -0.43324 0.89439
vn -0.32371 -0.78367 0.53016
vn -0.32205 -0.82393 0.46629
vn -0.22729 -0.84294 0.48764
vn 0.22369 0.09913 0.96961
vn 0.36616 0.2903 0.88411
vn 0.2613 0.23082 0.93726
vn -0.92883 0.0929 0.35868
vn -0.87916 0.043 0.47459
vn -0.86269 0.22397 0.45344
vn -0.84845 0.44839 0.28121
vn -0.82887 0.39869 0.39246
vn -0.8011 0.46453 0.37743
vn 0.39811 0.51012 0.76242
vn 0.43466 0.38466 0.81431
vn 0.51676 0.42305 0.7443
vn 0.01232 -0.73654 0.67628
vn 0.05813 -0.69937 0.71239
vn 0.02545 -0.55561 0.83106
vn -0.35796 -0.50129 0.78776
vn -0.35375 -0.37993 0.8547
vn -0.41809 -0.42294 0.80394
vn -0.29871 -0.60755 0.73597
vn -0.30023 -0.55329 0.777
vn -0.38942 -0.51203 0.76562
vn -0.4218 -0.3066 0.85327
vn -0.45371 -0.28966 0.84276
vn -0.50955 -0.34119 0.7899
vn -0.56909 -0.31021 0.76152
vn -0.63447 -0.27125 0.72379
vn -0.61253 -0.37044 0.69827
vn 0.81853 0.39641 0.41576
vn 0.77474 0.4074 0.48353
vn 0.84645 0.13581 0.51486
vn 0.93553 0.2135 0.28142
vn 0.91735 0.23326 0.32259
vn 0.92213 0.16339 0.35067
vn 0.40799 0.76991 0.4907
vn 0.31788 0.79703 0.51352
vn 0.37681 0.72311 0.5789
vn 0.93257 -0.09472 0.34833
vn 0.95142 0.03579 0.3058
vn 0.91722 -0.04639 0.39568
vn 0.90327 0.36995 -0.21737
vn 0.94344 0.31372 -0.10727
vn 0.9081 0.23685 -0.34534
vn -0.05028 -0.65842 0.75097
vn -0.01093 -0.57813 0.81587
vn -0.08523 -0.5713 0.8163
vn 0.62986 0.35229 0.69222
vn 0.58284 0.34656 0.73498
vn 0.62509 0.33895 0.70312
vn 0.36296 0.66117 0.65659
vn 0.4079 0.57731 0.70734
vn 0.4515 0.59998 0.66043
vn 0.05565 0.11546 0.99175
vn 0.07215 0.32544 0.94281
vn 0.02955 0.21125 0.97698
vn 0.95757 0.19655 0.21078
vn 0.95378 0.2966 0.04827
vn 0.90143 0.33667 0.27218
vn -0.98663 0.16213 0.01651
vn -0.92544 0.36382 0.10585
vn -0.96154 0.27439 0.01204
vn -0.62339 0.18387 0.75999
vn -0.62963 0.0223 0.77657
vn -0.51681 0.20374 0.8315
vn 0.84871 0.32405 0.41796
vn 0.819 0.37577 0.43364
vn 0.77023 0.32559 0.5484
vn -0.74992 0.17193 0.6388
vn -0.73343 0.18516 0.65406
vn -0.76144 0.23534 0.604
vn -0.68082 -0.3983 0.61468
vn -0.64522 -0.4508 0.61682
vn -0.57345 -0.38198 0.72474
vn -0.47797 -0.53754 0.69469
vn -0.41001 -0.53034 0.74205
vn -0.46152 -0.47246 0.75085
vn 0.75679 -0.56894 -0.32183
vn 0.72782 -0.52499 -0.44121
vn 0.82105 -0.4751 -0.31649
vn 0.07885 -0.48394 0.87154
vn 0.1677 -0.45355 0.87531
vn 0.16025 -0.40573 0.89984
vn -0.65281 0.5731 0.49538
vn -0.58857 0.70633 0.39329
vn -0.69287 0.63787 0.33622
vn -0.34727 -0.03202 0.93722
vn -0.22957 0.03947 0.97249
vn -0.26009 0.12372 0.95763
vn -0.14112 -0.41598 0.89836
vn -0.14673 -0.21483 0.96557
vn -0.25639 -0.10557 0.96079
vn -0.2366 -0.12233 0.96388
vn -0.05224 -0.12022 0.99137
vn -0.04324 0.01332 0.99898
vn 0.92721 0.00377 0.37453
vn 0.93465 -0.01185 0.35537
vn 0.93147 0.04366 0.36118
vn 0.56469 -0.21516 0.79676
vn 0.5121 -0.11016 0.85183
vn 0.5148 -0.17407 0.83945
vn -0.72657 0.42637 0.53879
vn -0.68391 0.45305 0.57185
vn -0.71607 0.45006 0.53356
vn 0.8453 -0.51664 0.1362
vn 0.72804 -0.65653 0.19733
vn 0.77188 -0.63249 0.06442
vn -0.59163 0.69297 0.41203
vn -0.60139 0.58287 0.54644
vn -0.49132 0.61527 0.61648
vn 0.45652 -0.78789 0.41331
vn 0.49862 -0.78778 0.36164
vn 0.6996 -0.5607 0.44292
vn -0.91121 0.124 -0.39283
vn -0.9416 0.18756 -0.27967
vn -0.9022 0.16644 -0.3979
vn 0.05598 -0.73367 0.67719
vn 0.12173 -0.70602 0.69765
vn 0.0655 -0.68439 0.72617
vn -0.36381 -0.41364 0.83459
vn -0.35535 -0.31706 0.87932
vn -0.38177 -0.29656 0.87539
vn 0.26805 0.88816 0.37327
vn 0.1927 0.86332 0.46641
vn 0.2574 0.87147 0.41747
vn 0.50211 0.05325 0.86317
vn 0.46519 0.19773 0.86284
vn 0.34551 0.12016 0.93069
vn -0.50866 0.36295 0.78072
vn -0.50107 0.46567 0.72944
vn -0.60432 0.48237 0.63413
vn -0.3082 -0.31549 0.89749
vn -0.11157 -0.41585 0.90257
vn -0.25433 -0.15594 0.95446
vn -0.38996 -0.20627 0.89743
vn -0.30141 -0.06766 0.95109
vn -0.42835 -0.05236 0.9021
vn 0.615 -0.15459 0.77323
vn 0.61821 -0.09114 0.78071
vn 0.54633 -0.16735 0.82068
vn 0.008 -0.09993 0.99496
vn 0.17184 0.00189 0.98512
vn -0.0855 0.0929 0.992
vn 0.14906 0.00226 0.98883
vn -0.05283 0.13242 0.98979
vn -0.04555 -0.0696 0.99654
vn -0.10448 0.03018 0.99407
vn -0.02969 -0.14369 0.98918
vn 0.15804 0.0654 0.98527
vn 0.18006 0.95778 0.22414
vn 0.21529 0.94409 0.24968
vn 0.23477 0.94548 0.2257
vn -0.73395 0.26831 0.62396
vn -0.75368 0.25844 0.60429
vn -0.75011 0.23476 0.61824
vn -0.73529 -0.22716 0.63855
vn -0.7329 -0.35783 0.57864
vn -0.71103 -0.37234 0.59648
vn 0.32882 -0.65896 0.6765
vn 0.35582 -0.57279 0.73845
vn 0.32588 -0.57689 0.74899
vn -0.973 0.10673 -0.20465
vn -0.98147 0.14261 -0.12799
vn -0.96385 0.19017 -0.18661
vn -0.91273 -0.06261 -0.40373
vn -0.89674 -0.10334 -0.43032
vn -0.93431 -0.14816 -0.3242
vn 0.96255 -0.13077 0.23746
vn 0.98306 -0.06581 0.17108
vn 0.89787 -0.05239 0.43714
vn -0.89313 -0.43107 0.12842
vn -0.91906 -0.38288 0.09344
vn -0.89185 -0.44172 0.09735
vn 0.07026 -0.64077 0.76452
vn 0.24117 -0.66754 0.70443
vn 0.25538 -0.63062 0.73287
vn -0.06222 0.01294 0.99798
vn 0.13555 0.05931 0.98899
vn -0.17284 0.13545 0.97559
vn -0.19277 -0.00108 0.98124
vn -0.00666 0.02692 0.99962
vn 0.03101 0.20215 0.97886
vn -0.80186 0.31689 0.50656
vn -0.78285 0.29623 0.54717
vn -0.78653 0.3369 0.51756
vn -0.52741 0.17935 0.83046
vn -0.60075 0.2734 0.75124
vn -0.65702 0.25406 0.70978
vn -0.63711 -0.61091 0.46998
vn -0.57698 -0.66423 0.47528
vn -0.57117 -0.64063 0.51318
vn 0.05442 -0.48262 0.87414
vn 0.09356 -0.47428 0.87539
vn 0.05168 -0.43049 0.90112
vn -0.55965 0.30041 0.77236
vn -0.46193 0.44601 0.76661
vn -0.5248 0.53749 0.66007
vn 0.10905 0.50493 0.85625
vn 0.01697 0.36067 0.93254
vn 0.17516 0.44014 0.88068
vn 0.10535 -0.27166 0.95661
vn -0.13561 -0.19742 0.97089
vn -0.01933 -0.48353 0.87512
vn 0.96309 0.12829 0.23665
vn 0.9678 0.13885 0.20995
vn 0.94618 0.18951 0.26236
vn -0.99349 0.05459 0.09994
vn -0.99991 -0.00492 0.01258
vn -0.96892 0.02671 0.24591
vn -0.50405 -0.42601 0.7513
vn -0.47675 -0.52167 0.70751
vn -0.48326 -0.38958 0.78402
vn -0.50211 -0.3786 0.77753
vn -0.55835 -0.38252 0.73616
vn -0.53571 -0.40015 0.74356
vn 0.24918 0.96353 -0.09759
vn -0.03176 0.99484 -0.09632
vn 0.04959 0.99741 -0.05219
vn 0.10803 0.06376 0.9921
vn 0.04659 0.20267 0.97814
vn -0.08523 0.05236 0.99498
vn -0.59577 0.75134 0.2838
vn -0.57161 0.78622 0.23477
vn -0.6042 0.75705 0.24861
vn -0.29908 0.74931 0.59083
vn -0.36891 0.65708 0.65738
vn -0.27463 0.76416 0.58365
vn 0.06935 0.55677 0.82777
vn -0.12138 0.52927 0.83973
vn 0.10051 0.34233 0.93419
vn -0.029 0.91974 0.39145
vn -0.01622 0.91787 0.39655
vn -0.03476 0.93617 0.34983
vn 0.31083 -0.48035 0.82015
vn 0.35205 -0.47138 0.80862
vn 0.31655 -0.42997 0.84553
vn 0.52723 0.2836 0.801
vn 0.3073 0.24659 0.91911
vn 0.44134 0.20003 0.87476
vn -0.8219 0.08802 0.56279
vn -0.76577 0.26481 0.58606
vn -0.87 -0.00964 0.49297
vn 0.97462 0.14828 -0.16772
vn 0.96806 0.10055 -0.22966
vn 0.90913 0.25781 -0.32713
vn 0.97572 -0.02306 -0.21779
vn 0.91117 0.04418 -0.40965
vn 0.96228 0.08648 -0.25796
vn -0.84708 -0.07069 0.52675
vn -0.87754 -0.17914 0.44478
vn -0.81561 -0.12178 0.56564
vn 0.21902 0.05294 0.97428
vn 0.34693 -0.03911 0.93708
vn 0.44632 0.15018 0.88218
vn -0.50978 0.09714 0.8548
vn -0.39281 0.1759 0.90264
vn -0.48638 0.32646 0.81047
vn 0.71122 -0.02796 0.70241
vn 0.65205 0.18487 0.73529
vn 0.61453 0.07459 0.78536
vn 0.97661 0.08122 0.19911
vn 0.98904 0.04993 0.13896
vn 0.97793 0.11791 0.17247
vn 0.93992 -0.20192 0.27527
vn 0.9701 -0.04838 0.23782
vn 0.94322 -0.09265 0.31899
vn 0.31886 -0.51458 0.79595
vn 0.31856 -0.45598 0.83103
vn 0.26256 -0.48406 0.83471
vn -0.38988 0.78702 0.47811
vn -0.47114 0.6823 0.55901
vn -0.40205 0.70656 0.58234
vn 0.86681 0.2365 0.43899
vn 0.97577 0.18699 0.11362
vn 0.95852 0.2423 0.15012
vn -0.95939 0.00395 -0.28207
vn -0.96585 -0.04479 -0.25521
vn -0.97338 0.10333 -0.2046
vn 0.93729 0.07547 0.34029
vn 0.91083 0.16839 0.37687
vn 0.91234 0.07028 0.40336
vn 0.40588 -0.00822 0.91389
vn 0.44062 0.0848 0.89368
vn 0.36142 0.19726 0.9113
vn 0.7547 0.08112 0.65104
vn 0.57088 0.04434 0.81984
vn 0.70718 -0.04097 0.70585
vn 0.78336 0.51862 0.3426
vn 0.73994 0.61605 0.27011
vn 0.6746 0.634 0.37811
vn -0.88778 -0.4581 0.04457
vn -0.90775 -0.38837 0.1586
vn -0.89921 -0.43724 0.01556
vn -0.64432 -0.32619 0.6917
vn -0.71579 -0.27545 0.64169
vn -0.56713 -0.48711 0.66415
vn 0.09534 0.98972 0.10661
vn 0.12582 0.97627 0.17625
vn 0.24762 0.9663 0.07029
vn -0.21928 -0.18954 0.95707
vn -0.20884 -0.05076 0.97663
vn -0.37436 0.11441 0.9202
vn 0.90901 -0.35334 0.22101
vn 0.93972 -0.26152 0.2203
vn 0.92895 -0.23988 0.28198
vn -0.79039 -0.37971 0.48073
vn -0.8959 -0.24023 0.3737
vn -0.83255 -0.36742 0.41455
vn 0.62182 0.36268 0.69412
vn 0.59442 0.40372 0.69547
vn 0.64162 0.18099 0.74537
vn -0.99967 -0.02117 -0.01486
vn -0.99473 -0.03122 0.09763
vn -0.98622 0.15667 -0.05324
vn -0.32783 -0.24104 0.91347
vn -0.27911 -0.24782 0.92773
vn -0.29693 -0.12478 0.94671
vn -0.02618 0.99874 0.0427
vn 0.16054 0.98685 0.01903
vn -0.13143 0.98941 -0.06154
vn -0.1845 0.97846 0.0926
vn -0.16468 0.97997 0.11202
vn -0.17743 0.98152 0.07165
vn -0.54362 0.20236 0.81457
vn -0.57992 0.28147 0.7645
vn -0.64262 0.13798 0.75366
vn -0.85092 -0.39616 0.34497
vn -0.83119 -0.40152 0.38459
vn -0.84584 -0.36404 0.38991
vn 0.80678 0.16585 0.56709
vn 0.90015 0.02038 0.43511
vn 0.85368 0.24143 0.46145
vn -0.53459 -0.70109 0.47188
vn -0.51529 -0.64063 0.56927
vn -0.57725 -0.67902 0.45355
vn 0.21036 -0.0366 0.97694
vn 0.26418 -0.06619 0.9622
vn 0.30098 0.10239 0.94812
vn 0.12613 0.74417 0.65597
vn 0.00565 0.64359 0.76535
vn 0.15678 0.64438 0.74846
vn -0.0175 0.98891 0.1475
vn -0.04322 0.97756 0.20618
vn -0.02208 0.9774 0.21026
vn 0.83302 0.52919 0.16136
vn 0.85592 0.51641 0.02669
vn 0.79785 0.57906 0.16769
vn 0.02942 0.95252 0.30305
vn 0.01729 0.95623 0.29211
vn -0.00183 0.945 0.32707
vn -0.84688 0.29315 0.44369
vn -0.85551 0.25869 0.44854
vn -0.83207 0.2692 0.48496
vn -0.04418 -0.90295 0.42747
vn -0.11521 -0.90842 0.40187
vn 0.00156 -0.92293 0.38497
vn 0.93894 -0.18482 0.29022
vn 0.92175 -0.1938 0.3359
vn 0.95362 -0.2138 0.21188
vn 0.40309 -0.71833 0.56703
vn 0.47727 -0.66076 0.57932
vn 0.39518 -0.67649 0.62144
vn -0.19423 -0.6271 0.75434
vn -0.24704 -0.48219 0.84051
vn -0.36982 -0.59949 0.70982
vn 0.92637 -0.2137 0.31012
vn 0.91873 -0.16645 0.35808
vn 0.85284 -0.26337 0.45088
vn 0.64631 -0.46817 0.60258
vn 0.52052 -0.62659 0.58004
vn 0.66475 -0.63773 0.38912
vn 0.07003 0.97065 0.23006
vn -0.09753 0.98414 0.14818
vn 0.006 0.97253 0.23268
vn -0.89889 0.36388 0.24408
vn -0.9231 0.24632 0.2953
vn -0.87895 0.36674 0.30487
vn 0.86672 0.20365 0.45534
vn 0.86071 0.28968 0.41865
vn 0.83731 0.24733 0.48758
vn -0.93905 -0.02568 -0.34283
vn -0.94208 -0.1477 -0.30112
vn -0.96238 0.0558 -0.26591
vn 0.92743 0.04736 0.37098
vn 0.90988 0.06667 0.40947
vn 0.923 0.00543 0.38476
vn -0.40794 0.58455 0.70134
vn -0.44076 0.63342 0.63601
vn -0.63846 0.5182 0.56907
vn -0.32767 -0.3207 0.8887
vn -0.18465 -0.12449 0.97489
vn -0.50315 -0.20564 0.83938
vn -0.66919 -0.57013 0.47659
vn -0.63645 -0.54452 0.54629
vn -0.66715 -0.53757 0.51568
vn 0.38874 0.14261 0.91024
vn 0.31144 0.19023 0.93103
vn 0.3396 0.11893 0.93302
vn 0.58597 -0.13385 0.7992
vn 0.47559 0.03935 0.87878
vn 0.50015 -0.20396 0.84158
vn 0.11213 -0.98284 0.14647
vn -0.17065 -0.98533 -0.00351
vn -0.01354 -0.98674 -0.16175
vn -0.83488 0.34682 0.42743
vn -0.85385 0.28875 0.43309
vn -0.81784 0.31339 0.48263
vn 0.46062 0.12884 0.8782
vn 0.50421 0.11037 0.8565
vn 0.48933 0.18772 0.85165
vn -0.96088 0.19545 0.19625
vn -0.94247 0.17215 0.28655
vn -0.91281 0.34037 0.22569
vn -0.14642 0.98626 -0.07652
vn -0.01888 0.9984 0.05327
vn 0.01199 0.99937 0.03342
vn -0.70313 0.6864 0.18567
vn -0.75717 0.64219 0.11955
vn -0.75149 0.64191 0.15237
vn -0.88592 -0.20783 0.41468
vn -0.88733 -0.12545 0.44375
vn -0.90648 -0.12575 0.40308
vn -0.48359 -0.83312 0.26843
vn -0.51786 -0.83487 0.18659
vn -0.46113 -0.85834 0.22497
vn -0.61599 -0.64504 0.4522
vn -0.59885 -0.65376 0.46258
vn -0.64525 -0.55779 0.52204
vn 0.93587 -0.19219 0.2953
vn 0.94522 -0.13239 0.29839
vn 0.92049 -0.19554 0.33833
vn -0.66437 0.73035 0.15876
vn -0.56065 0.72592 0.3984
vn -0.50553 0.84728 0.16295
vn 0.79558 -0.00362 0.60584
vn 0.76091 -0.01187 0.64875
vn 0.72561 -0.14325 0.67304
vn -0.9532 -0.22936 -0.19697
vn -0.98711 0.00417 -0.15997
vn -0.92794 -0.12041 -0.35275
vn -0.48543 -0.59588 0.63976
vn -0.48323 -0.44819 0.75207
vn -0.69459 -0.54852 0.46547
vn 0.9605 -0.14025 0.24037
vn 0.94285 -0.10664 0.31569
vn 0.89783 -0.19798 0.39333
vn -0.84989 0.34419 0.39903
vn -0.85937 0.23189 0.45576
vn -0.82615 0.21024 0.52275
vn 0.78763 0.11476 0.60536
vn 0.78012 0.43344 0.45116
vn 0.70777 0.50832 0.49059
vn -0.69173 0.05371 0.72016
vn -0.69095 -0.17013 0.7026
vn -0.65961 0.01042 0.75153
vn -0.84062 0.00247 0.54162
vn -0.80719 -0.07094 0.58601
vn -0.77069 0.04526 0.63561
vn 0.48318 -0.60547 0.63241
vn 0.60222 -0.43011 0.67256
vn 0.49914 -0.49576 0.71069
vn -0.47996 0.8759 -0.04945
vn -0.09466 0.99548 -0.00774
vn -0.34321 0.92967 -0.13383
vn -0.94316 0.11404 0.31215
vn -0.9356 0.18456 0.30098
vn -0.9457 0.17235 0.27558
vn -0.75739 0.59425 0.27059
vn -0.74949 0.58552 0.30891
vn -0.72924 0.61455 0.3009
vn -0.9128 0.00311 0.40839
vn -0.94231 -0.03989 0.33235
vn -0.92386 -0.05962 0.37807
vn -0.45545 0.65331 0.60477
vn -0.40624 0.70837 0.57722
vn -0.45991 0.67788 0.57355
vn -0.60998 0.68056 0.4059
vn -0.62263 0.70497 0.33964
vn -0.66322 0.65137 0.36858
vn -0.9496 0.01739 0.31299
vn -0.87109 0.20701 0.44537
vn -0.97939 0.0755 0.18733
vn -0.99498 0.10005 -0.00204
vn -0.9855 0.16931 0.01127
vn -0.97309 0.17685 -0.14769
vn -0.36593 -0.16972 0.91504
vn -0.45205 -0.0726 0.88903
vn -0.43254 -0.27793 0.85771
vn 0.96647 0.09813 0.23728
vn 0.97705 0.15899 0.14177
vn 0.93005 0.21156 0.30041
vn 0.07782 -0.24854 0.96549
vn 0.14968 -0.38076 0.91248
vn 0.18772 -0.1345 0.97297
vn 0.3711 0.48384 0.79258
vn 0.46099 0.47194 0.7515
vn 0.45907 0.52573 0.71614
vn 0.24722 0.91003 0.33275
vn 0.16166 0.92128 0.3537
vn 0.26253 0.89401 0.36309
vn 0.98726 0.12688 -0.09601
vn 0.96625 0.13063 -0.22202
vn 0.97523 0.17138 -0.13984
vn 0.97752 -0.18542 -0.10034
vn 0.97165 -0.21416 -0.10012
vn 0.97342 -0.16671 -0.15704
vn 0.82593 -0.40839 0.38866
vn 0.73069 -0.34131 0.59127
vn 0.73829 -0.44689 0.50519
vn -0.59448 0.69281 0.40819
vn -0.65362 0.65777 0.37432
vn -0.66742 0.61035 0.42665
vn -0.71821 -0.02435 0.6954
vn -0.76353 -0.04612 0.64412
vn -0.71666 -0.11357 0.68811
vn -0.99202 -0.10358 -0.07194
vn -0.9747 -0.10636 -0.19659
vn -0.92542 -0.26487 -0.27101
vn 0.58806 3E-05 0.80882
vn 0.53762 0.05767 0.84121
vn 0.47833 -0.04039 0.87725
vn -0.00198 0.99983 0.0184
vn -0.00289 0.98328 0.18209
vn 0.24087 0.96401 -0.11251
vn -0.97755 -0.08471 0.19295
vn -0.93372 -0.15991 0.32032
vn -0.96376 -0.06579 0.25854
vn -0.42454 -0.89195 0.15556
vn -0.40598 -0.88266 0.23683
vn -0.43959 -0.86798 0.23101
vn -0.24644 0.67235 0.69801
vn -0.22913 0.67295 0.70331
vn -0.22164 0.70818 0.67034
vn 0.47066 0.32357 0.82084
vn 0.41991 0.44656 0.7901
vn 0.44203 0.31481 0.83994
vn 0.4389 0.37244 0.81771
vn 0.41465 0.36243 0.83469
vn 0.43473 0.33463 0.83608
vn -0.2494 0.37196 0.89412
vn -0.18729 0.38247 0.90478
vn -0.10322 0.48954 0.86585
vn 0.04996 0.00424 0.99874
vn 0.0871 0.02407 0.99591
vn -0.00117 0.03893 0.99924
vn 0.57189 -0.27541 0.77272
vn 0.30065 -0.26243 0.91692
vn 0.43171 -0.37565 0.82007
vn 0.91412 0.16697 0.36946
vn 0.86169 0.13444 0.4893
vn 0.86554 0.00741 0.50078
vn -0.99285 0.00975 0.11897
vn -0.99012 -0.13857 0.02161
vn -0.99074 -0.05833 0.12259
vn 0.59502 -0.21915 0.77326
vn 0.5699 -0.08454 0.81736
vn 0.53139 -0.1774 0.82834
vn -0.73006 -0.14224 0.66842
vn -0.66911 -0.10649 0.73549
vn -0.75314 -0.0105 0.65777
vn 0.94273 -0.2304 0.24122
vn 0.96047 -0.22428 0.16492
vn 0.91619 -0.02581 0.39992
vn -0.69761 -0.16781 0.69655
vn -0.90888 -0.04408 0.41473
vn -0.77768 -0.2798 0.56296
vn -0.912 -0.17843 0.36935
vn -0.69778 -0.19138 0.69028
vn -0.86889 -0.07373 0.48949
vn 0.11129 -0.14271 0.98349
vn 0.33768 -0.22852 0.9131
vn 0.15292 -0.06981 0.98577
vn 0.19504 0.64821 0.73606
vn -0.19265 0.90215 0.38602
vn -0.28143 0.86373 0.41806
vn 0.1332 -0.98951 0.05587
vn -0.00628 -0.99881 -0.04831
vn 0.09055 -0.99352 -0.06865
vn 0.13729 0.20996 0.96802
vn 0.10068 0.25647 0.96129
vn 0.11042 0.1584 0.98118
vn -0.00978 -0.32212 0.94665
vn 0.07921 -0.33189 0.93999
vn 0.09217 -0.28044 0.95544
vn -0.15298 0.85743 0.49133
vn -0.27632 0.72956 0.62561
vn -0.06018 0.80118 0.59539
vn -0.70723 -0.09128 0.70107
vn -0.65897 -0.10463 0.74485
vn -0.63396 0.1161 0.7646
vn -0.90736 0.21705 0.35999
vn -0.79183 0.4028 0.45909
vn -0.89119 0.31222 0.3291
vn 0.13486 -0.29723 0.94523
vn 0.43689 -0.35008 0.8286
vn 0.09409 -0.21025 0.97311
vn 0.7154 0.45038 0.53419
vn 0.86554 0.09977 0.49081
vn 0.84443 0.3626 0.39429
vn -0.63272 0.11361 0.766
vn -0.72392 0.04101 0.68866
vn -0.63023 0.01054 0.77633
vn -0.48061 -0.12041 0.86863
vn -0.35985 -0.19274 0.91288
vn -0.36685 -0.07231 0.92746
vn 0.98196 0.11568 0.1496
vn 0.94685 0.11937 0.29869
vn 0.98113 -0.00329 0.19332
vn -0.0233 0.95463 0.29688
vn -0.0354 0.95115 0.30668
vn 0.00839 0.61986 0.78467
vn 0.46005 0.37389 0.80533
vn 0.4494 0.4595 0.76609
vn 0.37541 0.5296 0.76065
vn -0.15263 0.98762 0.03624
vn -0.14779 0.989 -0.00555
vn -0.17509 0.98448 -0.0123
vn 0.3292 0.9415 0.0722
vn 0.40137 0.91592 2E-05
vn 0.29708 0.95462 -0.02098
vn -0.95724 -0.16217 0.23955
vn -0.9286 -0.15819 0.33567
vn -0.97641 -0.08215 0.19967
vn -0.20379 0.68596 0.69852
vn -0.25793 0.67061 0.69552
vn -0.24897 0.65907 0.70968
vn -0.44153 0.68084 0.58439
vn -0.49083 0.6751 0.55075
vn -0.50096 0.63857 0.58418
vn -0.36565 -0.48918 0.79183
vn -0.28065 -0.47602 0.83345
vn -0.34828 -0.41446 0.84079
vn 0.25067 0.0694 0.96558
vn 0.2348 -0.06584 0.96981
vn 0.468 -0.24478 0.84915
vn 0.99763 0.04985 0.04751
vn 0.99046 0.13531 0.02595
vn 0.99216 0.11886 0.03861
vn -0.74404 -0.26437 0.61361
vn -0.78835 -0.34165 0.51163
vn -0.52255 -0.42134 0.74122
vn 0.97623 0.21159 0.04701
vn 0.94484 0.30047 0.13035
vn 0.96183 0.1652 0.21815
vn -0.5352 -0.48437 0.69206
vn -0.34496 -0.65938 0.66799
vn -0.00726 -0.23916 0.97095
vn -0.02495 0.91964 0.39196
vn 0.20256 0.96198 0.18319
vn 0.02063 0.97161 0.23567
vn 0.77777 0.62843 -0.01223
vn 0.84152 0.53112 0.09876
vn 0.83637 0.54549 -0.0541
vn -0.88955 -0.43451 0.14106
vn -0.91371 -0.39335 0.102
vn -0.89663 -0.43208 0.0967
vn 0.94105 -0.29761 0.16078
vn 0.96429 -0.23724 0.11775
vn 0.97837 -0.14664 0.14592
vn 0.94847 -0.17653 0.26315
vn 0.93802 -0.25552 0.23415
vn 0.95569 -0.23664 0.17509
vn -0.04855 0.75196 0.65741
vn -0.10755 0.7309 0.67396
vn -0.04583 0.73241 0.67932
vn 0.22781 0.27175 0.93501
vn 0.14228 0.21051 0.96718
vn 0.25424 0.22224 0.94126
vn -0.12295 -0.17249 0.97731
vn -0.01849 -0.13626 0.9905
vn -0.23757 -0.00867 0.97133
vn -0.02572 -0.52558 0.85035
vn 0.02783 -0.4845 0.87435
vn -0.09468 -0.46828 0.87849
vn -0.12471 -0.09787 0.98735
vn -0.0376 -0.16365 0.9858
vn -0.00793 -0.04468 0.99897
vn -0.3108 -0.4281 0.84861
vn -0.1998 -0.31519 0.92776
vn -0.34911 -0.23178 0.90796
vn 0.95451 0.27027 0.12598
vn 0.96963 0.21803 0.1108
vn 0.97056 0.22364 0.08946
vn -0.73553 -0.27044 0.62118
vn -0.72237 -0.24955 0.6449
vn -0.81084 -0.2215 0.54173
vn -0.95707 0.21154 0.19818
vn -0.92616 0.17914 0.33186
vn -0.84126 0.30663 0.44527
vn -0.31477 -0.93643 0.155
vn -0.21304 -0.94236 0.258
vn -0.40639 -0.89453 0.18616
vn 0.07085 0.07875 0.99437
vn 0.05446 0.16726 0.98441
vn -0.05482 0.09674 0.9938
vn 0.13364 -0.03234 0.9905
vn 0.01836 0.063 0.99784
vn 0.04014 -0.15214 0.98754
vn -0.97945 -0.0165 0.20101
vn -0.99593 -0.01643 0.08864
vn -0.99174 -0.05196 0.1173
vn -0.61909 -0.48834 0.61503
vn -0.62734 -0.44498 0.63909
vn -0.63751 -0.46891 0.61131
vn -0.94517 -0.05616 0.32173
vn -0.84829 0.09004 0.52182
vn -0.8894 0.2543 0.37987
vn 0.27387 0.47856 0.83425
vn 0.28169 0.37874 0.88159
vn 0.39737 0.35749 0.84516
vn -0.01514 -0.15386 0.98798
vn 0.04523 -0.08967 0.99494
vn -0.0278 0.03821 0.99888
vn -0.253 0.72353 0.64226
vn -0.29529 0.69387 0.65677
vn -0.28063 0.68785 0.66941
vn 0.5315 0.57564 0.62141
vn 0.45615 0.5255 0.71818
vn 0.51254 0.48608 0.70784
vn -0.67468 0.269 0.68735
vn -0.60402 0.25719 0.75433
vn -0.60595 0.31335 0.73119
vn 8E-05 -0.11032 0.9939
vn 0.13081 -0.14353 0.98096
vn 0.03372 -0.00151 0.99943
vn 0.15108 -0.7968 0.58506
vn 0.26836 -0.68223 0.6801
vn 0.2594 -0.61283 0.74642
vn -0.71308 -0.07934 0.69658
vn -0.78538 -0.16573 0.59641
vn -0.75108 -0.2329 0.61777
vn -0.01129 0.99851 0.05331
vn 0.14048 0.98974 0.02603
vn 0.01201 0.99974 0.01917
vn 0.85922 0.48023 -0.17643
vn 0.8925 0.44681 -0.06168
vn 0.92593 0.37142 -0.06855
vn -0.00365 -0.4798 0.87737
vn 0.03008 -0.35616 0.93394
vn -0.14831 -0.42744 0.8918
vn 0.08729 -0.55626 0.82641
vn 0.22091 -0.48857 0.84409
vn 0.15613 -0.44064 0.884
vn -0.80943 0.06361 0.58376
vn -0.83077 0.22292 0.51002
vn -0.90925 0.04069 0.41425
vn -0.85751 -0.48436 0.1734
vn -0.92065 -0.22135 0.32156
vn -0.88061 -0.44568 0.16095
vn 0.99626 -0.08591 -0.00877
vn 0.99889 0.00958 -0.04618
vn 0.97426 -0.09987 0.2021
vn -0.4787 -0.60064 0.64038
vn -0.45 -0.60691 0.6551
vn -0.46895 -0.50878 0.72196
vn 0.01801 -0.78376 0.62081
vn 0.03297 -0.73874 0.67318
vn -0.00259 -0.75953 0.65047
vn -0.26165 -0.68137 0.68357
vn -0.16037 -0.71099 0.68467
vn -0.24267 -0.63588 0.73264
vn -0.56959 0.64471 0.50982
vn 0.02107 0.92594 0.37708
vn -0.13085 0.95259 0.2747
vn -0.87312 0.48701 0.02191
vn -0.79567 0.59709 0.10198
vn -0.76581 0.64296 -0.01161
vn 0.06233 -0.99614 -0.0618
vn -0.00636 -0.99977 0.02054
vn -0.09688 -0.98579 -0.13726
vn 0.53907 -0.0407 0.84128
vn 0.5878 0.03451 0.80827
vn 0.34424 -0.11574 0.93172
vn -0.05362 0.64314 0.76387
vn -0.10956 0.66634 0.73756
vn -0.09699 0.61979 0.77875
vn 0.41812 0.48583 0.76756
vn 0.38802 0.49356 0.77836
vn 0.38085 0.43103 0.81803
vn -0.08808 0.72529 0.68279
vn -0.08902 0.64808 0.75635
vn -0.0436 0.69043 0.72208
vn -0.18877 -0.26201 0.94642
vn -0.34963 -0.2288 0.90852
vn -0.28532 -0.34768 0.89315
vn -0.90531 0.03569 0.42324
vn -0.82264 0.02325 0.56808
vn -0.89145 0.11416 0.43849
vn 0.42325 -0.02032 0.90579
vn 0.37618 0.05943 0.92464
vn 0.42647 -0.10459 0.89843
vn -0.34265 -0.30532 0.88847
vn -0.16761 -0.35359 0.92026
vn -0.19189 -0.2843 0.93934
vn 0.9577 0.05954 0.28155
vn 0.97578 0.03407 0.21608
vn 0.96988 0.09881 0.22265
vn -0.72307 -0.50166 0.47487
vn -0.69314 -0.50253 0.51674
vn -0.71189 -0.47962 0.513
vn -0.85905 -0.38234 0.34036
vn -0.85519 -0.36134 0.37161
vn -0.86232 -0.28205 0.42054
vn 0.56738 -0.49493 0.65812
vn 0.66411 -0.36241 0.65392
vn 0.52154 -0.46835 0.7132
vn 0.13521 -0.72683 0.67338
vn 0.27461 -0.48104 0.83258
vn -0.18274 -0.1444 0.9725
vn -0.99607 -0.0728 -0.05041
vn -0.99096 -0.08713 0.10198
vn -0.98923 0.13928 -0.04492
vn 0.01019 0.96813 0.25022
vn 0.01557 0.98136 0.19154
vn -0.02965 0.98255 0.18363
vn -0.96634 -0.18641 0.17734
vn -0.97686 -0.17398 0.12443
vn -0.95399 -0.27566 0.11797
vn 0.96237 0.24863 -0.1097
vn 0.95488 0.24518 -0.1676
vn 0.92579 0.32843 -0.1872
vn 0.21748 -0.96737 -0.12998
vn 0.16815 -0.98575 0.00458
vn 0.05742 -0.97638 -0.20827
vn 0.31667 0.13916 0.93827
vn 0.35212 0.07548 0.93291
vn 0.40581 0.10961 0.90736
vn 0.3771 -0.3539 0.85589
vn 0.34075 -0.28495 0.89593
vn 0.27423 -0.3238 0.90551
vn 0.02273 0.56401 0.82545
vn 0.11048 0.51636 0.84922
vn 0.12313 0.57036 0.81211
vn 0.78673 0.31688 0.52975
vn 0.65557 0.42097 0.6269
vn 0.56515 0.30237 0.76758
vn -0.28994 -0.02649 0.95668
vn -0.18136 -0.05424 0.98192
vn -0.16779 0.08718 0.98196
vn -0.24205 -0.27958 0.92911
vn -0.25797 -0.17866 0.94949
vn -0.3625 -0.2928 0.8848
vn 0.17752 -0.27317 0.94544
vn 0.33968 -0.06625 0.9382
vn 0.10235 -0.2093 0.97248
vn 0.30818 -0.00524 0.95131
vn 0.09299 0.17923 0.9794
vn 0.00559 0.07468 0.99719
vn 0.47258 -0.79025 0.3901
vn 0.53709 -0.61547 0.57683
vn 0.3007 -0.62489 0.72048
vn -0.91213 0.192 0.36216
vn -0.93863 0.05728 0.34013
vn -0.87957 0.14673 0.45257
vn 0.2829 0.24474 0.9274
vn 0.25266 0.16224 0.95386
vn 0.3978 0.26197 0.87928
vn -0.22825 0.97085 0.07316
vn 0.02892 0.99756 0.06354
vn 0.06423 0.99497 -0.07688
vn -0.79466 -0.60286 -0.07122
vn -0.77326 -0.63331 -0.03141
vn -0.81306 -0.58136 -0.03089
vn -0.43065 -0.89283 0.13187
vn -0.38154 -0.91473 0.13302
vn -0.40977 -0.86627 0.28576
vn -0.09024 0.39334 0.91495
vn -0.0885 0.48208 0.87164
vn -0.1194 0.41209 0.90329
vn 0.2815 0.02285 0.95929
vn 0.26868 -0.07949 0.95995
vn 0.34432 0.04873 0.93759
vn -0.8367 0.22005 0.50151
vn -0.81657 0.06866 0.57315
vn -0.81289 0.20621 0.54468
vn -0.05977 0.99033 -0.12519
vn -0.03119 0.99032 0.13524
vn -0.01826 0.99806 0.05945
vn -0.24663 0.95447 0.16783
vn -0.52076 0.83606 0.17267
vn -0.19725 0.85566 0.47848
vn 0.24363 0.96255 -0.11888
vn 0.33588 0.9418 0.01368
vn 0.32773 0.93752 -0.11682
vn -0.68258 0.71436 -0.15421
vn -0.70447 0.70331 -0.09526
vn -0.64604 0.75181 -0.13192
vn 0.36601 0.42713 0.8268
vn 0.18952 0.39448 0.89915
vn 0.36664 0.31776 0.87442
vn -0.19634 0.76508 0.61327
vn -0.19379 0.82311 0.53379
vn -0.23477 0.77158 0.59122
vn -0.99585 -0.01121 0.09029
vn -0.94913 0.02394 0.31396
vn -0.99397 0.08604 0.06799
vn 0.3252 -0.1401 0.93521
vn 0.40581 -0.13513 0.90392
vn 0.30212 -0.02295 0.95299
vn -0.805 -0.38637 0.45021
vn -0.76855 -0.25606 0.58632
vn -0.82886 -0.28978 0.47856
vn 0.87135 -0.44543 -0.20579
vn 0.94364 -0.20285 -0.26152
vn 0.99318 -0.06025 -0.09978
vn 0.57045 -0.09142 0.81623
vn 0.61568 -0.01777 0.7878
vn 0.50339 0.02935 0.86356
vn 0.99647 -0.03009 -0.07836
vn 0.98102 -0.19371 -0.00884
vn 0.96123 -0.23789 -0.13943
vn 0.16628 -0.97357 -0.15659
vn 0.03845 -0.98472 0.16987
vn -0.13739 -0.98637 -0.0906
vn -0.27527 0.95917 0.0649
vn -0.21564 0.97364 0.07429
vn -0.21477 0.97573 0.04277
vn -0.98705 0.07388 -0.1424
vn -0.99517 0.09659 -0.01746
vn -0.98246 0.13216 -0.13159
vn 0.92192 -0.37855 0.08222
vn 0.93447 -0.33826 0.11111
vn 0.91819 -0.37418 0.13009
vn 0.92284 -0.31195 -0.22593
vn 0.95869 -0.15933 -0.23562
vn 0.95576 -0.21909 -0.19625
vn -0.1726 -0.16952 0.97029
vn -0.07445 -0.14163 0.98712
vn -0.08479 -0.07597 0.9935
vn -0.21501 0.38615 0.89703
vn -0.30506 0.32693 0.89446
vn -0.24515 0.33662 0.90917
vn -0.26185 -0.7238 0.6384
vn -0.08209 -0.64448 0.76021
vn -0.27115 -0.66608 0.69485
vn -0.72677 0.01893 0.68662
vn -0.68091 0.00852 0.73232
vn -0.7175 0.09772 0.68967
vn 0.85577 -0.2059 0.47463
vn 0.90114 -0.21878 0.37429
vn 0.91524 -0.0035 0.4029
vn -0.52368 -0.06789 0.84921
vn -0.48735 0.03349 0.87257
vn -0.53849 0.07495 0.83929
vn -0.79563 0.24365 0.55462
vn -0.81555 0.06184 0.57538
vn -0.69155 0.39484 0.60486
vn -0.95737 0.05534 -0.28351
vn -0.95725 -0.044 -0.28591
vn -0.99837 -0.04019 -0.0405
vn -0.92017 -0.04725 -0.38866
vn -0.91661 -0.30174 -0.26226
vn -0.87449 0.3844 -0.29581
vn -0.98241 0.09577 0.1603
vn -0.9009 0.43212 0.04059
vn -0.91585 0.19545 -0.35074
vn -0.32873 -0.16594 0.92973
vn -0.26504 -0.06927 0.96174
vn -0.27508 -0.02244 0.96116
vn -0.71586 -0.30044 0.63031
vn -0.70876 -0.25794 0.6566
vn -0.79726 -0.31301 0.51614
vn -0.19645 0.97961 0.0422
vn -0.23917 0.97 0.04348
vn -0.2519 0.9651 0.07166
vn 0.90336 0.35271 0.244
vn 0.9425 0.31241 0.11877
vn 0.92829 0.35719 0.1034
vn -0.83569 0.54878 0.02167
vn -0.84749 0.51862 0.11313
vn -0.80884 0.58787 0.01397
vn -0.72221 -0.6169 -0.3128
vn -0.68887 -0.65142 -0.31798
vn -0.71323 -0.64987 -0.26261
vn -0.72979 -0.66415 0.16217
vn -0.87563 -0.47038 0.10961
vn -0.82366 -0.55872 0.09702
vn -0.11461 0.08851 0.98946
vn -0.06581 0.06118 0.99595
vn -0.05883 0.09108 0.9941
vn 0.41697 0.35946 0.83482
vn 0.36499 0.32425 0.87272
vn 0.43545 0.35611 0.82678
vn -0.27661 -0.45309 0.84746
vn -0.16218 -0.46375 0.871
vn -0.18577 -0.34528 0.91993
vn -0.66511 0.31156 0.67865
vn -0.64206 0.21598 0.73561
vn -0.55986 0.31215 0.76754
vn -0.5111 0.02343 0.8592
vn -0.51651 -0.04634 0.85502
vn -0.44985 -0.02359 0.89279
vn 0.09059 -0.67465 0.73255
vn 0.22493 -0.67343 0.7042
vn 0.21085 -0.62895 0.74831
vn 0.18453 -0.48274 0.8561
vn 0.27856 -0.44895 0.84903
vn 0.21594 -0.31733 0.9234
vn 0.96875 0.19405 0.15448
vn 0.93997 0.30635 0.15036
vn 0.95383 0.21672 0.20793
vn -0.96977 -0.05746 -0.23717
vn -0.97312 -0.11995 0.19662
vn -0.97314 0.02812 -0.2285
vn 0.34531 -0.12276 0.93043
vn 0.23585 -0.10971 0.96558
vn 0.37601 -0.18169 0.90863
vn 0.99555 0.07654 0.05492
vn 0.9733 0.16247 -0.16213
vn 0.94635 0.31124 -0.08695
vn -0.04884 0.81231 0.58118
vn -0.30339 0.78248 0.54377
vn -0.12436 0.78709 0.60417
vn -0.99294 -0.09165 0.07532
vn -0.98473 0.15847 0.07208
vn -0.98597 0.0413 -0.16171
vn -0.68896 0.72472 -0.01082
vn -0.6625 0.74713 0.05376
vn -0.62177 0.78201 -0.0431
vn 0.14976 -0.67086 0.7263
vn 0.43718 -0.63734 0.63456
vn 0.3354 -0.58817 0.73591
vn 0.5307 -0.4209 0.73567
vn 0.68904 -0.21851 0.691
vn 0.44406 -0.17259 0.87921
vn 0.49628 -0.83499 0.23771
vn 0.24041 -0.92906 0.28116
vn 0.30199 -0.93679 0.17673
vn 0.87484 -0.24666 0.41691
vn 0.91454 -0.15117 0.37518
vn 0.85953 -0.1725 0.48109
vn -0.38611 -0.72275 0.5732
vn -0.28627 -0.67559 0.67943
vn -0.42927 -0.66942 0.6063
vn -0.27277 -0.19186 0.94275
vn -0.16866 -0.16581 0.97163
vn -0.23334 -0.11814 0.96519
vn -0.61737 -0.05815 0.78452
vn -0.63741 -0.15666 0.75443
vn -0.551 -0.02761 0.83405
vn -0.61139 0.08225 0.78704
vn -0.53037 0.12388 0.83867
vn -0.53669 0.15813 0.82883
vn 0.02347 -0.51029 0.85968
vn 0.08122 -0.42 0.90388
vn -0.03607 -0.43998 0.89728
vn -0.99129 -0.09083 0.09535
vn -0.87536 0.46801 0.1213
vn -0.94906 0.31395 -0.02672
vn -0.96233 -0.21394 0.16778
vn -0.99693 0.07356 0.02665
vn -0.99271 -0.12002 -0.01086
vn 0.26974 0.00789 0.9629
vn 0.20137 -0.14219 0.96914
vn 0.26792 -0.04822 0.96223
vn -0.66427 -0.43134 -0.61049
vn -0.64211 -0.3945 -0.65732
vn -0.62278 -0.41971 -0.6603
vn 0.92898 0.32104 0.18421
vn 0.99012 0.11562 0.07936
vn 0.95587 0.28651 0.06493
vn -0.16999 0.80856 0.56333
vn -0.327 0.83309 0.44614
vn -0.2043 0.7222 0.66082
vn -0.23713 0.91657 0.32197
vn -0.1011 0.88895 0.44672
vn -0.05958 0.91398 0.40137
vn -0.91269 0.38442 -0.13863
vn -0.94676 0.28739 -0.1451
vn -0.89524 0.44429 0.03398
vn -0.92901 0.34142 -0.14273
vn -0.94829 0.31436 0.04391
vn -0.91216 0.40805 -0.03823
vn -0.67423 0.10796 0.73059
vn -0.43228 -0.23786 0.8698
vn -0.60238 0.26551 0.75276
vn -0.06627 -0.43711 0.89696
vn -0.11407 -0.19622 0.9739
vn -0.25756 -0.349 0.90103
vn -0.23022 0.95311 0.19642
vn -0.2238 0.96003 0.16811
vn -0.27493 0.94505 0.17691
vn -0.37397 0.50733 0.77638
vn -0.30301 0.49765 0.81273
vn -0.3845 0.54847 0.74252
vn -0.215 0.58821 0.77961
vn -0.15457 0.68584 0.71115
vn -0.26805 0.64275 0.71765
vn -0.48505 -0.21924 0.84656
vn -0.49059 -0.15928 0.85671
vn -0.54974 -0.21179 0.80804
vn 0.28421 -0.16554 0.94436
vn 0.32574 -0.00964 0.94541
vn 0.19407 -0.07108 0.97841
vn -0.24443 0.31948 0.91553
vn -0.21039 0.38465 0.89876
vn -0.25089 0.41565 0.87424
vn -0.66313 0.12986 0.73715
vn -0.658 0.06506 0.7502
vn -0.30748 -0.05733 0.94983
vn -0.91032 -0.31676 0.26644
vn -0.90356 -0.2409 0.35432
vn -0.92998 -0.31928 0.18219
vn -0.32563 0.93934 0.10772
vn -0.00586 0.99932 0.03646
vn -0.1517 0.98833 0.01381
vn -0.20326 0.97867 -0.02984
vn -0.14477 0.97601 0.16264
vn -0.17763 0.98394 -0.01743
vn -0.00538 -0.44688 0.89458
vn 0.03987 -0.29571 0.95445
vn -0.01942 -0.15327 0.98799
vn -0.73917 -0.26388 0.61967
vn -0.75862 -0.32828 0.56279
vn -0.60549 -0.32575 0.72613
vn -0.73811 -0.25405 0.62502
vn -0.8076 0.02761 0.58908
vn -0.86202 -0.11169 0.49442
vn 0.5245 0.31866 0.78953
vn 0.4813 0.24455 0.84175
vn 0.57055 0.19605 0.79752
vn 0.26517 0.9566 0.12081
vn 0.11178 0.96851 -0.22247
vn -0.11276 0.98621 0.12117
vn 0.99893 0.03603 -0.02906
vn 0.98847 -0.14605 -0.03999
vn 0.99101 -0.04183 -0.12708
vn -0.18697 0.0843 0.97874
vn -0.10691 0.10438 0.98877
vn -0.15243 0.15668 0.97582
vn -0.40096 0.90611 0.13486
vn -0.20582 0.96189 0.18
vn -0.38035 0.91796 0.11261
vn -0.52299 -0.55239 0.64911
vn -0.29731 -0.46783 0.83231
vn -0.50335 -0.46795 0.7264
vn -0.22258 -0.13431 0.96562
vn -0.18552 -0.16584 0.96854
vn -0.2077 -0.08002 0.97491
vn -0.62357 -0.07037 0.77859
vn -0.62106 -0.1619 0.76686
vn -0.58915 -0.00779 0.80798
vn 0.90676 0.32057 -0.27389
vn 0.87251 0.412 -0.26265
vn 0.90327 0.39678 -0.16332
vn -0.03946 0.86064 0.50769
vn 0.06505 0.99108 -0.11628
vn -0.03796 0.99916 -0.01516
vn 0.73808 -0.67472 0.00068
vn 0.71582 -0.69449 0.07266
vn 0.65996 -0.74839 0.06611
vn 0.33018 0.94339 0.03161
vn 0.42295 0.90429 -0.05814
vn 0.35875 0.92825 -0.09825
vn -0.60583 0.22359 0.76353
vn -0.59516 0.23229 0.7693
vn -0.62266 0.27983 0.73075
vn -0.11739 0.8075 0.57806
vn -0.2094 0.75144 0.62569
vn -0.14837 0.75631 0.63717
vn -0.20084 0.9773 0.0674
vn -0.25795 0.96501 0.04701
vn -0.31447 0.94304 0.10852
vn -0.46227 0.0255 0.88637
vn -0.53247 0.01646 0.84629
vn -0.4016 -0.04312 0.9148
vn -0.62953 -0.18049 0.75572
vn -0.60998 -0.24354 0.75407
vn -0.48923 -0.24464 0.83714
vn 0.98359 0.11996 0.13476
vn 0.9653 0.21741 0.14466
vn 0.95221 0.22408 0.20755
vn 0.94319 -0.12997 0.30579
vn 0.94216 0.03812 0.33299
vn 0.93257 -0.03123 0.35963
vn -0.17329 -0.44997 0.87607
vn -0.09267 -0.36769 0.92532
vn -0.31581 -0.23087 0.92031
vn -0.84207 -0.12172 -0.52546
vn -0.81309 -0.42331 -0.39963
vn -0.87525 -0.18991 -0.44482
vn -0.77822 -0.52166 -0.34963
vn -0.87212 -0.38288 -0.30466
vn -0.85792 -0.37883 -0.34707
vn 0.21611 -0.06516 0.97419
vn 0.27699 0.02621 0.96051
vn 0.21671 0.05014 0.97495
vn 0.27404 -0.8313 0.48357
vn 0.30723 -0.80669 0.50484
vn 0.2895 -0.73928 0.608
vn -0.00702 0.98596 0.16682
vn 0.18916 0.97536 0.11355
vn -0.15954 0.96153 -0.22362
vn -0.85693 0.50192 0.11723
vn -0.93678 0.32756 0.12306
vn -0.78033 0.48151 0.39904
vn -0.90155 0.34685 -0.25867
vn -0.86765 0.45501 -0.20038
vn -0.85275 0.40198 -0.33351
vn -0.78824 -0.43859 -0.43164
vn -0.82529 -0.2771 -0.49204
vn -0.80368 -0.27097 -0.52979
vn -0.15338 0.32391 0.93357
vn -0.04527 0.23734 0.97037
vn -0.09456 0.32414 0.94127
vn 0.1966 0.74546 0.6369
vn 0.16037 0.68557 0.71012
vn 0.22449 0.70584 0.67186
vn 0.88827 0.24363 0.38938
vn 0.93175 0.02928 0.36192
vn 0.94312 0.17488 0.28275
vn 0.01982 -0.8996 0.43626
vn 0.10491 -0.8701 0.48158
vn 0.11796 -0.72611 0.67738
vn 0.965 0.21089 0.15587
vn 0.96524 0.25974 0.02902
vn 0.92387 0.32932 0.19494
vn -0.06758 -0.08985 0.99366
vn -0.05896 0.10859 0.99234
vn -0.20772 -0.18799 0.95995
vn 0.14408 -0.11253 0.98315
vn 0.28736 0.01032 0.95777
vn -0.04953 -0.14306 0.98847
vn 0.9987 -0.00314 -0.05096
vn 0.98953 0.0063 -0.14416
vn 0.99597 0.08957 -0.00356
vn 0.94484 0.11162 -0.30791
vn 0.91594 0.15174 -0.37153
vn 0.87722 0.27554 -0.39315
vn 0.094 -0.21306 0.97251
vn 0.12236 -0.26716 0.95585
vn 0.16524 0.0109 0.98619
vn -0.59033 -0.50694 0.62811
vn -0.4879 -0.4749 0.73241
vn -0.60627 -0.48612 0.62939
vn -0.39995 -0.72542 0.56017
vn -0.47934 -0.59137 0.64847
vn -0.494 -0.76473 0.4137
vn -0.93065 0.03954 0.36377
vn -0.95858 0.15306 0.2402
vn -0.99506 0.05383 0.08337
vn 0.80207 -0.5643 -0.19559
vn 0.79609 -0.58224 -0.16505
vn 0.78459 -0.50076 -0.36559
vn -0.96856 -0.03355 -0.24649
vn -0.93754 -0.04063 -0.34551
vn -0.97963 -0.15814 -0.12375
vn -0.19226 0.0179 0.98118
vn -0.12919 0.01417 0.99152
vn -0.0936 0.05022 0.99434
vn -0.39601 -0.44647 0.8024
vn -0.31135 -0.50048 0.80782
vn -0.12035 -0.19245 0.9739
vn 0.58181 -0.25534 0.7722
vn 0.58865 -0.16239 0.79191
vn 0.50039 -0.18327 0.84618
vn 0.48529 -0.85177 0.19742
vn 0.22742 -0.96486 0.13163
vn 0.4921 -0.8627 0.11654
vn 0.57846 0.7205 0.38245
vn 0.40256 0.79589 0.45223
vn 0.47262 0.65331 0.59146
vn 0.93362 0.27055 0.23486
vn 0.98206 0.17834 0.06122
vn 0.95019 0.27623 0.14434
vn -0.62152 -0.49916 0.60378
vn -0.45387 -0.16383 0.87588
vn -0.79803 -0.31254 0.51523
vn 0.94776 0.20699 0.24271
vn 0.97296 0.17935 0.14551
vn 0.93873 0.29495 0.17829
vn 0.17617 0.09928 0.97934
vn -0.08953 0.08554 0.9923
vn -0.04467 -0.01059 0.99895
vn -0.85786 -0.02619 0.51322
vn -0.82961 -0.29141 0.47627
vn -0.77224 -0.12768 0.62237
vn 0.82531 0.50237 -0.25785
vn 0.87028 0.39858 -0.28939
vn 0.80887 0.47388 -0.34808
vn 0.69808 -0.46563 -0.54394
vn 0.6414 -0.62995 -0.43791
vn 0.63138 -0.5857 -0.50824
vn -0.365 -0.84864 0.38287
vn -0.28758 -0.80637 0.51678
vn -0.42172 -0.73702 0.52817
vn -0.07447 0.31719 0.94543
vn -0.04244 0.28643 0.95716
vn -0.01479 0.31108 0.95027
vn 0.03812 0.28796 0.95688
vn 0.0531 0.26166 0.9637
vn 0.06495 0.31344 0.94738
vn -0.24912 0.01579 0.96834
vn -0.1607 0.00485 0.98699
vn -0.24772 0.10383 0.96325
vn 0.27924 0.57969 0.7655
vn 0.36215 0.59639 0.71635
vn 0.33968 0.6686 0.6615
vn -0.28711 0.93497 0.20834
vn -0.2347 0.97029 0.05872
vn -0.30332 0.9522 0.03624
vn -0.40077 -0.39679 0.8258
vn -0.54123 -0.08411 0.83666
vn -0.61124 -0.2134 0.76213
vn -0.04321 -0.35763 0.93286
vn 0.0356 -0.26787 0.9628
vn -0.03178 -0.21744 0.97556
vn -0.34886 -0.15659 0.924
vn -0.11665 -0.03044 0.99271
vn -0.51935 0.25319 0.81619
vn -0.88809 -0.24424 -0.38941
vn -0.87153 -0.27539 -0.4057
vn -0.89636 -0.28144 -0.34253
vn -0.6469 -0.48891 -0.58523
vn -0.68969 -0.40549 -0.59992
vn -0.64249 -0.44147 -0.62635
vn 0.6016 0.17481 0.77943
vn 0.64536 0.25211 0.72107
vn 0.55376 0.23585 0.79858
vn 0.84924 0.43649 0.29709
vn 0.83352 0.52977 0.15681
vn 0.8209 0.53001 0.21264
vn 0.89799 -0.11584 0.42449
vn 0.82937 0.16422 0.53402
vn 0.42661 0.1441 0.89288
vn 0.00338 0.99316 0.11675
vn -0.0048 0.9667 -0.25587
vn -0.15126 0.94748 0.28177
vn -0.22559 0.04208 0.97331
vn -0.15028 0.14245 0.97833
vn -0.26375 0.12774 0.95609
vn -0.43477 0.04278 0.89953
vn -0.39898 0.16428 0.90212
vn -0.44473 0.1417 0.88439
vn 0.65805 0.00474 0.75296
vn 0.55757 0.04354 0.82899
vn 0.58169 -0.07786 0.80968
vn 0.43074 -0.5127 0.7427
vn 0.37219 -0.49249 0.78672
vn 0.3463 -0.5473 0.76193
vn -0.53071 -0.23634 0.81393
vn -0.56437 -0.19745 0.80156
vn -0.63636 -0.21329 0.74132
vn -0.64842 0.59185 0.47881
vn -0.75358 0.43076 0.49655
vn -0.7029 0.44785 0.55259
vn 0.33302 -0.39548 0.85597
vn 0.17489 -0.57723 0.79763
vn 0.3563 -0.57863 0.73365
vn -0.80837 0.09477 0.581
vn -0.48103 -0.25302 0.8394
vn -0.75173 0.14068 0.64429
vn 0.78211 0.16477 0.60096
vn 0.85563 0.06253 0.51379
vn 0.8375 0.16987 0.51936
vn -0.97866 0.13091 0.15836
vn -0.9853 0.07146 0.15517
vn -0.95645 0.19159 0.2202
vn 0.41556 -0.85689 0.30505
vn 0.61694 -0.66578 0.41967
vn 0.53633 -0.63697 0.55373
vn 0.96827 0.00962 0.24973
vn 0.9056 0.33999 0.25357
vn 0.76989 0.27975 0.57359
vn -0.80501 0.0195 0.59294
vn -0.8264 -0.20291 0.52525
vn -0.74977 -0.06458 0.65854
vn 0.91699 0.25551 0.30633
vn 0.88787 0.36212 0.28382
vn 0.89015 0.28565 0.35502
vn -0.29545 0.66929 0.68174
vn -0.15887 0.63345 0.7573
vn 0.0486 0.79574 0.60368
vn 0.99835 0.05724 0.00379
vn 0.98959 0.07072 -0.12535
vn 0.99138 0.10915 -0.07255
vn -0.76225 -0.50075 0.41015
vn -0.6927 -0.56569 0.44739
vn -0.76701 -0.35072 0.5373
vn 0.4885 -0.6493 0.5829
vn 0.40785 -0.64254 0.64869
vn 0.31719 -0.79666 0.5145
vn -0.04091 0.23076 0.97215
vn -0.00351 0.22113 0.97524
vn -0.0205 0.26388 0.96434
vn -0.17799 0.16267 0.97049
vn -0.15117 0.12385 0.98072
vn -0.12556 0.33198 0.93489
vn -0.16749 0.2187 0.96131
vn 0.01209 0.15526 0.9878
vn 0.06845 0.32718 0.94248
vn -0.06813 0.82424 0.56213
vn -0.19648 0.88561 0.42082
vn -0.38035 0.79796 0.46754
vn -0.55788 0.56857 0.60456
vn -0.60217 0.35595 0.71463
vn -0.49124 0.4 0.77375
vn -0.51333 -0.49462 0.70132
vn -0.25767 -0.22583 0.93947
vn -0.25525 -0.09252 0.96244
vn -0.85269 -0.23069 -0.46872
vn -0.74977 -0.30383 -0.58782
vn -0.83852 -0.30686 -0.45025
vn -0.94878 0.13049 0.28772
vn -0.88225 0.10519 0.45888
vn -0.88846 0.17062 0.42605
vn 0.60011 -0.08214 0.79569
vn 0.58783 0.36671 0.7211
vn 0.51634 0.31082 0.79798
vn -0.22367 0.96326 0.14866
vn -0.19306 0.95552 0.22294
vn -0.19132 0.97926 0.06664
vn 0.09516 0.95406 -0.2841
vn 0.13615 0.93564 -0.32565
vn 0.08207 0.91955 -0.3843
vn -0.46865 0.08967 0.87882
vn -0.43073 0.06141 0.90039
vn -0.45276 0.10999 0.88482
vn -0.24004 0.96778 0.07599
vn -0.1847 0.96698 0.17559
vn -0.18416 0.98219 0.03732
vn 0.65323 0.35449 0.66905
vn 0.62447 0.37199 0.68677
vn 0.55748 0.31484 0.76818
vn -0.21435 0.82796 0.51821
vn -0.15284 0.88174 0.4463
vn -0.19835 0.8792 0.4332
vn -0.30468 0.65871 0.68795
vn -0.4206 0.65242 0.63044
vn -0.33972 0.6261 0.70185
vn -0.58548 -0.32961 0.74065
vn -0.53777 -0.27796 0.79596
vn -0.61772 -0.19806 0.76105
vn 0.94296 0.18199 0.27875
vn 0.98757 0.11446 0.10776
vn 0.91953 0.32604 0.21947
vn 0.92861 -0.01043 0.37092
vn 0.89721 0.13167 0.42152
vn 0.89771 -0.05369 0.4373
vn -0.69143 0.17283 0.70147
vn -0.68675 -0.3414 0.64173
vn -0.58887 0.25304 0.7676
vn -0.01171 -0.76598 0.64275
vn 0.07783 -0.32628 0.94206
vn -0.21658 -0.06417 0.97415
vn 0.93417 0.23283 -0.27041
vn 0.94332 0.11418 -0.31164
vn 0.88277 0.20275 -0.4238
vn 0.8353 0.43191 -0.3402
vn 0.90221 0.30615 -0.30381
vn 0.89013 0.23485 -0.39052
vn -0.16175 -0.34033 0.92629
vn 0.14835 -0.42104 0.89483
vn 0.15768 -0.06666 0.98524
vn -0.77497 -0.31106 0.55015
vn -0.63906 -0.56905 0.51749
vn -0.72428 -0.23707 0.64747
vn 0.8756 -0.46629 -0.12605
vn 0.88149 -0.46905 -0.05442
vn 0.85563 -0.49845 -0.13942
vn 0.97339 -0.22878 -0.01293
vn 0.91949 -0.39164 -0.03402
vn 0.92061 -0.37403 -0.11211
vn 0.94733 -0.00702 -0.3202
vn 0.9392 -0.04242 -0.34074
vn 0.90553 -0.0607 -0.41991
vn -0.64493 -0.69341 -0.32132
vn -0.68208 -0.66687 -0.30009
vn -0.6627 -0.66151 -0.35105
vn -0.73961 -0.59124 -0.32156
vn -0.82616 -0.50043 -0.25891
vn -0.71692 -0.58935 -0.37241
vn 0.10345 0.20603 0.97306
vn -0.01834 0.21816 0.97574
vn 0.09143 0.17555 0.98022
vn -0.39333 0.64332 0.65683
vn -0.3039 0.66404 0.68315
vn -0.35946 0.71008 0.60545
vn 0.9771 -0.0539 0.20585
vn 0.96249 0.0286 0.2698
vn 0.90667 0.07349 0.41539
vn 0.80403 0.34317 -0.48556
vn 0.7529 0.28329 -0.59405
vn 0.73961 0.42775 -0.51962
vn 0.7667 0.27328 0.58094
vn 0.76153 0.34551 0.54836
vn 0.72105 0.4121 0.55702
vn 0.64882 -0.68754 0.32607
vn 0.71847 -0.51004 0.47292
vn 0.61213 -0.65674 0.44045
vn 0.11474 -0.68573 0.71876
vn 0.50106 -0.47457 0.72369
vn 0.04563 -0.60499 0.79492
vn -0.18351 0.63645 0.74917
vn -0.18462 0.54088 0.82059
vn -0.05036 0.83155 0.55316
vn -0.09345 0.97184 0.21631
vn 0.0261 0.98536 0.16846
vn -0.10366 0.98846 0.11047
vn -0.22051 0.96923 0.10945
vn -0.10028 0.98318 0.15262
vn -0.17806 0.94756 -0.26538
vn -0.7506 0.39544 0.52936
vn -0.91834 0.33809 0.20578
vn -0.81673 0.2576 0.51633
vn 0.16289 -0.9844 0.06646
vn -0.0962 -0.9952 -0.01794
vn -0.07566 -0.98645 -0.14555
vn -0.07574 0.96456 -0.25277
vn -0.02427 0.97232 -0.23238
vn -0.05961 0.93871 -0.33951
vn 0.19598 0.97202 -0.12953
vn 0.31171 0.93458 -0.17147
vn 0.30677 0.9228 -0.23309
vn 0.81633 0.50719 -0.27634
vn 0.84273 0.47513 -0.2531
vn 0.84656 0.42407 -0.32172
vn 0.98721 0.12033 -0.10458
vn 0.9946 0.07018 0.07643
vn 0.99754 -0.00592 -0.06991
vn -0.9289 -0.21351 -0.30258
vn -0.9066 -0.24645 -0.34255
vn -0.84222 -0.42381 -0.33324
vn -0.65485 -0.44946 0.60758
vn -0.74157 -0.34753 0.57384
vn -0.67239 -0.56038 0.4836
vn 0.01097 -0.45655 0.88963
vn 0.14941 -0.49047 0.85855
vn 0.05281 -0.21194 0.97585
vn 0.58685 -0.40033 0.70381
vn 0.57928 -0.33297 0.74402
vn 0.51763 -0.39928 0.75673
vn -0.96963 -0.17102 0.17486
vn -0.94915 -0.27331 0.15626
vn -0.93378 -0.29897 0.19667
vn 0.08314 -0.00661 0.99652
vn 0.145 0.02079 0.98921
vn 0.13841 0.07108 0.98782
vn -0.0619 -0.00022 0.99808
vn -0.02054 0.03188 0.99928
vn -0.06378 0.04307 0.99703
vn -0.07954 0.82285 0.56266
vn -0.08591 0.88298 0.46147
vn -0.12202 0.89638 0.42616
vn -0.74508 0.10282 0.659
vn -0.78723 -0.00497 0.61663
vn -0.73278 0.07778 0.67601
vn -0.57592 -0.34332 0.74192
vn -0.59261 -0.11207 0.79765
vn -0.60907 -0.24581 0.75406
vn 0.00634 -0.2648 0.96428
vn -0.13746 -0.35218 0.92578
vn -0.04981 -0.35835 0.93226
vn 0.97828 0.19441 0.07195
vn 0.91466 0.33709 0.2231
vn 0.97277 0.1566 0.17088
vn -0.49181 -0.36312 0.79137
vn -0.19456 -0.02439 0.98059
vn -0.39948 0.06872 0.91416
vn -0.94837 0.17627 0.26369
vn -0.88809 0.23038 0.39778
vn -0.87749 0.31356 0.36289
vn 0.64645 0.57568 0.50069
vn 0.50918 0.63226 0.58394
vn 0.57297 0.58966 0.56922
vn -0.40714 0.68205 0.60749
vn -0.536 0.77932 0.32458
vn -0.59185 0.55829 0.5814
vn 0.87586 -0.43459 0.20977
vn 0.84095 -0.4465 0.30568
vn 0.8611 -0.48112 0.1644
vn -0.41662 0.85836 -0.2994
vn -0.34424 0.87187 -0.34833
vn -0.41775 0.81731 -0.39685
vn -0.64276 0.34983 0.68153
vn -0.52607 0.34943 0.77534
vn -0.54623 0.45358 0.7042
vn 0.77856 0.61017 -0.14676
vn 0.69912 0.69659 -0.16121
vn 0.79359 0.60845 0.00166
vn -0.69186 0.05016 0.72029
vn -0.74243 -0.15497 0.65176
vn -0.64249 -0.10946 0.75843
vn 0.96789 -0.16918 -0.18591
vn 0.92504 -0.36385 -0.10911
vn 0.95019 -0.22171 -0.21904
vn 0.96571 -0.1408 -0.21812
vn 0.93392 -0.03208 -0.35605
vn 0.94199 0.0026 -0.33564
vn 0.23043 0.30218 0.92498
vn 0.25146 0.30119 0.91981
vn 0.23501 0.32056 0.91761
vn 0.23477 -0.72497 0.64753
vn 0.29311 -0.74751 0.59608
vn 0.30973 -0.63832 0.70471
vn 0.14332 -0.79891 0.58413
vn -0.12242 -0.71875 0.68441
vn -0.07383 -0.81016 0.58155
vn 0.13407 0.31673 0.93899
vn 0.15701 0.31723 0.93526
vn 0.11598 0.4154 0.90222
vn 0.59987 0.69968 0.38807
vn 0.49278 0.77971 0.38628
vn 0.53131 0.68745 0.49511
vn -0.38078 0.23739 0.89367
vn -0.28255 0.2458 0.92723
vn -0.4894 0.30305 0.81771
vn -0.31405 0.24537 0.91715
vn -0.54357 0.07492 0.83602
vn -0.39491 -0.00599 0.9187
vn -0.23767 0.18226 0.95409
vn -0.2918 0.07395 0.95362
vn -0.14625 -0.2837 0.94769
vn 0.85124 -0.11455 0.51211
vn 0.71795 0.09693 0.68932
vn 0.73439 -0.14214 0.66368
vn 0.39398 -0.43265 0.81092
vn 0.22158 -0.47948 0.84912
vn 0.28413 -0.63304 0.72009
vn -0.56662 -0.30019 0.76735
vn -0.67946 -0.16531 0.71484
vn -0.71266 -0.29561 0.63618
vn 0.19689 -0.29243 0.9358
vn 0.00212 0.04624 0.99893
vn -0.13155 0.01652 0.99117
vn 0.91876 0.30661 0.24874
vn 0.51339 0.72384 0.46097
vn 0.85507 0.16836 0.49042
vn -0.8159 0.25356 0.51963
vn -0.74336 0.14714 0.65251
vn -0.75971 0.26462 0.59398
vn 0.62565 -0.45246 0.63548
vn 0.69019 -0.18868 0.6986
vn 0.5551 -0.40755 0.7251
vn -0.45585 -0.63118 0.62755
vn -0.4005 -0.58309 0.70682
vn -0.60735 -0.35152 0.71243
vn -0.11119 0.40633 0.90693
vn -0.10454 0.38755 0.9159
vn -0.0079 0.37306 0.92778
vn 0.42563 0.17392 0.88803
vn 0.34009 0.17831 0.92333
vn 0.41272 0.15626 0.89736
vn 0.21505 -0.0691 0.97416
vn 0.22122 0.01919 0.97504
vn 0.20126 0.00879 0.9795
vn -0.59318 -0.64382 0.48336
vn -0.5143 -0.66057 0.54694
vn -0.51155 -0.63822 0.57532
vn -0.68334 0.10552 0.72243
vn -0.8024 0.02043 0.59643
vn -0.66556 -0.04639 0.7449
vn 0.53198 -0.63851 0.55615
vn 0.59364 -0.34986 0.7247
vn 0.1505 -0.36491 0.9188
vn 0.01258 -0.10866 0.994
vn 0.35462 -0.08247 0.93137
vn -0.01286 0.16412 0.98636
vn -0.04188 0.96201 0.26979
vn -0.0724 0.97161 0.22522
vn -0.17314 0.96558 0.19413
vn -0.59912 0.73726 -0.31226
vn -0.6076 0.68713 -0.39834
vn -0.635 0.67763 -0.37094
vn -0.78289 0.30379 0.54296
vn -0.74114 0.16041 0.65191
vn -0.71653 0.30026 0.62962
vn 0.68744 0.72605 -0.01674
vn 0.73049 0.67131 -0.12541
vn 0.7045 0.6922 -0.15663
vn 0.04739 -0.21003 0.97655
vn 0.14522 -0.17045 0.97461
vn 0.01132 -0.12265 0.99238
vn -0.28017 -0.95904 0.0417
vn -0.35665 -0.90891 0.21606
vn -0.48712 -0.84632 0.21555
vn -0.21013 0.89898 0.38431
vn -0.14226 0.79099 0.59506
vn -0.13556 0.8975 0.41967
vn 0.64117 -0.12114 -0.75777
vn 0.42722 -0.10074 -0.89852
vn 0.51822 0.08315 -0.85119
vn -0.69052 -0.34909 0.63349
vn -0.65028 -0.39556 0.64859
vn -0.63014 -0.36422 0.68576
vn 0.57656 -0.23157 0.78355
vn 0.51941 -0.04784 0.85318
vn 0.43838 -0.16895 0.88277
vn 0.70169 -0.70601 0.09581
vn 0.64482 -0.74052 0.1893
vn 0.67524 -0.73229 0.08834
vn 0.29318 0.39819 0.86919
vn 0.22325 0.35597 0.90744
vn 0.43705 0.20193 0.87648
vn -0.10448 0.24203 0.96463
vn -0.06397 0.36513 0.92876
vn -0.13027 0.31527 0.94002
vn -0.01061 -0.07203 0.99735
vn 0.15887 -0.10208 0.98201
vn 0.11555 -0.0427 0.99238
vn 0.077 0.31142 0.94715
vn 0.15906 0.35463 0.92138
vn 0.10208 0.36495 0.92541
vn 0.1458 0.28641 0.94695
vn 0.17456 0.32026 0.93111
vn 0.06815 0.33114 0.94112
vn -0.79125 0.0157 0.61129
vn -0.67447 -0.39804 0.62182
vn -0.66489 -0.08313 0.7423
vn 0.86957 -0.02587 0.49313
vn 0.82425 0.06267 0.56274
vn 0.76973 -0.07684 0.63373
vn 0.83577 0.28933 -0.46666
vn 0.84834 0.19629 -0.49173
vn 0.77346 0.3102 -0.55276
vn -0.85971 -0.4376 -0.26345
vn -0.89153 -0.37392 -0.25567
vn -0.88283 -0.35475 -0.30784
vn -0.83762 0.41229 -0.35834
vn -0.85952 0.42784 -0.2796
vn -0.80881 0.50833 -0.29568
vn 0.67373 -0.36768 0.64102
vn 0.77997 -0.25405 0.57192
vn 0.68995 -0.30555 0.6562
vn 0.94557 0.07769 -0.31602
vn 0.86929 -0.00752 -0.49425
vn 0.8542 0.1419 -0.5002
vn -0.70781 -0.55719 -0.43421
vn -0.72139 -0.4968 -0.48248
vn -0.69262 -0.50332 -0.51667
vn 0.96115 -0.17147 0.21629
vn 0.96774 -0.24551 0.05669
vn 0.96918 -0.09087 0.229
vn 0.09762 0.13824 0.98558
vn 0.15977 0.14522 0.97641
vn 0.15549 0.2314 0.96035
vn 0.25225 -0.07166 0.96501
vn 0.29728 -0.0535 0.95329
vn 0.31643 0.04745 0.94743
vn -0.95018 -0.26508 0.164
vn -0.93052 -0.32498 0.16891
vn -0.94149 -0.26652 0.20631
vn 0.5351 -0.79737 0.27905
vn 0.23931 -0.96683 0.08931
vn 0.49141 -0.86276 0.11898
vn -0.18878 0.95297 0.23707
vn -0.25222 0.88253 0.39691
vn -0.09927 0.9652 0.24195
vn 0.98404 0.17771 -0.00957
vn 0.99636 0.07837 -0.03367
vn 0.96707 0.24476 -0.06975
vn -0.62793 -0.23555 0.74177
vn -0.60587 -0.27027 0.74825
vn -0.53695 -0.2563 0.80374
vn -0.92265 -0.12744 0.36397
vn -0.91819 -0.00039 0.39615
vn -0.93955 -0.03021 0.34108
vn 0.40794 -0.3828 0.82889
vn 0.26992 -0.58743 0.76294
vn 0.4056 -0.47857 0.77875
vn -0.98859 0.08304 0.12566
vn -0.95013 0.1898 0.24744
vn -0.97491 0.20011 0.09748
vn -0.95628 -0.2859 -0.06157
vn -0.92882 -0.3686 -0.03766
vn -0.94317 -0.33225 -0.00667
vn 0.40682 0.11993 -0.9056
vn 0.37504 0.19906 -0.90538
vn 0.58153 0.30614 -0.75373
vn -0.94871 0.31614 0.00194
vn -0.9403 0.32705 0.0942
vn -0.83103 0.52507 0.18354
vn -0.32565 -0.53692 0.77825
vn -0.25133 -0.59344 0.76463
vn -0.12155 -0.37173 0.92035
vn -0.32291 0.89432 0.30971
vn -0.22867 0.95604 0.18354
vn -0.31484 0.94905 -0.01356
vn -0.77207 0.57701 0.2664
vn -0.85948 0.45941 0.22413
vn -0.80522 0.439 0.39863
vn -0.30272 0.1462 0.9418
vn -0.23499 0.20578 0.94997
vn -0.32064 0.17653 0.9306
vn 0.96839 0.07273 0.23862
vn 0.99287 0.0402 0.1122
vn 0.96847 0.11897 0.21891
vn -0.70481 0.12145 0.69893
vn -0.76028 0.08738 0.64369
vn -0.74221 0.06027 0.66746
vn -0.19538 -0.9522 0.23481
vn -0.41964 -0.85268 0.3112
vn -0.19653 -0.96307 0.18407
vn -0.53251 -0.02297 0.84611
vn -0.71766 -0.25672 0.64735
vn -0.43819 -0.13589 0.88855
vn -0.15926 -0.41974 0.89356
vn -0.10211 -0.24513 0.9641
vn -0.25969 -0.20283 0.94415
vn -0.18776 -0.4759 0.85922
vn -0.0496 -0.40166 0.91445
vn -0.18899 -0.32962 0.92501
vn 0.6671 0.21317 -0.71381
vn 0.6472 -0.03925 -0.76131
vn 0.56643 0.02718 -0.82366
vn 0.57429 0.72055 0.38859
vn 0.48789 0.82571 0.28314
vn 0.44333 0.76031 0.47475
vn -0.16282 0.89675 0.4115
vn -0.20776 0.95422 0.21517
vn -0.3414 0.88905 0.305
vn -0.52466 0.1063 0.84465
vn -0.42538 -0.00341 0.90501
vn -0.07457 0.3968 0.91487
vn -0.825 -0.44463 0.34882
vn -0.83913 -0.3728 0.39609
vn -0.9184 -0.33284 0.21389
vn -0.77468 -0.49744 0.39041
vn -0.8468 -0.41486 0.33289
vn -0.78651 -0.56875 0.24068
vn 0.24179 0.36143 0.9005
vn 0.24457 0.44374 0.86214
vn 0.22835 0.43808 0.86945
vn -0.27253 0.16244 0.94834
vn -0.27172 0.19355 0.94271
vn -0.31063 0.15626 0.9376
vn 0.90527 -0.04924 0.42197
vn 0.96707 0.0019 0.2545
vn 0.96009 0.09833 0.26183
vn 0.31755 -0.37762 0.86981
vn 0.16111 -0.33758 0.92741
vn 0.16144 -0.52411 0.83621
vn 0.99884 0.04661 -0.01171
vn 0.98771 0.12428 -0.0948
vn 0.9624 0.26508 0.05925
vn 0.81723 -0.27262 0.50776
vn 0.8668 -0.12571 0.48255
vn 0.79157 -0.12579 0.598
vn 0.67238 0.21314 0.70885
vn 0.58371 0.29747 0.75551
vn 0.57474 0.27475 0.77083
vn -0.14496 0.91858 0.36768
vn -0.03418 0.94152 0.33523
vn -0.13022 0.94871 0.28807
vn -0.89696 0.18199 0.40291
vn -0.89269 0.05468 0.44735
vn -0.8509 0.18135 0.49304
vn 0.96203 -0.21167 -0.17232
vn 0.8799 -0.37204 -0.29556
vn 0.87971 -0.28359 -0.38169
vn 0.77514 0.0031 -0.63178
vn 0.79625 -0.03074 -0.60418
vn 0.66857 -0.09427 -0.73765
vn -0.96811 -0.23868 -0.07611
vn -0.98539 -0.15418 0.0724
vn -0.99467 -0.08709 0.05518
vn 0.48931 0.62082 0.6125
vn 0.48289 0.55943 0.67369
vn 0.55627 0.5401 0.63154
vn 0.28955 0.84161 0.45591
vn 0.40118 0.86254 0.30836
vn 0.34772 0.88358 0.31366
vn -0.53894 -0.18508 0.82176
vn -0.63135 -0.06492 0.77277
vn -0.7374 -0.19219 0.64754
vn -0.93779 -0.22769 0.26213
vn -0.91179 0.04167 0.40853
vn -0.95479 0.00029 0.29729
vn -0.86366 -0.44062 -0.24483
vn -0.9021 -0.41092 -0.13179
vn -0.89419 -0.38625 -0.22636
vn -0.08719 0.98652 0.13844
vn 0.19762 0.97639 -0.08728
vn -0.16109 0.98694 0.00247
vn 0.21682 0.67839 -0.70198
vn 0.12373 0.67835 -0.72424
vn 0.14674 0.76046 -0.63259
vn 0.31242 0.89585 0.31599
vn 0.22097 0.88401 0.41195
vn 0.28216 0.87227 0.39942
vn -0.01161 0.49566 0.86844
vn -0.10911 0.47006 0.87587
vn -0.13534 0.41396 0.90018
vn 0.23302 0.5381 0.81003
vn 0.1678 0.53044 0.83095
vn 0.26058 0.49263 0.83031
vn -0.90259 0.13187 0.40982
vn -0.85749 0.11592 0.50126
vn -0.86121 0.18071 0.47504
vn 0.06075 -0.53983 0.83958
vn 0.19909 -0.53112 0.82357
vn 0.12191 -0.45795 0.88058
vn -0.06546 -0.24032 0.96848
vn 0.09701 -0.23899 0.96616
vn -0.02991 -0.12645 0.99152
vn -0.08049 -0.21582 0.97311
vn -0.04459 -0.25873 0.96492
vn 0.01239 -0.13664 0.99054
vn -0.31337 0.41876 0.85231
vn -0.33785 0.32692 0.8826
vn -0.3003 0.39443 0.86848
vn 0.3775 0.23688 0.8952
vn 0.48665 0.22435 0.8443
vn 0.55205 0.28066 0.78516
vn -0.12466 0.96873 0.21453
vn -0.23865 0.95505 0.17586
vn -0.30503 0.90619 0.29287
vn -0.71027 -0.55369 0.43467
vn -0.67502 -0.56408 0.47557
vn -0.71488 -0.53401 0.45141
vn 0.14428 -0.67556 0.72305
vn 0.31733 -0.52835 0.78749
vn 0.22549 -0.42458 0.87686
vn -0.88462 0.37669 0.27489
vn -0.82787 0.49276 0.26801
vn -0.91453 0.33762 0.22284
vn -0.81604 -0.21609 0.53608
vn -0.78847 -0.49474 0.36544
vn -0.72828 -0.2603 0.63392
vn -0.48773 -0.21494 0.84612
vn -0.35623 -0.3888 0.84967
vn -0.22005 -0.33937 0.91455
vn -0.32152 0.29715 0.89907
vn -0.07484 0.39317 0.91642
vn -0.14174 0.44278 0.88536
vn 0.3563 -0.28738 0.88908
vn 0.39394 -0.23213 0.88934
vn 0.27908 -0.22497 0.93354
vn 0.33179 -0.94314 -0.0202
vn 0.58552 -0.79284 0.16901
vn 0.40806 -0.89691 0.1704
vn -0.44256 -0.55504 0.70432
vn -0.31314 -0.5828 0.74986
vn -0.33041 -0.55854 0.76083
vn -0.40504 -0.318 0.85721
vn -0.46161 -0.23643 0.85499
vn -0.44031 -0.42532 0.79071
vn -0.04408 0.92329 0.38158
vn -0.08155 0.96305 0.25667
vn -0.26419 0.88222 0.38973
vn 0.50963 0.68155 0.52514
vn 0.40232 0.67059 0.62326
vn 0.4323 0.54523 0.71822
vn 0.93829 -0.3046 0.1638
vn 0.89295 -0.22733 0.38855
vn 0.86397 -0.35654 0.35557
vn -0.59216 -0.22595 0.77349
vn -0.6363 -0.48191 0.6024
vn -0.5133 -0.28702 0.80879
vn 0.75681 0.03557 0.65267
vn 0.80371 0.25165 0.53919
vn 0.70143 0.25486 0.66562
vn 0.6325 0.17625 0.75424
vn 0.52528 0.2177 0.82261
vn 0.60784 0.01295 0.79395
vn -0.84595 -0.33373 0.41593
vn -0.78173 -0.47972 0.39845
vn -0.8375 -0.2418 0.49003
vn -0.84991 -0.52029 -0.08337
vn -0.80342 -0.5642 -0.19028
vn -0.79407 -0.58513 -0.16455
vn 0.01128 0.99109 0.13272
vn -0.0264 0.99816 0.05463
vn -0.08338 0.99519 0.05151
vn -0.97106 0.19436 0.13883
vn -0.97209 0.05491 0.22811
vn -0.95594 0.14925 0.25278
vn -0.74671 -0.64969 0.14258
vn -0.7307 -0.64637 0.21972
vn -0.80527 -0.57619 0.13983
vn -0.92224 -0.1335 -0.36284
vn -0.94952 -0.23991 -0.20211
vn -0.94389 0.03806 -0.32805
vn -0.92531 -0.26248 -0.27369
vn -0.91844 -0.36769 -0.14587
vn -0.96527 -0.26088 -0.01362
vn -0.35506 0.65437 0.66764
vn -0.31174 0.60653 0.73139
vn -0.23196 0.70322 0.67207
vn 0.24994 0.70741 0.66113
vn 0.2881 0.68016 0.67408
vn 0.34646 0.67219 0.65431
vn -0.97256 -0.22859 -0.04323
vn -0.97094 -0.23786 0.02652
vn -0.98473 -0.17386 0.00905
vn 0.32288 -0.17686 0.92977
vn 0.3327 -0.09379 0.93836
vn 0.27939 -0.11894 0.95278
vn -0.47794 0.32933 0.81432
vn -0.51944 0.24474 0.81871
vn -0.48427 0.2556 0.83675
vn 0.85564 0.42658 0.2931
vn 0.77337 0.37127 0.51387
vn 0.8417 0.36488 0.39799
vn -0.76709 -0.23663 0.5963
vn -0.73867 -0.06286 0.67113
vn -0.79539 0.02284 0.60567
vn 0.94917 0.26969 0.16233
vn 0.97934 0.13787 0.1479
vn 0.95622 0.27075 0.11107
vn -0.81767 0.46711 -0.3365
vn -0.8695 0.41469 -0.26835
vn -0.8644 0.45055 -0.22318
vn 0.82094 0.4466 -0.35583
vn 0.91982 0.20491 -0.33458
vn 0.74556 0.48051 -0.46179
vn 0.93527 0.32217 -0.14655
vn 0.95582 0.26375 -0.12977
vn 0.96003 0.11965 -0.25303
vn 0.70414 0.62733 0.33264
vn 0.65539 0.69129 0.30426
vn 0.67079 0.62888 0.39313
vn 0.69756 0.71572 0.03395
vn 0.70759 0.69737 0.11398
vn 0.78732 0.61636 -0.01523
vn 0.2776 0.71621 -0.6403
vn 0.23588 0.62866 -0.74104
vn 0.13567 0.67417 -0.72601
vn 0.90978 -0.18534 0.37141
vn 0.92689 -0.1096 0.35897
vn 0.88732 -0.15111 0.4357
vn 0.60451 -0.78783 -0.11785
vn 0.27938 -0.94402 0.17541
vn 0.42133 -0.90253 -0.08895
vn 0.12286 0.27327 0.95406
vn 0.03701 0.1906 0.98097
vn 0.19202 0.19334 0.96216
vn 0.53906 0.06921 0.83942
vn 0.47508 0.096 0.87469
vn 0.47252 0.0912 0.87659
vn -0.91665 0.39964 -0.00629
vn -0.92776 0.35055 0.12797
vn -0.89379 0.41496 0.17015
vn -0.2214 -0.45957 0.8601
vn -0.2799 -0.34625 0.89541
vn -0.45543 -0.4859 0.74598
vn -0.93456 -0.00499 0.35578
vn -0.91183 0.05568 0.40678
vn -0.80547 0.313 0.50325
vn -0.74037 0.66138 0.12011
vn -0.71221 0.64849 0.26874
vn -0.44047 0.84844 0.29349
vn -0.50296 -0.5332 0.68024
vn -0.44255 -0.50007 0.74436
vn -0.50518 -0.49526 0.70676
vn -0.57413 0.77876 -0.2528
vn -0.58839 0.74138 -0.32273
vn -0.72876 0.6828 -0.05191
vn -0.43506 0.77999 0.44981
vn -0.49871 0.68303 0.53363
vn -0.35139 0.72337 0.59436
vn 0.44097 0.5653 -0.69713
vn 0.43136 0.53891 -0.72354
vn 0.32717 0.61689 -0.71583
vn -0.48261 0.19692 0.85341
vn -0.40832 0.09288 0.9081
vn -0.34011 0.18169 0.92267
vn 0.50484 0.01937 0.86299
vn 0.25332 -0.01178 0.96731
vn 0.27267 -0.11978 0.95462
vn -0.79622 0.37775 0.47259
vn -0.74007 0.37877 0.55573
vn -0.70328 0.48352 0.52116
vn 0.0781 -0.37578 0.92341
vn 0.16338 -0.43712 0.88444
vn 0.2525 -0.35021 0.902
vn 0.36044 -0.13851 0.92244
vn 0.41286 -0.04404 0.90973
vn 0.36767 0.01444 0.92985
vn 0.98577 0.14832 0.07918
vn 0.97426 0.15411 0.16451
vn 0.98753 0.02451 0.15553
vn -0.81617 -0.25181 0.52006
vn -0.80611 -0.32076 0.4973
vn -0.78876 -0.26224 0.55595
vn -0.62845 -0.49792 0.5976
vn -0.60071 -0.44155 0.66647
vn -0.65484 -0.42626 0.62409
vn -0.7885 0.06443 0.61166
vn -0.71846 0.02691 0.69504
vn -0.63937 0.09509 0.763
vn -0.78163 0.5379 0.31578
vn -0.77517 0.43828 0.45499
vn -0.63645 0.64733 0.4194
vn 0.43338 0.89372 -0.11592
vn 0.47501 0.87998 -0.00019
vn 0.51647 0.85261 -0.07947
vn -0.50647 0.59012 -0.62869
vn -0.45883 0.68118 -0.57049
vn -0.45736 0.62794 -0.62969
vn 0.62504 0.42679 -0.65359
vn 0.6005 0.32806 -0.72923
vn 0.51583 0.28499 -0.8079
vn -0.88601 -0.43706 0.15478
vn -0.92297 -0.36329 0.12708
vn -0.92236 -0.38271 0.05271
vn -0.99439 -0.03907 0.09825
vn -0.99036 -0.08418 0.11005
vn -0.98361 -0.07277 0.16497
vn 0.72587 -0.3445 0.59534
vn 0.78308 -0.28798 0.55122
vn 0.70022 -0.27492 0.65887
vn -0.02566 0.66307 0.74812
vn -0.07547 0.57976 0.81128
vn -0.03925 0.54814 0.83547
vn 0.39092 0.21724 0.89442
vn 0.44867 0.11136 0.88673
vn 0.4525 0.11524 0.88429
vn -0.27743 -0.89523 0.34871
vn -0.35459 -0.86548 0.35386
vn -0.37674 -0.86913 0.32044
vn 0.87264 0.29488 -0.3893
vn 0.81045 0.06967 -0.58165
vn 0.75652 0.13212 -0.64049
vn 0.64557 0.00174 0.7637
vn 0.60536 0.07366 0.79254
vn 0.51267 -0.0192 0.85837
vn 0.83183 -0.28212 0.47798
vn 0.83067 -0.2198 0.51154
vn 0.77564 -0.2918 0.55967
vn -0.16342 0.85009 0.50065
vn 0.09122 0.91164 0.40074
vn -0.00333 0.94509 0.3268
vn -0.71822 0.58841 -0.3714
vn -0.69862 0.65851 -0.27982
vn -0.65807 0.65784 -0.36632
vn -0.9785 -0.15844 0.13204
vn -0.98424 -0.11852 0.13127
vn -0.98001 -0.19248 0.05027
vn 0.66837 -0.47504 -0.57238
vn 0.63468 -0.48451 -0.60202
vn 0.68292 -0.27041 -0.6786
vn 0.38297 -0.64168 -0.66451
vn 0.30968 -0.62249 -0.71875
vn 0.30638 -0.44397 -0.84203
vn 0.73117 -0.26038 -0.63055
vn 0.64692 -0.35108 -0.67693
vn 0.61931 -0.18518 -0.76299
vn -0.62284 -0.75413 -0.20824
vn -0.53336 -0.81905 -0.21139
vn -0.71926 -0.69305 -0.04845
vn 0.94148 0.30699 -0.13915
vn 0.9338 0.29232 -0.20631
vn 0.91383 0.3318 -0.23416
vn -0.74901 0.46591 0.47107
vn -0.74699 0.37652 0.54794
vn -0.72995 0.39754 0.55599
vn -0.31697 -0.23252 0.91949
vn -0.29123 -0.18527 0.93854
vn -0.40143 -0.17525 0.89897
vn 0.10073 -0.12267 0.98732
vn 0.14636 0.00468 0.98922
vn 0.07163 0.03779 0.99672
vn -0.21988 0.48979 0.84366
vn -0.16332 0.48206 0.86078
vn -0.22432 0.5464 0.80692
vn 0.69301 0.51498 -0.50452
vn 0.81954 0.34553 -0.45711
vn 0.77883 0.34107 -0.5264
vn -0.88317 0.3712 0.28676
vn -0.86672 0.27227 0.41793
vn -0.81335 0.40186 0.42069
vn -0.28525 -0.62961 0.72265
vn -0.17545 -0.43491 0.88322
vn -0.26238 -0.41402 0.87163
vn 0.57694 -0.08735 0.81211
vn 0.63658 0.03617 0.77036
vn 0.54293 0.13511 0.82884
vn 0.59253 -0.02974 0.805
vn 0.70597 0.15164 0.69182
vn 0.47635 0.01807 0.87907
vn -0.08967 0.96333 0.25289
vn -0.12151 0.84026 0.5284
vn -0.00146 0.97369 0.22786
vn 0.65142 0.73205 -0.19939
vn 0.63366 0.768 -0.09295
vn 0.72661 0.67855 -0.10773
vn 0.37539 0.56117 -0.73768
vn 0.3862 0.58703 -0.71151
vn 0.41185 0.57385 -0.70787
vn -0.90479 0.20316 -0.37428
vn -0.9826 0.16222 -0.0905
vn -0.94245 0.25766 -0.21306
vn -0.56449 0.15421 0.8109
vn -0.47633 0.18657 0.85925
vn -0.51039 0.26746 0.81729
vn 0.21619 0.42159 0.88064
vn 0.29785 0.39946 0.86701
vn 0.22314 0.42994 0.87485
vn 0.30347 -0.12623 0.94444
vn 0.27195 -0.23649 0.9328
vn 0.35218 -0.24214 0.90407
vn -0.30054 0.32835 0.89547
vn -0.28905 0.36904 0.88332
vn -0.36172 0.34099 0.86769
vn -0.14907 0.89612 -0.41803
vn -0.23244 0.79889 -0.55475
vn -0.52046 0.7296 -0.44362
vn 0.75573 0.51121 0.40931
vn 0.75813 0.57295 0.31139
vn 0.69898 0.5847 0.41177
vn 0.99596 0.05428 -0.0715
vn 0.98247 0.07883 -0.16891
vn 0.9927 0.113 -0.04221
vn 0.96501 -0.23861 0.10876
vn 0.97203 -0.23178 0.03775
vn 0.9825 -0.1596 0.09608
vn -0.57466 -0.12214 0.80923
vn -0.64573 -0.12853 0.75267
vn -0.49061 -0.17373 0.85388
vn 0.80963 0.20833 0.54872
vn 0.78277 0.1909 0.5923
vn 0.81339 0.18261 0.55232
vn 0.73544 0.32587 0.59408
vn 0.6841 0.36974 0.62873
vn 0.72031 0.29377 0.62837
vn -0.63983 0.55734 0.52913
vn -0.53267 0.54809 0.64488
vn -0.40616 0.67582 0.61506
vn 0.17009 -0.98445 0.04391
vn -0.00925 -0.99983 0.0158
vn 0.00335 -0.99607 -0.08852
vn -0.65979 0.40148 -0.63521
vn -0.66213 0.48051 -0.57507
vn -0.61711 0.51611 -0.59397
vn 0.39575 0.47885 -0.78364
vn 0.48332 0.49561 -0.72164
vn 0.34335 0.40769 -0.84611
vn 0.76037 -0.24216 -0.60266
vn 0.62405 -0.35556 -0.6958
vn 0.68216 -0.22894 -0.69444
vn 0.83468 0.47831 0.27301
vn 0.83274 0.45082 0.32142
vn 0.84341 0.44321 0.30368
vn -0.59768 -0.55252 -0.58095
vn -0.60536 -0.44164 -0.66219
vn -0.56054 -0.54453 -0.62393
vn -0.53561 -0.60986 0.58411
vn -0.26114 -0.6018 0.75475
vn -0.53615 -0.59236 0.60138
vn 0.38574 -0.08007 0.91913
vn 0.34575 -0.02338 0.93804
vn 0.30541 -0.12979 0.94333
vn -0.36437 0.0356 0.93057
vn -0.28913 0.11113 0.95082
vn -0.33962 0.1418 0.92981
vn -0.00555 0.56132 0.82758
vn -0.04516 0.66369 0.74664
vn -0.10591 0.58415 0.80471
vn -0.74626 0.3072 0.59053
vn -0.75937 0.19571 0.62052
vn -0.73559 0.21706 0.64171
vn -0.86577 0.21314 0.45278
vn -0.86771 0.08386 0.48995
vn -0.814 0.03961 0.57951
vn -0.84443 0.18202 0.5038
vn -0.85756 0.09202 0.50608
vn -0.83669 0.12161 0.53401
vn -0.6175 -0.59623 0.51303
vn -0.59766 -0.55671 0.57695
vn -0.71974 -0.57368 0.39098
vn -0.85127 0.04362 0.52292
vn -0.82967 0.03332 0.55726
vn -0.82657 0.12316 0.5492
vn -0.29362 -0.3879 0.87368
vn -0.14485 -0.39595 0.90678
vn -0.17951 -0.26782 0.9466
vn -0.01448 -0.21491 0.97653
vn -0.1313 -0.22078 0.96645
vn -0.13649 -0.34326 0.92927
vn -0.95788 -0.09643 0.27051
vn -0.95975 -0.19723 0.19996
vn -0.92552 -0.28239 0.25233
vn 0.28651 -0.84459 0.4523
vn 0.35523 -0.8433 0.4033
vn 0.38097 -0.74015 0.55411
vn -0.63203 -0.3754 0.67795
vn -0.6047 -0.47916 0.6362
vn -0.58928 -0.31903 0.74227
vn -0.31252 0.80185 0.50928
vn -0.41442 0.79815 0.43728
vn -0.45596 0.71369 0.53174
vn 0.60418 -0.72076 0.3398
vn 0.52093 -0.80106 -0.29485
vn 0.74526 -0.66613 0.02928
vn 0.57954 -0.8107 0.08305
vn 0.55845 -0.81656 0.14615
vn 0.55028 -0.83364 0.04727
vn -0.21877 0.66559 -0.71353
vn -0.0592 0.66964 -0.74032
vn -0.11375 0.6101 -0.78412
vn 0.32514 0.64821 -0.68855
vn 0.42821 0.62382 -0.65382
vn 0.31784 0.62283 -0.71488
vn 0.26253 0.3102 0.9137
vn 0.28088 0.3167 0.90598
vn 0.26287 0.37611 0.88851
vn 0.12082 -0.33389 0.93484
vn 0.24655 -0.40664 0.87969
vn 0.23216 -0.28744 0.92924
vn -0.25377 -0.06767 0.96489
vn -0.37512 -0.07034 0.92431
vn -0.25628 -0.12025 0.95909
vn 0.30161 0.92761 0.2204
vn 0.21958 0.92851 0.29943
vn 0.28651 0.89894 0.33139
vn -0.51474 0.8236 0.23817
vn -0.55913 0.77676 0.28987
vn -0.5231 0.78569 0.33023
vn 0.49082 0.58917 -0.64185
vn 0.69513 0.47708 -0.53776
vn 0.53499 0.47044 -0.70176
vn -0.44864 -0.49047 0.7471
vn -0.31071 -0.65057 0.69297
vn -0.32164 -0.48897 0.81084
vn -0.46474 -0.81574 0.34436
vn -0.3806 -0.84193 0.38249
vn -0.51622 -0.77095 0.37303
vn -0.7653 0.60634 -0.21601
vn -0.7821 0.55255 -0.28811
vn -0.79588 0.57027 -0.2034
vn 0.81929 -0.02452 0.57285
vn 0.71938 0.16663 0.67434
vn 0.43927 0.15696 0.88454
vn -0.25124 -0.70281 0.66554
vn 0.0393 -0.48923 0.87127
vn -0.228 -0.63749 0.73595
vn 0.80496 -0.27391 0.52632
vn 0.81456 -0.19056 0.54789
vn 0.78322 -0.17576 0.59639
vn -0.95564 -0.28866 0.05852
vn -0.97278 -0.21965 0.07378
vn -0.96634 -0.25506 -0.03358
vn 0.23287 0.42265 0.87586
vn 0.21193 0.42108 0.88192
vn 0.22677 0.41326 0.88192
vn 0.62341 -0.63341 0.45842
vn 0.69254 -0.49263 0.52697
vn 0.61187 -0.58136 0.53631
vn 0.93102 -0.31894 0.17744
vn 0.92731 -0.26798 0.2613
vn 0.8855 -0.34129 0.31531
vn -0.96337 0.16931 0.20796
vn -0.98719 -0.00856 0.15932
vn -0.94409 0.13887 0.29901
vn -0.37606 -0.63009 0.67939
vn -0.3649 -0.46669 0.80564
vn -0.48208 -0.51599 0.70807
vn 0.62267 -0.61908 0.47856
vn 0.38738 -0.3651 0.84654
vn 0.46811 -0.69558 0.54502
vn -0.60593 -0.33632 0.72092
vn -0.64394 -0.29402 0.70632
vn -0.77671 -0.32545 0.53927
vn 0.96232 -0.19937 0.18492
vn 0.98175 -0.1264 0.14209
vn 0.95598 -0.10025 0.27578
vn 0.65861 -0.75127 0.04272
vn 0.68881 -0.71324 0.12976
vn 0.6028 -0.78836 0.12295
vn -0.25841 0.84805 -0.46264
vn -0.21979 0.80518 -0.55079
vn -0.29377 0.81707 -0.49609
vn -0.89024 -0.41744 -0.18227
vn -0.938 -0.32788 -0.11248
vn -0.90418 -0.35403 -0.23899
vn -0.68904 -0.72073 -0.07606
vn -0.68943 -0.67855 -0.25349
vn -0.65738 -0.71291 -0.24413
vn -0.46552 0.74392 0.47945
vn -0.52334 0.65403 0.54622
vn -0.46847 0.67623 0.56854
vn 0.4289 0.15441 0.89006
vn 0.47997 0.19409 0.85554
vn 0.42645 0.16991 0.88841
vn 0.70844 -0.50726 0.49071
vn 0.66067 -0.5161 0.54511
vn 0.61807 -0.60214 0.50538
vn -0.6107 -0.54259 -0.57675
vn -0.73431 -0.52002 -0.43632
vn -0.57772 -0.45785 -0.67573
vn 0.15721 -0.01928 0.98738
vn 0.34761 -0.03859 0.93685
vn 0.30656 0.05087 0.95049
vn 0.04562 0.06233 0.99701
vn 0.17354 0.17346 0.96943
vn 0.06639 0.16331 0.98434
vn 0.47431 0.15066 0.86737
vn 0.4767 0.10555 0.87271
vn 0.529 0.18915 0.82727
vn -0.57134 0.34406 0.74512
vn -0.56009 0.33714 0.75673
vn -0.54952 0.3739 0.74715
vn -0.46995 -0.88017 -0.06664
vn -0.49409 -0.86916 0.02093
vn -0.50493 -0.86148 -0.0538
vn -0.40928 -0.90824 0.08713
vn -0.37526 -0.90977 0.17747
vn -0.39929 -0.90458 0.14933
vn 0.17536 -0.66074 0.72984
vn 0.16038 -0.54596 0.82231
vn 0.0768 -0.61953 0.78121
vn -0.89584 -0.06519 0.43957
vn -0.87943 -0.21238 0.42602
vn -0.83008 -0.18762 0.52513
vn 0.44618 -0.21613 0.86845
vn 0.53696 -0.39626 0.74475
vn 0.5504 -0.30032 0.77902
vn 0.89865 -0.05181 0.4356
vn 0.87273 0.19006 0.44969
vn 0.85877 0.01277 0.5122
vn 0.4285 -0.73746 0.52206
vn 0.42661 -0.8238 0.37329
vn 0.66047 -0.71296 0.2355
vn 0.96061 0.16433 0.22409
vn 0.92852 0.28792 0.23441
vn 0.94443 0.12571 0.30374
vn -0.76665 0.5298 0.36272
vn -0.71805 0.68227 0.13749
vn -0.84853 0.48779 0.20506
vn 0.52841 -0.04986 -0.84752
vn 0.69286 -0.02122 -0.72076
vn 0.63497 -0.17517 -0.75242
vn -0.87673 -0.46395 0.12689
vn -0.93068 -0.34895 0.10987
vn -0.89643 -0.44158 -0.0376
vn 0.86042 0.5068 -0.05315
vn 0.90465 0.40057 -0.14541
vn 0.8685 0.47338 -0.14705
vn 0.98834 0.1449 0.04673
vn 0.98272 0.18194 -0.034
vn 0.96721 0.25291 -0.02327
vn -0.57446 -0.68259 0.45173
vn -0.36073 -0.87192 0.3311
vn -0.53889 -0.67589 0.50276
vn -0.94222 0.18033 0.28233
vn -0.91186 0.1698 0.37373
vn -0.9066 0.22755 0.35539
vn -0.84935 -0.35236 0.393
vn -0.77316 -0.36871 0.51603
vn -0.81188 -0.20212 0.54772
vn 0.95365 -0.21253 0.21303
vn 0.96187 -0.25202 0.10623
vn 0.98424 0.03884 0.1725
vn 0.95727 -0.10893 0.2679
vn 0.92301 -0.08125 0.37609
vn 0.92649 -0.17812 0.33148
vn 0.53966 0.25892 -0.80108
vn 0.56106 0.15333 -0.81345
vn 0.46716 0.08916 -0.87966
vn 0.65111 0.20434 -0.73096
vn 0.66568 0.00335 -0.74623
vn 0.56725 0.2599 -0.78146
vn 0.54696 0.39291 -0.73923
vn 0.62966 0.37949 -0.67788
vn 0.65206 0.1935 -0.73306
vn 0.98407 0.13639 0.114
vn 0.95133 -0.04073 0.30545
vn 0.98746 -0.07326 0.13986
vn -0.95781 0.12814 0.25725
vn -0.97291 0.06857 0.22076
vn -0.93371 0.0701 0.35111
vn 0.77662 -0.41078 0.47763
vn 0.93899 -0.14635 0.31126
vn 0.90215 -0.06741 0.42613
vn -0.95906 0.0388 -0.28053
vn -0.99477 0.06756 -0.07667
vn -0.84876 0.19659 -0.49087
vn -0.63051 0.4286 -0.64711
vn -0.61235 0.39367 -0.6856
vn -0.66427 0.38519 -0.6406
vn -0.94281 -0.10325 -0.31694
vn -0.92625 -0.08071 -0.36817
vn -0.90812 -0.15514 -0.38892
vn 0.1393 -0.33204 -0.93292
vn 0.13124 -0.45428 -0.88114
vn 0.02698 -0.37701 -0.92582
vn 0.6419 -0.14331 -0.75328
vn 0.65683 -0.23236 -0.71734
vn 0.5728 -0.12396 -0.81027
vn -0.90598 -0.18868 0.37895
vn -0.68234 -0.14403 0.71671
vn -0.97012 -0.07342 0.23125
vn -0.87993 0.30202 0.36676
vn -0.89841 0.27189 0.34487
vn -0.87636 0.24908 0.41225
vn -0.63266 -0.55004 0.54516
vn -0.64818 -0.57339 0.50108
vn -0.62088 -0.58611 0.52055
vn -0.73879 -0.298 0.60448
vn -0.68121 -0.36794 0.63291
vn -0.70467 -0.27619 0.65358
vn -0.8661 0.23863 0.43924
vn -0.85031 0.34351 0.39872
vn -0.90305 0.15507 0.40056
vn 0.96169 -0.00284 0.27413
vn 0.92005 0.18567 0.34501
vn 0.93001 0.05641 0.36317
vn 0.96385 0.25119 0.08891
vn 0.96029 0.22838 0.16025
vn 0.98569 0.08313 0.14667
vn 0.07902 0.67343 -0.73501
vn -0.01493 0.72041 -0.69339
vn 0.09039 0.70262 -0.7058
vn 0.28883 -0.0074 -0.95735
vn 0.40911 0.06272 -0.91033
vn 0.4711 0.00224 -0.88208
vn 0.80529 0.15024 -0.57353
vn 0.79656 0.09523 -0.59701
vn 0.7081 0.23671 -0.66525
vn -0.56616 -0.70734 -0.42325
vn -0.68708 -0.59211 -0.42111
vn -0.64596 -0.53485 -0.54468
vn -0.48428 -0.35665 -0.79892
vn -0.63394 -0.40377 -0.65962
vn -0.64006 -0.18308 -0.74619
vn 0.18582 0.52341 0.83157
vn 0.24919 0.46704 0.84839
vn 0.25866 0.54822 0.79533
vn 0.97974 0.10099 0.17293
vn 0.98547 0.12297 0.11717
vn 0.97341 0.16822 0.15546
vn -0.82263 -0.35666 -0.44281
vn -0.86834 -0.29557 -0.39829
vn -0.83613 -0.28799 -0.46686
vn -0.97841 -0.17727 -0.10625
vn -0.41086 -0.85002 0.32962
vn -0.9558 -0.16775 0.24148
vn -0.16572 0.89992 0.40333
vn -0.34768 0.84086 0.41483
vn -0.07603 0.66008 0.74734
vn -0.2168 -0.3972 0.89176
vn -0.25193 -0.50752 0.82399
vn -0.18927 -0.42634 0.88454
vn -0.83228 -0.06552 0.55047
vn -0.78428 -0.09618 0.6129
vn -0.78282 -0.01596 0.62204
vn 0.95269 0.20507 0.22436
vn 0.93069 0.30738 0.19835
vn 0.93486 0.23367 0.26727
vn -0.29836 0.94693 0.11962
vn -0.0031 0.97884 0.2046
vn -0.12827 0.99152 0.02064
vn 0.80123 0.58667 0.1177
vn 0.73153 0.61612 0.29198
vn 0.78517 0.54502 0.29404
vn -0.35216 0.61836 0.70257
vn -0.51531 0.2304 0.82545
vn -0.3777 0.32206 0.86811
vn -0.64192 0.5257 0.5582
vn -0.6262 0.47086 0.62142
vn -0.57424 0.52803 0.62565
vn 0.15977 -0.14196 -0.97689
vn 0.35635 -0.46521 -0.81031
vn -0.54997 -0.24575 -0.79821
vn 0.10002 -0.53742 -0.83736
vn -0.23061 -0.46601 -0.8542
vn 0.04254 -0.34533 -0.93752
vn -0.56878 0.33847 0.74962
vn -0.53694 0.36431 0.7609
vn -0.54559 0.36995 0.75198
vn -0.68558 0.65915 0.30903
vn -0.73034 0.64678 0.21973
vn -0.73724 0.60709 0.2965
vn 0.30418 0.26387 -0.91534
vn 0.36669 0.03976 -0.92949
vn 0.26433 0.23639 -0.93501
vn -0.86201 -0.31037 0.40077
vn -0.83811 -0.23382 0.49284
vn -0.86712 -0.19971 0.45631
vn -0.90694 0.34565 0.24079
vn -0.97448 0.19649 0.10852
vn -0.94603 0.22943 0.2289
vn 0.38318 0.24216 -0.89136
vn 0.35903 0.38532 -0.85007
vn 0.44535 0.36586 -0.8172
vn -0.7991 0.30216 0.51975
vn -0.76503 0.33924 0.54741
vn -0.84743 0.38465 0.36592
vn -0.30607 0.9506 0.05171
vn -0.16994 0.98308 -0.06831
vn -0.33293 0.92488 -0.18374
vn 0.03763 0.71731 -0.69574
vn 0.09304 0.66664 -0.73955
vn -0.00031 0.64421 -0.76485
vn 0.31402 0.32624 -0.89161
vn 0.32044 0.3929 -0.86194
vn 0.35221 0.30137 -0.88607
vn 0.31721 0.30666 -0.89741
vn 0.45101 0.23626 -0.86068
vn 0.37535 0.19843 -0.9054
vn -0.9145 -0.17146 -0.36645
vn -0.93083 -0.03434 -0.36384
vn -0.89611 -0.1665 -0.41142
vn 0.17462 0.10452 -0.97907
vn 0.23143 0.03223 -0.97232
vn 0.20595 -0.03768 -0.97784
vn -0.32944 -0.35204 -0.87609
vn -0.27723 -0.35402 -0.89321
vn -0.24429 -0.40903 -0.87921
vn -0.93632 0.09554 -0.33789
vn -0.97008 0.19789 -0.14068
vn -0.92631 0.2704 -0.26236
vn 0.88823 -0.13925 0.43779
vn 0.88668 -0.01166 0.46223
vn 0.8559 -0.14088 0.49759
vn 0.71263 -0.06031 0.69895
vn 0.67376 0.01114 0.73886
vn 0.62281 -0.04084 0.78131
vn 0.54653 0.69175 0.472
vn 0.46166 0.64258 0.61152
vn 0.67869 0.4986 0.53924
vn -0.72553 0.56564 0.39199
vn -0.76251 0.55902 0.32569
vn -0.84929 0.19576 0.49029
vn -0.72399 -0.5619 0.40014
vn -0.60734 -0.58814 0.53407
vn -0.61041 -0.48981 0.62248
vn 0.65323 0.06666 -0.75422
vn 0.52585 0.06347 -0.84821
vn 0.6317 0.11668 -0.76638
vn -0.40703 -0.43397 0.80374
vn -0.38094 -0.32483 0.86566
vn -0.45981 -0.30313 0.83468
vn 0.56077 0.79314 -0.23765
vn 0.64913 0.72513 -0.22982
vn 0.56836 0.72975 -0.38005
vn 0.97206 -0.15639 0.17505
vn 0.99095 0.11621 0.06716
vn 0.92491 0.34926 0.15018
vn -0.85914 0.51174 -0.00028
vn -0.70087 0.64524 -0.30406
vn -0.89828 0.43206 -0.08013
vn 0.99302 0.11216 0.03658
vn 0.98965 0.13126 -0.05798
vn 0.97866 0.20535 -0.00777
vn -0.57957 0.77868 -0.24033
vn -0.47252 0.85531 0.21251
vn -0.51615 0.8491 -0.11234
vn -0.09999 0.09167 -0.99076
vn -0.12272 0.22475 -0.96666
vn -0.05808 0.15445 -0.98629
vn 0.14594 0.27987 -0.94888
vn 0.16415 0.32808 -0.93028
vn 0.25447 0.23221 -0.93879
vn 0.44734 0.21651 -0.86776
vn 0.49646 0.13721 -0.85715
vn 0.48183 0.11442 -0.86876
vn 0.46223 0.08276 0.88289
vn 0.5304 0.05663 0.84586
vn 0.56031 0.1781 0.80891
vn -0.95243 0.30472 -0.00538
vn -0.96608 0.25815 -0.00733
vn -0.9484 0.31657 0.01804
vn 0.37724 0.17695 -0.90905
vn 0.35502 0.14451 -0.92362
vn 0.35187 0.25808 -0.89977
vn -0.72138 -0.03533 0.69163
vn -0.77487 -0.17518 0.60736
vn -0.67853 -0.07428 0.73081
vn 0.70852 0.2455 -0.66162
vn 0.81224 0.31618 -0.49019
vn 0.71044 0.10305 -0.69617
vn 0.99512 0.08117 -0.0561
vn 0.99789 0.06 0.02492
vn 0.99998 -0.00581 -0.00197
vn -0.99697 -0.03221 0.0708
vn -0.95007 -0.10532 0.29371
vn -0.99264 0.11512 0.03749
vn 0.33033 0.61886 -0.71266
vn 0.3917 0.62434 -0.67585
vn 0.41653 0.5159 -0.74857
vn -0.12639 0.10861 -0.98602
vn -0.17077 0.17075 -0.9704
vn -0.11121 0.24767 -0.96244
vn 0.07278 0.29336 -0.95323
vn 0.17045 0.32742 -0.92938
vn 0.14787 0.27377 -0.95036
vn 0.52672 0.01775 -0.84985
vn 0.52316 -0.02407 -0.85189
vn 0.48883 0.01448 -0.87226
vn -0.19001 -0.38583 -0.90279
vn 0.05067 -0.57688 -0.81525
vn -0.06 -0.64834 -0.75898
vn 0.93076 0.26929 -0.24733
vn 0.92791 0.1833 -0.32464
vn 0.92056 0.26848 -0.28371
vn 0.01537 -0.99821 0.05772
vn -0.04347 -0.97789 0.20454
vn -0.0311 -0.99871 0.04013
vn 0.2225 0.02609 -0.97458
vn 0.19429 0.00361 -0.98094
vn 0.12527 0.05976 -0.99032
vn 0.97784 0.01414 0.20887
vn 0.99192 0.0231 0.12475
vn 0.97952 0.11854 0.16275
vn -0.91083 0.00057 0.41277
vn -0.86606 0.11768 0.48589
vn -0.91147 0.15532 0.38091
vn -0.67878 -0.28257 0.6778
vn -0.66603 -0.15131 0.73041
vn -0.78038 -0.20317 0.59138
vn 0.15512 0.97132 -0.1802
vn -0.05117 0.9838 0.17182
vn 0.24931 0.92693 0.28042
vn 0.40669 0.62647 -0.66494
vn 0.44106 0.62533 -0.64376
vn 0.42896 0.51668 -0.74097
vn -0.03285 0.10887 -0.99351
vn -0.13378 0.0788 -0.98787
vn -0.1155 0.12714 -0.98514
vn 0.80587 0.56685 -0.17103
vn 0.84062 0.51523 -0.16701
vn 0.85699 0.44916 -0.25264
vn -0.60333 -0.46479 -0.64805
vn -0.60373 -0.54453 -0.58223
vn -0.63921 -0.48837 -0.59405
vn -0.77933 -0.15419 0.60735
vn -0.75889 -0.21293 0.61542
vn -0.72595 -0.23389 0.64675
vn 0.6476 0.18146 0.74006
vn 0.72134 0.19709 0.66395
vn 0.69065 0.20642 0.6931
vn 0.82363 0.56146 -0.07999
vn 0.87104 0.48926 0.0438
vn 0.88743 0.45699 -0.06024
vn 0.96181 -0.2593 0.08767
vn 0.91306 -0.33012 0.23946
vn 0.92418 -0.37589 0.06783
vn -0.69785 -0.21663 0.6827
vn -0.77143 -0.34149 0.53692
vn -0.68441 -0.33719 0.64644
vn -0.31555 -0.52284 0.79187
vn -0.28012 -0.60145 0.74819
vn -0.23045 -0.43414 0.87087
vn -0.56419 -0.13964 0.81375
vn -0.60397 -0.11012 0.78936
vn -0.63543 -0.16947 0.75333
vn 0.35539 0.3205 -0.87806
vn 0.40185 0.41794 -0.81477
vn 0.46318 0.27836 -0.84142
vn 0.89441 0.08058 -0.43993
vn 0.86085 0.11502 -0.4957
vn 0.84024 0.25394 -0.47907
vn -0.44778 -0.60317 0.66007
vn -0.38394 -0.66732 0.63818
vn -0.23665 -0.61483 0.75232
vn 0.9987 0.05102 -0.00144
vn 0.87407 -0.48496 -0.02849
vn 0.98725 -0.09986 -0.12399
vn 0.10663 -0.8921 0.43908
vn 0.24315 -0.88874 0.38861
vn 0.27784 -0.83742 0.47068
vn 0.24777 0.92512 0.28768
vn 0.27138 0.92977 0.24875
vn 0.1888 0.9747 0.11962
vn 0.17232 0.80015 0.57451
vn -0.20345 0.62841 0.75081
vn 0.22192 0.72996 0.64646
vn -0.40917 0.12262 -0.90418
vn -0.47076 0.00019 -0.88226
vn -0.48732 0.03114 -0.87267
vn 0.151 0.1495 -0.97716
vn 0.1202 0.2423 -0.96273
vn 0.22051 0.28662 -0.93232
vn 0.56383 0.18557 0.80477
vn 0.59291 0.17477 0.78608
vn 0.58236 0.19278 0.78975
vn -0.86359 -0.26037 0.43177
vn -0.56407 -0.79168 -0.23465
vn -0.84993 -0.31161 0.42487
vn -0.59548 0.06473 0.80076
vn -0.53553 0.03455 0.84381
vn -0.53787 0.11268 0.83546
vn -0.84308 0.30996 0.43947
vn -0.82338 0.32096 0.468
vn -0.80966 0.35412 0.46803
vn -0.64699 0.13449 0.75054
vn -0.20964 0.97391 -0.08685
vn -0.55113 0.83428 -0.01516
vn -0.89571 -0.30306 0.32537
vn -0.8654 -0.38488 0.32087
vn -0.78397 -0.42159 0.45569
vn 0.97115 0.0048 0.23841
vn 0.97255 0.08744 0.21562
vn 0.95182 0.10402 0.28848
vn -0.93975 0.19721 0.27924
vn -0.90398 0.17546 0.38991
vn -0.89968 0.1921 0.392
vn -0.16488 -0.53203 0.83052
vn -0.20374 -0.42197 0.88342
vn -0.24934 -0.43833 0.86354
vn -0.83375 0.30626 0.45941
vn -0.81072 0.04118 0.58399
vn -0.68375 0.14107 0.71595
vn 0.28038 0.94113 -0.18883
vn 0.58306 0.80117 0.1348
vn 0.5914 0.80553 0.03703
vn 0.01966 -0.99612 0.08581
vn -0.01086 -0.99993 -0.00428
vn 0.16858 -0.98494 -0.03852
vn -0.4988 0.35399 -0.79114
vn -0.53119 0.32876 -0.78087
vn -0.56682 0.41951 -0.70903
vn 0.91097 0.08288 -0.40406
vn 0.87454 0.06786 -0.48018
vn 0.86192 0.18652 -0.47149
vn -0.28193 -0.12181 -0.95167
vn -0.38132 -0.07073 -0.92173
vn -0.43841 0.01729 -0.89861
vn -0.99591 0.08152 0.03903
vn -0.98353 -0.14834 0.10329
vn -0.95363 0.00991 0.30082
vn 0.6584 0.56248 0.50013
vn 0.75475 0.44212 0.48465
vn 0.74987 0.50338 0.42929
vn 0.09522 0.2339 0.96759
vn 0.129 0.2464 0.96054
vn 0.11895 0.26385 0.9572
vn 0.99804 0.0451 0.04349
vn 0.99742 0.07111 -0.01013
vn 0.99539 0.07492 0.05993
vn 0.86973 -0.4744 0.13608
vn 0.9034 -0.4059 0.13822
vn 0.87792 -0.43766 0.19417
vn -0.61354 0.47462 0.63111
vn -0.59765 0.40652 0.69105
vn -0.59569 0.46593 0.65426
vn -0.82597 0.32228 0.4625
vn -0.8352 0.34016 0.43212
vn -0.83401 0.30893 0.45715
vn 0.97275 -0.20627 0.10589
vn 0.9612 -0.17797 0.21078
vn 0.9233 -0.27032 0.27283
vn -0.64755 -0.75184 -0.12415
vn -0.52449 -0.83744 -0.15364
vn -0.62785 -0.77825 -0.01195
vn 0.29516 0.00874 -0.95541
vn 0.20381 -0.01099 -0.97895
vn 0.31292 0.09645 -0.94487
vn -0.72949 -0.29524 0.61699
vn -0.688 -0.26041 0.67738
vn -0.70416 -0.24314 0.66712
vn -0.06283 0.9927 0.10294
vn -0.28238 0.95495 0.09128
vn -0.13115 0.95979 0.24821
vn -0.47903 0.76254 0.43481
vn -0.19315 0.69433 0.69326
vn -0.34228 0.827 0.44599
vn -0.09552 0.9787 0.18174
vn -0.28135 0.95461 0.09779
vn -0.19682 0.95107 0.23816
vn -0.07583 0.56927 -0.81864
vn -0.16019 0.51594 -0.84151
vn -0.22992 0.53613 -0.81222
vn 0.67175 -0.1606 -0.72316
vn 0.61843 -0.25415 -0.74361
vn 0.57676 -0.1957 -0.79312
vn 0.62093 0.11138 -0.77591
vn 0.67605 0.00191 -0.73686
vn 0.59021 -0.0658 -0.80456
vn 0.13258 0.28241 0.95009
vn 0.1103 0.36255 0.92542
vn 0.0742 0.37148 0.92547
vn 0.34989 0.68786 0.63594
vn 0.29785 0.66147 0.68829
vn 0.29479 0.59867 0.74478
vn -0.88699 -0.2869 -0.36186
vn -0.83699 -0.25582 -0.48373
vn -0.81103 -0.34863 -0.46977
vn 0.20681 0.22078 -0.95315
vn 0.14888 0.14825 -0.97768
vn 0.07587 0.30679 -0.94875
vn 0.12374 -0.02409 -0.99202
vn 0.13798 0.19757 -0.97053
vn 0.24485 0.02064 -0.96934
vn 0.51891 -0.18251 -0.83512
vn 0.40952 -0.30878 -0.85846
vn 0.55988 0.21817 -0.79934
vn -0.72336 -0.35711 0.59095
vn -0.61358 -0.30857 0.72684
vn -0.67602 -0.24534 0.69485
vn -0.32408 -0.5236 0.78792
vn -0.40753 -0.49842 0.76518
vn -0.3962 -0.61546 0.68135
vn -0.63516 0.19123 0.74834
vn -0.59321 0.09071 0.79992
vn -0.33064 0.1029 0.93813
vn -0.57844 -0.086 -0.81118
vn -0.56036 -0.1171 -0.81993
vn -0.65835 -0.10383 -0.74552
vn 0.53714 0.73908 -0.40649
vn 0.60896 0.70349 -0.36642
vn 0.51724 0.71718 -0.46704
vn 0.49408 -0.19591 0.84706
vn 0.51793 -0.16173 0.84
vn 0.49811 -0.14446 0.85499
vn 0.6372 0.47108 0.60997
vn 0.34433 0.55113 0.76006
vn -0.38091 -0.02761 0.9242
vn 0.27187 0.91403 0.30105
vn 0.33368 0.91533 0.22544
vn 0.29031 0.94366 0.15881
vn 0.82726 -0.55953 -0.05066
vn 0.87746 -0.46614 -0.11302
vn 0.85297 -0.52191 0.00718
vn 0.93283 -0.27353 0.23455
vn 0.93915 -0.28334 0.1942
vn 0.95724 -0.21001 0.19896
vn -0.87733 0.44438 -0.18116
vn -0.90412 0.40116 -0.1471
vn -0.82153 0.5631 0.08951
vn -0.95362 0.04671 0.29736
vn -0.96705 -0.07216 0.24414
vn -0.87153 0.15554 0.46503
vn 0.06362 -0.28194 -0.95732
vn -0.11297 -0.23065 -0.96646
vn -0.05356 -0.16878 -0.9842
vn 0.22397 -0.01524 -0.97448
vn 0.10436 0.09009 -0.99045
vn 0.21564 0.10179 -0.97115
vn -0.28046 -0.43136 0.85748
vn -0.24532 -0.4071 0.87982
vn -0.27344 -0.36553 0.88973
vn 0.12199 -0.91152 0.39275
vn 0.20683 -0.97282 0.10409
vn 0.18776 -0.86557 0.46425
vn -0.77194 0.57621 0.2685
vn -0.75442 0.61246 0.23611
vn -0.80281 0.54553 0.24063
vn 0.76381 0.0199 0.64514
vn 0.70432 -0.01133 0.70979
vn 0.75805 -0.12646 0.63981
vn 0.83082 0.54629 -0.10634
vn 0.78128 0.62417 -0.00272
vn 0.8844 0.46672 -0.00163
vn 0.10381 0.3356 -0.93627
vn 0.03065 0.32842 -0.94403
vn 0.09847 0.38657 -0.91699
vn 0.27623 0.34061 -0.89871
vn 0.32016 0.3081 -0.89587
vn 0.28833 0.2315 -0.92913
vn 0.33525 -0.4889 0.80535
vn 0.48687 -0.47133 0.73539
vn 0.46414 -0.40227 0.78915
vn -0.8989 0.20174 0.38896
vn -0.88263 0.10924 0.4572
vn -0.84649 0.27786 0.45415
vn -0.68596 0.72265 0.08505
vn -0.66688 0.69344 -0.27277
vn -0.78367 0.61677 0.07387
vn -0.99021 0.02736 0.13691
vn -0.90415 -0.29998 0.30417
vn -0.87172 -0.15391 0.46521
vn 0.17966 0.92889 -0.32385
vn 0.28348 0.85717 -0.43
vn 0.16428 0.89585 -0.41287
vn -0.93207 -0.3318 0.14546
vn -0.85431 -0.51972 0.00654
vn -0.87394 -0.43811 0.21045
vn -0.56639 0.78705 0.24445
vn -0.53859 0.8126 0.2227
vn -0.58166 0.79503 0.17204
vn 0.6727 -0.34582 0.65413
vn 0.76044 -0.27835 0.58673
vn 0.65174 -0.27373 0.70733
vn 0.96531 -0.16776 0.20008
vn 0.94885 -0.25456 0.18679
vn 0.97593 -0.20805 0.06547
vn 0.95673 0.15645 -0.24533
vn 0.96891 0.07935 -0.23434
vn 0.96123 0.08511 -0.2623
vn 0.92865 -0.04535 0.36817
vn 0.98955 0.03787 0.13914
vn 0.93441 0.0263 0.35522
vn 0.26737 -0.76908 0.58054
vn 0.37601 -0.6884 0.62026
vn 0.22104 -0.55696 0.80058
vn 0.35621 -0.02132 -0.93416
vn 0.33813 0.09704 -0.93608
vn 0.46053 0.0049 -0.88763
vn -0.89655 0.15324 0.41559
vn -0.94096 0.05982 0.33318
vn -0.89657 0.13721 0.42111
vn -0.40294 -0.39821 0.82406
vn -0.26159 -0.3918 0.88208
vn -0.47021 -0.24052 0.84915
vn -0.40122 -0.55765 0.72667
vn -0.39693 -0.34412 0.8509
vn -0.56169 -0.44714 0.69611
vn 0.93195 0.34644 0.10698
vn 0.99203 0.08424 0.09373
vn 0.95044 0.30691 0.04969
vn -0.07773 -0.4331 -0.89799
vn -0.15938 -0.47141 -0.86739
vn -0.25314 -0.34011 -0.90567
vn -0.49674 0.83754 -0.22754
vn -0.52197 0.69904 -0.48876
vn -0.57241 0.79449 -0.20279
vn -0.84733 -0.52127 0.10154
vn -0.90608 -0.38118 0.18363
vn -0.89241 -0.4509 -0.01721
vn 0.73931 0.09379 0.66681
vn 0.7658 0.1974 0.61203
vn 0.71591 0.09565 0.69161
vn -0.47565 -0.34994 0.80703
vn -0.4088 -0.19351 0.89187
vn -0.46541 -0.18632 0.86526
vn 0.30476 0.24595 -0.92013
vn 0.28348 0.13069 -0.95003
vn 0.0798 0.19513 -0.97753
vn 0.46905 0.00292 -0.88317
vn 0.28028 -0.1189 -0.95253
vn 0.23397 0.18291 -0.95488
vn -0.64431 -0.24709 0.72375
vn -0.71576 -0.33558 0.61243
vn -0.58664 -0.26808 0.76419
vn 0.74408 -0.62086 0.24671
vn 0.78658 -0.58596 0.1948
vn 0.78096 -0.58478 0.2194
vn 0.40401 0.05038 -0.91337
vn 0.45689 -0.02366 -0.88921
vn 0.35527 -0.00724 -0.93474
vn -0.58031 -0.23671 -0.77923
vn -0.54906 -0.06564 -0.8332
vn -0.52316 -0.16862 -0.83539
vn -0.19391 0.51205 0.83678
vn -0.06619 0.5211 0.85093
vn -0.12262 0.56686 0.81464
vn -0.91145 0.338 -0.23456
vn -0.92069 0.33431 -0.2014
vn -0.90328 0.37115 -0.21527
vn -0.12206 -0.3656 -0.92273
vn -0.25987 -0.25878 -0.93032
vn -0.1771 -0.2813 -0.94314
vn -0.81572 -0.57241 -0.08331
vn -0.85521 -0.51826 0.00381
vn -0.87427 -0.48418 -0.03497
vn -0.85527 -0.10158 0.50813
vn -0.89294 -0.06524 0.44542
vn -0.88892 -0.1461 0.43414
vn 0.92241 0.02489 0.38541
vn 0.94431 -0.0794 0.31933
vn 0.94522 -0.03283 0.32479
vn 0.85517 -0.31504 -0.41163
vn 0.7764 -0.37846 -0.50396
vn 0.77552 -0.33375 -0.5359
vn 0.45767 0.00271 -0.88912
vn 0.32935 0.07366 -0.94133
vn 0.3907 0.1449 -0.90904
vn 0.19098 -0.18138 0.96469
vn 0.28895 -0.41452 0.86295
vn 0.29382 -0.24501 0.92393
vn 0.12134 0.97564 -0.18277
vn -0.14971 0.98619 0.07078
vn 0.0286 0.99959 0.00275
vn 0.65389 -0.75454 0.05558
vn 0.61544 -0.78807 0.01343
vn 0.7136 -0.69854 0.05305
vn -0.20675 0.01416 -0.97829
vn -0.10874 -0.1085 -0.98813
vn -0.18159 -0.09626 -0.97865
vn -0.96388 0.00774 -0.26622
vn -0.97575 0.19158 -0.10589
vn -0.89907 0.2051 -0.38679
vn -0.85732 0.33496 -0.39091
vn -0.93607 0.34526 -0.06762
vn -0.84115 0.47717 -0.25452
vn -0.92119 0.37695 -0.09657
vn -0.96532 0.23777 -0.10781
vn -0.93219 0.35971 -0.04043
vn 0.70816 0.04979 0.70429
vn 0.71894 0.07467 0.69105
vn 0.71193 0.08673 0.69687
vn 0.72886 0.25417 0.63574
vn -0.25042 0.77116 0.58532
vn 0.652 0.18015 0.73651
vn 0.89523 -0.30989 0.32021
vn 0.92588 -0.18213 0.33101
vn 0.85945 -0.17193 0.48144
vn -0.98773 0.14817 0.04939
vn -0.97514 0.15111 0.16208
vn -0.94986 0.2281 0.21386
vn 0.95811 0.0974 0.26933
vn 0.97085 -0.0671 0.23011
vn 0.97371 -0.00044 0.22777
vn 0.19969 0.11259 -0.97337
vn 0.1506 0.12478 -0.98069
vn 0.23508 0.23376 -0.94345
vn 0.78164 -0.43725 -0.44481
vn 0.77372 -0.37197 -0.51283
vn 0.8369 -0.24213 -0.49089
vn -0.6 -0.18239 0.77893
vn -0.61302 -0.12324 0.78039
vn -0.6165 -0.13928 0.77494
vn 0.34148 -0.47993 0.80812
vn 0.27468 -0.52548 0.80525
vn 0.32493 -0.54577 0.77237
vn -0.31099 -0.51137 0.80111
vn -0.46395 -0.40571 0.78749
vn -0.48906 -0.55957 0.66911
vn -0.7871 0.61443 -0.05437
vn -0.81594 0.57475 -0.06259
vn -0.67476 0.73587 0.0565
vn -0.53769 0.02066 0.84289
vn -0.53885 -0.01278 0.84231
vn -0.50368 0.00669 0.86386
vn 0.99007 0.07326 -0.11994
vn 0.98999 0.03046 -0.13781
vn 0.97553 0.06898 -0.20879
vn -0.33661 -0.09203 -0.93713
vn -0.37244 -0.2702 -0.88785
vn -0.43299 -0.19812 -0.87936
vn 0.14684 0.92815 -0.34201
vn 0.2368 0.86782 -0.43682
vn 0.15368 0.89651 -0.41552
vn 0.54548 0.69127 -0.47392
vn 0.63726 0.66842 -0.38356
vn 0.61469 0.64734 -0.45068
vn -0.75199 0.63496 -0.177
vn -0.73231 0.65103 -0.19971
vn -0.76604 0.6185 -0.17506
vn 0.78144 -0.17517 0.59888
vn 0.81583 -0.148 0.55903
vn 0.78678 -0.06716 0.61356
vn 0.94161 0.08565 0.32562
vn 0.98715 0.0696 0.14382
vn 0.97364 0.11213 0.19863
vn -0.75458 0.63026 0.18271
vn -0.72943 0.67366 0.1188
vn -0.7662 0.63432 0.10287
vn 0.10158 -0.70979 0.69705
vn -0.00444 -0.56416 0.82566
vn 0.03058 -0.70534 0.70821
vn 0.95315 0.20226 0.22495
vn 0.98623 0.12352 0.10998
vn 0.97792 0.16688 0.12576
vn 0.78406 0.31643 -0.53396
vn 0.82117 0.3934 -0.41341
vn 0.82741 0.17235 -0.53449
vn -0.85111 -0.31361 0.42103
vn -0.68008 -0.39277 0.61905
vn -0.66181 -0.12618 0.73897
vn -0.16487 -0.68492 0.70972
vn -0.21146 -0.7453 0.6323
vn -0.14827 -0.7845 0.60215
vn -0.54667 -0.02556 0.83696
vn -0.53968 -0.05758 0.8399
vn -0.30401 0.10283 0.9471
vn 0.94016 0.25976 0.2205
vn 0.87907 0.37619 0.29277
vn 0.91961 0.13974 0.36713
vn 0.72439 0.00349 0.68939
vn 0.71648 0.03501 0.69673
vn 0.71222 -0.0145 0.7018
vn -0.91409 0.40539 0.00999
vn -0.92656 0.36735 0.08087
vn -0.91123 0.4027 0.08654
vn -0.95325 -0.25387 0.16394
vn -0.95001 -0.12271 0.28711
vn -0.96924 -0.16464 0.18293
vn 0.78637 0.19946 -0.58467
vn 0.86655 0.01734 -0.49878
vn 0.76778 0.08754 -0.63471
vn 0.54945 0.16663 -0.81874
vn 0.4536 0.02255 -0.89092
vn 0.4775 0.27948 -0.833
vn -0.5399 -0.15659 0.82704
vn -0.48784 -0.22118 0.84445
vn -0.49122 -0.15614 0.85693
vn -0.03316 0.84974 -0.52615
vn 0.15201 0.88877 -0.43241
vn 0.11123 0.77735 -0.61916
vn 0.87619 0.43283 -0.21202
vn 0.86496 0.40957 -0.29001
vn 0.84837 0.46846 -0.24659
vn -0.70806 0.70603 -0.01307
vn -0.66964 0.74255 -0.01413
vn -0.69278 0.71951 -0.0487
vn -0.86412 0.40171 0.3032
vn -0.85715 0.38973 0.33675
vn -0.85608 0.41636 0.30621
vn -0.99976 -0.00094 0.02188
vn -0.99788 -0.06219 0.01894
vn -0.99605 -0.03546 0.08144
vn 0.00438 0.98939 0.14525
vn -0.08763 0.98781 0.12863
vn -0.13289 0.97964 0.15048
vn 0.27019 0.94394 0.18966
vn 0.20582 0.95699 0.20446
vn 0.24707 0.93774 0.24414
vn -0.28217 0.95053 -0.12987
vn -0.30007 0.95235 0.05459
vn -0.27958 0.95786 0.06595
vn -0.99941 -0.01363 -0.03151
vn -0.96175 -0.18456 0.2024
vn -0.97455 0.00797 0.22405
vn 0.73592 0.57257 0.36136
vn 0.68153 0.59899 0.42039
vn 0.6705 0.55856 0.4883
vn 0.93047 -0.36621 -0.0104
vn 0.97142 -0.22216 -0.08357
vn 0.95863 -0.27438 0.07579
vn 0.99751 -0.06374 0.03015
vn 0.98471 -0.1226 -0.12375
vn 0.99326 0.11523 -0.01245
vn 0.48245 0.14589 -0.86369
vn 0.36457 0.18696 -0.91221
vn 0.39004 0.22609 -0.89261
vn -0.99698 0.07724 0.00748
vn -0.97893 0.09052 0.18303
vn -0.97803 0.14023 0.15423
vn 0.90656 -0.09963 0.41016
vn 0.89799 0.01218 0.43985
vn 0.89297 -0.07059 0.44454
vn 0.86746 0.48316 0.11857
vn 0.81979 0.53375 0.20749
vn 0.88214 0.30414 0.35962
vn 0.88084 0.01717 -0.4731
vn 0.85814 -0.01086 -0.5133
vn 0.84438 0.06906 -0.53127
vn -0.96249 -0.15205 0.2247
vn -0.96993 -0.03005 0.2415
vn -0.98307 -0.09172 0.15862
vn -0.98418 -0.1681 0.056
vn -0.97043 -0.23094 0.0703
vn -0.97174 -0.19902 0.12694
vn -0.84987 -0.31396 0.42327
vn -0.76832 -0.39194 0.50604
vn -0.79617 -0.30812 0.52074
vn -0.73642 0.19708 0.64718
vn -0.77542 0.02858 0.6308
vn -0.73026 0.11243 0.67385
vn 0.45713 0.23104 -0.85887
vn 0.42399 0.08204 -0.90194
vn 0.36798 0.20254 -0.90751
vn -0.9589 0.2635 0.10523
vn -0.99796 0.05855 -0.02544
vn -0.98732 0.10816 0.11622
vn 0.49238 0.86555 0.09151
vn 0.43986 0.87724 0.19227
vn 0.51972 0.83318 0.18894
vn 0.5923 0.65009 0.47599
vn 0.46991 0.74168 0.47863
vn 0.59876 0.58932 0.54239
vn -0.31626 -0.58599 -0.74606
vn -0.38056 -0.66898 -0.63847
vn -0.43526 -0.495 -0.75202
vn 0.63456 0.1875 0.74979
vn 0.65999 0.2398 0.71197
vn 0.64143 0.24877 0.72573
vn 0.62723 0.75396 0.19529
vn 0.46496 0.80349 0.37177
vn 0.51236 0.6502 0.56101
vn 0.73418 0.60037 0.31708
vn 0.66874 0.62219 0.40702
vn 0.74722 0.52258 0.41057
vn -0.97682 0.02321 0.21279
vn -0.9801 -0.10818 0.16646
vn -0.96651 -0.04116 0.25332
vn 0.98034 -0.04929 0.19108
vn 0.99697 0.00577 0.07752
vn 0.99349 0.03729 0.10768
vn 0.95881 -0.08307 0.27164
vn 0.9622 -0.12287 0.24305
vn 0.97392 0.00693 0.2268
vn -0.98101 0.17559 0.08244
vn -0.9691 0.17833 0.17045
vn -0.90299 0.41227 0.12101
vn 0.95364 -0.05552 0.29577
vn 0.92399 0.12814 0.36032
vn 0.8557 -0.22829 0.46439
vn -0.77131 0.63567 0.03172
vn -0.65587 0.75481 -0.00969
vn -0.81174 0.57906 -0.0759
vn 0.47145 0.28657 -0.83404
vn 0.47047 0.39974 -0.78668
vn 0.631 0.22589 -0.74217
vn -0.87345 0.36707 0.31992
vn -0.89016 0.35203 0.2893
vn -0.91206 0.29146 0.28844
vn -0.96307 0.19444 0.18627
vn -0.94465 0.2461 0.21696
vn -0.94508 0.27122 0.18238
vn 0.86385 0.07822 -0.49763
vn 0.85775 -0.05845 -0.51073
vn 0.82184 -0.00642 -0.56969
vn 0.90252 -0.27778 0.32909
vn 0.9415 -0.09163 0.32433
vn 0.79519 -0.17697 0.57997
vn -0.29268 -0.35069 0.88958
vn -0.37009 -0.21556 0.90364
vn -0.45461 -0.23776 0.85837
vn -0.66379 -0.28914 0.68977
vn -0.73212 -0.26634 0.62695
vn -0.65104 -0.3941 0.64871
vn 0.22833 -0.84423 0.48491
vn 0.16483 -0.84035 0.51638
vn 0.15501 -0.89328 0.42194
vn 0.36916 0.92589 0.08032
vn 0.43655 0.89505 0.09118
vn 0.37819 0.92551 0.02008
vn -0.07288 0.4727 -0.8782
vn -0.26524 0.319 -0.90988
vn -0.17712 0.4678 -0.8659
vn -0.81607 0.10384 -0.56855
vn -0.83024 0.11419 -0.54559
vn -0.79807 0.11712 -0.59108
vn -0.75806 0.04941 -0.65032
vn -0.79522 -0.03068 -0.60555
vn -0.82841 -0.02507 -0.55956
vn -0.84994 -0.50795 -0.13999
vn -0.78293 -0.62205 0.00874
vn -0.84912 -0.52809 0.01114
vn -0.97499 0.19241 -0.11125
vn -0.98313 0.15505 -0.09698
vn -0.34975 0.6695 0.65532
vn 0.86892 0.02677 -0.49423
vn 0.9057 -0.02301 -0.42329
vn 0.83589 -0.07262 -0.54407
vn -0.15504 -0.8834 0.44223
vn -0.12979 -0.82846 0.5448
vn -0.29949 -0.88931 0.34558
vn -0.86865 -0.14539 0.47362
vn -0.87104 -0.18835 0.45366
vn -0.84986 -0.12729 0.5114
vn -0.97178 0.11921 0.20353
vn -0.958 0.15064 0.24401
vn -0.97174 0.14396 0.18706
vn -0.60796 0.67631 -0.41591
vn -0.6508 0.54582 -0.52776
vn -0.68891 0.57827 -0.43704
vn -0.19553 0.45046 -0.87112
vn -0.24314 0.2907 -0.92541
vn -0.29837 0.5977 -0.74413
vn -0.80255 0.58559 0.11398
vn -0.91934 0.34442 -0.19024
vn -0.81969 0.54586 0.17363
vn -0.90329 -0.35485 0.24113
vn -0.95627 -0.2544 0.14434
vn -0.95758 -0.26822 0.10532
vn 0.67552 0.47318 -0.56548
vn 0.58956 0.55603 -0.58587
vn 0.61144 0.58405 -0.53387
vn -0.87916 0.3296 -0.34415
vn -0.95935 0.25089 -0.1292
vn -0.88338 0.44771 -0.13853
vn 0.53957 0.7942 0.27947
vn 0.45872 0.85161 0.25365
vn 0.52309 0.78321 0.33611
vn 0.76971 0.60958 0.18962
vn 0.74701 0.54343 0.38295
vn 0.82485 0.52103 0.21943
vn 0.58134 0.22904 -0.78076
vn 0.52552 0.15122 -0.83723
vn 0.46568 0.2853 -0.8377
vn 0.22469 -0.47518 0.85072
vn 0.2753 -0.41136 0.8689
vn 0.17594 -0.27559 0.94504
vn -0.70924 0.67065 0.21728
vn -0.64413 0.76284 0.0564
vn -0.80504 0.56686 0.17485
vn 0.33359 -0.9272 0.17034
vn 0.43573 -0.78388 0.44235
vn 0.32861 -0.85127 0.40909
vn -0.99819 -0.04876 -0.03513
vn -0.99235 -0.01722 0.12222
vn -0.97858 0.06409 0.19566
vn -0.8717 -0.41517 0.26034
vn -0.983 -0.14863 0.1078
vn -0.88036 -0.46598 0.08843
vn 0.94561 -0.12964 -0.29836
vn 0.91185 0.1464 -0.38353
vn 0.96074 0.06692 -0.26925
vn -0.6468 0.45218 -0.61415
vn -0.6625 0.42752 -0.61507
vn -0.65169 0.46514 -0.59913
vn 0.98136 -0.10391 0.16168
vn 0.98403 -0.15433 0.0887
vn 0.98975 -0.11924 0.07864
vn 0.89946 0.26193 0.3498
vn 0.81423 0.31585 0.4871
vn 0.85299 0.17172 0.49287
vn -0.91194 -0.39584 -0.10803
vn -0.94337 -0.33173 0.00299
vn -0.9566 -0.28395 -0.06549
vn -0.75467 -0.54766 0.36131
vn -0.6789 -0.68506 0.26416
vn -0.62905 -0.64472 0.43431
vn 0.97845 0.206 0.01428
vn 0.99887 0.04731 0.00333
vn 0.96036 0.27548 -0.04272
vn -0.6747 -0.36653 0.64065
vn -0.64516 -0.39234 0.65562
vn -0.65215 -0.17928 0.73659
vn -0.03061 -0.60254 0.7975
vn -0.01064 -0.5385 0.84256
vn -0.18956 -0.47481 0.85943
vn -0.67637 -0.49446 0.54593
vn -0.60988 -0.45441 0.64927
vn -0.70217 -0.41956 0.57526
vn 0.74719 0.2991 -0.5935
vn 0.75297 0.33801 -0.56461
vn 0.78462 0.32343 -0.52892
vn 0.34759 0.20186 -0.91566
vn 0.25022 -0.04047 -0.96734
vn 0.22006 0.05895 -0.9737
vn -0.86876 0.21485 -0.4462
vn -0.99054 0.11972 -0.06708
vn -0.46167 0.69619 0.54971
vn 0.95779 -0.28721 0.01196
vn 0.98411 -0.14024 0.1089
vn 0.93299 -0.30839 0.18556
vn -0.99398 -0.04924 -0.09792
vn -0.996 0.0507 -0.07354
vn -0.99096 -0.01945 -0.13277
vn -0.95907 -0.01697 0.28266
vn -0.96327 0.10144 0.24863
vn -0.98978 0.03276 0.13882
vn 0.45812 -0.03329 -0.88826
vn 0.32885 -0.0208 -0.94415
vn 0.44016 0.03724 -0.89715
vn -0.26619 -0.9 0.34517
vn -0.17329 -0.81735 0.54946
vn -0.22068 -0.69345 0.68588
vn -0.85261 -0.07148 0.51763
vn -0.86333 -0.12163 0.48977
vn -0.84054 -0.13106 0.52565
vn -0.67675 -0.4559 0.57807
vn -0.64926 -0.47092 0.59723
vn -0.61198 -0.39871 0.68301
vn -0.79096 0.09817 0.60394
vn -0.73466 0.09736 0.67141
vn -0.7001 0.16672 0.69431
vn -0.65933 -0.09256 0.74613
vn -0.68474 -0.11877 0.71905
vn -0.63685 -0.20134 0.74424
vn -0.69591 0.3878 0.60442
vn -0.82379 0.10683 0.55674
vn -0.79358 0.13759 0.5927
vn -0.09945 0.88031 0.46385
vn 0.03269 0.85914 0.51069
vn 0.03832 0.899 0.43626
vn -0.94214 -0.25814 0.21389
vn -0.92886 -0.29568 0.22316
vn -0.95854 -0.11403 0.26116
vn -0.86383 -0.231 0.44771
vn -0.89699 -0.30466 0.32029
vn -0.86823 -0.34959 0.3521
vn -0.84731 -0.51256 -0.13911
vn -0.84141 -0.53538 -0.07346
vn -0.87275 -0.47302 -0.12068
vn 0.91387 -0.27405 0.29957
vn 0.92182 -0.13046 0.365
vn 0.8441 -0.40787 0.34805
vn -0.54278 -0.81938 -0.18442
vn -0.54177 -0.84035 -0.01718
vn -0.58141 -0.81345 -0.01617
vn -0.92574 0.21297 -0.31249
vn -0.99139 0.05013 -0.12094
vn -0.99066 0.10526 -0.08672
vn 0.86653 -0.1796 0.4657
vn 0.91048 0.10224 0.4007
vn 0.83457 0.04748 0.54886
vn 0.29444 -0.53152 0.79422
vn 0.28807 -0.36874 0.88377
vn 0.13022 -0.58569 0.80001
vn 0.97856 0.20587 0.00593
vn 0.98044 0.17863 -0.08258
vn 0.95975 0.28005 0.02131
vn -0.58157 -0.65403 0.48376
vn -0.41043 -0.62485 0.66416
vn -0.45069 -0.49808 0.74081
vn -0.40306 0.91514 0.00828
vn -0.37725 0.9197 0.10876
vn -0.33237 0.93823 -0.09615
vn -0.85061 0.5242 0.04093
vn -0.79697 0.59183 -0.12072
vn -0.82125 0.54647 -0.16406
vn 0.24087 0.94203 -0.23358
vn 0.31991 0.92247 -0.2161
vn 0.31242 0.91171 -0.2668
vn 0.99467 0.00717 0.10281
vn 0.99272 0.0336 0.11562
vn 0.98159 -0.00497 0.19092
vn 0.95561 -0.08135 0.28319
vn 0.98572 -0.07965 0.14835
vn 0.91409 0.10813 0.39082
vn -0.72681 -0.31598 0.60985
vn -0.90589 -0.12995 0.40308
vn -0.92052 -0.21851 0.32389
vn -0.95323 0.30169 -0.01843
vn -0.91214 0.32948 0.2438
vn -0.86661 0.44763 0.22047
vn 0.83596 0.33348 -0.43585
vn 0.85405 0.40257 -0.32946
vn 0.89612 0.27171 -0.35092
vn -0.16516 0.69126 -0.70348
vn -0.04324 0.62645 -0.77826
vn -0.15691 0.54734 -0.82207
vn 0.94478 -0.06851 0.32046
vn 0.95014 0.01476 0.31149
vn 0.92512 -0.01771 0.37927
vn -0.99093 0.1268 0.04441
vn -0.95569 0.18967 0.22515
vn -0.97185 0.21844 0.0883
vn -0.15139 -0.91744 -0.36794
vn -0.31576 -0.83375 -0.45295
vn -0.14781 -0.86317 -0.48279
vn 0.92221 -0.12773 0.365
vn 0.93227 -0.25631 0.25529
vn 0.94625 -0.19149 0.26065
vn -0.87333 0.22279 -0.43319
vn -0.89146 0.26094 -0.37042
vn -0.85547 0.3283 -0.40048
vn -0.43423 -0.52302 0.73341
vn -0.37821 -0.58427 0.71804
vn -0.38877 -0.52208 0.75914
vn 0.97202 0.20942 0.1064
vn 0.99312 0.11657 0.01154
vn 0.96265 0.26948 -0.02632
vn -0.81173 0.35263 0.46555
vn -0.84524 0.24518 0.47482
vn -0.79308 0.29354 0.53372
vn -0.76586 0.59948 0.23255
vn -0.69992 0.64888 0.29843
vn -0.67047 0.70577 0.22881
vn -0.80665 0.42676 0.40889
vn -0.75643 0.41569 0.505
vn -0.79741 0.45767 0.39329
vn 0.01204 0.62649 0.77933
vn -0.13065 0.80738 0.57539
vn -0.03686 0.60765 0.79335
vn 0.52784 0.54998 -0.64723
vn 0.58224 0.59693 -0.55197
vn 0.5717 0.49492 -0.65438
vn -0.73983 -0.55001 -0.38749
vn -0.86427 -0.40652 -0.29628
vn -0.68874 -0.46403 -0.55705
vn 0.03382 0.96036 0.2767
vn 0.14843 0.95162 0.26906
vn 0.02379 0.97511 0.22044
vn -0.90799 0.40131 0.12046
vn -0.90687 0.30752 0.28814
vn -0.88179 0.43463 0.18317
vn 0.73319 0.49362 0.46773
vn 0.6841 0.62746 0.37188
vn 0.62304 0.57185 0.53368
vn -0.9902 0.10037 -0.09713
vn -0.99981 -0.01495 -0.01263
vn -0.98932 0.09578 0.10991
vn -0.48746 0.87269 -0.02803
vn -0.22607 0.97276 0.05127
vn -0.38371 0.87456 -0.29651
vn -0.83417 0.13691 0.53424
vn -0.77384 0.13871 0.61801
vn -0.78402 0.17961 0.59418
vn 0.71017 -0.70099 -0.0654
vn 0.66774 -0.74365 -0.03322
vn 0.65359 -0.75497 -0.0533
vn 0.94844 0.31043 0.064
vn 0.90915 0.39592 -0.12921
vn 0.92285 0.37728 0.07748
vn -0.24621 -0.90952 -0.3349
vn -0.32362 -0.9105 -0.25742
vn -0.35988 -0.78862 -0.49856
vn -0.99155 -0.10863 0.07087
vn -0.99385 -0.06395 -0.09038
vn -0.96829 -0.22416 0.11027
vn 0.24512 0.28587 -0.92639
vn 0.28437 0.2511 -0.92525
vn 0.2425 0.15705 -0.95736
vn -0.83929 0.53972 -0.06558
vn -0.80083 0.56783 0.19036
vn -0.56032 0.76514 0.31719
vn -0.96947 -0.074 0.2338
vn -0.8787 -0.1994 0.43373
vn -0.90175 0.00276 0.43226
vn 0.21252 -0.7491 0.62745
vn 0.07425 -0.93566 0.345
vn 0.23695 -0.9196 0.31334
vn -0.52642 0.25143 -0.8122
vn -0.56779 0.3803 -0.73006
vn -0.45937 0.36312 -0.81063
vn -0.31159 0.58427 -0.74936
vn -0.14794 0.67088 -0.72666
vn -0.16712 0.55922 -0.812
vn -0.96361 -0.2673 -0.00254
vn -0.97088 -0.2395 -0.00575
vn -0.95799 -0.27151 -0.09242
vn -0.97141 -0.04078 0.23389
vn -0.96425 -0.07679 0.25364
vn -0.94802 0.0449 0.31504
vn -0.30941 -0.35918 0.88048
vn -0.29286 -0.15763 0.94307
vn -0.3203 -0.22538 0.92011
vn -0.41654 -0.19691 0.88753
vn -0.3122 -0.13643 0.94017
vn -0.39251 -0.11361 0.9127
vn 0.37 0.90674 -0.20227
vn 0.42846 0.88972 -0.15755
vn 0.45419 0.87201 -0.18254
vn -0.97618 0.1253 0.17712
vn -0.95666 0.06474 0.28392
vn -0.93105 0.14501 0.33484
vn 0.74211 0.13229 -0.65709
vn 0.76489 0.08708 -0.63825
vn 0.7294 0.12366 -0.67282
vn -0.15341 0.98467 -0.08296
vn 0.03279 0.99587 0.0847
vn 0.00706 0.99937 -0.03468
vn 0.95285 -0.2801 0.11667
vn 0.93427 -0.28701 0.21157
vn 0.92971 -0.36696 0.03143
vn 0.90917 0.16243 0.38344
vn 0.89186 0.24908 0.37755
vn 0.85311 0.14003 0.5026
vn -0.99047 0.06646 -0.12065
vn -0.46741 0.06527 0.88163
vn -0.88675 0.45479 -0.0827
vn -0.74501 -0.61815 0.2507
vn -0.837 -0.52611 0.15043
vn -0.81852 -0.57303 0.0408
vn 0.91925 -0.07605 0.38627
vn 0.97417 -0.0688 0.2151
vn 0.97267 0.04507 0.22779
vn -0.96939 -0.0147 0.24511
vn -0.96946 -0.07357 0.23394
vn -0.90141 -0.1489 0.40657
vn -0.01046 0.66195 0.74947
vn -0.06381 0.62496 0.77804
vn -0.01146 0.58548 0.81061
vn 0.25542 0.94137 -0.2204
vn 0.37167 0.90187 -0.22022
vn 0.28845 0.91491 -0.28239
vn -0.92065 0.148 -0.36125
vn -0.88762 0.20526 -0.41231
vn -0.7845 0.02561 -0.61959
vn -0.23647 0.71494 -0.65799
vn -0.49602 0.64728 -0.57878
vn -0.31191 0.75627 -0.57513
vn -0.97094 0.14475 -0.19058
vn -0.97854 0.05791 -0.19774
vn -0.97642 0.17895 -0.12075
vn 0.85544 0.51768 -0.01518
vn 0.88397 0.46539 -0.0449
vn 0.82704 0.52037 -0.21264
vn 0.06852 0.12712 -0.98952
vn 0.07221 0.09009 -0.99331
vn 0.05101 0.09432 -0.99423
vn 0.9089 -0.06091 0.41255
vn 0.84677 0.04353 0.53018
vn 0.84727 -0.00062 0.53117
vn 0.30627 -0.8491 0.43039
vn 0.3846 -0.79084 0.47608
vn 0.35272 -0.76959 0.53228
vn -0.74886 0.59398 0.29394
vn -0.70551 0.64703 0.28915
vn -0.76812 0.60759 0.20206
vn -0.20996 0.97082 0.11586
vn -0.19169 0.98118 0.02326
vn -0.22111 0.97523 -0.00667
vn -0.63471 -0.77236 -0.0245
vn -0.75642 -0.65381 0.01903
vn -0.67034 -0.72684 -0.14948
vn 0.61673 0.07107 -0.78396
vn 0.59334 -0.01082 -0.80488
vn 0.5814 0.06793 -0.81078
vn 0.15873 0.0973 -0.98252
vn 0.15223 0.06016 -0.98651
vn 0.14735 0.31073 -0.93901
vn -0.74768 -0.01493 0.66389
vn -0.75561 -0.2014 0.62329
vn -0.60077 -0.01378 0.7993
vn 0.90815 0.41806 -0.02206
vn 0.85858 0.50951 0.05697
vn 0.90926 0.40944 0.07483
vn 0.94774 -0.31628 0.04185
vn 0.90969 -0.38702 -0.15058
vn 0.96288 -0.26681 -0.04091
vn 0.96384 -0.13472 0.22992
vn 0.98317 -0.15096 0.1029
vn 0.98879 -0.1114 0.09947
vn -0.97762 -0.05816 -0.20217
vn -0.95246 0.01591 -0.30426
vn -0.96564 -0.06832 -0.25074
vn 0.88431 -0.10111 0.45582
vn 0.85729 0.05263 0.51213
vn 0.84877 0.04423 0.52691
vn -0.69332 -0.40135 0.59853
vn -0.66235 -0.4732 0.58084
vn -0.58295 -0.461 0.66906
vn -0.37987 -0.89946 0.21605
vn -0.32774 -0.89042 0.31583
vn -0.57589 -0.67513 0.46104
vn -0.75446 0.30106 0.58323
vn -0.4322 0.33441 0.83748
vn -0.66115 0.39212 0.63963
vn 0.25073 0.20774 -0.9455
vn 0.24484 0.04847 -0.96835
vn 0.17537 0.07299 -0.98179
vn -0.96081 0.26521 -0.08068
vn -0.97072 0.23205 -0.06204
vn -0.9609 0.26964 -0.06295
vn 0.90183 0.23824 0.36049
vn 0.29078 0.93032 -0.22352
vn 0.86318 0.19604 0.46528
vn -0.927 -0.22802 -0.29779
vn -0.88905 -0.23669 -0.39187
vn -0.83806 -0.37766 -0.39374
vn 0.41279 0.05527 -0.90915
vn 0.38633 0.07519 -0.91929
vn 0.39143 0.11149 -0.91343
vn -0.23871 0.04304 -0.97014
vn -0.2157 0.22542 -0.95008
vn -0.12774 0.25297 -0.959
vn 0.57652 0.36256 -0.73224
vn 0.59597 0.061 -0.80068
vn 0.57528 0.31171 -0.75624
vn -0.7483 0.56307 0.35071
vn -0.77473 0.4182 0.47424
vn -0.72075 0.47466 0.5052
vn -0.39063 0.55107 0.73738
vn -0.42325 0.49253 0.76044
vn -0.34033 0.51981 0.78357
vn 0.05749 0.99243 -0.10856
vn 0.04682 0.9987 -0.01997
vn 0.12849 0.98854 -0.07919
vn 0.97385 0.20694 -0.09379
vn 0.95266 0.282 -0.11362
vn 0.92088 0.38907 -0.02452
vn -0.29992 0.42418 -0.85447
vn -0.21719 0.46771 -0.85678
vn -0.25102 0.34196 -0.90557
vn -0.79917 0.35346 -0.48621
vn -0.81545 0.37109 -0.44422
vn -0.79141 0.3901 -0.47063
vn -0.9891 0.13092 -0.06744
vn -0.99017 0.1287 -0.05471
vn -0.29138 0.89031 0.34992
vn 0.9362 -0.33196 -0.11546
vn 0.9595 -0.1599 -0.23193
vn 0.97282 -0.18694 -0.13663
vn -0.79153 -0.51751 -0.32507
vn -0.8029 -0.43389 -0.40877
vn -0.68921 -0.55539 -0.46533
vn -0.19144 -0.55794 0.8075
vn 0.01873 -0.55533 0.83142
vn -0.02088 -0.51286 0.85822
vn 0.62662 -0.67296 0.39302
vn 0.73354 -0.6469 0.20839
vn 0.77884 -0.60597 0.16187
vn 0.04267 0.63741 -0.76934
vn 0.13825 0.56329 -0.81461
vn 0.01118 0.62125 -0.78354
vn -0.45461 0.5299 -0.71591
vn -0.52076 0.533 -0.66687
vn -0.44056 0.64109 -0.62842
vn -0.60712 0.59004 -0.53222
vn -0.6268 0.64963 -0.43024
vn -0.58871 0.61915 -0.51969
vn -0.75295 -0.56489 -0.33759
vn -0.84714 -0.4451 -0.29025
vn -0.84218 -0.43193 -0.32274
vn -0.89629 0.16518 -0.41155
vn -0.9124 0.18341 -0.36591
vn -0.87718 0.33391 -0.34505
vn -0.78328 0.04123 -0.6203
vn -0.8165 -0.08068 -0.57169
vn -0.83685 -0.03046 -0.54658
vn -0.99257 0.09463 -0.0765
vn -0.99521 0.09215 -0.03264
vn -0.97553 0.21971 -0.00846
vn -0.69472 -0.67283 -0.2543
vn -0.726 -0.68731 -0.02309
vn -0.70961 -0.64699 -0.27903
vn -0.87251 0.46646 0.14542
vn -0.88997 0.44607 0.09472
vn -0.87179 0.35755 0.33487
vn -0.64264 0.00652 0.76614
vn -0.54488 -0.13019 0.82834
vn -0.55045 0.08786 0.83023
vn -0.32183 0.66173 0.67715
vn -0.30285 0.75673 0.57935
vn -0.3825 0.73958 0.55382
vn -0.70377 0.7061 0.07829
vn -0.63916 0.76846 0.03062
vn -0.64824 0.76134 -0.01188
vn -0.98809 0.07965 0.13166
vn -0.99298 -0.01702 0.11702
vn -0.98821 -0.02785 0.15055
vn 0.95375 -0.02205 0.29978
vn 0.88085 0.0522 0.4705
vn 0.92219 -0.1013 0.37324
vn 0.61689 0.77334 0.1463
vn 0.64788 0.7617 0.00789
vn 0.56814 0.82245 0.02826
vn 0.59255 0.1026 -0.79898
vn 0.5153 -0.06561 -0.85449
vn 0.45248 0.05024 -0.89036
vn 0.34334 0.33046 -0.87916
vn 0.25826 0.20817 -0.94338
vn 0.2986 0.33741 -0.89275
vn -0.83378 0.15635 -0.5295
vn -0.78369 0.16471 -0.59891
vn -0.81352 0.14099 -0.56418
vn -0.89251 -0.09575 0.44076
vn -0.94139 -0.14232 0.30584
vn -0.86786 -0.18361 0.46163
vn 0.68763 0.6743 -0.26924
vn 0.64127 0.73574 -0.21783
vn 0.69834 0.69349 -0.17718
vn -0.61178 0.59534 -0.52086
vn -0.61342 0.56448 -0.55235
vn -0.69064 0.54055 -0.48043
vn 0.93772 -0.31802 0.13977
vn 0.95994 -0.25399 0.1183
vn 0.97176 -0.17443 0.1589
vn 0.87182 0.17981 0.45562
vn 0.56834 0.56479 -0.59833
vn 0.7583 0.34516 0.55303
vn -0.51387 0.7498 0.41681
vn -0.60171 0.58779 0.54078
vn -0.34896 0.75239 0.55869
vn 0.94429 0.17131 -0.28101
vn 0.97194 0.00859 -0.23507
vn 0.94213 -0.05904 -0.33
vn -0.79004 -0.00474 -0.61303
vn -0.72921 -0.12145 -0.67343
vn -0.79473 -0.13103 -0.59265
vn -0.99768 0.02093 -0.06479
vn -0.98281 0.12792 -0.13312
vn -0.98702 0.0583 -0.14963
vn 0.6316 -0.05742 -0.77317
vn 0.66106 0.0083 -0.75028
vn 0.67057 -0.04752 -0.74032
vn -0.42848 -0.18022 0.88539
vn -0.34314 -0.02238 0.93902
vn -0.34841 0.04654 0.93619
vn -0.4134 -0.62789 0.65944
vn -0.07036 -0.67889 0.73086
vn 0.00539 -0.60059 0.79954
vn -0.46407 0.24675 0.85074
vn -0.31965 0.545 0.77511
vn -0.45312 0.58413 0.67341
vn -0.13941 0.75053 -0.64596
vn -0.15738 0.78383 -0.6007
vn -0.08984 0.8737 -0.47809
vn 0.23138 0.97032 -0.07029
vn 0.29327 0.9479 -0.12437
vn 0.19813 0.97082 -0.13508
vn 0.9637 0.26494 0.03291
vn 0.99108 0.077 -0.1088
vn 0.94554 0.30471 -0.11451
vn 0.87468 -0.21289 -0.43545
vn 0.84085 -0.25666 -0.47654
vn 0.87588 -0.17764 -0.44864
vn -0.97038 -0.18047 0.16063
vn -0.97477 -0.11887 0.1889
vn -0.98515 -0.10313 0.13726
vn -0.69573 0.59017 0.40947
vn -0.61617 0.59322 0.51809
vn -0.67645 0.629 0.38312
vn 0.94857 0.20606 0.2403
vn 0.9669 0.18464 0.17612
vn 0.92603 0.26889 0.26491
vn 0.98089 0.07284 0.18041
vn 0.97122 0.13848 0.19379
vn 0.97032 0.01207 0.24151
vn -0.90164 -0.23771 -0.3613
vn -0.96249 -0.20089 -0.18237
vn -0.94713 -0.1815 -0.26458
vn -0.35448 -0.8894 -0.28863
vn -0.356 -0.8488 -0.39088
vn -0.33105 -0.86744 -0.37142
vn 0.93379 -0.0013 -0.35781
vn 0.88567 -0.14153 -0.44223
vn 0.88879 -0.01136 -0.45817
vn -0.52825 0.82479 -0.20168
vn -0.78986 0.59519 -0.14788
vn -0.82807 0.56062 0.00043
vn -0.86467 -0.46278 -0.19539
vn -0.82368 -0.33021 -0.46098
vn -0.59569 -0.50751 -0.62256
vn 0.41805 0.06231 -0.90629
vn 0.41504 0.11409 -0.90262
vn 0.44167 0.16192 -0.88244
vn -0.94408 0.03562 -0.32778
vn -0.95592 -0.07563 -0.28371
vn -0.91455 0.40338 -0.02984
vn -0.978 -0.05191 0.20205
vn -0.93126 -0.0457 -0.36149
vn -0.96153 -0.19558 -0.19291
vn -0.04021 0.86904 -0.49311
vn 0.02182 0.85358 -0.52051
vn -0.04536 0.83064 -0.55497
vn -0.95502 0.18863 -0.22882
vn -0.95423 0.29878 -0.01339
vn -0.94581 0.2381 -0.22079
vn -0.93748 -0.29371 -0.18674
vn -0.93854 -0.21299 -0.27163
vn -0.92085 -0.23352 -0.31226
vn -0.74882 0.65099 0.12444
vn -0.45096 0.89241 0.01558
vn -0.49437 0.84347 -0.21014
vn 0.20789 -0.9178 0.33826
vn 0.2494 -0.86196 0.4414
vn 0.16985 -0.90495 0.39016
vn -0.52948 0.84228 0.10104
vn -0.62711 0.77889 -0.00764
vn -0.63501 0.7702 0.0596
vn 0.89634 0.26977 -0.35184
vn 0.85108 0.07666 -0.51941
vn 0.84474 0.12206 -0.52107
vn -0.48501 0.84299 0.23267
vn -0.14614 0.98442 0.09776
vn -0.13358 0.97338 -0.18626
vn 0.95688 -0.02793 0.28914
vn 0.97907 0.00616 0.20341
vn 0.96172 0.0301 0.27236
vn 0.88044 -0.16567 -0.44427
vn 0.88233 -0.20561 -0.42334
vn 0.78875 -0.30498 -0.53372
vn -0.8152 -0.04382 -0.57752
vn -0.83509 -0.16256 -0.52554
vn -0.88373 -0.04615 -0.46572
vn 0.16778 0.43829 -0.88304
vn 0.36895 0.38993 -0.8437
vn 0.13257 0.38037 -0.91528
vn 0.69832 0.23908 -0.67468
vn 0.64785 0.32705 -0.68799
vn 0.66022 0.36547 -0.65615
vn -0.01104 0.99097 -0.13361
vn 0.06524 0.99319 -0.09649
vn 0.04387 0.98179 -0.18482
vn 0.98385 -0.10098 0.14778
vn 0.99323 0.06051 0.09917
vn 0.97817 0.15704 0.13611
vn -0.89781 0.2762 -0.34301
vn -0.90808 0.23813 -0.34451
vn -0.89947 0.33972 -0.27486
vn 0.93302 -0.33449 -0.13264
vn 0.89779 -0.38154 -0.21999
vn 0.95794 -0.26233 -0.1163
vn 0.80427 -0.02339 -0.5938
vn 0.78045 -0.04156 -0.62383
vn 0.79092 0.05541 -0.60941
vn -0.10952 0.18282 -0.97703
vn -0.12998 0.10586 -0.98585
vn -0.11816 0.21984 -0.96835
vn 0.54764 -0.81893 -0.1716
vn 0.64093 -0.76732 -0.02054
vn 0.60134 -0.78811 0.13143
vn -0.70998 -0.16501 -0.68462
vn -0.79188 -0.12127 -0.59851
vn -0.79589 -0.06312 -0.60214
vn -0.92779 -0.18918 -0.32157
vn -0.95077 -0.20306 -0.23411
vn -0.95112 -0.04899 -0.30491
vn -0.69024 0.69936 0.18563
vn -0.6419 0.76085 0.09523
vn -0.60745 0.72143 -0.33247
vn -0.54519 -0.74293 -0.38837
vn -0.61419 -0.66004 -0.43257
vn -0.46739 -0.68016 -0.56473
vn -0.75114 -0.47472 -0.45873
vn -0.61751 -0.5121 -0.59702
vn -0.60169 -0.71051 -0.36489
vn -0.84758 -0.49288 -0.19667
vn -0.945 -0.32524 -0.03459
vn -0.92402 -0.35518 -0.14157
vn 0.98506 0.15778 -0.06903
vn 0.98016 0.15719 -0.12075
vn 0.97233 0.20143 -0.1183
vn 0.08625 0.2115 -0.97356
vn 0.07455 0.20967 -0.97493
vn 0.06375 0.25054 -0.96601
vn 0.83394 0.02472 0.55129
vn 0.83261 0.21853 0.50892
vn 0.80066 0.06485 0.5956
vn -0.91172 -0.16072 0.37808
vn -0.84232 -0.13894 0.52076
vn -0.90596 -0.09479 0.41261
vn -0.16584 0.85029 -0.49951
vn -0.14428 0.80299 -0.57826
vn -0.20689 0.82554 -0.52505
vn -0.16272 0.66908 0.72516
vn 0.76149 0.58322 0.28284
vn 0.75192 0.61043 -0.24899
vn 0.89339 -0.37515 -0.24722
vn 0.90236 -0.42079 -0.09319
vn 0.84684 -0.47859 -0.23198
vn -0.69204 -0.36327 -0.62379
vn -0.58569 -0.36291 -0.72475
vn -0.56938 -0.46486 -0.67802
vn -0.87976 0.4656 -0.09612
vn -0.82903 0.55913 0.00942
vn -0.81444 0.54963 -0.18601
vn 0.43525 0.11251 -0.89325
vn 0.48132 0.10291 -0.87048
vn 0.4265 0.0905 -0.89995
vn -0.62817 -0.64733 0.43171
vn -0.65448 -0.66937 0.35156
vn -0.56116 -0.73839 0.37401
vn -0.90579 -0.25898 -0.33537
vn -0.93162 -0.19744 -0.30513
vn -0.86935 -0.1462 -0.47209
vn 0.68419 0.05796 0.72699
vn 0.68748 -0.11699 0.71671
vn 0.79088 -0.02649 0.6114
vn -0.91081 0.24002 -0.33588
vn -0.91235 0.33883 -0.22983
vn -0.87462 0.39273 -0.28426
vn 0.79886 0.57785 -0.16708
vn 0.8418 0.51453 -0.16319
vn 0.76891 0.48771 -0.41343
vn 0.92443 -0.26672 -0.27254
vn 0.86412 -0.31498 -0.39254
vn 0.89883 -0.19672 -0.39168
vn -0.58491 -0.7319 -0.34956
vn -0.73536 -0.66228 -0.14363
vn -0.69529 -0.66207 -0.27971
vn -0.31756 0.11997 -0.94062
vn -0.3652 0.23444 -0.90092
vn -0.32099 0.2302 -0.91868
vn -0.87779 -0.00502 0.47902
vn -0.9117 -0.13402 0.38837
vn -0.85821 -0.14719 0.49174
vn -0.88082 0.43859 0.1783
vn -0.92645 0.35482 0.1257
vn -0.87007 0.43404 0.23363
vn -0.98582 -0.09592 -0.13767
vn -0.99886 -0.00772 0.04708
vn -0.89593 0.28029 -0.34459
vn 0.98185 -0.15164 0.1139
vn 0.99024 -0.13771 -0.02153
vn 0.99187 0.11515 0.05421
vn -0.86656 0.25032 -0.43176
vn -0.90069 0.1977 -0.38687
vn -0.88319 0.29695 -0.36303
vn -0.92203 0.21395 -0.32264
vn -0.93873 0.25593 -0.23082
vn -0.03293 0.83084 -0.55554
vn 0.88895 -0.25285 -0.38188
vn 0.8745 -0.30721 -0.37533
vn 0.81214 -0.25294 -0.52578
vn -0.62988 0.11235 -0.76852
vn -0.70271 -0.02241 -0.71112
vn -0.73908 -0.00689 -0.67359
vn -0.99103 -0.09603 -0.09297
vn -0.9954 -0.06637 -0.06909
vn -0.99737 -0.02598 -0.06763
vn -0.78889 -0.50907 0.34425
vn -0.77143 -0.48344 0.41375
vn -0.80156 -0.462 0.37954
vn -0.75392 -0.43665 0.49085
vn -0.72136 -0.38593 0.57506
vn -0.80314 -0.37359 0.46411
vn -0.74813 0.2497 0.61478
vn -0.75211 0.1962 0.62915
vn -0.65454 0.2786 0.70282
vn 0.85654 0.5032 -0.11464
vn 0.89791 0.37566 -0.22944
vn 0.85804 0.44673 -0.25337
vn -0.49309 0.65294 -0.57492
vn -0.45076 0.73845 -0.5015
vn -0.36557 0.73637 -0.56932
vn 0.64111 0.68921 -0.33759
vn 0.67624 0.69973 -0.23038
vn 0.70578 0.64047 -0.30278
vn -0.26933 0.58322 -0.76636
vn -0.20815 0.55603 -0.80468
vn -0.26948 0.53996 -0.79739
vn 0.95561 -0.05609 -0.28926
vn 0.95348 -0.20072 -0.22493
vn 0.9192 -0.22551 -0.32283
vn 0.45191 0.88975 0.06418
vn 0.59028 0.78953 0.16798
vn 0.55991 0.82542 -0.07202
vn 0.90249 -0.27612 -0.33057
vn 0.84633 -0.28415 -0.45054
vn 0.88403 -0.24775 -0.39636
vn -0.80454 0.0393 -0.5926
vn -0.85916 -0.11061 -0.49961
vn -0.8784 0.29583 -0.37537
vn -0.977 0.07066 -0.20119
vn -0.99329 0.04255 -0.10753
vn -0.98241 0.09582 -0.16026
vn -0.95513 0.07396 -0.28679
vn -0.98215 0.11751 -0.14689
vn -0.93848 0.18815 -0.28957
vn -0.90784 -0.13581 0.39673
vn -0.86564 -0.23464 0.44227
vn -0.89596 -0.05048 0.44125
vn -0.92185 0.06845 0.38146
vn -0.84805 0.1665 0.50308
vn -0.90682 0.16857 0.38635
vn 0.99405 0.00296 -0.10888
vn 0.99247 -0.06869 -0.10144
vn 0.98782 0.06416 -0.14172
vn 0.2583 0.25761 -0.93108
vn 0.26034 0.14365 -0.95477
vn 0.24604 0.17309 -0.95368
vn 0.72505 0.11494 -0.67904
vn 0.63581 -0.09181 -0.76636
vn 0.6025 -0.03384 -0.7974
vn 0.84863 0.06201 0.52534
vn 0.82751 0.10812 0.55094
vn 0.84036 0.03842 0.54066
vn -0.80087 -0.31776 0.50757
vn -0.79627 -0.41109 0.44381
vn -0.77393 -0.43613 0.45914
vn -0.20935 0.56935 -0.79499
vn -0.28248 0.49613 -0.82101
vn -0.31113 0.55316 -0.77279
vn 0.98952 0.12527 -0.07183
vn 0.999 0.00172 -0.04476
vn 0.99662 -0.04412 -0.06924
vn -0.47667 -0.83607 -0.2716
vn -0.56572 -0.77162 -0.29079
vn -0.47347 -0.79566 -0.37782
vn -0.87247 -0.2257 -0.43342
vn -0.81361 -0.20917 -0.54248
vn -0.79942 -0.24903 -0.54672
vn -0.81481 0.14183 -0.5621
vn -0.88674 0.08712 -0.45399
vn -0.83196 0.16244 -0.53052
vn -0.29002 0.30158 -0.90826
vn -0.38534 0.18642 -0.90375
vn -0.44648 0.19756 -0.87271
vn -0.57979 -0.70104 0.4152
vn -0.62293 -0.76444 0.16611
vn -0.43731 -0.88769 0.14411
vn -0.38344 0.26552 -0.88458
vn -0.34549 0.22312 -0.91151
vn -0.3939 0.17135 -0.90304
vn 0.75994 -0.60124 0.24698
vn 0.77728 -0.6191 0.11205
vn 0.80686 -0.56739 0.16445
vn -0.45686 0.49719 -0.73762
vn -0.5213 0.41064 -0.74807
vn -0.49068 0.50253 -0.71183
vn -0.88896 0.27474 -0.36644
vn -0.83881 0.40442 -0.36447
vn -0.8535 0.30016 -0.42596
vn 0.89149 0.26586 -0.36682
vn 0.96468 0.17289 -0.19875
vn 0.9783 0.01041 -0.20692
vn 0.18886 0.52364 -0.83074
vn 0.22908 0.23655 -0.94423
vn 0.14656 0.44457 -0.88367
vn -0.3255 -0.78361 0.52915
vn -0.55858 -0.64376 0.52304
vn -0.53877 -0.72534 0.4285
vn -0.21771 -0.36839 0.90382
vn -0.27165 -0.28907 0.91796
vn -0.33134 -0.40905 0.85023
vn -0.88851 -0.06496 0.45424
vn -0.93974 -0.04313 0.33915
vn -0.86888 -0.16365 0.46719
vn 0.70416 0.58265 -0.40579
vn 0.80142 0.5352 -0.26699
vn 0.76395 0.4285 -0.48246
vn -0.86308 0.47638 0.16779
vn -0.85557 0.4718 0.21309
vn -0.79769 0.56591 0.20842
vn -0.87921 0.41011 -0.24247
vn -0.94228 0.23069 -0.24266
vn -0.96471 0.20517 -0.16504
vn 0.88928 0.41487 -0.19251
vn 0.92583 0.32885 -0.18626
vn 0.87482 0.36712 -0.3161
vn -0.86811 0.44286 -0.22421
vn -0.87509 0.40574 -0.26381
vn -0.92061 0.34379 -0.18514
vn -0.69663 -0.5454 -0.4661
vn -0.78426 -0.48826 -0.38279
vn -0.69102 -0.46795 -0.55091
vn 0.70197 -0.13592 -0.69911
vn 0.67284 -0.18137 -0.71721
vn 0.66675 -0.03913 -0.74425
vn -0.45816 0.4226 -0.78199
vn -0.54222 0.43226 -0.72052
vn -0.43596 0.6168 -0.65536
vn -0.41199 -0.18969 -0.89122
vn -0.15326 -0.49268 -0.85661
vn -0.41227 -0.46716 -0.78217
vn 0.94768 0.31918 0.00614
vn 0.9827 0.18359 -0.0246
vn 0.97371 0.22486 -0.03648
vn 0.08351 0.26311 -0.96114
vn 0.11401 0.28686 -0.95116
vn 0.12103 0.24552 -0.96181
vn 0.98634 -0.01632 0.1639
vn 0.92835 -0.06541 0.3659
vn 0.92776 -0.12653 0.35107
vn -0.38547 0.565 -0.72951
vn -0.37865 0.53798 -0.75313
vn -0.44321 0.54466 -0.71197
vn -0.30337 0.59254 -0.74623
vn -0.27562 0.617 -0.73712
vn -0.23807 0.54858 -0.80149
vn -0.57968 0.15696 -0.79958
vn -0.62058 0.05215 -0.78241
vn -0.64152 0.10306 -0.76016
vn -0.60266 0.65417 -0.457
vn -0.57587 0.57262 -0.5835
vn -0.71403 0.53119 -0.45608
vn -0.70661 -0.6915 -0.15012
vn -0.8017 -0.57328 -0.1692
vn -0.72436 -0.63168 -0.27619
vn 0.64416 -0.08188 -0.76049
vn 0.65684 -0.1332 -0.74217
vn 0.60711 -0.11291 -0.78656
vn -0.67795 0.09072 -0.72949
vn -0.76948 0.11316 -0.62857
vn -0.71994 0.23613 -0.65263
vn 0.11291 -0.54172 -0.83294
vn -0.1924 -0.38938 -0.90076
vn 0.09622 -0.3137 -0.94464
vn -0.87317 -0.39485 -0.28577
vn -0.91218 -0.36513 0.18601
vn -0.95831 -0.27476 -0.07837
vn 0.11775 0.74003 -0.66219
vn 0.22762 0.70206 -0.67476
vn 0.18483 0.6737 -0.71552
vn 0.97663 0.04299 -0.2106
vn 0.96186 -0.06166 -0.26651
vn 0.96565 0.02116 -0.25899
vn -0.69213 -0.07266 -0.71811
vn -0.71821 -0.09428 -0.68941
vn -0.74582 -0.0485 -0.66438
vn 0.99847 0.03317 -0.04422
vn 0.99268 0.06345 -0.10279
vn 0.99888 0.03826 -0.02772
vn -0.7048 0.7093 -0.0126
vn -0.72177 0.69099 -0.03974
vn -0.79779 0.59622 0.08968
vn -0.00359 0.33173 -0.94337
vn 0.06514 0.2203 -0.97326
vn 0.02957 0.19743 -0.97987
vn 0.99297 -0.04564 0.10925
vn 0.97931 0.2018 0.01537
vn 0.97951 0.05568 0.19355
vn -0.62287 0.26393 -0.73646
vn -0.64765 0.23606 -0.72445
vn -0.66775 0.28757 -0.68659
vn 0.85163 -0.50491 -0.14071
vn 0.83781 -0.53559 -0.10594
vn 0.81481 -0.5143 -0.26755
vn -0.54505 -0.06359 -0.83599
vn -0.47738 -0.1635 -0.86335
vn -0.61721 -0.14018 -0.77421
vn 0.68229 -0.04113 -0.72992
vn 0.62584 -0.08824 -0.77495
vn 0.57451 0.13998 -0.80644
vn -0.98361 -0.07771 -0.16269
vn -0.98409 -0.11404 -0.13621
vn -0.99392 0.00694 -0.10991
vn 0.97531 0.11824 0.18652
vn 0.9783 0.16901 0.11989
vn 0.96236 0.24123 0.12515
vn 0.04261 0.28617 -0.95723
vn 0.02881 0.23088 -0.97255
vn -0.0288 0.22447 -0.97405
vn 0.20792 0.31293 -0.92674
vn 0.23069 0.34873 -0.90839
vn 0.21839 0.27346 -0.93676
vn 0.03605 -0.99913 -0.02095
vn 0.11338 -0.9717 0.20722
vn 0.02412 -0.99945 -0.02261
vn -0.12768 -0.99175 -0.01162
vn -0.01636 -0.99984 -0.00699
vn 0.11824 -0.97288 0.19881
vn 0.79885 0.23295 -0.55459
vn 0.84628 0.1607 -0.50793
vn 0.80211 0.16253 -0.57463
vn -0.58205 -0.27555 -0.76504
vn -0.43848 -0.2837 -0.85279
vn -0.52287 -0.30479 -0.79606
vn 0.08589 -0.99606 0.02224
vn -0.00614 -0.97361 0.22812
vn -0.00523 -0.99991 -0.01271
vn 0.85441 0.34021 -0.39272
vn 0.89964 0.19757 -0.38938
vn 0.86993 0.25504 -0.42211
vn 0.79379 -0.07468 -0.60359
vn 0.68775 -0.08299 -0.72119
vn 0.70985 -0.0125 -0.70425
vn -0.52139 0.37364 -0.76717
vn -0.51077 0.30593 -0.80344
vn -0.54156 0.32582 -0.77495
vn -0.72024 -0.10462 -0.68579
vn -0.72559 -0.021 -0.68781
vn -0.70137 -0.07029 -0.70932
vn -0.55363 -0.7576 -0.34573
vn -0.44496 -0.87419 -0.19441
vn -0.59759 -0.76483 -0.24069
vn 0.65879 -0.30664 -0.687
vn 0.61612 -0.35513 -0.70305
vn 0.61168 -0.29972 -0.73213
vn -0.70957 -0.1502 -0.68844
vn -0.76909 -0.23709 -0.59354
vn -0.68624 -0.07026 -0.72397
vn 0.44592 -0.08821 -0.89072
vn 0.37364 -0.02393 -0.92726
vn 0.40948 0.06339 -0.91012
vn 0.56014 0.14682 -0.81529
vn 0.54627 0.07177 -0.83453
vn 0.53833 0.14067 -0.83091
vn -0.41254 0.05844 -0.90906
vn -0.47232 0.09018 -0.8768
vn -0.44873 0.14756 -0.8814
vn 0.97044 0.16499 0.17613
vn 0.90306 0.2875 0.3191
vn 0.91129 0.24014 0.33448
vn 0.87241 0.48043 0.08996
vn 0.95251 0.30369 0.02248
vn 0.8192 0.56997 0.06358
vn -0.85438 0.43543 -0.28362
vn -0.92134 0.36592 0.13129
vn -0.84507 0.46989 0.25508
vn -0.06225 0.53178 -0.84459
vn 0.00773 0.48174 -0.87628
vn -0.01626 0.46959 -0.88274
vn 0.90017 -0.1632 -0.4038
vn 0.86191 -0.06763 -0.50254
vn 0.91119 -0.14309 -0.38634
vn -0.77939 -0.39886 -0.48318
vn -0.75232 -0.49711 -0.43231
vn -0.81751 -0.373 -0.43881
vn -0.36837 0.65119 -0.66352
vn -0.54731 0.39594 -0.73735
vn -0.53235 0.59527 -0.60188
vn -0.22741 0.11755 -0.96668
vn -0.24665 0.00345 -0.9691
vn -0.31829 0.09856 -0.94286
vn 0.90389 0.42624 0.03603
vn 0.86544 0.49556 -0.0737
vn 0.88855 0.45784 0.02941
vn 0.97117 -0.04042 -0.23493
vn 0.95607 0.07359 -0.28374
vn 0.97751 0.00372 -0.21084
vn 0.79777 -0.0565 -0.60031
vn 0.71777 -0.25952 -0.6461
vn 0.63981 -0.31183 -0.70243
vn -0.37372 0.50604 -0.77734
vn -0.64145 0.28047 -0.71406
vn -0.53218 0.47189 -0.70293
vn -0.41597 0.49332 -0.76394
vn -0.51017 0.26709 -0.81755
vn -0.4356 0.51464 -0.73851
vn -0.94521 -0.2886 -0.15263
vn -0.94579 -0.25579 -0.20015
vn -0.91712 -0.31612 -0.24282
vn -0.90817 -0.41318 -0.06717
vn -0.93727 -0.34771 -0.02492
vn -0.95695 -0.28537 -0.0531
vn -0.39595 -0.75594 0.52133
vn -0.43442 -0.67083 0.60106
vn -0.56412 -0.66404 0.49073
vn -0.85665 0.3474 -0.38139
vn -0.85732 0.42649 -0.28828
vn -0.79841 0.42684 -0.42468
vn -0.03896 0.99443 0.09798
vn 0.08862 0.99516 0.0424
vn -0.04253 0.98334 -0.17675
vn 0.60677 -0.79399 -0.03751
vn 0.63705 -0.76658 0.0808
vn 0.54804 -0.83518 0.04615
vn -0.30815 0.95044 0.04119
vn -0.58965 0.8075 0.01603
vn -0.48322 0.84214 0.23938
vn -0.46434 0.23886 -0.85284
vn -0.56323 0.19596 -0.80273
vn -0.64053 0.31483 -0.70043
vn -0.41943 -0.3263 -0.84712
vn -0.40946 -0.45524 -0.79063
vn -0.49959 -0.36843 -0.78401
vn -0.27753 0.50057 -0.82
vn -0.33906 0.25048 -0.90681
vn -0.38826 0.39654 -0.83187
vn 0.77843 0.01874 -0.62745
vn 0.70745 -0.05786 -0.70439
vn 0.68566 -0.00908 -0.72787
vn -0.93986 0.31463 -0.13296
vn -0.91219 0.33838 -0.23111
vn -0.97353 0.21005 -0.09008
vn -0.61159 0.72481 -0.3172
vn -0.61532 0.75864 -0.21411
vn -0.53585 0.84416 -0.0162
vn 0.50853 0.21944 -0.83261
vn 0.47623 0.2027 -0.85564
vn 0.42672 0.20482 -0.88089
vn 0.9676 -0.24045 0.07702
vn 0.97626 -0.15858 -0.14757
vn 0.98763 -0.14045 0.06966
vn -0.52025 0.31267 -0.79472
vn -0.55056 0.3234 -0.76961
vn -0.49097 0.3908 -0.77861
vn 0.73192 0.27441 -0.6237
vn 0.72666 0.12556 -0.67543
vn 0.68858 0.26848 -0.67363
vn -0.74941 -0.10191 -0.65421
vn -0.7325 -0.04623 -0.67919
vn -0.70885 -0.14325 -0.69066
vn 0.96182 0.08901 -0.25882
vn 0.95621 0.01256 -0.29242
vn 0.94092 0.18693 -0.28237
vn 0.98129 -0.14135 -0.13071
vn 0.93362 -0.22823 -0.27617
vn 0.91952 -0.12068 -0.37407
vn -0.77348 0.09617 -0.62648
vn -0.69019 0.22662 -0.68722
vn -0.72463 0.07942 -0.68455
vn -0.13547 -0.6746 -0.72565
vn -0.17048 -0.4527 -0.87521
vn 0.0123 -0.58318 -0.81225
vn 0.02129 0.18392 -0.98271
vn -0.20029 0.18117 -0.96284
vn -0.26616 0.39713 -0.87832
vn 0.68584 -0.04526 -0.72634
vn 0.64506 -0.03185 -0.76346
vn 0.68355 0.03532 -0.72905
vn -0.2921 0.27492 -0.91602
vn -0.41167 0.17491 -0.89439
vn -0.36347 0.3256 -0.87285
vn -0.42186 0.90501 -0.05469
vn -0.26293 0.95346 -0.14756
vn -0.36018 0.90402 -0.23026
vn 0.52843 0.84897 0.00425
vn 0.38912 0.92072 0.02941
vn 0.42729 0.86906 0.2493
vn -0.5507 -0.40034 -0.73243
vn -0.71278 -0.38696 -0.58498
vn -0.72076 -0.24378 -0.6489
vn 0.65264 -0.08951 -0.75236
vn 0.4733 -0.13065 -0.87116
vn 0.64112 0.00182 -0.76744
vn -0.37408 0.25736 -0.89097
vn -0.35701 0.132 -0.92473
vn -0.47651 0.20103 -0.85587
vn 0.93993 -0.26236 -0.2184
vn 0.88725 -0.1742 -0.42713
vn 0.93232 -0.14705 -0.33038
vn -0.14009 -0.77911 -0.61104
vn -0.10096 -0.87679 -0.47015
vn -0.20918 -0.85113 -0.48148
vn -0.56865 -0.21014 -0.79529
vn -0.47068 -0.31428 -0.82443
vn -0.57626 -0.28644 -0.76542
vn -0.46754 0.69657 -0.54424
vn -0.71837 0.46535 -0.5171
vn -0.64294 0.6144 -0.45731
vn 0.81872 -0.22575 -0.52795
vn 0.81257 -0.2707 -0.51619
vn 0.77345 -0.29265 -0.56225
vn -0.53702 0.26438 -0.80107
vn -0.43429 0.11726 -0.89311
vn -0.57749 0.1878 -0.79451
vn -0.75002 -0.05941 -0.65874
vn -0.77236 -0.16623 -0.61304
vn -0.80112 -0.16561 -0.57513
vn 0.74232 -0.04262 -0.66869
vn 0.75656 -0.14719 -0.63715
vn 0.67058 -0.09614 -0.73558
vn 0.86454 0.12491 -0.48679
vn 0.89466 0.22064 -0.38846
vn 0.88741 0.05959 -0.4571
vn 0.06457 0.23823 -0.96906
vn 0.04284 0.18437 -0.98192
vn 0.01197 0.33288 -0.94289
vn -0.9167 -0.33093 -0.22394
vn -0.95949 -0.25618 -0.11728
vn -0.94976 -0.2499 -0.18843
vn -0.686 0.44819 -0.57318
vn -0.72652 0.30655 -0.61498
vn -0.73601 0.37773 -0.56179
vn 0.03984 0.57788 -0.81515
vn -0.20098 0.94489 0.25845
vn -0.10744 0.93958 0.32504
vn 0.75317 -0.31435 -0.57785
vn 0.82225 -0.26406 -0.50416
vn 0.76314 -0.38027 -0.5225
vn -0.56806 0.42087 -0.70723
vn -0.43483 0.32172 -0.84108
vn -0.76551 0.18446 -0.61642
vn 0.78183 -0.30415 -0.54428
vn 0.81275 -0.2923 -0.50399
vn 0.79006 -0.33234 -0.51512
vn 0.58464 -0.02677 -0.81085
vn 0.55052 -0.08942 -0.83002
vn 0.53978 -0.04314 -0.8407
vn -0.69998 -0.29669 -0.64962
vn -0.5523 -0.26033 -0.79196
vn -0.61555 -0.36475 -0.69861
vn -0.46254 -0.81775 -0.34255
vn -0.54744 -0.82916 -0.11311
vn -0.57428 -0.80703 -0.1375
vn -0.69882 -0.71353 -0.05029
vn -0.68951 -0.72424 -0.00675
vn -0.73678 -0.67601 -0.01288
vn 0.87538 0.25307 -0.4119
vn 0.91833 0.13242 -0.37301
vn 0.86613 0.15397 -0.47552
vn -0.45725 -0.55904 -0.69166
vn -0.57206 -0.6433 -0.50884
vn -0.66831 -0.55412 -0.4963
vn -0.65884 -0.57613 -0.48374
vn -0.67216 -0.51003 -0.53671
vn -0.43293 -0.62662 -0.64801
vn 0.9028 0.15006 -0.40304
vn 0.92533 0.03994 -0.37706
vn 0.9018 0.06621 -0.42705
vn -0.99743 0.01763 -0.06951
vn -0.99966 -0.02594 -0.00402
vn -0.99345 0.11336 -0.01467
vn -0.34266 0.26299 -0.9019
vn -0.39309 0.21527 -0.89395
vn -0.38763 0.25053 -0.88712
vn 0.93378 0.05492 -0.35361
vn 0.88528 0.00668 -0.46501
vn 0.85442 0.06746 -0.51518
vn -0.98074 -0.10416 -0.1652
vn -0.97371 0.03955 -0.22433
vn -0.93231 0.01491 -0.36134
vn 0.76612 -0.54178 -0.34573
vn 0.73345 -0.52126 -0.43629
vn 0.77038 -0.46278 -0.43857
vn -0.71406 0.19999 -0.67092
vn -0.72701 0.05711 -0.68425
vn -0.92514 -0.01851 -0.37919
vn -0.66915 0.49661 -0.55283
vn -0.80562 0.20872 -0.55444
vn -0.75196 0.4502 -0.48153
vn -0.12975 -0.09767 -0.98672
vn -0.10651 0.01135 -0.99425
vn -0.01199 0.01937 -0.99974
vn -0.38735 0.46277 -0.79737
vn -0.40878 0.42517 -0.80755
vn -0.41911 0.48166 -0.76964
vn 0.99064 0.04346 -0.12939
vn 0.98155 0.09306 -0.167
vn 0.98249 0.10517 -0.15381
vn -0.01796 0.41035 -0.91175
vn -0.95482 0.17668 -0.23896
vn -0.90256 0.30769 -0.30118
vn 0.83467 -0.27521 -0.47706
vn 0.77977 -0.31263 -0.54242
vn 0.79238 -0.2617 -0.55104
vn -0.4467 -0.48059 -0.75464
vn -0.49291 -0.35674 -0.79358
vn -0.47967 -0.24812 -0.84164
vn 0.44096 -0.09035 -0.89297
vn 0.49861 0.04559 -0.86562
vn 0.54152 0.07062 -0.83772
vn 0.59297 -0.03223 -0.80458
vn 0.50401 -0.18872 -0.84283
vn 0.46839 0.02776 -0.88308
vn -0.75262 -0.07785 -0.65383
vn -0.76225 -0.10762 -0.63828
vn -0.77343 -0.04713 -0.63213
vn -0.00496 0.99983 0.01757
vn 0.10084 0.9945 -0.02834
vn -0.11149 0.99367 -0.01348
vn -0.07722 0.2904 -0.95378
vn -0.1468 0.2752 -0.95011
vn -0.0744 0.32668 -0.9422
vn -0.75211 0.04037 -0.6578
vn -0.85491 -0.11512 -0.50584
vn -0.88077 -0.07848 -0.46699
vn -0.46842 -0.538 -0.70082
vn -0.54898 -0.61253 -0.5687
vn -0.5824 -0.54446 -0.60364
vn 0.32245 -0.02489 -0.94626
vn 0.36891 0.01249 -0.92938
vn 0.31105 -0.08635 -0.94646
vn 0.36856 -0.45744 -0.80926
vn 0.30486 -0.62143 -0.72173
vn -0.03234 -0.70991 -0.70355
vn 0.52441 -0.01911 -0.85125
vn 0.5585 -0.2089 -0.80277
vn 0.51934 -0.19755 -0.83142
vn 0.49008 0.29224 -0.82123
vn 0.42635 0.26167 -0.86588
vn 0.45739 0.31743 -0.83068
vn -0.9624 -0.13983 -0.23287
vn -0.93833 -0.24364 -0.2453
vn -0.97492 -0.18857 -0.11822
vn 0.42303 0.36126 -0.83098
vn 0.35513 0.42734 -0.83142
vn 0.38374 0.45754 -0.80213
vn -0.9989 -0.03432 0.03199
vn -0.99691 -0.03054 0.07243
vn -0.99922 0.03798 -0.01106
vn -0.71296 0.39515 -0.57927
vn -0.68056 0.35525 -0.6408
vn -0.73228 0.3365 -0.59206
vn 0.91427 -0.13684 -0.3813
vn 0.88459 -0.16429 -0.43648
vn 0.91058 0.01075 -0.4132
vn 0.83572 0.1475 -0.52897
vn 0.82629 0.1107 -0.55226
vn 0.79494 0.1091 -0.5968
vn 0.73238 0.38361 -0.56255
vn 0.70166 0.34832 -0.62157
vn 0.65684 0.40968 -0.63302
vn 0.00768 -0.21706 -0.97613
vn -0.14162 -0.12528 -0.98196
vn -0.09115 -0.12188 -0.98835
vn -0.31448 0.25144 -0.91536
vn -0.32223 0.18671 -0.92806
vn -0.36002 0.14519 -0.92158
vn 0.55544 0.0055 -0.83154
vn 0.5665 -0.07191 -0.82092
vn 0.53344 -0.03534 -0.8451
vn 0.26379 0.50226 -0.8235
vn 0.22742 0.44495 -0.8662
vn 0.22385 0.52172 -0.82323
vn 0.43287 0.43269 -0.79083
vn 0.41682 0.34659 -0.84032
vn 0.38492 0.44929 -0.80621
vn 0.18917 0.31872 -0.92878
vn 0.08708 0.3544 -0.93103
vn 0.16596 0.37188 -0.91333
vn -0.3199 0.36901 -0.87264
vn -0.32212 0.31975 -0.89107
vn -0.37541 0.34434 -0.86052
vn -0.55225 0.81339 0.1828
vn -0.55039 0.83162 -0.07398
vn -0.63361 0.75657 0.16169
vn 0.52994 -0.46818 -0.70709
vn 0.58094 -0.39134 -0.7137
vn 0.5819 -0.45044 -0.67712
vn -0.70681 0.01798 -0.70717
vn -0.81463 0.03202 -0.5791
vn -0.73819 0.07608 -0.67028
vn -0.697 0.04303 -0.71577
vn -0.71492 -0.05001 -0.69741
vn -0.78995 -0.08938 -0.60663
vn -0.32431 -0.46839 -0.82185
vn -0.42529 -0.37671 -0.82293
vn -0.32442 -0.40355 -0.85551
vn -0.84953 0.21874 -0.48005
vn -0.84268 0.30501 -0.44368
vn -0.76194 0.33731 -0.55287
vn -0.70329 0.68811 -0.17858
vn -0.79492 0.52149 -0.31008
vn -0.82463 0.53291 -0.18972
vn -0.68107 0.64441 -0.34767
vn -0.53183 0.79254 -0.29841
vn -0.63471 0.56403 -0.52822
vn -0.78075 0.41523 -0.46693
vn -0.77032 0.45163 -0.45014
vn -0.71508 0.46637 -0.52073
vn -0.78737 0.40446 -0.46525
vn -0.8602 0.44649 -0.24636
vn -0.78614 0.48607 -0.38174
vn -0.7176 -0.22847 -0.65791
vn -0.74584 -0.16751 -0.64472
vn -0.74029 -0.12735 -0.66012
vn -0.13047 0.33133 -0.93445
vn -0.0774 0.23439 -0.96906
vn -0.16067 0.292 -0.94283
vn 0.88729 -0.2533 -0.38543
vn 0.83894 -0.30379 -0.45154
vn 0.8034 -0.25969 -0.53582
vn -0.02745 0.49382 -0.86913
vn 0.00655 0.54166 -0.84057
vn 0.05356 0.52592 -0.84885
vn 0.19755 0.46965 -0.86047
vn 0.10326 0.47445 -0.87421
vn 0.17032 0.51501 -0.84009
vn -0.52325 0.21097 -0.82565
vn -0.6613 0.06676 -0.74715
vn -0.67183 0.12423 -0.73022
vn 0.3405 0.06563 -0.93795
vn 0.25776 0.04892 -0.96497
vn 0.28885 0.10191 -0.95193
vn -0.56197 0.2291 -0.79479
vn -0.63051 0.14145 -0.76318
vn -0.62695 0.22494 -0.74588
vn 0.47638 -0.06449 -0.87687
vn 0.42146 -0.26102 -0.86847
vn 0.28351 -0.2862 -0.91526
vn -0.84725 0.10322 -0.52106
vn -0.82546 0.03524 -0.56335
vn -0.86265 0.08286 -0.49896
vn -0.88745 0.28047 -0.36574
vn -0.8568 0.46243 -0.22814
vn -0.79491 0.3871 -0.4672
vn -0.98008 -0.17018 -0.10237
vn -0.99322 -0.07468 -0.08909
vn -0.95962 -0.18497 -0.21193
vn 0.95269 0.2985 -0.05723
vn 0.97758 0.1649 -0.13098
vn 0.97225 0.18717 -0.14036
vn -0.04948 0.99826 -0.032
vn -0.0087 0.99973 -0.02138
vn 0.038 0.99303 -0.11157
vn -0.74059 -0.04623 -0.67036
vn -0.76179 -0.12544 -0.63556
vn -0.76167 -0.08718 -0.64208
vn -0.8005 -0.054 -0.59689
vn -0.86995 0.05688 -0.48984
vn -0.794 0.10173 -0.59935
vn -0.50847 0.81303 -0.28361
vn -0.37474 0.70122 -0.60651
vn -0.49664 0.65766 -0.56642
vn -0.385 0.82816 -0.40735
vn -0.27529 0.79664 -0.53813
vn -0.55063 0.57769 -0.60256
vn -0.65855 0.31337 -0.68419
vn -0.79118 0.43663 -0.42825
vn -0.60725 0.54761 -0.57565
vn 0.5157 0.02798 -0.85631
vn 0.44716 -0.01637 -0.8943
vn 0.49126 0.04022 -0.87009
vn 0.82229 0.47235 -0.31737
vn 0.84543 0.50008 -0.1875
vn 0.83988 0.44563 -0.30987
vn 0.63755 -0.71603 -0.28429
vn 0.53764 -0.74338 -0.39791
vn 0.69824 -0.6186 -0.36026
vn 0.64821 0.14142 -0.74821
vn 0.66342 0.0529 -0.74638
vn 0.61445 0.10483 -0.78196
vn -0.40023 0.13301 -0.90671
vn -0.37497 0.07406 -0.92407
vn -0.4328 0.0992 -0.89601
vn 0.72968 0.05474 -0.6816
vn 0.72811 -0.00575 -0.68544
vn 0.72579 0.06635 -0.68471
vn 0.81304 -0.20526 -0.54483
vn 0.77339 -0.31281 -0.55137
vn 0.77182 -0.25557 -0.58221
vn -0.30544 -0.43181 -0.84867
vn -0.22357 -0.34219 -0.91264
vn -0.07027 -0.39493 -0.91602
vn 0.79783 -0.50015 -0.33663
vn 0.81941 -0.4181 -0.39213
vn 0.87984 -0.34312 -0.32886
vn 0.37367 0.16892 -0.91205
vn 0.19794 0.06627 -0.97797
vn 0.19623 0.11569 -0.97371
vn 0.38715 -0.25175 -0.88698
vn 0.27536 -0.15979 -0.94797
vn 0.45236 -0.17717 -0.87406
vn 0.28321 -0.30243 -0.91013
vn 0.42947 -0.13987 -0.89218
vn 0.45814 -0.22375 -0.86026
vn -0.58253 -0.60859 -0.53877
vn -0.50073 -0.60242 -0.62158
vn -0.52261 -0.6314 -0.5729
vn -0.91357 -0.17512 -0.36705
vn -0.90016 -0.28819 -0.32659
vn -0.93475 -0.27926 -0.21966
vn -0.25029 0.36844 -0.89532
vn -0.27947 0.31663 -0.90645
vn -0.38058 0.37231 -0.84649
vn 0.0443 0.50556 -0.86165
vn 0.06803 0.51863 -0.85229
vn 0.04696 0.45976 -0.8868
vn 0.30886 0.32793 -0.89279
vn 0.39633 0.34196 -0.85205
vn 0.3612 0.26916 -0.8928
vn 0.70691 0.01465 -0.70715
vn 0.69101 -0.00097 -0.72284
vn 0.66924 0.02706 -0.74255
vn -0.73901 0.1298 -0.66107
vn -0.71603 0.06756 -0.69479
vn -0.74616 0.09488 -0.65897
vn 0.69981 -0.09962 -0.70734
vn 0.68075 -0.11755 -0.72303
vn 0.69989 -0.04875 -0.71258
vn -0.93097 -0.12218 -0.34404
vn -0.9451 -0.24814 -0.21264
vn -0.95922 -0.09755 -0.2653
vn -0.62645 0.77579 0.07553
vn -0.62056 0.78299 0.04286
vn -0.6865 0.72686 -0.01953
vn 0.69193 0.01208 -0.72187
vn 0.68272 0.02842 -0.73013
vn 0.69412 0.03195 -0.71915
vn 0.51446 -0.18 -0.83841
vn 0.50268 -0.19588 -0.84199
vn 0.49995 -0.14975 -0.85301
vn 0.3566 -0.26138 -0.89695
vn 0.33504 -0.15738 -0.92897
vn 0.38287 -0.05874 -0.92193
vn -0.59797 0.28983 -0.74728
vn -0.75328 0.38592 -0.53258
vn -0.66267 0.55883 -0.49859
vn 0.11328 -0.07909 -0.99041
vn 0.06829 0.01901 -0.99748
vn 0.17066 0.06999 -0.98284
vn -0.66378 0.74647 -0.04671
vn -0.66353 0.71723 -0.21285
vn -0.83726 0.54512 -0.04284
vn -0.31786 0.60613 -0.72909
vn -0.24034 0.6349 -0.73426
vn -0.25949 0.56319 -0.78452
vn -0.47198 -0.64431 -0.60175
vn -0.58495 -0.47331 -0.65864
vn -0.53336 -0.52204 -0.66558
vn 0.36132 0.43138 -0.82666
vn 0.42549 0.4193 -0.80196
vn 0.36763 0.38963 -0.84442
vn -0.71235 0.05706 -0.6995
vn -0.75223 0.08785 -0.65301
vn -0.70806 0.20109 -0.67691
vn -0.43913 0.87838 -0.18873
vn -0.36132 0.84203 -0.40054
vn -0.52671 0.79569 -0.29911
vn -0.21132 0.97092 -0.11253
vn -0.17066 0.97533 -0.14
vn -0.15615 0.9605 -0.23034
vn 0.73625 -0.65124 0.18389
vn 0.85071 -0.51778 0.09054
vn 0.7616 -0.56441 0.31845
vn 0.89478 0.25265 -0.36816
vn 0.83066 0.15259 -0.53546
vn 0.83465 0.21702 -0.50623
vn 0.66423 0.62892 -0.40406
vn 0.73634 0.58692 -0.33664
vn 0.70853 0.5335 -0.46192
vn -0.79994 -0.01913 -0.59977
vn -0.82496 0.06117 -0.56188
vn -0.72916 0.09007 -0.67839
vn 0.18643 0.97714 0.1022
vn 0.32382 0.94073 0.10081
vn 0.28273 0.95767 -0.05409
vn -0.8176 0.08099 -0.57007
vn -0.80609 0.23974 -0.54106
vn -0.73898 0.16046 -0.65434
vn -0.50913 0.21935 -0.83227
vn -0.66071 0.05155 -0.74886
vn -0.69082 0.24325 -0.68088
vn 0.64398 -0.1016 -0.75826
vn 0.50377 -0.41308 -0.75867
vn 0.44153 -0.2789 -0.8528
vn 0.87374 -0.41445 -0.25455
vn 0.8112 -0.46684 -0.35217
vn 0.86525 -0.36708 -0.34146
vn 0.01936 0.2502 -0.968
vn -0.10054 0.16368 -0.98138
vn -0.10582 0.23279 -0.96675
vn 0.69752 -0.26859 -0.66433
vn 0.66944 -0.32964 -0.66572
vn 0.66329 -0.25227 -0.70456
vn -0.1273 -0.06207 -0.98992
vn -0.20341 -0.12712 -0.97081
vn -0.1407 -0.00238 -0.99005
vn 0.12027 -0.21294 -0.96963
vn 0.07034 -0.28546 -0.9558
vn 0.01608 -0.21049 -0.97746
vn 0.16176 -0.40162 -0.90141
vn 0.06697 -0.41806 -0.90595
vn 0.16247 -0.27111 -0.94874
vn 0.81327 0.0887 -0.57508
vn 0.8427 -0.08403 -0.53178
vn 0.78771 -0.00078 -0.61605
vn 0.45222 0.16502 -0.87651
vn 0.42866 0.08304 -0.89964
vn 0.43624 0.16989 -0.88364
vn -0.58997 -0.04312 -0.80628
vn -0.61405 -0.06086 -0.78692
vn -0.62592 -0.02155 -0.77959
vn -0.66792 0.26731 -0.69457
vn -0.37734 0.53868 -0.75329
vn -0.59297 0.19227 -0.78193
vn -0.62093 0.76438 -0.1737
vn -0.75935 0.60323 -0.24395
vn -0.64137 0.76338 -0.0768
vn 0.64581 -0.23447 -0.7266
vn 0.62014 -0.24573 -0.74501
vn 0.64421 -0.20647 -0.73646
vn -0.59623 0.61048 -0.52136
vn -0.61865 0.57106 -0.5396
vn -0.60324 0.64037 -0.47543
vn -0.36833 -0.20387 -0.90707
vn -0.41004 -0.1399 -0.90127
vn -0.3848 -0.13578 -0.91296
vn 0.58688 0.59614 -0.5479
vn 0.54293 0.37445 -0.75168
vn 0.51797 0.40628 -0.75276
vn -0.07436 -0.98892 -0.12849
vn 0.06989 -0.98269 -0.17159
vn 0.23883 -0.96557 0.10309
vn 0.01566 0.19108 -0.98145
vn 0.02103 0.26608 -0.96372
vn 0.03935 0.2502 -0.96739
vn -0.23024 -0.0696 -0.97064
vn -0.25539 -0.10061 -0.96159
vn -0.27304 -0.09335 -0.95746
vn -0.56626 0.28322 -0.77403
vn -0.58314 0.37065 -0.72289
vn -0.50757 0.25313 -0.82359
vn 0.67337 -0.07485 -0.7355
vn 0.71477 -0.12455 -0.68818
vn 0.61992 -0.25422 -0.74234
vn -0.11634 -0.30679 -0.94464
vn -0.246 -0.34697 -0.90504
vn -0.11748 -0.23336 -0.96527
vn -0.90873 0.30826 -0.28139
vn -0.77171 0.38678 -0.50484
vn -0.82186 0.30744 -0.47962
vn 0.23661 -0.395 -0.88769
vn 0.25002 -0.60388 -0.75685
vn -0.01468 -0.2557 -0.96664
vn 0.39997 -0.34187 -0.85038
vn 0.49547 -0.19838 -0.84567
vn 0.49832 -0.27813 -0.82117
vn -0.60202 0.39467 -0.69412
vn -0.63218 0.37812 -0.67629
vn -0.58002 0.44183 -0.68437
vn 0.19997 -0.1258 -0.97169
vn 0.09582 -0.18568 -0.97793
vn 0.13412 -0.03398 -0.99038
vn -0.25505 -0.07557 -0.96397
vn -0.13884 -0.11388 -0.98375
vn -0.18632 -0.19594 -0.96275
vn -0.63847 0.7092 -0.29899
vn -0.53821 0.75579 -0.37297
vn -0.66497 0.6427 -0.38047
vn -0.0507 -0.41111 -0.91017
vn -0.07717 -0.4518 -0.88877
vn -0.40128 -0.38756 -0.82992
vn -0.61898 0.62177 -0.47985
vn -0.85712 0.37183 -0.3565
vn -0.65325 0.67168 -0.34943
vn -0.31056 0.28065 -0.90818
vn -0.2416 0.20254 -0.949
vn -0.32278 0.09677 -0.94152
vn -0.40021 0.09504 -0.91148
vn -0.44014 0.08894 -0.89351
vn -0.43447 0.10804 -0.89418
vn 0.72229 0.41884 -0.55034
vn 0.75369 0.42164 -0.50416
vn 0.81202 0.38446 -0.43912
vn -0.24149 -0.70854 -0.66306
vn -0.26551 -0.61158 -0.7453
vn -0.13876 -0.65369 -0.74393
vn 0.42731 -0.84468 -0.32237
vn 0.02918 -0.87727 -0.47911
vn 0.24798 -0.78858 -0.56271
vn 0.12343 -0.50392 -0.85488
vn 0.06709 -0.43209 -0.89933
vn 0.13099 -0.3479 -0.92834
vn 0.6857 -0.40597 -0.60415
vn 0.62834 -0.48636 -0.60716
vn 0.65419 -0.35699 -0.66678
vn -0.5404 0.4026 -0.73884
vn -0.5925 0.33747 -0.73148
vn -0.61713 0.39108 -0.68279
vn 0.02251 -0.1046 -0.99426
vn -0.12305 -0.09675 -0.98767
vn -0.05217 -0.03669 -0.99796
vn 0.53636 0.03871 -0.8431
vn 0.46023 0.01865 -0.8876
vn 0.48452 0.09448 -0.86966
vn -0.2317 -0.15879 -0.95974
vn -0.07062 -0.45104 -0.8897
vn -0.08545 -0.46751 -0.87985
vn 0.78561 0.60124 -0.14606
vn 0.72996 0.66602 -0.15355
vn 0.78662 0.60563 -0.12022
vn -0.45099 -0.2765 -0.84862
vn -0.38709 -0.39645 -0.83246
vn -0.50823 -0.36649 -0.77935
vn -0.47329 0.10525 -0.8746
vn -0.53272 0.11371 -0.83862
vn -0.52711 0.14504 -0.83733
vn -0.47697 0.00248 -0.87892
vn -0.46656 -0.03609 -0.88375
vn -0.47742 -0.00149 -0.87867
vn -0.20996 0.96518 0.15603
vn -0.00958 0.9951 0.09836
vn -0.21299 0.97437 0.07234
vn -0.55915 -0.65721 -0.50541
vn -0.59144 -0.69398 -0.4106
vn -0.65362 -0.6044 -0.4555
vn -0.3778 0.88058 -0.28609
vn -0.56749 0.62786 -0.53268
vn -0.65245 0.6119 -0.44708
vn 0.21134 -0.03469 -0.9768
vn 0.12509 -0.11064 -0.98596
vn 0.169 0.03634 -0.98495
vn 0.13237 -0.29763 -0.94546
vn 0.00497 -0.2579 -0.96616
vn 0.09286 -0.13662 -0.98626
vn -0.08359 -0.35806 -0.92995
vn 0.10914 -0.1775 -0.97805
vn 0.06212 -0.3467 -0.93591
vn 0.15341 0.05739 -0.98649
vn -0.06119 0.07916 -0.99498
vn 0.05193 0.21705 -0.97478
vn 0.17155 0.11346 -0.97862
vn 0.24946 0.05304 -0.96693
vn 0.09434 -0.04711 -0.99442
vn -0.79739 0.33943 -0.49895
vn -0.80977 0.22551 -0.54168
vn -0.90902 0.11907 -0.39938
vn 0.59603 -0.48548 -0.63958
vn 0.55405 -0.54644 -0.62804
vn 0.49978 -0.55149 -0.66789
vn 0.17441 0.07006 -0.98218
vn 0.16774 0.21196 -0.96277
vn 0.216 0.26028 -0.94106
vn 0.37895 -0.32647 -0.86592
vn 0.51467 -0.00889 -0.85734
vn 0.40344 -0.32843 -0.85403
vn -0.61818 0.11396 -0.77773
vn -0.69276 0.05593 -0.71899
vn -0.70322 0.09926 -0.70401
vn -0.97965 -0.13542 -0.14812
vn -0.98618 -0.15911 -0.04609
vn -0.98846 -0.09688 0.11643
vn -0.0697 0.15536 -0.9854
vn -0.07799 0.17218 -0.98197
vn -0.07355 0.17647 -0.98155
vn 0.70856 0.09202 -0.69962
vn 0.67136 0.0535 -0.7392
vn 0.66818 0.20165 -0.71615
vn 0.74829 -0.34831 -0.56457
vn 0.69391 -0.47358 -0.54241
vn 0.72266 -0.32575 -0.60963
vn -0.65672 0.66885 -0.34836
vn -0.76037 0.58041 -0.29148
vn -0.82249 0.53681 -0.18802
vn 0.43604 -0.33651 -0.83464
vn 0.41342 -0.41038 -0.81282
vn 0.34381 -0.37011 -0.86302
vn -0.10508 -0.43351 -0.895
vn -0.20921 -0.47467 -0.85494
vn -0.23749 -0.41211 -0.87964
vn -0.80329 0.32595 -0.49847
vn -0.85144 0.28324 -0.44138
vn -0.82915 0.47526 -0.29435
vn 0.591 -0.23502 -0.77167
vn 0.55351 -0.23517 -0.79895
vn 0.57667 -0.17194 -0.79868
vn 0.39442 -0.27045 -0.87823
vn 0.36547 -0.29844 -0.88168
vn 0.36649 -0.28415 -0.88597
vn 0.25477 0.96221 0.0962
vn 0.51012 0.85166 0.1202
vn 0.25235 0.96665 0.04371
vn -0.70323 -0.01415 -0.71082
vn -0.76007 -0.0906 -0.64349
vn -0.75287 0.00352 -0.65816
vn 0.33745 0.38153 -0.86056
vn 0.37606 0.41373 -0.8291
vn 0.40271 0.34991 -0.8458
vn -0.81042 0.29332 -0.50713
vn -0.81881 0.17064 -0.54812
vn -0.85621 0.30397 -0.41774
vn -0.83132 0.42337 -0.36009
vn -0.85796 0.33006 -0.39365
vn -0.94237 0.19478 -0.27203
vn -0.25129 0.30935 -0.91715
vn -0.36537 0.13877 -0.92046
vn -0.3181 0.25326 -0.9136
vn -0.06736 -0.01762 -0.99757
vn -0.00153 -0.05831 -0.9983
vn -0.11067 -0.0802 -0.99062
vn -0.39649 0.36833 -0.84091
vn -0.29959 0.53111 -0.79257
vn -0.19342 0.52794 -0.82697
vn -0.68332 0.67359 -0.28169
vn -0.66864 0.65373 -0.35435
vn -0.78038 0.57392 -0.24825
vn 0.61961 0.78486 0.00858
vn 0.58931 0.80779 -0.01357
vn 0.6238 0.7801 0.04813
vn -0.08907 0.99515 0.0417
vn -0.10035 0.99495 0.00027
vn -0.14104 0.98963 0.02731
vn -0.19714 -0.06855 -0.97798
vn -0.19683 -0.07221 -0.97778
vn -0.24993 -0.05387 -0.96676
vn -0.19914 -0.06371 -0.9779
vn -0.23438 -0.10702 -0.96624
vn -0.20476 -0.04611 -0.97773
vn 0.00178 -0.09219 -0.99574
vn -0.01667 -0.15979 -0.98701
vn -0.01266 -0.04958 -0.99869
vn -0.01167 0.1093 -0.99394
vn -0.08154 0.11535 -0.98997
vn -0.02688 0.145 -0.98907
vn -0.59502 -0.3728 -0.71202
vn -0.45851 -0.45679 -0.76231
vn -0.56623 -0.4708 -0.67656
vn 0.00218 0.08543 -0.99634
vn -0.04431 -0.03746 -0.99832
vn -0.09667 0.04344 -0.99437
vn -0.61262 0.44247 -0.65491
vn -0.71418 0.44446 -0.54074
vn -0.62467 0.5945 -0.50632
vn -0.6271 0.70927 -0.322
vn -0.69665 0.40429 -0.59264
vn -0.70465 0.62035 -0.34444
vn -0.10722 0.99139 0.07517
vn 0.01431 0.99978 0.01564
vn -0.01631 0.99359 -0.11186
vn 0.02762 0.44759 -0.89381
vn 0.19141 0.53111 -0.8254
vn 0.12014 0.44621 -0.88683
vn 0.05032 -0.99612 -0.07225
vn 0.18294 -0.98253 0.03425
vn -0.12531 -0.98291 0.13487
vn -0.40324 0.11819 -0.90743
vn -0.4047 0.08753 -0.91025
vn -0.40776 0.12577 -0.90438
vn 0.41627 0.01868 -0.90905
vn 0.41617 0.04048 -0.90838
vn 0.43635 0.02882 -0.89931
vn -0.34262 0.28285 -0.89588
vn -0.31544 0.21691 -0.92382
vn -0.35683 0.2251 -0.90664
vn -0.32915 0.33378 -0.88332
vn -0.36592 0.31877 -0.87435
vn -0.34332 0.42951 -0.83526
vn 0.17193 -0.48171 -0.8593
vn 0.11282 -0.48768 -0.8657
vn 0.1182 -0.45384 -0.88321
vn -0.44055 0.44643 -0.77886
vn -0.11327 0.63691 -0.76258
vn -0.33287 0.41375 -0.84735
vn 0.51978 -0.41676 -0.74575
vn 0.63988 -0.0986 -0.76212
vn 0.56875 -0.43024 -0.70101
vn 0.17721 0.03586 -0.98352
vn 0.14054 -0.00219 -0.99007
vn 0.14692 0.0533 -0.98771
vn -0.11953 -0.24612 -0.96184
vn -0.33586 -0.33684 -0.87963
vn -0.25531 -0.21501 -0.94265
vn -0.59578 0.57645 -0.55924
vn -0.65087 0.54288 -0.5307
vn -0.52817 0.65353 -0.54216
vn 0.4727 0.8758 -0.09757
vn 0.22737 0.97008 0.08516
vn 0.29929 0.94867 0.1022
vn 0.36702 0.12752 -0.92143
vn 0.3681 0.09271 -0.92515
vn 0.35794 0.10304 -0.92804
vn -0.4532 0.10562 -0.88513
vn -0.46854 0.04881 -0.88209
vn -0.47903 0.06007 -0.87574
vn 0.03008 0.07316 -0.99687
vn 0.02754 0.06681 -0.99739
vn 0.01276 0.12501 -0.99207
vn -0.37236 0.11048 -0.92149
vn -0.43806 0.12213 -0.89061
vn -0.38631 0.17593 -0.90544
vn -0.40272 0.17804 -0.89784
vn -0.41664 0.09931 -0.90363
vn -0.42331 0.1534 -0.8929
vn 0.12861 0.1588 -0.9789
vn 0.09287 0.1119 -0.98937
vn 0.07107 0.13973 -0.98764
vn 0.90289 0.27238 -0.33257
vn 0.86761 0.28104 -0.41021
vn 0.84828 0.31043 -0.42902
vn 0.51502 -0.24196 -0.82232
vn 0.38498 -0.25554 -0.88684
vn 0.53008 -0.17318 -0.83007
vn -0.2242 -0.54092 -0.81064
vn -0.28455 -0.488 -0.82516
vn -0.30532 -0.45047 -0.83896
vn -0.12093 -0.50499 -0.85461
vn -0.19129 -0.47783 -0.85737
vn -0.1228 -0.45755 -0.88066
vn 0.11354 -0.4536 -0.88394
vn 0.08297 -0.36375 -0.92779
vn 0.14982 -0.30732 -0.93974
vn -0.31341 -0.01681 -0.94947
vn -0.25372 -0.07446 -0.96441
vn -0.31942 -0.06397 -0.94545
vn 0.42657 -0.06007 -0.90246
vn 0.39305 0.00532 -0.9195
vn 0.44309 0.37184 -0.81573
vn -0.43141 -0.15894 -0.88804
vn -0.4425 -0.23948 -0.8642
vn -0.47477 -0.14652 -0.86783
vn -0.10744 0.15555 -0.98197
vn 0.0295 0.03876 -0.99881
vn -0.04637 -0.33975 -0.93937
vn -0.32765 0.24495 -0.9125
vn -0.3083 0.20048 -0.92993
vn -0.3548 0.21876 -0.90899
vn -0.27999 -0.04975 -0.95871
vn -0.24317 -0.1232 -0.96213
vn -0.3 -0.11235 -0.9473
vn -0.27047 -0.07879 -0.9595
vn -0.32331 -0.10591 -0.94035
vn -0.35866 -0.0381 -0.93269
vn 0.00812 0.38315 -0.92365
vn -0.02729 0.27338 -0.96152
vn -0.07058 0.31974 -0.94487
vn -0.41952 0.39403 -0.81777
vn -0.444 0.29143 -0.84731
vn -0.49355 0.36477 -0.78953
vn 0.65069 0.22421 -0.72549
vn 0.61677 0.24691 -0.74742
vn 0.6008 0.44008 -0.66735
vn 0.68358 0.38344 -0.62105
vn 0.59773 0.25515 -0.76002
vn 0.57968 0.27641 -0.76653
vn -0.93902 0.33576 0.07418
vn -0.84458 0.51206 0.15647
vn -0.89032 0.45534 -0.00083
vn -0.45586 -0.12848 -0.88073
vn -0.54458 -0.24738 -0.8014
vn -0.55627 -0.16676 -0.8141
vn 0.15091 0.11159 -0.98223
vn -0.18605 -0.06252 -0.98055
vn -0.08043 0.07185 -0.99417
vn 0.20945 0.0171 -0.97767
vn 0.21665 -0.0473 -0.9751
vn 0.16818 -0.03292 -0.98521
vn -0.60324 0.29747 -0.74001
vn -0.56003 0.42638 -0.71033
vn -0.46687 0.43245 -0.77138
vn 0.12104 -0.09625 -0.98797
vn 0.09272 -0.06327 -0.99368
vn 0.11945 -0.04813 -0.99167
vn 0.14928 -0.01032 -0.98874
vn -0.18265 -0.29417 -0.93814
vn 0.08861 0.00749 -0.99604
vn 0.3567 0.49131 -0.7946
vn 0.39222 0.39447 -0.831
vn 0.34747 0.36874 -0.86215
vn -0.79383 0.3746 -0.47907
vn -0.81961 0.36142 -0.44454
vn -0.81225 0.45178 -0.36897
vn 0.56465 -0.26077 -0.78305
vn 0.4375 -0.26727 -0.85858
vn 0.55937 -0.05344 -0.82719
vn -0.0623 0.13539 -0.98883
vn -0.09654 0.13307 -0.98639
vn -0.0844 0.15594 -0.98415
vn 0.18735 0.06934 -0.97984
vn 0.10404 0.07317 -0.99188
vn 0.11945 0.082 -0.98945
vn 0.21865 0.18361 -0.95837
vn 0.16447 0.23038 -0.9591
vn 0.16413 0.23873 -0.95712
vn -0.78296 0.1088 -0.61248
vn -0.73672 0.03604 -0.67523
vn -0.74621 -0.00206 -0.66571
vn -0.75455 0.03751 -0.65517
vn -0.74076 0.0021 -0.67177
vn -0.80758 0.06747 -0.58589
vn 0.61156 0.73294 -0.29799
vn 0.50709 0.76537 -0.39632
vn 0.71267 0.6881 -0.13645
vn 0.67321 -0.14353 -0.72539
vn 0.72261 -0.13925 -0.67709
vn 0.5646 -0.21203 -0.79767
vn -0.51645 -0.1362 -0.84542
vn -0.59502 -0.32797 -0.73375
vn -0.63832 -0.13508 -0.75782
vn 0.5153 -0.41741 -0.74849
vn 0.60046 -0.40264 -0.69089
vn 0.52385 -0.46751 -0.71205
vn -0.03191 -0.13878 -0.98981
vn -0.12595 -0.0893 -0.98801
vn 0.04138 -0.03806 -0.99842
vn -0.80324 0.14338 -0.57814
vn -0.82665 0.16845 -0.53692
vn -0.78342 0.26717 -0.56113
vn -0.80657 0.23797 -0.54112
vn -0.85757 0.15366 -0.49087
vn -0.86669 0.21398 -0.45062
vn 0.31037 -0.41143 -0.85697
vn 0.36208 -0.0669 -0.92974
vn 0.5159 -0.24097 -0.82206
vn 0.19409 -0.28579 -0.93843
vn 0.18249 -0.24383 -0.95249
vn 0.25732 -0.24437 -0.93492
vn -0.27677 -0.00849 -0.9609
vn -0.45878 -0.0959 -0.88336
vn -0.43059 0.006 -0.90253
vn 0.05046 0.1556 -0.98653
vn 0.04628 0.11125 -0.99271
vn -0.12132 0.12042 -0.98528
vn -0.22265 0.92007 -0.32233
vn -0.34152 0.82643 -0.44764
vn -0.35807 0.86479 -0.35202
vn -0.94748 0.04176 -0.31709
vn -0.97465 -0.0203 -0.22281
vn -0.94811 0.22183 -0.22776
vn -0.05553 0.11985 -0.99124
vn -0.07613 0.13949 -0.98729
vn -0.04283 0.13818 -0.98948
vn 0.18993 -0.16492 -0.96785
vn 0.17276 -0.13048 -0.97628
vn 0.23737 -0.10408 -0.96583
vn 0.52265 0.23806 -0.81864
vn 0.51443 0.20277 -0.83321
vn 0.48157 0.20403 -0.85233
vn 0.30847 0.75213 -0.58236
vn 0.31086 0.80342 -0.50782
vn 0.42574 0.76329 -0.48593
vn -0.79302 0.32525 -0.51511
vn -0.75756 0.27624 -0.59144
vn -0.90934 0.26569 -0.32016
vn 0.28042 -0.85548 -0.43534
vn 0.27753 -0.80218 -0.52866
vn 0.38948 -0.76242 -0.51674
vn 0.5827 0.48219 -0.65418
vn 0.62557 0.39865 -0.67063
vn 0.42656 0.46998 -0.77277
vn -0.32094 0.24938 -0.91368
vn -0.32399 0.33769 -0.88374
vn -0.25626 0.37873 -0.88932
vn 0.30449 -0.01116 -0.95245
vn 0.19191 -0.04904 -0.98019
vn 0.18921 0.01656 -0.9818
vn -0.61868 0.50192 -0.60441
vn -0.54007 0.63677 -0.55032
vn -0.49339 0.61531 -0.61479
vn 0.36214 -0.00298 -0.93212
vn 0.22846 -0.04585 -0.97247
vn -0.06707 0.21262 -0.97483
vn -0.25578 0.94417 0.20766
vn -0.77571 0.61193 0.15431
vn -0.54824 0.76524 0.33739
vn -0.85971 0.00639 -0.51075
vn -0.99317 -0.03816 -0.1103
vn -0.97557 0.15447 -0.15624
vn 0.08719 -0.99581 -0.02741
vn -0.13937 -0.94405 0.29892
vn -0.21959 -0.97302 0.07084
vn -0.04278 0.01121 -0.99902
vn -0.05395 0.07587 -0.99566
vn -0.03868 0.0915 -0.99505
vn -0.44574 0.88691 -0.12123
vn -0.31183 0.86799 -0.38646
vn -0.47853 0.81748 -0.32053
vn 0.66939 -0.25751 -0.69686
vn 0.73887 -0.43281 -0.51647
vn 0.55514 -0.32968 -0.76363
vn -0.36285 0.21199 -0.90741
vn -0.36889 0.15118 -0.9171
vn -0.43978 0.19349 -0.87701
vn -0.10707 0.55337 -0.82602
vn -0.06123 0.39338 -0.91733
vn -0.18731 0.27189 -0.94392
vn -0.01984 0.9781 0.2072
vn -0.19513 0.96801 0.1577
vn -0.27811 0.92934 0.24285
vn 0.72706 -0.13787 -0.67259
vn 0.75631 -0.23101 -0.61207
vn 0.62601 -0.21181 -0.7505
vn 0.15537 -0.32053 -0.93441
vn 0.06048 -0.32812 -0.9427
vn 0.09096 -0.22038 -0.97116
vn 0.14518 -0.18701 -0.97157
vn 0.13014 -0.29004 -0.94813
vn 0.05347 -0.21787 -0.97451
vn 0.00389 0.03957 -0.99921
vn -0.11431 -0.00909 -0.9934
vn 0.03026 0.21809 -0.97546
vn -0.33948 0.93679 -0.08468
vn -0.26359 0.95819 -0.1113
vn -0.29963 0.86745 -0.39718
vn 0.1989 -0.2089 -0.9575
vn 0.14927 -0.37534 -0.91479
vn -0.21282 -0.32754 -0.92056
vn -0.46327 0.13145 -0.87641
vn -0.38839 0.12704 -0.9127
vn -0.49721 0.06296 -0.86534
vn -0.1855 -0.47489 -0.86027
vn -0.12267 -0.52164 -0.8443
vn -0.18023 -0.54795 -0.81686
vn -0.11896 0.46569 -0.87692
vn -0.25493 0.45236 -0.85462
vn -0.35236 0.50292 -0.78925
vn 0.18016 0.22857 -0.95671
vn 0.16929 0.22226 -0.96018
vn 0.16843 0.26097 -0.95054
vn 0.19367 0.27286 -0.94236
vn 0.32734 0.28535 -0.90079
vn 0.21878 0.23459 -0.94715
vn 0.01857 0.27923 -0.96004
vn 0.24806 0.19949 -0.94798
vn 0.1663 0.12368 -0.97829
vn -0.08161 0.97632 0.20034
vn -0.15572 0.9878 -0.00292
vn -0.29951 0.93034 0.21158
vn -0.12254 0.89852 -0.42148
vn -0.20578 0.81565 -0.54072
vn -0.34725 0.81261 -0.46806
vn 0.11518 0.5628 -0.81853
vn 0.17526 0.48561 -0.85643
vn 0.13178 0.40766 -0.90357
vn -0.10763 -0.87763 -0.46709
vn -0.0405 -0.96611 -0.25493
vn -0.18859 -0.91084 -0.36717
vn -0.20777 0.0793 -0.97496
vn -0.16658 0.02924 -0.98559
vn -0.27429 0.09723 -0.95672
vn -0.17236 -0.0702 -0.98253
vn -0.13381 -0.18278 -0.974
vn -0.22486 -0.19682 -0.95431
vn -0.09272 -0.08904 -0.9917
vn -0.04936 -0.11661 -0.99195
vn -0.11534 -0.24246 -0.96328
vn 0.36624 -0.37937 -0.84968
vn 0.35531 -0.31318 -0.88072
vn 0.43117 -0.24808 -0.8675
vn 0.32846 -0.14693 -0.93302
vn 0.11859 -0.24818 -0.96143
vn 0.19793 -0.12884 -0.97171
vn 0.19952 -0.34381 -0.9176
vn 0.1771 -0.12777 -0.97586
vn 0.23822 -0.16296 -0.95744
vn -0.00442 0.54207 -0.84032
vn -0.20464 0.56447 -0.79969
vn -0.01631 0.65088 -0.75901
vn -0.0042 -0.10392 -0.99458
vn -0.01856 -0.11198 -0.99354
vn 0.00526 -0.02506 -0.99967
vn 0.20397 0.35324 -0.91303
vn 0.38907 0.24602 -0.88775
vn 0.23851 0.13729 -0.96139
vn -0.15639 0.31222 -0.93705
vn -0.02492 0.33053 -0.94347
vn 0.09938 0.23737 -0.96632
vn -0.44224 0.22898 -0.86718
vn -0.46879 0.21146 -0.85762
vn -0.4612 0.32443 -0.82585
vn 0.59227 0.15341 -0.791
vn 0.54784 0.09186 -0.83153
vn 0.51236 0.1799 -0.83972
vn 0.03171 -0.84693 -0.53076
vn 0.02536 -0.82087 -0.57055
vn 0.2166 -0.77262 -0.59678
vn 0.05997 -0.80949 -0.58406
vn -0.12659 -0.83922 -0.52886
vn -0.16986 -0.79456 -0.58295
vn 0.04119 0.38194 -0.92327
vn 0.12388 0.34671 -0.92976
vn -0.07646 0.33104 -0.94051
vn -0.26193 0.07489 -0.96218
vn -0.14784 0.27339 -0.95047
vn -0.08384 0.21184 -0.9737
vn 0.11107 -0.3275 -0.9383
vn -0.02682 -0.316 -0.94838
vn 0.10658 -0.23139 -0.96701
vn -0.3218 -0.20924 -0.9234
vn -0.44069 -0.21584 -0.87132
vn -0.28905 -0.0565 -0.95564
vn 0.58436 -0.05618 -0.80955
vn 0.5574 0.0973 -0.82452
vn 0.81585 0.03307 -0.57732
vn -0.14592 0.25979 -0.95458
vn -0.16051 0.24966 -0.95494
vn -0.15672 0.37987 -0.91167
vn -0.1559 -0.18252 -0.97076
vn -0.38531 -0.17725 -0.9056
vn -0.31918 -0.09242 -0.94318
vn -0.79783 0.26287 -0.54256
vn -0.86161 0.23992 -0.44728
vn -0.74187 0.4009 -0.53751
vn 0.15483 -0.03436 -0.98734
vn 0.0189 0.13864 -0.99016
vn 0.13354 0.13832 -0.98134
vn -0.73826 0.27071 -0.6178
vn -0.83331 0.10482 -0.54278
vn -0.79267 0.30107 -0.53013
vn 0.3533 0.52755 -0.77257
vn 0.34988 0.47408 -0.80798
vn 0.30976 0.52378 -0.79353
vn -0.97799 0.00853 0.20846
vn -0.97631 0.06554 0.20624
vn -0.98689 0.14647 0.06777
vn 0.28143 0.70058 -0.65573
vn 0.47192 0.77205 -0.42571
vn 0.40333 0.65381 -0.64021
vn 0.35467 0.42318 -0.83375
vn 0.50001 0.45251 -0.73839
vn 0.42003 0.40753 -0.81086
vn -0.27488 0.96076 -0.03725
vn -0.11707 0.98603 -0.1185
vn -0.35554 0.92352 -0.1439
vn 0.10127 0.99463 0.02131
vn 0.15613 0.98306 -0.09603
vn -0.09586 0.97721 -0.18939
vn 0.79614 0.50827 -0.32837
vn 0.84135 0.42024 -0.3399
vn 0.79239 0.46481 -0.39506
vn -0.07065 -0.53046 -0.84476
vn 0.05403 -0.56458 -0.82361
vn -0.04815 -0.58999 -0.80598
vn 0.1221 -0.48415 -0.86642
vn 0.12751 -0.66688 -0.73418
vn -0.0999 -0.59094 -0.80051
vn 0.05306 0.24455 -0.96818
vn -0.05405 0.27852 -0.95891
vn -0.1282 0.43073 -0.89333
vn -0.07514 0.30116 -0.95061
vn 0.12053 0.40042 -0.90837
vn 0.00842 0.2486 -0.96857
vn -0.8809 0.3861 -0.27375
vn -0.84213 0.51181 -0.16991
vn -0.73168 0.62148 -0.28003
vn -0.04948 0.63495 -0.77097
vn -0.06235 0.52129 -0.8511
vn -0.10842 0.53534 -0.83765
vn 0.20577 0.97848 0.01532
vn 0.44538 0.89168 -0.08089
vn 0.3604 0.92675 -0.10606
vn -0.19396 -0.31089 -0.93044
vn -0.17836 -0.16372 -0.97025
vn -0.08947 -0.37401 -0.9231
vn 0.21788 -0.48361 -0.84773
vn 0.13069 -0.51537 -0.84694
vn 0.16101 -0.46041 -0.87298
vn -0.02369 -0.38737 -0.92162
vn -0.11003 -0.32674 -0.93869
vn -0.00771 -0.32871 -0.9444
vn -0.51311 0.21241 -0.83163
vn -0.57797 -0.00473 -0.81604
vn -0.63667 0.06242 -0.7686
vn 0.68585 0.25461 -0.68175
vn 0.67679 0.20225 -0.70785
vn 0.6423 0.22776 -0.73183
vn 0.08401 0.97581 -0.20185
vn -0.00317 0.94895 -0.31541
vn -0.05567 0.9788 -0.19711
vn -0.10176 0.26832 -0.95794
vn -0.19409 0.21768 -0.95653
vn -0.27388 0.32231 -0.90615
vn -0.25258 0.92665 -0.27842
vn -0.08648 0.93279 -0.34988
vn -0.30705 0.88339 -0.35404
vn 0.37679 0.2695 -0.88623
vn 0.36161 0.21555 -0.90707
vn 0.28118 0.34258 -0.89642
vn 0.2277 -0.78928 -0.57026
vn 0.12014 -0.81822 -0.56221
vn 0.20081 -0.73488 -0.64778
vn 0.23211 -0.05839 -0.97093
vn -0.01464 -0.03881 -0.99914
vn 0.12382 0.13292 -0.98336
vn -0.04009 0.97262 0.2289
vn -0.29957 0.94818 0.10591
vn -0.16626 0.95639 0.24017
vn 0.05573 -0.11609 -0.99167
vn -0.06532 -0.11819 -0.99084
vn 0.006 -0.06306 -0.99799
vn 0.28623 -0.10383 -0.95252
vn 0.48278 -0.13455 -0.86534
vn 0.4148 -0.26212 -0.87134
vn 0.45247 0.34271 -0.8233
vn 0.47188 0.32073 -0.82125
vn 0.42842 0.30544 -0.85039
vn -0.71723 0.13584 -0.68347
vn -0.7624 0.2034 -0.6143
vn -0.71563 0.19228 -0.67149
vn -0.20476 0.79099 -0.57654
vn -0.12852 0.75121 -0.64743
vn -0.16024 0.7479 -0.64418
vn -0.18841 0.11036 -0.97587
vn -0.09603 -0.05414 -0.99391
vn -0.24915 0.01676 -0.96832
vn 0.3199 0.32154 -0.89122
vn 0.50079 0.29707 -0.81299
vn 0.29655 0.22252 -0.92873
vn -0.15837 0.68767 -0.70854
vn -0.09884 0.67138 -0.73449
vn -0.18744 0.65622 -0.73092
vn 0.63009 0.39966 -0.66577
vn 0.63797 0.35153 -0.68514
vn 0.60444 0.42563 -0.67342
vn -0.26697 0.64576 -0.71535
vn -0.33773 0.66116 -0.66993
vn -0.16377 0.72425 -0.66981
vn 0.00221 0.79123 -0.61152
vn 0.08979 0.72132 -0.68675
vn -0.0679 0.72668 -0.68361
vn 0.12829 0.97036 -0.20481
vn 0.10869 0.95015 -0.29222
vn -0.05976 0.97253 -0.22498
vn -0.73344 0.62896 -0.25782
vn -0.81755 0.53756 -0.20651
vn -0.75242 0.62666 -0.20288
vn -0.41777 -0.29117 -0.86063
vn -0.24499 -0.23687 -0.94015
vn -0.39535 -0.35763 -0.84605
vn -0.20291 0.92863 -0.31061
vn -0.21106 0.87497 -0.43575
vn -0.37958 0.86612 -0.32519
vn 0.25768 -0.36132 -0.89613
vn 0.12745 -0.54281 -0.83013
vn 0.13986 -0.35389 -0.92477
vn 0.286 -0.01419 -0.95813
vn 0.43909 -0.13558 -0.88815
vn 0.26702 -0.12698 -0.95529
vn -0.04258 -0.57418 -0.81762
vn -0.06282 -0.54169 -0.83823
vn 0.05693 -0.54341 -0.83753
vn 0.57742 0.42926 -0.69449
vn 0.59646 0.41808 -0.68515
vn 0.56762 0.38644 -0.72696
vn -0.08773 0.8184 -0.56791
vn -0.08028 0.7614 -0.6433
vn -0.12624 0.76582 -0.63054
vn -0.20447 0.41088 -0.88846
vn -0.04882 0.41578 -0.90815
vn -0.23673 0.3535 -0.90499
vn -0.05865 -0.02677 -0.99792
vn -0.14344 -0.12793 -0.98136
vn -0.16036 -0.05746 -0.98538
vn 0.20992 -0.33441 -0.91875
vn -0.01266 -0.38822 -0.92148
vn 0.17846 -0.2743 -0.94494
vn -0.48912 0.21309 -0.84578
vn -0.56498 0.23017 -0.79235
vn -0.41161 0.30153 -0.86003
vn -0.29331 0.95391 -0.06352
vn -0.23743 0.95398 -0.18316
vn -0.33456 0.93714 -0.09915
vn -0.25732 0.59196 -0.76379
vn -0.19355 0.6139 -0.76529
vn -0.19175 0.58504 -0.78801
vn 0.00533 0.94781 -0.3188
vn 0.03922 0.98437 -0.17167
vn 0.08434 0.9725 -0.21707
vn 0.02526 0.79594 -0.60485
vn 0.10979 0.87581 -0.47
vn 0.19396 0.77261 -0.60453
vn -0.12529 -0.24759 -0.96073
vn -0.23506 -0.31523 -0.91944
vn -0.16828 -0.16912 -0.97112
vn 0.0851 -0.42152 -0.90282
vn -0.04476 -0.32219 -0.94562
vn 0.07536 -0.28006 -0.95702
vn -0.29454 0.3533 -0.88793
vn -0.32808 0.38098 -0.86442
vn -0.29175 0.46027 -0.83847
vn -0.02117 0.18398 -0.9827
vn -0.17776 0.17012 -0.96926
vn -0.08641 0.22181 -0.97125
vn 0.02353 0.53978 -0.84147
vn 0.17287 0.53069 -0.82975
vn 0.07997 0.48418 -0.87131
vn -0.24934 -0.33 -0.91045
vn -0.50629 -0.23529 -0.82964
vn -0.25139 -0.11268 -0.9613
vn 0.13735 -0.09801 -0.98566
vn -0.01912 -0.00253 -0.99981
vn 0.21689 -0.0152 -0.97608
vn 0.07736 -0.99585 -0.04796
vn -0.04141 -0.98734 0.15312
vn -0.3204 -0.94481 0.06841
vn 0.13937 0.16947 -0.97563
vn 0.06821 0.16364 -0.98416
vn 0.05067 0.19881 -0.97873
vn -0.70429 0.18725 -0.68478
vn -0.72056 0.10901 -0.68477
vn -0.73092 0.19218 -0.65485
vn 0.58976 0.50196 -0.63263
vn 0.51516 0.69348 -0.50369
vn 0.61519 0.50483 -0.60555
vn 0.14935 -0.98042 0.12834
vn -0.14956 -0.98765 0.04664
vn 0.0777 -0.99568 -0.05082
vn -0.13872 0.06254 -0.98835
vn -0.30113 -0.00298 -0.95358
vn -0.34649 0.21075 -0.91407
vn 0.20469 0.234 -0.95044
vn 0.14308 0.28417 -0.94804
vn 0.15911 0.31055 -0.93715
vn -0.21212 0.45931 -0.86258
vn -0.28303 0.46429 -0.83924
vn -0.22518 0.54991 -0.8043
vn -0.38169 0.88908 -0.2527
vn -0.41772 0.86616 -0.27437
vn -0.44807 0.85299 -0.26768
vn -0.00242 -0.09237 -0.99572
vn -0.15278 -0.07255 -0.98559
vn 0.05774 0.07663 -0.99539
vn -0.04887 -0.10761 -0.99299
vn -0.20599 0.07259 -0.97586
vn 0.09846 0.00813 -0.99511
vn -0.03071 0.22525 -0.97382
vn -0.03814 0.1202 -0.99202
vn -0.05586 0.20646 -0.97686
vn 0.30199 0.30126 -0.90446
vn 0.29429 0.27937 -0.91397
vn 0.28475 0.30336 -0.90933
vn -0.24013 0.89629 -0.37283
vn -0.19797 0.88789 -0.41528
vn -0.25571 0.87418 -0.41283
vn -0.39629 0.65851 -0.63978
vn -0.28505 0.70222 -0.65241
vn -0.3453 0.6298 -0.69579
vn -0.0565 0.55438 -0.83034
vn -0.0037 0.24213 -0.97024
vn -0.05222 0.25093 -0.96659
vn -0.06983 -0.07026 -0.99508
vn -0.18835 -0.10175 -0.97682
vn -0.06738 0.05743 -0.99607
vn 0.25815 0.20738 -0.94359
vn 0.41155 0.45862 -0.78758
vn 0.26357 0.19231 -0.94528
vn -0.11615 0.3601 -0.92565
vn 0.42204 0.38136 -0.82247
vn 0.11454 0.32776 -0.93779
vn -0.14723 0.54577 -0.8249
vn 0.11934 0.32001 -0.93987
vn 0.0862 0.29954 -0.95018
vn -0.44385 0.03424 -0.89545
vn 0.01305 -0.05848 -0.9982
vn -0.16783 -0.12385 -0.978
usemtl mat1
f 1/1 2/2 3/3
f 4/4 5/5 6/6
f 7/7 8/8 9/9
f 10/10 11/11 12/12
f 13/13 14/14 15/15
f 16/16 17/17 18/18
f 19/19 20/20 21/21
f 22/22 23/23 24/24
f 25/25 26/26 27/27
f 28/28 29/29 30/30
f 31/31 32/32 33/33
f 34/34 35/35 36/36
f 37/37 38/38 39/39
f 40/40 41/41 42/42
f 41/43 43/44 42/45
f 43/46 44/47 42/48
f 41/49 45/50 43/51
f 46/52 45/53 41/54
f 47/55 48/56 40/57
f 42/58 47/59 40/60
f 44/61 49/62 42/63
f 46/64 41/65 40/66
f 43/67 45/68 50/69
f 47/70 42/71 49/72
f 45/73 46/74 50/75
f 51/76 44/77 43/78
f 52/79 53/80 50/81
f 40/82 54/83 46/84
f 50/85 53/86 43/87
f 55/88 52/89 50/90
f 50/91 46/92 56/93
f 57/94 55/95 56/96
f 55/97 50/98 56/99
f 55/100 58/101 52/102
f 40/103 59/104 54/105
f 60/106 53/107 52/108
f 52/109 58/110 61/111
f 59/112 40/113 48/114
f 49/115 44/116 51/117
f 62/118 49/119 51/120
f 55/121 57/122 63/123
f 64/124 43/125 53/126
f 51/127 43/128 64/129
f 65/130 49/131 62/132
f 56/133 66/134 57/135
f 46/136 54/137 56/138
f 60/139 52/140 67/141
f 60/142 64/143 53/144
f 68/145 64/146 60/147
f 49/148 69/149 47/150
f 69/151 49/152 65/153
f 60/154 70/155 68/156
f 71/157 57/158 66/159
f 56/160 54/161 66/162
f 52/163 61/164 72/165
f 68/166 73/167 64/168
f 64/169 73/170 51/171
f 58/172 55/173 63/174
f 52/175 72/176 67/177
f 70/178 60/179 67/180
f 73/181 68/182 74/183
f 65/184 75/185 69/186
f 65/187 62/188 76/189
f 58/190 77/191 61/192
f 58/193 63/194 78/195
f 47/196 79/197 48/198
f 65/199 80/200 75/201
f 81/202 82/203 83/204
f 81/205 84/206 82/207
f 54/208 85/209 66/210
f 47/211 69/212 79/213
f 65/214 76/215 80/216
f 58/217 78/218 77/219
f 57/220 71/221 86/222
f 69/223 75/224 79/225
f 82/226 84/227 87/228
f 88/229 83/230 82/231
f 82/232 87/233 88/234
f 63/235 57/236 86/237
f 89/238 90/239 59/240
f 72/241 70/242 67/243
f 84/244 81/245 91/246
f 85/247 71/248 66/249
f 51/250 73/251 92/252
f 51/253 92/254 62/255
f 62/256 92/257 76/258
f 93/259 84/260 91/261
f 83/262 94/263 95/264
f 83/265 88/266 94/267
f 59/268 48/269 96/270
f 70/271 97/272 68/273
f 63/274 86/275 78/276
f 61/277 98/278 72/279
f 84/280 93/281 2/282
f 2/283 87/284 84/285
f 87/286 99/287 88/288
f 88/289 100/290 94/291
f 101/292 102/293 77/294
f 61/295 77/296 102/297
f 70/298 72/299 98/300
f 75/301 80/302 103/303
f 91/304 104/305 93/306
f 105/307 94/308 100/309
f 61/310 102/311 98/312
f 90/313 54/314 59/315
f 91/316 106/317 104/318
f 104/319 107/320 93/321
f 87/322 2/323 108/324
f 83/325 95/326 109/327
f 87/328 108/329 99/330
f 92/331 73/332 110/333
f 83/334 111/335 81/336
f 93/337 107/338 2/339
f 94/340 105/341 112/342
f 59/343 96/344 89/345
f 79/346 75/347 113/348
f 103/349 113/350 75/351
f 106/352 114/353 104/354
f 95/355 94/356 112/357
f 109/358 95/359 115/360
f 115/361 95/362 116/363
f 70/364 98/365 117/366
f 68/367 97/368 74/369
f 97/370 118/371 74/372
f 118/373 73/374 74/375
f 111/376 119/377 81/378
f 83/379 109/380 111/381
f 1/382 99/383 108/384
f 120/385 102/386 101/387
f 70/388 117/389 121/390
f 70/391 121/392 97/393
f 114/394 107/395 104/396
f 91/397 81/398 119/399
f 99/400 1/401 122/402
f 88/403 99/404 122/405
f 122/406 123/407 88/408
f 116/409 95/410 112/411
f 78/412 124/413 77/414
f 102/415 120/416 125/417
f 102/418 125/419 98/420
f 97/421 121/422 126/423
f 48/424 79/425 127/426
f 88/427 123/428 100/429
f 100/430 128/431 105/432
f 109/433 115/434 129/435
f 92/436 130/437 76/438
f 112/439 105/440 116/441
f 105/442 128/443 116/444
f 77/445 124/446 101/447
f 71/448 85/449 131/450
f 126/451 121/452 117/453
f 97/454 126/455 132/456
f 110/457 73/458 118/459
f 91/460 119/461 106/462
f 133/463 116/464 128/465
f 134/466 115/467 116/468
f 135/469 120/470 101/471
f 120/472 136/473 125/474
f 108/475 2/476 1/477
f 86/478 137/479 78/480
f 92/481 110/482 130/483
f 76/484 138/485 80/486
f 80/487 139/488 103/489
f 139/490 140/491 103/492
f 123/493 128/494 100/495
f 79/496 141/497 127/498
f 79/499 142/500 141/501
f 106/502 119/503 143/504
f 111/505 109/506 144/507
f 129/508 145/509 109/510
f 122/511 146/512 123/513
f 78/514 147/515 124/516
f 137/517 147/518 78/519
f 148/520 149/521 125/522
f 86/523 71/524 131/525
f 125/526 150/527 98/528
f 110/529 118/530 151/531
f 119/532 111/533 152/534
f 107/535 3/536 2/537
f 122/538 1/539 153/540
f 122/541 154/542 146/543
f 129/544 115/545 134/546
f 134/547 116/548 133/549
f 155/550 120/551 135/552
f 136/553 148/554 125/555
f 97/556 132/557 118/558
f 118/559 132/560 151/561
f 142/562 79/563 113/564
f 103/565 156/566 113/567
f 114/568 157/569 107/570
f 145/571 144/572 109/573
f 120/574 155/575 136/576
f 131/577 85/578 158/579
f 117/580 159/581 126/582
f 80/583 138/584 139/585
f 103/586 140/587 156/588
f 106/589 143/590 160/591
f 135/592 101/593 161/594
f 162/595 148/596 136/597
f 125/598 149/599 150/600
f 132/601 163/602 151/603
f 113/604 156/605 164/606
f 165/607 166/608 167/609
f 165/610 167/611 168/612
f 167/613 166/614 169/615
f 106/616 170/617 114/618
f 171/619 1/620 3/621
f 153/622 1/623 171/624
f 134/625 133/626 172/627
f 98/628 173/629 117/630
f 174/631 126/632 159/633
f 96/634 48/635 127/636
f 174/637 132/638 126/639
f 130/640 110/641 175/642
f 176/643 177/644 169/645
f 166/646 176/647 169/648
f 107/649 157/650 3/651
f 153/652 154/653 122/654
f 146/655 154/656 178/657
f 133/658 128/659 179/660
f 180/661 162/662 136/663
f 136/664 155/665 180/666
f 181/667 150/668 149/669
f 85/670 54/671 90/672
f 173/673 98/674 150/675
f 110/676 151/677 182/678
f 182/679 175/680 110/681
f 165/682 168/683 183/684
f 184/685 177/686 176/687
f 185/688 157/689 114/690
f 124/691 161/692 101/693
f 184/694 176/695 186/696
f 160/697 170/698 106/699
f 172/700 133/701 187/702
f 135/703 161/704 188/705
f 148/706 181/707 149/708
f 189/709 90/710 89/711
f 189/712 89/713 96/714
f 138/715 76/716 190/717
f 191/718 156/719 192/720
f 156/721 193/722 192/723
f 168/724 167/725 194/726
f 195/727 111/728 144/729
f 129/730 134/731 196/732
f 133/733 179/734 187/735
f 135/736 188/737 155/738
f 158/739 85/740 90/741
f 117/742 173/743 159/744
f 113/745 164/746 197/747
f 164/748 156/749 191/750
f 167/751 198/752 194/753
f 143/754 119/755 152/756
f 174/757 199/758 132/759
f 182/760 151/761 163/762
f 183/763 200/764 165/765
f 184/766 201/767 177/768
f 152/769 111/770 195/771
f 202/772 153/773 171/774
f 124/775 147/776 203/777
f 132/778 199/779 163/780
f 156/781 140/782 193/783
f 200/784 166/785 165/786
f 170/787 185/788 114/789
f 202/790 154/791 153/792
f 154/793 204/794 178/795
f 205/796 145/797 129/798
f 128/799 206/800 179/801
f 155/802 207/803 180/804
f 124/805 203/806 161/807
f 183/808 208/809 200/810
f 208/811 168/812 194/813
f 170/814 160/815 209/816
f 171/817 3/818 210/819
f 211/820 123/821 146/822
f 172/823 196/824 134/825
f 187/826 179/827 212/828
f 181/829 213/830 150/831
f 90/832 189/833 214/834
f 215/835 191/836 192/837
f 183/838 168/839 208/840
f 148/841 162/842 216/843
f 189/844 96/845 217/846
f 174/847 159/848 199/849
f 113/850 197/851 142/852
f 218/853 201/854 184/855
f 201/856 219/857 177/858
f 123/859 211/860 128/861
f 207/862 155/863 220/864
f 194/865 198/866 221/867
f 222/868 169/869 177/870
f 3/871 157/872 223/873
f 224/874 220/875 155/876
f 148/877 216/878 181/879
f 166/880 225/881 176/882
f 223/883 157/884 185/885
f 202/886 204/887 154/888
f 226/889 146/890 178/891
f 128/892 211/893 206/894
f 172/895 187/896 196/897
f 180/898 227/899 162/900
f 189/901 217/902 214/903
f 199/904 228/905 163/906
f 130/907 229/908 76/909
f 129/910 196/911 205/912
f 180/913 207/914 230/915
f 158/916 90/917 214/918
f 173/919 150/920 213/921
f 138/922 190/923 231/924
f 191/925 215/926 232/927
f 186/928 218/929 184/930
f 223/931 233/932 3/933
f 3/934 233/935 210/936
f 202/937 171/938 210/939
f 224/940 155/941 188/942
f 230/943 207/944 220/945
f 230/946 227/947 180/948
f 216/949 234/950 181/951
f 235/952 199/953 159/954
f 164/955 191/956 232/957
f 236/958 215/959 237/960
f 221/961 208/962 194/963
f 160/964 143/965 209/966
f 238/967 152/968 195/969
f 239/970 195/971 144/972
f 145/973 205/974 144/975
f 230/976 220/977 240/978
f 241/979 173/980 213/981
f 228/982 182/983 163/984
f 215/985 236/986 232/987
f 176/988 242/989 186/990
f 202/991 243/992 204/993
f 146/994 226/995 211/996
f 244/997 224/998 188/999
f 188/1000 161/1001 245/1002
f 188/1003 245/1004 244/1005
f 246/1006 245/1007 161/1008
f 247/1009 248/1010 230/1011
f 161/1012 203/1013 246/1014
f 86/1015 131/1016 137/1017
f 213/1018 181/1019 234/1020
f 214/1021 217/1022 249/1023
f 173/1024 241/1025 159/1026
f 217/1027 96/1028 127/1029
f 250/1030 192/1031 193/1032
f 192/1033 250/1034 215/1035
f 236/1036 237/1037 251/1038
f 252/1039 208/1040 251/1041
f 253/1042 212/1043 179/1044
f 247/1045 230/1046 254/1047
f 230/1048 248/1049 255/1050
f 162/1051 227/1052 255/1053
f 162/1054 255/1055 256/1056
f 162/1057 256/1058 216/1059
f 131/1060 158/1061 257/1062
f 249/1063 158/1064 214/1065
f 235/1066 159/1067 241/1068
f 199/1069 235/1070 258/1071
f 164/1072 259/1073 197/1074
f 200/1075 208/1076 252/1077
f 251/1078 208/1079 221/1080
f 260/1081 185/1082 170/1083
f 261/1084 209/1085 143/1086
f 210/1087 243/1088 202/1089
f 248/1090 247/1091 262/1092
f 263/1093 248/1094 264/1095
f 248/1096 265/1097 266/1098
f 249/1099 257/1100 158/1101
f 141/1102 142/1103 267/1104
f 190/1105 76/1106 229/1107
f 164/1108 232/1109 259/1110
f 251/1111 237/1112 252/1113
f 268/1114 166/1115 200/1116
f 152/1117 261/1118 143/1119
f 269/1120 178/1121 204/1122
f 205/1123 196/1124 212/1125
f 212/1126 196/1127 187/1128
f 247/1129 254/1130 262/1131
f 230/1132 240/1133 254/1134
f 230/1135 255/1136 227/1137
f 248/1138 266/1139 255/1140
f 270/1141 266/1142 271/1143
f 199/1144 258/1145 228/1146
f 272/1147 267/1148 142/1149
f 140/1150 273/1151 193/1152
f 237/1153 215/1154 274/1155
f 179/1156 206/1157 253/1158
f 266/1159 270/1160 255/1161
f 275/1162 256/1163 255/1164
f 276/1165 213/1166 234/1167
f 139/1168 273/1169 140/1170
f 237/1171 274/1172 268/1173
f 221/1174 277/1175 251/1176
f 278/1177 279/1178 280/1179
f 248/1180 262/1181 264/1182
f 246/1183 281/1184 282/1185
f 248/1186 263/1187 265/1188
f 255/1189 270/1190 275/1191
f 130/1192 175/1193 283/1194
f 284/1195 138/1196 231/1197
f 225/1198 242/1199 176/1200
f 152/1201 238/1202 261/1203
f 279/1204 285/1205 280/1206
f 270/1207 271/1208 286/1209
f 256/1210 287/1211 216/1212
f 276/1213 288/1214 213/1215
f 272/1216 197/1217 7/1218
f 175/1219 182/1220 283/1221
f 138/1222 289/1223 139/1224
f 138/1225 284/1226 289/1227
f 252/1228 268/1229 200/1230
f 218/1231 290/1232 201/1233
f 167/1234 291/1235 198/1236
f 278/1237 280/1238 4/1239
f 262/1240 254/1241 292/1242
f 220/1243 224/1244 293/1245
f 246/1246 282/1247 245/1248
f 286/1249 275/1250 270/1251
f 216/1252 287/1253 234/1254
f 217/1255 294/1256 249/1257
f 228/1258 258/1259 295/1260
f 272/1261 142/1262 197/1263
f 182/1264 296/1265 297/1266
f 182/1267 297/1268 283/1269
f 236/1270 251/1271 298/1272
f 237/1273 268/1274 252/1275
f 201/1276 290/1277 219/1278
f 299/1279 170/1280 209/1281
f 269/1282 204/1283 243/1284
f 239/1285 144/1286 205/1287
f 253/1288 300/1289 212/1290
f 301/1291 302/1292 303/1293
f 303/1294 304/1295 301/1296
f 240/1297 292/1298 254/1299
f 203/1300 147/1301 305/1302
f 275/1303 286/1304 306/1305
f 275/1306 307/1307 256/1308
f 217/1309 127/1310 294/1311
f 127/1312 141/1313 294/1314
f 130/1315 283/1316 229/1317
f 231/1318 190/1319 308/1320
f 277/1321 298/1322 251/1323
f 268/1324 309/1325 166/1326
f 178/1327 269/1328 226/1329
f 211/1330 226/1331 310/1332
f 311/1333 303/1334 302/1335
f 312/1336 294/1337 141/1338
f 182/1339 228/1340 296/1341
f 166/1342 309/1343 225/1344
f 218/1345 186/1346 313/1347
f 261/1348 314/1349 209/1350
f 185/1351 260/1352 223/1353
f 278/1354 4/1355 6/1356
f 240/1357 220/1358 293/1359
f 235/1360 315/1361 258/1362
f 312/1363 141/1364 316/1365
f 258/1366 317/1367 295/1368
f 7/1369 197/1370 8/1371
f 232/1372 236/1373 298/1374
f 198/1375 318/1376 221/1377
f 219/1378 222/1379 177/1380
f 299/1381 14/1382 170/1383
f 223/1384 319/1385 233/1386
f 195/1387 239/1388 320/1389
f 205/1390 212/1391 321/1392
f 322/1393 302/1394 301/1395
f 279/1396 278/1397 323/1398
f 303/1399 4/1400 304/1401
f 279/1402 324/1403 285/1404
f 325/1405 246/1406 203/1407
f 286/1408 326/1409 306/1410
f 234/1411 287/1412 327/1413
f 241/1414 213/1415 288/1416
f 241/1417 288/1418 328/1419
f 328/1420 329/1421 241/1422
f 228/1423 295/1424 296/1425
f 273/1426 330/1427 193/1428
f 260/1429 170/1430 14/1431
f 331/1432 238/1433 195/1434
f 233/1435 319/1436 210/1437
f 226/1438 269/1439 332/1440
f 310/1441 206/1442 211/1443
f 302/1444 333/1445 311/1446
f 245/1447 282/1448 244/1449
f 263/1450 334/1451 335/1452
f 265/1453 263/1454 335/1455
f 271/1456 266/1457 336/1458
f 286/1459 271/1460 337/1461
f 275/1462 306/1463 338/1464
f 131/1465 257/1466 339/1467
f 241/1468 329/1469 235/1470
f 267/1471 316/1472 141/1473
f 8/1474 197/1475 259/1476
f 309/1477 268/1478 340/1479
f 290/1480 222/1481 219/1482
f 260/1483 341/1484 223/1485
f 300/1486 253/1487 342/1488
f 4/1489 280/1490 343/1491
f 285/1492 343/1493 280/1494
f 281/1495 246/1496 325/1497
f 265/1498 335/1499 266/1500
f 286/1501 337/1502 326/1503
f 307/1504 275/1505 338/1506
f 306/1507 326/1508 344/1509
f 306/1510 344/1511 338/1512
f 329/1513 315/1514 235/1515
f 315/1516 317/1517 258/1518
f 272/1519 316/1520 267/1521
f 345/1522 297/1523 296/1524
f 346/1525 259/1526 232/1527
f 347/1528 268/1529 274/1530
f 268/1531 347/1532 340/1533
f 210/1534 319/1535 348/1536
f 210/1537 348/1538 243/1539
f 303/1540 5/1541 4/1542
f 4/1543 343/1544 304/1545
f 349/1546 262/1547 292/1548
f 264/1549 350/1550 263/1551
f 350/1552 334/1553 263/1554
f 336/1555 351/1556 271/1557
f 316/1558 272/1559 352/1560
f 6/1561 323/1562 278/1563
f 303/1564 311/1565 5/1566
f 324/1567 353/1568 285/1569
f 354/1570 355/1571 264/1572
f 262/1573 354/1574 264/1575
f 256/1576 307/1577 287/1578
f 276/1579 234/1580 327/1581
f 250/1582 274/1583 215/1584
f 277/1585 356/1586 298/1587
f 357/1588 186/1589 242/1590
f 12/1591 331/1592 195/1593
f 333/1594 6/1595 311/1596
f 349/1597 354/1598 262/1599
f 271/1600 358/1601 337/1602
f 326/1603 337/1604 344/1605
f 307/1606 338/1607 359/1608
f 294/1609 312/1610 360/1611
f 361/1612 242/1613 225/1614
f 221/1615 318/1616 277/1617
f 314/1618 299/1619 209/1620
f 323/1621 324/1622 279/1623
f 240/1624 293/1625 362/1626
f 349/1627 292/1628 363/1629
f 336/1630 266/1631 335/1632
f 344/1633 337/1634 364/1635
f 137/1636 131/1637 339/1638
f 257/1639 249/1640 365/1641
f 276/1642 366/1643 288/1644
f 317/1645 315/1646 367/1647
f 317/1648 368/1649 295/1650
f 352/1651 272/1652 369/1653
f 139/1654 289/1655 370/1656
f 371/1657 313/1658 186/1659
f 218/1660 313/1661 372/1662
f 341/1663 319/1664 223/1665
f 348/1666 332/1667 269/1668
f 6/1669 373/1670 323/1671
f 240/1672 362/1673 292/1674
f 374/1675 305/1676 147/1677
f 271/1678 351/1679 358/1680
f 147/1681 137/1682 375/1683
f 307/1684 327/1685 287/1686
f 307/1687 376/1688 327/1689
f 365/1690 294/1691 360/1692
f 360/1693 312/1694 316/1695
f 369/1696 272/1697 7/1698
f 139/1699 370/1700 273/1701
f 330/1702 250/1703 193/1704
f 372/1705 290/1706 218/1707
f 291/1708 318/1709 198/1710
f 269/1711 243/1712 348/1713
f 333/1714 377/1715 6/1716
f 311/1717 6/1718 5/1719
f 322/1720 301/1721 378/1722
f 353/1723 343/1724 285/1725
f 203/1726 305/1727 325/1728
f 375/1729 137/1730 339/1731
f 327/1732 379/1733 276/1734
f 365/1735 249/1736 294/1737
f 7/1738 380/1739 369/1740
f 242/1741 381/1742 382/1743
f 383/1744 314/1745 261/1746
f 300/1747 321/1748 212/1749
f 253/1750 206/1751 342/1752
f 333/1753 384/1754 377/1755
f 302/1756 384/1757 333/1758
f 377/1759 373/1760 6/1761
f 385/1762 302/1763 322/1764
f 355/1765 350/1766 264/1767
f 358/1768 364/1769 337/1770
f 338/1771 344/1772 359/1773
f 288/1774 366/1775 328/1776
f 296/1777 295/1778 368/1779
f 368/1780 345/1781 296/1782
f 369/1783 380/1784 386/1785
f 346/1786 232/1787 387/1788
f 381/1789 242/1790 361/1791
f 388/1792 186/1793 357/1794
f 389/1795 373/1796 377/1797
f 373/1798 390/1799 323/1800
f 322/1801 378/1802 385/1803
f 304/1804 391/1805 301/1806
f 392/1807 393/1808 334/1809
f 376/1810 307/1811 359/1812
f 394/1813 327/1814 376/1815
f 276/1816 379/1817 366/1818
f 395/1819 352/1820 369/1821
f 297/1822 345/1823 396/1824
f 229/1825 283/1826 397/1827
f 8/1828 259/1829 9/1830
f 274/1831 250/1832 398/1833
f 232/1834 298/1835 387/1836
f 242/1837 382/1838 357/1839
f 12/1840 195/1841 320/1842
f 206/1843 310/1844 399/1845
f 342/1846 400/1847 300/1848
f 401/1849 402/1850 349/1851
f 349/1852 402/1853 354/1854
f 354/1855 402/1856 355/1857
f 403/1858 350/1859 355/1860
f 376/1861 359/1862 404/1863
f 328/1864 366/1865 405/1866
f 368/1867 317/1868 367/1869
f 231/1870 308/1871 406/1872
f 9/1873 259/1874 407/1875
f 340/1876 408/1877 309/1878
f 409/1879 14/1880 299/1881
f 323/1882 390/1883 324/1884
f 362/1885 363/1886 292/1887
f 293/1888 224/1889 410/1890
f 410/1891 224/1892 244/1893
f 392/1894 334/1895 411/1896
f 334/1897 393/1898 335/1899
f 412/1900 305/1901 374/1902
f 147/1903 375/1904 374/1905
f 366/1906 379/1907 413/1908
f 328/1909 405/1910 329/1911
f 414/1912 360/1913 316/1914
f 352/1915 414/1916 316/1917
f 380/1918 7/1919 9/1920
f 190/1921 229/1922 308/1923
f 239/1924 415/1925 320/1926
f 416/1927 415/1928 239/1929
f 321/1930 239/1931 205/1932
f 332/1933 417/1934 226/1935
f 417/1936 310/1937 226/1938
f 349/1939 363/1940 401/1941
f 350/1942 411/1943 334/1944
f 257/1945 365/1946 418/1947
f 419/1948 352/1949 395/1950
f 395/1951 369/1952 386/1953
f 380/1954 420/1955 386/1956
f 380/1957 9/1958 420/1959
f 382/1960 421/1961 357/1962
f 408/1963 422/1964 309/1965
f 388/1966 371/1967 186/1968
f 388/1969 357/1970 423/1971
f 222/1972 167/1973 169/1974
f 424/1975 409/1976 299/1977
f 314/1978 424/1979 299/1980
f 238/1981 383/1982 261/1983
f 320/1984 10/1985 12/1986
f 425/1987 332/1988 348/1989
f 426/1990 399/1991 310/1992
f 342/1993 206/1994 427/1995
f 301/1996 391/1997 378/1998
f 353/1999 324/2000 428/2001
f 429/2002 430/2003 401/2004
f 430/2005 402/2006 401/2007
f 410/2008 244/2009 282/2010
f 336/2011 335/2012 431/2013
f 364/2014 404/2015 344/2016
f 404/2017 359/2018 344/2019
f 257/2020 418/2021 339/2022
f 329/2023 405/2024 315/2025
f 231/2026 406/2027 284/2028
f 298/2029 356/2030 387/2031
f 423/2032 357/2033 421/2034
f 277/2035 432/2036 356/2037
f 13/2038 341/2039 260/2040
f 341/2041 433/2042 319/2043
f 238/2044 331/2045 434/2046
f 348/2047 319/2048 435/2049
f 415/2050 10/2051 320/2052
f 416/2053 239/2054 321/2055
f 436/2056 384/2057 302/2058
f 391/2059 304/2060 437/2061
f 343/2062 437/2063 304/2064
f 438/2065 401/2066 363/2067
f 282/2068 281/2069 439/2070
f 402/2071 440/2072 355/2073
f 403/2074 355/2075 440/2076
f 441/2077 364/2078 358/2079
f 441/2080 404/2081 364/2082
f 394/2083 413/2084 327/2085
f 413/2086 442/2087 366/2088
f 9/2089 407/2090 443/2091
f 381/2092 361/2093 444/2094
f 319/2095 445/2096 435/2097
f 342/2098 427/2099 400/2100
f 206/2101 399/2102 427/2103
f 377/2104 384/2105 389/2106
f 302/2107 385/2108 436/2109
f 429/2110 401/2111 438/2112
f 335/2113 393/2114 431/2115
f 394/2116 376/2117 404/2118
f 327/2119 413/2120 379/2121
f 420/2122 9/2123 443/2124
f 422/2125 225/2126 309/2127
f 13/2128 260/2129 14/2130
f 319/2131 433/2132 445/2133
f 434/2134 383/2135 238/2136
f 446/2137 385/2138 447/2139
f 343/2140 448/2141 437/2142
f 350/2143 403/2144 411/2145
f 449/2146 386/2147 420/2148
f 330/2149 273/2150 450/2151
f 259/2152 346/2153 407/2154
f 318/2155 432/2156 277/2157
f 384/2158 451/2159 427/2160
f 452/2161 385/2162 446/2163
f 447/2164 385/2165 378/2166
f 453/2167 454/2168 430/2169
f 453/2170 430/2171 429/2172
f 441/2173 358/2174 455/2175
f 360/2176 414/2177 456/2178
f 419/2179 414/2180 352/2181
f 368/2182 457/2183 345/2184
f 345/2185 457/2186 396/2187
f 407/2188 346/2189 458/2190
f 11/2191 331/2192 12/2193
f 425/2194 417/2195 332/2196
f 321/2197 300/2198 400/2199
f 452/2200 436/2201 385/2202
f 459/2203 446/2204 447/2205
f 324/2206 390/2207 428/2208
f 460/2209 343/2210 353/2211
f 293/2212 461/2213 362/2214
f 462/2215 412/2216 374/2217
f 351/2218 336/2219 463/2220
f 404/2221 464/2222 394/2223
f 465/2224 413/2225 394/2226
f 366/2227 442/2228 405/2229
f 368/2230 367/2231 466/2232
f 395/2233 386/2234 449/2235
f 297/2236 396/2237 467/2238
f 283/2239 297/2240 467/2241
f 444/2242 382/2243 381/2244
f 388/2245 423/2246 468/2247
f 469/2248 440/2249 402/2250
f 470/2251 281/2252 325/2253
f 463/2254 336/2255 431/2256
f 471/2257 358/2258 351/2259
f 472/2260 358/2261 473/2262
f 413/2263 474/2264 442/2265
f 394/2266 475/2267 465/2268
f 449/2269 419/2270 395/2271
f 421/2272 382/2273 476/2274
f 476/2275 382/2276 444/2277
f 225/2278 444/2279 361/2280
f 435/2281 477/2282 348/2283
f 477/2284 425/2285 348/2286
f 451/2287 384/2288 436/2289
f 469/2290 402/2291 430/2292
f 418/2293 365/2294 360/2295
f 465/2296 474/2297 413/2298
f 420/2299 443/2300 478/2301
f 443/2302 407/2303 478/2304
f 346/2305 387/2306 458/2307
f 479/2308 433/2309 341/2310
f 435/2311 445/2312 480/2313
f 11/2314 434/2315 331/2316
f 321/2317 481/2318 416/2319
f 310/2320 482/2321 426/2322
f 429/2323 483/2324 453/2325
f 439/2326 410/2327 282/2328
f 471/2329 473/2330 358/2331
f 358/2332 484/2333 455/2334
f 368/2335 485/2336 457/2337
f 486/2338 313/2339 371/2340
f 409/2341 424/2342 487/2343
f 341/2344 13/2345 479/2346
f 389/2347 384/2348 488/2349
f 446/2350 459/2351 452/2352
f 373/2353 489/2354 390/2355
f 447/2356 378/2357 490/2358
f 391/2359 437/2360 491/2361
f 492/2362 391/2363 491/2364
f 430/2365 454/2366 469/2367
f 493/2368 438/2369 363/2370
f 363/2371 362/2372 493/2373
f 393/2374 494/2375 431/2376
f 358/2377 472/2378 484/2379
f 464/2380 475/2381 394/2382
f 308/2383 229/2384 397/2385
f 427/2386 399/2387 488/2388
f 427/2389 488/2390 384/2391
f 378/2392 391/2393 490/2394
f 343/2395 460/2396 448/2397
f 437/2398 448/2399 495/2400
f 495/2401 491/2402 437/2403
f 493/2404 362/2405 461/2406
f 293/2407 410/2408 461/2409
f 305/2410 412/2411 496/2412
f 404/2413 441/2414 455/2415
f 418/2416 360/2417 456/2418
f 414/2419 497/2420 456/2421
f 367/2422 315/2423 498/2424
f 485/2425 368/2426 466/2427
f 408/2428 340/2429 347/2430
f 445/2431 433/2432 499/2433
f 425/2434 16/2435 417/2436
f 417/2437 500/2438 501/2439
f 310/2440 417/2441 501/2442
f 488/2443 502/2444 389/2445
f 459/2446 503/2447 452/2448
f 390/2449 504/2450 428/2451
f 391/2452 492/2453 505/2454
f 440/2455 469/2456 506/2457
f 305/2458 496/2459 325/2460
f 473/2461 507/2462 472/2463
f 508/2464 375/2465 339/2466
f 396/2467 457/2468 509/2469
f 510/2470 449/2471 420/2472
f 478/2473 510/2474 420/2475
f 387/2476 356/2477 511/2478
f 225/2479 422/2480 444/2481
f 487/2482 424/2483 314/2484
f 321/2485 400/2486 512/2487
f 460/2488 513/2489 448/2490
f 453/2491 514/2492 491/2493
f 429/2494 438/2495 515/2496
f 475/2497 464/2498 516/2499
f 405/2500 517/2501 315/2502
f 396/2503 518/2504 467/2505
f 284/2506 406/2507 519/2508
f 273/2509 520/2510 450/2511
f 423/2512 421/2513 476/2514
f 347/2515 274/2516 521/2517
f 522/2518 383/2519 434/2520
f 399/2521 426/2522 488/2523
f 427/2524 451/2525 400/2526
f 389/2527 523/2528 373/2529
f 514/2530 492/2531 491/2532
f 514/2533 453/2534 483/2535
f 281/2536 524/2537 439/2538
f 393/2539 392/2540 494/2541
f 367/2542 498/2543 466/2544
f 274/2545 398/2546 521/2547
f 388/2548 468/2549 371/2550
f 13/2551 525/2552 479/2553
f 409/2554 15/2555 14/2556
f 11/2557 522/2558 434/2559
f 480/2560 526/2561 435/2562
f 390/2563 489/2564 504/2565
f 459/2566 447/2567 527/2568
f 429/2569 528/2570 529/2571
f 493/2572 515/2573 438/2574
f 463/2575 471/2576 351/2577
f 530/2578 374/2579 375/2580
f 414/2581 419/2582 497/2583
f 407/2584 458/2585 478/2586
f 476/2587 468/2588 423/2589
f 445/2590 531/2591 480/2592
f 526/2593 477/2594 435/2595
f 532/2596 415/2597 416/2598
f 533/2599 532/2600 416/2601
f 481/2602 533/2603 416/2604
f 417/2605 16/2606 500/2607
f 534/2608 481/2609 321/2610
f 373/2611 523/2612 489/2613
f 495/2614 535/2615 491/2616
f 514/2617 483/2618 529/2619
f 453/2620 536/2621 454/2622
f 418/2623 537/2624 339/2625
f 405/2626 442/2627 538/2628
f 315/2629 517/2630 498/2631
f 497/2632 419/2633 539/2634
f 419/2635 449/2636 539/2637
f 408/2638 540/2639 422/2640
f 13/2641 15/2642 525/2643
f 383/2644 522/2645 541/2646
f 310/2647 501/2648 482/2649
f 426/2650 502/2651 488/2652
f 542/2653 451/2654 436/2655
f 543/2656 505/2657 492/2658
f 536/2659 469/2660 454/2661
f 544/2662 493/2663 461/2664
f 470/2665 325/2666 496/2667
f 462/2668 374/2669 545/2670
f 508/2671 339/2672 537/2673
f 464/2674 404/2675 455/2676
f 387/2677 546/2678 458/2679
f 387/2680 511/2681 546/2682
f 444/2683 547/2684 476/2685
f 222/2686 291/2687 167/2688
f 433/2689 548/2690 499/2691
f 383/2692 487/2693 314/2694
f 532/2695 10/2696 415/2697
f 459/2698 549/2699 503/2700
f 550/2701 353/2702 428/2703
f 448/2704 513/2705 495/2706
f 391/2707 505/2708 490/2709
f 491/2710 536/2711 453/2712
f 483/2713 429/2714 529/2715
f 440/2716 506/2717 551/2718
f 403/2719 440/2720 551/2721
f 463/2722 431/2723 30/2724
f 471/2725 552/2726 473/2727
f 464/2728 553/2729 516/2730
f 442/2731 474/2732 538/2733
f 554/2734 555/2735 517/2736
f 556/2737 457/2738 485/2739
f 397/2740 283/2741 557/2742
f 273/2743 370/2744 520/2745
f 408/2746 347/2747 521/2748
f 540/2749 558/2750 422/2751
f 291/2752 559/2753 318/2754
f 487/2755 15/2756 409/2757
f 541/2758 487/2759 383/2760
f 560/2761 436/2762 452/2763
f 543/2764 492/2765 514/2766
f 536/2767 491/2768 535/2769
f 281/2770 561/2771 524/2772
f 392/2773 411/2774 562/2775
f 508/2776 530/2777 375/2778
f 465/2779 475/2780 563/2781
f 466/2782 498/2783 485/2784
f 518/2785 396/2786 509/2787
f 449/2788 510/2789 564/2790
f 284/2791 519/2792 289/2793
f 478/2794 458/2795 546/2796
f 499/2797 531/2798 445/2799
f 436/2800 560/2801 542/2802
f 447/2803 490/2804 527/2805
f 281/2806 470/2807 561/2808
f 507/2809 473/2810 565/2811
f 517/2812 566/2813 498/2814
f 449/2815 564/2816 539/2817
f 330/2818 398/2819 250/2820
f 511/2821 356/2822 432/2823
f 318/2824 559/2825 432/2826
f 548/2827 433/2828 479/2829
f 526/2830 567/2831 477/2832
f 567/2833 425/2834 477/2835
f 389/2836 502/2837 523/2838
f 560/2839 452/2840 503/2841
f 490/2842 568/2843 527/2844
f 550/2845 460/2846 353/2847
f 543/2848 514/2849 529/2850
f 543/2851 529/2852 528/2853
f 515/2854 528/2855 429/2856
f 469/2857 569/2858 506/2859
f 494/2860 570/2861 431/2862
f 463/2863 30/2864 471/2865
f 465/2866 571/2867 474/2868
f 517/2869 405/2870 538/2871
f 566/2872 517/2873 555/2874
f 497/2875 539/2876 572/2877
f 557/2878 283/2879 467/2880
f 510/2881 478/2882 573/2883
f 574/2884 371/2885 468/2886
f 10/2887 532/2888 11/2889
f 567/2890 16/2891 425/2892
f 25/2893 534/2894 321/2895
f 25/2896 321/2897 512/2898
f 495/2899 513/2900 575/2901
f 392/2902 576/2903 494/2904
f 473/2905 577/2906 565/2907
f 545/2908 374/2909 530/2910
f 537/2911 578/2912 508/2913
f 579/2914 537/2915 418/2916
f 579/2917 418/2918 456/2919
f 497/2920 580/2921 456/2922
f 539/2923 581/2924 572/2925
f 509/2926 457/2927 556/2928
f 564/2929 510/2930 573/2931
f 574/2932 582/2933 371/2934
f 531/2935 499/2936 548/2937
f 531/2938 526/2939 480/2940
f 533/2941 583/2942 532/2943
f 481/2944 584/2945 533/2946
f 551/2947 585/2948 403/2949
f 30/2950 431/2951 570/2952
f 29/2953 471/2954 30/2955
f 464/2956 455/2957 553/2958
f 586/2959 554/2960 517/2961
f 497/2962 572/2963 587/2964
f 478/2965 546/2966 573/2967
f 479/2968 525/2969 548/2970
f 11/2971 532/2972 583/2973
f 584/2974 583/2975 533/2976
f 567/2977 17/2978 16/2979
f 16/2980 18/2981 500/2982
f 542/2983 26/2984 451/2985
f 549/2986 459/2987 527/2988
f 504/2989 588/2990 428/2991
f 513/2992 21/2993 575/2994
f 411/2995 403/2996 585/2997
f 589/2998 474/2999 571/3000
f 517/3001 538/3002 586/3003
f 546/3004 511/3005 590/3006
f 476/3007 574/3008 468/3009
f 444/3010 422/3011 591/3012
f 582/3013 574/3014 592/3015
f 426/3016 482/3017 502/3018
f 513/3019 19/3020 21/3021
f 550/3022 513/3023 460/3024
f 536/3025 569/3026 469/3027
f 576/3028 392/3029 562/3030
f 593/3031 530/3032 508/3033
f 455/3034 484/3035 553/3036
f 563/3037 475/3038 516/3039
f 456/3040 580/3041 594/3042
f 547/3043 595/3044 476/3045
f 596/3046 372/3047 313/3048
f 597/3049 548/3050 525/3051
f 522/3052 583/3053 541/3054
f 11/3055 583/3056 522/3057
f 531/3058 567/3059 526/3060
f 584/3061 598/3062 583/3063
f 584/3064 481/3065 598/3066
f 501/3067 599/3068 482/3069
f 400/3070 451/3071 512/3072
f 490/3073 505/3074 568/3075
f 410/3076 439/3077 461/3078
f 562/3079 411/3080 585/3081
f 473/3082 552/3083 577/3084
f 579/3085 456/3086 594/3087
f 474/3088 589/3089 538/3090
f 587/3091 580/3092 497/3093
f 581/3094 539/3095 564/3096
f 600/3097 519/3098 406/3099
f 601/3100 511/3101 432/3102
f 582/3103 486/3104 371/3105
f 487/3106 598/3107 15/3108
f 541/3109 598/3110 487/3111
f 534/3112 602/3113 481/3114
f 26/3115 512/3116 451/3117
f 489/3118 523/3119 504/3120
f 593/3121 508/3122 578/3123
f 603/3124 465/3125 563/3126
f 546/3127 604/3128 573/3129
f 511/3130 601/3131 590/3132
f 290/3133 372/3134 222/3135
f 15/3136 605/3137 525/3138
f 15/3139 598/3140 606/3141
f 583/3142 598/3143 541/3144
f 602/3145 598/3146 481/3147
f 513/3148 550/3149 19/3150
f 607/3151 412/3152 462/3153
f 29/3154 608/3155 471/3156
f 609/3157 593/3158 578/3159
f 578/3160 537/3161 579/3162
f 556/3163 610/3164 509/3165
f 397/3166 557/3167 308/3168
f 558/3169 540/3170 611/3171
f 605/3172 597/3173 525/3174
f 606/3175 598/3176 602/3177
f 25/3178 612/3179 534/3180
f 428/3181 588/3182 550/3183
f 535/3184 495/3185 575/3186
f 613/3187 528/3188 515/3189
f 496/3190 614/3191 470/3192
f 412/3193 615/3194 496/3195
f 616/3196 472/3197 507/3198
f 484/3199 472/3200 616/3201
f 589/3202 586/3203 538/3204
f 587/3205 617/3206 580/3207
f 617/3208 587/3209 572/3210
f 485/3211 498/3212 566/3213
f 604/3214 564/3215 573/3216
f 370/3217 289/3218 618/3219
f 591/3220 547/3221 444/3222
f 422/3223 558/3224 591/3225
f 567/3226 531/3227 619/3228
f 606/3229 602/3230 18/3231
f 23/3232 560/3233 503/3234
f 575/3235 21/3236 20/3237
f 535/3238 575/3239 536/3240
f 506/3241 620/3242 551/3243
f 621/3244 544/3245 461/3246
f 552/3247 471/3248 608/3249
f 578/3250 579/3251 622/3252
f 554/3253 586/3254 623/3255
f 554/3256 624/3257 555/3258
f 467/3259 518/3260 625/3261
f 558/3262 611/3263 591/3264
f 626/3265 291/3266 222/3267
f 531/3268 548/3269 627/3270
f 605/3271 15/3272 606/3273
f 567/3274 619/3275 17/3276
f 501/3277 500/3278 628/3279
f 26/3280 25/3281 512/3282
f 22/3283 542/3284 560/3285
f 549/3286 527/3287 629/3288
f 527/3289 568/3290 629/3291
f 536/3292 630/3293 569/3294
f 620/3295 506/3296 569/3297
f 412/3298 607/3299 615/3300
f 552/3301 608/3302 631/3303
f 594/3304 580/3305 632/3306
f 330/3307 450/3308 398/3309
f 574/3310 476/3311 595/3312
f 521/3313 540/3314 408/3315
f 592/3316 574/3317 595/3318
f 627/3319 548/3320 597/3321
f 633/3322 605/3323 606/3324
f 18/3325 633/3326 606/3327
f 634/3328 542/3329 22/3330
f 26/3331 542/3332 27/3333
f 635/3334 588/3335 504/3336
f 632/3337 580/3338 617/3339
f 572/3340 581/3341 636/3342
f 581/3343 564/3344 604/3345
f 308/3346 557/3347 406/3348
f 637/3349 520/3350 370/3351
f 521/3352 398/3353 540/3354
f 619/3355 531/3356 627/3357
f 612/3358 638/3359 534/3360
f 22/3361 560/3362 23/3363
f 493/3364 544/3365 621/3366
f 639/3367 524/3368 561/3369
f 561/3370 470/3371 639/3372
f 622/3373 579/3374 594/3375
f 563/3376 516/3377 640/3378
f 571/3379 465/3380 641/3381
f 632/3382 617/3383 572/3384
f 632/3385 572/3386 636/3387
f 555/3388 624/3389 642/3390
f 289/3391 519/3392 643/3393
f 644/3394 502/3395 482/3396
f 528/3397 613/3398 543/3399
f 496/3400 615/3401 614/3402
f 609/3403 578/3404 645/3405
f 622/3406 645/3407 578/3408
f 566/3409 555/3410 646/3411
f 509/3412 610/3413 647/3414
f 643/3415 519/3416 600/3417
f 582/3418 592/3419 486/3420
f 648/3421 18/3422 602/3423
f 599/3424 501/3425 649/3426
f 644/3427 523/3428 502/3429
f 505/3430 543/3431 613/3432
f 614/3433 639/3434 470/3435
f 545/3436 607/3437 462/3438
f 545/3439 530/3440 593/3441
f 465/3442 603/3443 641/3444
f 594/3445 632/3446 650/3447
f 624/3448 554/3449 623/3450
f 485/3451 566/3452 556/3453
f 566/3454 651/3455 556/3456
f 590/3457 604/3458 546/3459
f 17/3460 633/3461 18/3462
f 628/3463 500/3464 652/3465
f 628/3466 649/3467 501/3468
f 515/3469 493/3470 653/3471
f 566/3472 646/3473 654/3474
f 655/3475 636/3476 581/3477
f 655/3478 581/3479 604/3480
f 637/3481 370/3482 618/3483
f 559/3484 291/3485 656/3486
f 633/3487 597/3488 605/3489
f 627/3490 17/3491 619/3492
f 634/3493 27/3494 542/3495
f 523/3496 657/3497 504/3498
f 588/3499 19/3500 550/3501
f 19/3502 658/3503 20/3504
f 630/3505 536/3506 575/3507
f 659/3508 593/3509 609/3510
f 660/3511 622/3512 594/3513
f 650/3514 632/3515 636/3516
f 651/3517 566/3518 654/3519
f 313/3520 486/3521 596/3522
f 661/3523 432/3524 559/3525
f 633/3526 627/3527 597/3528
f 18/3529 662/3530 500/3531
f 500/3532 662/3533 652/3534
f 482/3535 599/3536 663/3537
f 23/3538 503/3539 549/3540
f 493/3541 621/3542 653/3543
f 615/3544 607/3545 664/3546
f 552/3547 631/3548 577/3549
f 659/3550 545/3551 593/3552
f 645/3553 622/3554 660/3555
f 660/3556 594/3557 650/3558
f 589/3559 623/3560 586/3561
f 642/3562 646/3563 555/3564
f 651/3565 610/3566 556/3567
f 518/3568 509/3569 625/3570
f 398/3571 450/3572 637/3573
f 661/3574 601/3575 432/3576
f 17/3577 627/3578 633/3579
f 665/3580 648/3581 602/3582
f 534/3583 638/3584 602/3585
f 657/3586 523/3587 644/3588
f 568/3589 505/3590 613/3591
f 666/3592 439/3593 524/3594
f 667/3595 576/3596 562/3597
f 616/3598 668/3599 484/3600
f 659/3601 609/3602 645/3603
f 636/3604 669/3605 650/3606
f 467/3607 625/3608 670/3609
f 671/3610 289/3611 643/3612
f 398/3613 637/3614 540/3615
f 22/3616 24/3617 672/3618
f 515/3619 653/3620 673/3621
f 576/3622 667/3623 674/3624
f 484/3625 668/3626 553/3627
f 655/3628 669/3629 636/3630
f 655/3631 604/3632 590/3633
f 450/3634 520/3635 637/3636
f 648/3637 662/3638 18/3639
f 665/3640 602/3641 638/3642
f 663/3643 644/3644 482/3645
f 569/3646 675/3647 620/3648
f 494/3649 576/3650 674/3651
f 676/3652 547/3653 677/3654
f 547/3655 591/3656 677/3657
f 372/3658 596/3659 678/3660
f 222/3661 372/3662 626/3663
f 634/3664 22/3665 679/3666
f 639/3667 614/3668 680/3669
f 681/3670 615/3671 664/3672
f 682/3673 590/3674 601/3675
f 599/3676 649/3677 663/3678
f 568/3679 613/3680 629/3681
f 439/3682 666/3683 683/3684
f 684/3685 607/3686 545/3687
f 565/3688 685/3689 507/3690
f 516/3691 553/3692 686/3693
f 603/3694 563/3695 687/3696
f 647/3697 610/3698 688/3699
f 682/3700 655/3701 590/3702
f 486/3703 592/3704 689/3705
f 25/3706 27/3707 612/3708
f 22/3709 672/3710 679/3711
f 588/3712 635/3713 19/3714
f 613/3715 515/3716 673/3717
f 461/3718 439/3719 683/3720
f 524/3721 639/3722 666/3723
f 616/3724 507/3725 685/3726
f 659/3727 645/3728 690/3729
f 690/3730 645/3731 660/3732
f 516/3733 686/3734 640/3735
f 650/3736 669/3737 691/3738
f 647/3739 625/3740 509/3741
f 648/3742 692/3743 662/3744
f 675/3745 569/3746 630/3747
f 570/3748 693/3749 30/3750
f 694/3751 684/3752 545/3753
f 660/3754 650/3755 691/3756
f 651/3757 688/3758 610/3759
f 695/3760 406/3761 557/3762
f 671/3763 618/3764 289/3765
f 611/3766 677/3767 591/3768
f 628/3769 652/3770 649/3771
f 657/3772 696/3773 504/3774
f 635/3775 504/3776 696/3777
f 19/3778 635/3779 658/3780
f 551/3781 620/3782 697/3783
f 698/3784 694/3785 545/3786
f 603/3787 687/3788 641/3789
f 623/3790 589/3791 699/3792
f 623/3793 700/3794 624/3795
f 692/3796 648/3797 665/3798
f 649/3799 652/3800 701/3801
f 562/3802 585/3803 667/3804
f 668/3805 686/3806 553/3807
f 682/3808 601/3809 702/3810
f 652/3811 662/3812 703/3813
f 612/3814 27/3815 704/3816
f 615/3817 705/3818 614/3819
f 698/3820 545/3821 659/3822
f 646/3823 642/3824 706/3825
f 707/3826 625/3827 647/3828
f 467/3829 708/3830 557/3831
f 372/3832 678/3833 626/3834
f 703/3835 701/3836 652/3837
f 672/3838 24/3839 709/3840
f 657/3841 644/3842 696/3843
f 710/3844 23/3845 549/3846
f 614/3847 705/3848 711/3849
f 577/3850 712/3851 565/3852
f 668/3853 616/3854 713/3855
f 714/3856 669/3857 655/3858
f 654/3859 646/3860 706/3861
f 642/3862 715/3863 706/3864
f 643/3865 716/3866 671/3867
f 601/3868 661/3869 702/3870
f 703/3871 662/3872 692/3873
f 461/3874 683/3875 621/3876
f 615/3877 681/3878 705/3879
f 693/3880 28/3881 30/3882
f 685/3883 713/3884 616/3885
f 698/3886 659/3887 717/3888
f 641/3889 687/3890 718/3891
f 700/3892 623/3893 699/3894
f 642/3895 624/3896 719/3897
f 647/3898 688/3899 707/3900
f 720/3901 637/3902 618/3903
f 540/3904 637/3905 720/3906
f 634/3907 704/3908 27/3909
f 20/3910 658/3911 721/3912
f 721/3913 575/3914 20/3915
f 494/3916 674/3917 570/3918
f 607/3919 722/3920 664/3921
f 608/3922 723/3923 631/3924
f 640/3925 686/3926 724/3927
f 691/3928 669/3929 725/3930
f 654/3931 706/3932 651/3933
f 714/3934 655/3935 726/3936
f 467/3937 670/3938 708/3939
f 595/3940 727/3941 592/3942
f 727/3943 689/3944 592/3945
f 704/3946 728/3947 612/3948
f 549/3949 629/3950 710/3951
f 690/3952 660/3953 691/3954
f 729/3955 687/3956 563/3957
f 625/3958 707/3959 670/3960
f 638/3961 730/3962 665/3963
f 731/3964 703/3965 692/3966
f 629/3967 613/3968 732/3969
f 575/3970 721/3971 630/3972
f 28/3973 608/3974 29/3975
f 722/3976 607/3977 684/3978
f 565/3979 733/3980 685/3981
f 589/3982 571/3983 699/3984
f 726/3985 655/3986 682/3987
f 600/3988 406/3989 734/3990
f 600/3991 734/3992 643/3993
f 547/3994 676/3995 595/3996
f 611/3997 540/3998 720/3999
f 612/4000 730/4001 638/4002
f 703/4003 731/4004 701/4005
f 679/4006 704/4007 634/4008
f 630/4009 721/4010 675/4011
f 680/4012 614/4013 711/4014
f 577/4015 631/4016 735/4017
f 640/4018 729/4019 563/4020
f 406/4021 695/4022 734/4023
f 559/4024 736/4025 661/4026
f 679/4027 672/4028 737/4029
f 28/4030 738/4031 608/4032
f 723/4033 608/4034 738/4035
f 690/4036 717/4037 659/4038
f 640/4039 724/4040 729/4041
f 571/4042 641/4043 718/4044
f 739/4045 618/4046 671/4047
f 665/4048 730/4049 692/4050
f 730/4051 731/4052 692/4053
f 712/4054 733/4055 565/4056
f 624/4057 700/4058 719/4059
f 651/4060 707/4061 688/4062
f 618/4063 740/4064 720/4065
f 611/4066 741/4067 677/4068
f 595/4069 676/4070 727/4071
f 736/4072 702/4073 661/4074
f 486/4075 742/4076 596/4077
f 23/4078 743/4079 24/4080
f 613/4081 673/4082 744/4083
f 551/4084 697/4085 585/4086
f 735/4087 712/4088 577/4089
f 722/4090 684/4091 694/4092
f 699/4093 571/4094 718/4095
f 611/4096 720/4097 740/4098
f 728/4099 730/4100 612/4101
f 731/4102 745/4103 701/4104
f 649/4105 701/4106 745/4107
f 663/4108 649/4109 746/4110
f 743/4111 709/4112 24/4113
f 747/4114 717/4115 690/4116
f 669/4117 748/4118 725/4119
f 557/4120 708/4121 695/4122
f 734/4123 716/4124 643/4125
f 742/4126 678/4127 596/4128
f 713/4129 749/4130 668/4131
f 750/4132 698/4133 717/4134
f 747/4135 690/4136 691/4137
f 707/4138 651/4139 706/4140
f 682/4141 702/4142 726/4143
f 737/4144 672/4145 709/4146
f 751/4147 673/4148 653/4149
f 752/4150 28/4151 693/4152
f 669/4153 714/4154 748/4155
f 715/4156 642/4157 719/4158
f 671/4159 716/4160 739/4161
f 618/4162 739/4163 740/4164
f 745/4165 731/4166 730/4167
f 620/4168 675/4169 753/4170
f 653/4171 621/4172 751/4173
f 749/4174 686/4175 668/4176
f 754/4177 717/4178 747/4179
f 691/4180 755/4181 747/4182
f 755/4183 691/4184 725/4185
f 670/4186 707/4187 756/4188
f 611/4189 740/4190 741/4191
f 679/4192 757/4193 704/4194
f 714/4195 726/4196 758/4197
f 759/4198 745/4199 730/4200
f 644/4201 760/4202 696/4203
f 620/4204 753/4205 697/4206
f 722/4207 694/4208 761/4209
f 762/4210 749/4211 713/4212
f 706/4213 715/4214 763/4215
f 764/4216 736/4217 559/4218
f 759/4219 730/4220 728/4221
f 649/4222 745/4223 746/4224
f 663/4225 746/4226 644/4227
f 635/4228 765/4229 658/4230
f 631/4231 766/4232 735/4233
f 713/4234 685/4235 767/4236
f 700/4237 768/4238 719/4239
f 674/4240 769/4241 570/4242
f 693/4243 570/4244 769/4245
f 707/4246 706/4247 756/4248
f 770/4249 741/4250 740/4251
f 742/4252 771/4253 678/4254
f 626/4255 678/4256 771/4257
f 613/4258 744/4259 732/4260
f 772/4261 666/4262 639/4263
f 773/4264 664/4265 722/4266
f 773/4267 722/4268 761/4269
f 767/4270 685/4271 733/4272
f 708/4273 670/4274 756/4275
f 679/4276 737/4277 757/4278
f 760/4279 644/4280 746/4281
f 743/4282 23/4283 710/4284
f 751/4285 621/4286 683/4287
f 693/4288 769/4289 774/4290
f 664/4291 775/4292 681/4293
f 762/4294 713/4295 767/4296
f 749/4297 724/4298 686/4299
f 717/4300 754/4301 750/4302
f 706/4303 763/4304 756/4305
f 739/4306 716/4307 770/4308
f 739/4309 770/4310 740/4311
f 676/4312 677/4313 727/4314
f 776/4315 728/4316 704/4317
f 772/4318 683/4319 666/4320
f 777/4321 698/4322 750/4323
f 699/4324 768/4325 700/4326
f 734/4327 778/4328 716/4329
f 779/4330 709/4331 743/4332
f 629/4333 732/4334 710/4335
f 738/4336 780/4337 723/4338
f 780/4339 631/4340 723/4341
f 781/4342 694/4343 698/4344
f 729/4345 724/4346 782/4347
f 783/4348 687/4349 729/4350
f 754/4351 747/4352 784/4353
f 689/4354 727/4355 785/4356
f 785/4357 486/4358 689/4359
f 786/4360 759/4361 728/4362
f 667/4363 769/4364 674/4365
f 787/4366 766/4367 631/4368
f 782/4369 783/4370 729/4371
f 708/4372 788/4373 695/4374
f 727/4375 677/4376 741/4377
f 764/4378 702/4379 736/4380
f 785/4381 789/4382 486/4383
f 737/4384 709/4385 779/4386
f 773/4387 790/4388 664/4389
f 724/4390 749/4391 791/4392
f 792/4393 793/4394 754/4395
f 755/4396 725/4397 794/4398
f 757/4399 776/4400 704/4401
f 744/4402 673/4403 751/4404
f 753/4405 675/4406 795/4407
f 761/4408 694/4409 781/4410
f 792/4411 754/4412 784/4413
f 747/4414 755/4415 796/4416
f 764/4417 559/4418 797/4419
f 635/4420 696/4421 765/4422
f 658/4423 765/4424 721/4425
f 798/4426 667/4427 585/4428
f 799/4429 738/4430 28/4431
f 800/4432 687/4433 783/4434
f 718/4435 801/4436 699/4437
f 794/4438 725/4439 748/4440
f 802/4441 747/4442 796/4443
f 714/4444 758/4445 803/4446
f 756/4447 804/4448 708/4449
f 786/4450 728/4451 776/4452
f 697/4453 798/4454 585/4455
f 681/4456 805/4457 705/4458
f 806/4459 749/4460 762/4461
f 791/4462 782/4463 724/4464
f 802/4465 784/4466 747/4467
f 807/4468 715/4469 719/4470
f 765/4471 808/4472 721/4473
f 751/4474 732/4475 744/4476
f 721/4477 808/4478 675/4479
f 772/4480 809/4481 683/4482
f 810/4483 711/4484 705/4485
f 735/4486 811/4487 712/4488
f 755/4489 794/4490 796/4491
f 770/4492 716/4493 812/4494
f 741/4495 770/4496 813/4497
f 727/4498 814/4499 785/4500
f 815/4501 702/4502 764/4503
f 675/4504 808/4505 816/4506
f 753/4507 795/4508 697/4509
f 790/4510 775/4511 664/4512
f 735/4513 766/4514 817/4515
f 699/4516 818/4517 768/4518
f 715/4519 807/4520 763/4521
f 763/4522 804/4523 756/4524
f 734/4525 695/4526 778/4527
f 815/4528 726/4529 702/4530
f 741/4531 814/4532 727/4533
f 737/4534 819/4535 757/4536
f 820/4537 745/4538 759/4539
f 680/4540 772/4541 639/4542
f 711/4543 821/4544 680/4545
f 781/4546 698/4547 777/4548
f 687/4549 800/4550 822/4551
f 699/4552 801/4553 818/4554
f 768/4555 823/4556 719/4557
f 708/4558 804/4559 788/4560
f 778/4561 812/4562 716/4563
f 824/4564 710/4565 732/4566
f 781/4567 773/4568 761/4569
f 793/4570 750/4571 754/4572
f 714/4573 803/4574 748/4575
f 804/4576 763/4577 807/4578
f 746/4579 745/4580 820/4581
f 751/4582 825/4583 732/4584
f 780/4585 787/4586 631/4587
f 826/4588 733/4589 712/4590
f 733/4591 826/4592 767/4593
f 827/4594 773/4595 781/4596
f 822/4597 718/4598 687/4599
f 828/4600 796/4601 794/4602
f 797/4603 559/4604 656/4605
f 760/4606 746/4607 829/4608
f 816/4609 795/4610 675/4611
f 683/4612 809/4613 751/4614
f 830/4615 793/4616 792/4617
f 831/4618 807/4619 719/4620
f 788/4621 778/4622 695/4623
f 813/4624 770/4625 812/4626
f 815/4627 758/4628 726/4629
f 741/4630 813/4631 814/4632
f 769/4633 667/4634 832/4635
f 805/4636 810/4637 705/4638
f 752/4639 693/4640 833/4641
f 752/4642 799/4643 28/4644
f 834/4645 773/4646 827/4647
f 827/4648 781/4649 835/4650
f 800/4651 783/4652 782/4653
f 836/4654 794/4655 748/4656
f 796/4657 837/4658 802/4659
f 758/4660 838/4661 803/4662
f 820/4663 759/4664 786/4665
f 820/4666 829/4667 746/4668
f 816/4669 808/4670 839/4671
f 811/4672 735/4673 817/4674
f 811/4675 826/4676 712/4677
f 834/4678 840/4679 773/4680
f 749/4681 806/4682 791/4683
f 782/4684 841/4685 800/4686
f 718/4687 822/4688 801/4689
f 819/4690 776/4691 757/4692
f 842/4693 710/4694 824/4695
f 765/4696 696/4697 843/4698
f 824/4699 732/4700 825/4701
f 832/4702 667/4703 798/4704
f 836/4705 828/4706 794/4707
f 815/4708 764/4709 844/4710
f 696/4711 760/4712 845/4713
f 775/4714 805/4715 681/4716
f 806/4717 762/4718 846/4719
f 847/4720 750/4721 793/4722
f 768/4723 818/4724 823/4725
f 836/4726 748/4727 803/4728
f 837/4729 796/4730 848/4731
f 837/4732 849/4733 802/4734
f 291/4735 850/4736 656/4737
f 851/4738 656/4739 850/4740
f 779/4741 819/4742 737/4743
f 846/4744 762/4745 852/4746
f 626/4747 850/4748 291/4749
f 743/4750 819/4751 779/4752
f 853/4753 743/4754 710/4755
f 845/4756 760/4757 829/4758
f 845/4759 843/4760 696/4761
f 693/4762 774/4763 833/4764
f 840/4765 790/4766 773/4767
f 767/4768 826/4769 762/4770
f 835/4771 781/4772 777/4773
f 35/4774 784/4775 802/4776
f 796/4777 828/4778 848/4779
f 758/4780 854/4781 838/4782
f 854/4783 758/4784 815/4785
f 785/4786 814/4787 789/4788
f 855/4789 829/4790 820/4791
f 856/4792 751/4793 857/4794
f 766/4795 787/4796 817/4797
f 858/4798 827/4799 835/4800
f 848/4801 828/4802 836/4803
f 854/4804 815/4805 844/4806
f 825/4807 751/4808 856/4809
f 858/4810 834/4811 827/4812
f 800/4813 841/4814 859/4815
f 860/4816 793/4817 861/4818
f 32/4819 862/4820 807/4821
f 807/4822 862/4823 804/4824
f 788/4825 812/4826 778/4827
f 813/4828 863/4829 814/4830
f 789/4831 742/4832 486/4833
f 656/4834 851/4835 797/4836
f 774/4837 769/4838 864/4839
f 811/4840 817/4841 865/4842
f 762/4843 826/4844 852/4845
f 861/4846 793/4847 830/4848
f 830/4849 792/4850 784/4851
f 866/4852 719/4853 823/4854
f 719/4855 866/4856 831/4857
f 35/4858 802/4859 849/4860
f 844/4861 764/4862 797/4863
f 820/4864 867/4865 855/4866
f 853/4867 819/4868 743/4869
f 843/4870 808/4871 765/4872
f 857/4873 751/4874 809/4875
f 821/4876 772/4877 680/4878
f 846/4879 791/4880 806/4881
f 868/4882 841/4883 782/4884
f 822/4885 800/4886 801/4887
f 861/4888 784/4889 35/4890
f 848/4891 836/4892 869/4893
f 863/4894 789/4895 814/4896
f 821/4897 711/4898 870/4899
f 811/4900 865/4901 826/4902
f 847/4903 793/4904 860/4905
f 871/4906 848/4907 869/4908
f 870/4909 711/4910 810/4911
f 787/4912 780/4913 872/4914
f 817/4915 787/4916 873/4917
f 858/4918 835/4919 874/4920
f 847/4921 875/4922 750/4923
f 801/4924 800/4925 859/4926
f 823/4927 818/4928 876/4929
f 861/4930 830/4931 784/4932
f 803/4933 869/4934 836/4935
f 837/4936 848/4937 871/4938
f 812/4939 877/4940 813/4941
f 795/4942 816/4943 878/4944
f 697/4945 879/4946 798/4947
f 790/4948 880/4949 881/4950
f 859/4951 841/4952 882/4953
f 750/4954 875/4955 777/4956
f 883/4957 847/4958 860/4959
f 884/4960 823/4961 876/4962
f 831/4963 866/4964 807/4965
f 807/4966 866/4967 32/4968
f 842/4969 853/4970 710/4971
f 774/4972 864/4973 885/4974
f 885/4975 833/4976 774/4977
f 838/4978 869/4979 803/4980
f 813/4981 877/4982 863/4983
f 845/4984 829/4985 886/4986
f 887/4987 857/4988 809/4989
f 799/4990 780/4991 738/4992
f 880/4993 790/4994 840/4995
f 865/4996 817/4997 888/4998
f 859/4999 882/5000 889/5001
f 869/5002 838/5003 871/5004
f 820/5005 786/5006 867/5007
f 842/5008 824/5009 825/5010
f 697/5011 795/5012 879/5013
f 881/5014 775/5015 790/5016
f 865/5017 852/5018 826/5019
f 835/5020 777/5021 874/5022
f 890/5023 834/5024 858/5025
f 818/5026 891/5027 876/5028
f 892/5029 742/5030 789/5031
f 829/5032 855/5033 886/5034
f 769/5035 832/5036 893/5037
f 787/5038 872/5039 873/5040
f 834/5041 894/5042 840/5043
f 841/5044 868/5045 882/5046
f 890/5047 895/5048 834/5049
f 35/5050 849/5051 896/5052
f 788/5053 804/5054 862/5055
f 849/5056 837/5057 897/5058
f 771/5059 898/5060 626/5061
f 878/5062 816/5063 839/5064
f 899/5065 772/5066 821/5067
f 900/5068 901/5069 810/5070
f 900/5071 810/5072 805/5073
f 865/5074 902/5075 852/5076
f 846/5077 852/5078 902/5079
f 875/5080 874/5081 777/5082
f 896/5083 849/5084 903/5085
f 903/5086 849/5087 897/5088
f 837/5089 871/5090 904/5091
f 878/5092 839/5093 905/5094
f 864/5095 769/5096 893/5097
f 805/5098 775/5099 900/5100
f 833/5101 885/5102 752/5103
f 799/5104 752/5105 885/5106
f 873/5107 906/5108 817/5109
f 846/5110 907/5111 791/5112
f 782/5113 791/5114 907/5115
f 874/5116 908/5117 858/5118
f 859/5119 891/5120 801/5121
f 823/5122 909/5123 866/5124
f 32/5125 31/5126 862/5127
f 904/5128 871/5129 838/5130
f 910/5131 844/5132 797/5133
f 776/5134 867/5135 786/5136
f 776/5137 819/5138 911/5139
f 782/5140 907/5141 868/5142
f 894/5143 834/5144 895/5145
f 859/5146 889/5147 912/5148
f 913/5149 895/5150 890/5151
f 818/5152 801/5153 891/5154
f 884/5155 909/5156 823/5157
f 862/5158 812/5159 788/5160
f 914/5161 838/5162 854/5163
f 892/5164 915/5165 742/5166
f 808/5167 843/5168 916/5169
f 799/5170 917/5171 780/5172
f 888/5173 817/5174 906/5175
f 908/5176 890/5177 858/5178
f 890/5179 908/5180 913/5181
f 918/5182 847/5183 883/5184
f 844/5185 914/5186 854/5187
f 910/5188 797/5189 851/5190
f 919/5191 853/5192 842/5193
f 843/5194 845/5195 886/5196
f 919/5197 842/5198 825/5199
f 881/5200 900/5201 775/5202
f 920/5203 902/5204 865/5205
f 880/5206 840/5207 921/5208
f 908/5209 874/5210 875/5211
f 895/5212 913/5213 922/5214
f 913/5215 923/5216 922/5217
f 33/5218 32/5219 866/5220
f 812/5221 862/5222 924/5223
f 904/5224 838/5225 914/5226
f 911/5227 867/5228 776/5229
f 853/5230 911/5231 819/5232
f 925/5233 825/5234 856/5235
f 839/5236 808/5237 916/5238
f 925/5239 856/5240 857/5241
f 812/5242 924/5243 877/5244
f 898/5245 771/5246 742/5247
f 919/5248 825/5249 925/5250
f 926/5251 925/5252 857/5253
f 927/5254 900/5255 881/5256
f 882/5257 928/5258 889/5259
f 894/5260 895/5261 929/5262
f 930/5263 913/5264 908/5265
f 861/5266 931/5267 860/5268
f 909/5269 33/5270 866/5271
f 904/5272 897/5273 837/5274
f 877/5275 932/5276 863/5277
f 933/5278 789/5279 863/5280
f 915/5281 898/5282 742/5283
f 910/5284 851/5285 934/5286
f 935/5287 887/5288 809/5289
f 772/5290 935/5291 809/5292
f 795/5293 936/5294 879/5295
f 870/5296 899/5297 821/5298
f 885/5299 917/5300 799/5301
f 937/5302 938/5303 928/5304
f 882/5305 939/5306 937/5307
f 921/5308 840/5309 894/5310
f 929/5311 895/5312 922/5313
f 918/5314 875/5315 847/5316
f 891/5317 929/5318 876/5319
f 876/5320 922/5321 923/5322
f 876/5323 923/5324 884/5325
f 910/5326 914/5327 844/5328
f 911/5329 853/5330 919/5331
f 839/5332 916/5333 905/5334
f 928/5335 882/5336 937/5337
f 923/5338 913/5339 930/5340
f 883/5341 860/5342 940/5343
f 940/5344 860/5345 931/5346
f 33/5347 941/5348 31/5349
f 36/5350 35/5351 896/5352
f 934/5353 851/5354 850/5355
f 855/5356 942/5357 886/5358
f 905/5359 916/5360 943/5361
f 878/5362 936/5363 795/5364
f 881/5365 944/5366 927/5367
f 873/5368 945/5369 906/5370
f 946/5371 846/5372 902/5373
f 868/5374 946/5375 882/5376
f 894/5377 929/5378 912/5379
f 859/5380 912/5381 891/5382
f 947/5383 912/5384 929/5385
f 929/5386 891/5387 947/5388
f 948/5389 884/5390 923/5391
f 862/5392 31/5393 949/5394
f 862/5395 949/5396 924/5397
f 910/5398 904/5399 914/5400
f 843/5401 886/5402 950/5403
f 772/5404 899/5405 935/5406
f 917/5407 872/5408 780/5409
f 888/5410 920/5411 865/5412
f 920/5413 951/5414 902/5415
f 952/5416 921/5417 894/5418
f 891/5419 912/5420 947/5421
f 929/5422 922/5423 876/5424
f 931/5425 861/5426 35/5427
f 949/5428 31/5429 941/5430
f 903/5431 897/5432 953/5433
f 877/5434 924/5435 954/5436
f 855/5437 867/5438 942/5439
f 916/5440 843/5441 950/5442
f 936/5443 798/5444 879/5445
f 872/5446 917/5447 873/5448
f 888/5449 906/5450 945/5451
f 939/5452 881/5453 880/5454
f 939/5455 880/5456 938/5457
f 938/5458 937/5459 939/5460
f 938/5461 880/5462 928/5463
f 921/5464 928/5465 880/5466
f 907/5467 846/5468 946/5469
f 912/5470 952/5471 894/5472
f 908/5473 875/5474 955/5475
f 940/5476 949/5477 941/5478
f 863/5479 932/5480 956/5481
f 626/5482 898/5483 957/5484
f 886/5485 942/5486 950/5487
f 958/5488 857/5489 887/5490
f 901/5491 870/5492 810/5493
f 864/5494 893/5495 959/5496
f 939/5497 944/5498 881/5499
f 873/5500 960/5501 945/5502
f 902/5503 961/5504 946/5505
f 955/5506 875/5507 918/5508
f 941/5509 883/5510 940/5511
f 953/5512 36/5513 896/5514
f 877/5515 954/5516 932/5517
f 904/5518 962/5519 897/5520
f 832/5521 798/5522 893/5523
f 868/5524 907/5525 946/5526
f 889/5527 928/5528 952/5529
f 912/5530 889/5531 952/5532
f 908/5533 955/5534 930/5535
f 948/5536 923/5537 930/5538
f 896/5539 903/5540 953/5541
f 963/5542 898/5543 915/5544
f 916/5545 950/5546 964/5547
f 916/5548 964/5549 943/5550
f 943/5551 964/5552 965/5553
f 943/5554 965/5555 966/5556
f 885/5557 864/5558 967/5559
f 952/5560 928/5561 921/5562
f 884/5563 948/5564 909/5565
f 924/5566 949/5567 940/5568
f 933/5569 892/5570 789/5571
f 910/5572 968/5573 904/5574
f 626/5575 957/5576 969/5577
f 942/5578 867/5579 970/5580
f 919/5581 925/5582 971/5583
f 972/5584 905/5585 943/5586
f 878/5587 905/5588 973/5589
f 972/5590 966/5591 974/5592
f 975/5593 888/5594 945/5595
f 939/5596 882/5597 976/5598
f 977/5599 918/5600 883/5601
f 909/5602 978/5603 33/5604
f 940/5605 931/5606 924/5607
f 36/5608 953/5609 979/5610
f 971/5611 911/5612 919/5613
f 964/5614 942/5615 970/5616
f 950/5617 942/5618 964/5619
f 965/5620 980/5621 981/5622
f 966/5623 965/5624 981/5625
f 972/5626 943/5627 966/5628
f 982/5629 901/5630 900/5631
f 983/5632 900/5633 927/5634
f 917/5635 984/5636 873/5637
f 984/5638 960/5639 873/5640
f 978/5641 977/5642 33/5643
f 941/5644 33/5645 977/5646
f 931/5647 35/5648 34/5649
f 932/5650 954/5651 985/5652
f 986/5653 985/5654 34/5655
f 956/5656 932/5657 985/5658
f 965/5659 964/5660 970/5661
f 965/5662 970/5663 980/5664
f 973/5665 905/5666 972/5667
f 936/5668 878/5669 973/5670
f 972/5671 974/5672 987/5673
f 987/5674 974/5675 988/5676
f 967/5677 989/5678 885/5679
f 945/5680 960/5681 975/5682
f 888/5683 975/5684 920/5685
f 977/5686 948/5687 918/5688
f 948/5689 978/5690 909/5691
f 977/5692 883/5693 941/5694
f 954/5695 34/5696 985/5697
f 968/5698 962/5699 904/5700
f 898/5701 963/5702 990/5703
f 968/5704 910/5705 934/5706
f 867/5707 911/5708 970/5709
f 980/5710 925/5711 926/5712
f 980/5713 926/5714 991/5715
f 992/5716 974/5717 966/5718
f 988/5719 974/5720 992/5721
f 899/5722 870/5723 993/5724
f 901/5725 994/5726 870/5727
f 864/5728 959/5729 967/5730
f 939/5731 976/5732 944/5733
f 975/5734 951/5735 920/5736
f 951/5737 995/5738 961/5739
f 902/5740 951/5741 961/5742
f 976/5743 882/5744 946/5745
f 955/5746 918/5747 948/5748
f 924/5749 996/5750 954/5751
f 956/5752 985/5753 986/5754
f 933/5755 863/5756 956/5757
f 898/5758 990/5759 957/5760
f 911/5761 971/5762 970/5763
f 971/5764 925/5765 980/5766
f 958/5767 926/5768 857/5769
f 887/5770 935/5771 958/5772
f 893/5773 798/5774 959/5775
f 982/5776 900/5777 983/5778
f 997/5779 983/5780 927/5781
f 930/5782 955/5783 948/5784
f 978/5785 948/5786 977/5787
f 931/5788 996/5789 924/5790
f 996/5791 931/5792 34/5793
f 34/5794 36/5795 998/5796
f 34/5797 998/5798 986/5799
f 626/5800 999/5801 850/5802
f 980/5803 991/5804 981/5805
f 959/5806 798/5807 936/5808
f 994/5809 993/5810 870/5811
f 917/5812 885/5813 984/5814
f 1000/5815 956/5816 986/5817
f 987/5818 988/5819 992/5820
f 944/5821 997/5822 927/5823
f 1001/5824 1002/5825 960/5826
f 961/5827 995/5828 976/5829
f 961/5830 976/5831 946/5832
f 979/5833 998/5834 36/5835
f 954/5836 996/5837 34/5838
f 984/5839 885/5840 37/5841
f 960/5842 984/5843 1001/5844
f 933/5845 956/5846 1003/5847
f 991/5848 926/5849 958/5850
f 958/5851 1004/5852 991/5853
f 987/5854 973/5855 972/5856
f 1005/5857 987/5858 992/5859
f 959/5860 936/5861 973/5862
f 997/5863 1006/5864 983/5865
f 885/5866 989/5867 37/5868
f 984/5869 37/5870 1001/5871
f 975/5872 960/5873 1007/5874
f 951/5875 975/5876 1007/5877
f 997/5878 944/5879 976/5880
f 1008/5881 997/5882 976/5883
f 1008/5884 976/5885 995/5886
f 956/5887 1000/5888 1003/5889
f 970/5890 971/5891 980/5892
f 1002/5893 39/5894 1009/5895
f 1007/5896 1002/5897 1009/5898
f 966/5899 981/5900 992/5901
f 1010/5902 935/5903 899/5904
f 1011/5905 1006/5906 1009/5907
f 989/5908 1012/5909 37/5910
f 1007/5911 1009/5912 1006/5913
f 39/5914 1001/5915 37/5916
f 1002/5917 1007/5918 960/5919
f 1007/5920 1013/5921 951/5922
f 968/5923 934/5924 850/5925
f 981/5926 991/5927 1004/5928
f 959/5929 1014/5930 967/5931
f 967/5932 1015/5933 989/5934
f 39/5935 1002/5936 1001/5937
f 951/5938 1013/5939 995/5940
f 1016/5941 979/5942 953/5943
f 998/5944 1017/5945 986/5946
f 968/5947 850/5948 962/5949
f 935/5950 1010/5951 958/5952
f 1014/5953 959/5954 973/5955
f 1005/5956 973/5957 987/5958
f 982/5959 994/5960 901/5961
f 983/5962 1006/5963 982/5964
f 39/5965 38/5966 1009/5967
f 1007/5968 1006/5969 1013/5970
f 997/5971 1013/5972 1006/5973
f 986/5974 1017/5975 1000/5976
f 990/5977 963/5978 915/5979
f 993/5980 1010/5981 899/5982
f 1011/5983 1009/5984 1018/5985
f 1011/5986 1019/5987 1006/5988
f 1019/5989 982/5990 1006/5991
f 995/5992 1013/5993 1008/5994
f 1020/5995 953/5996 897/5997
f 892/5998 933/5999 1003/6000
f 992/6001 981/6002 1004/6003
f 1021/6004 1005/6005 992/6006
f 1019/6007 994/6008 982/6009
f 1012/6010 38/6011 37/6012
f 1013/6013 997/6014 1008/6015
f 1003/6016 1000/6017 1017/6018
f 1018/6019 1019/6020 1011/6021
f 1009/6022 38/6023 1018/6024
f 1020/6025 1016/6026 953/6027
f 998/6028 1022/6029 1017/6030
f 1023/6031 915/6032 892/6033
f 1018/6034 1005/6035 1021/6036
f 1018/6037 1024/6038 1005/6039
f 1016/6040 998/6041 979/6042
f 1025/6043 897/6044 962/6045
f 915/6046 1023/6047 990/6048
f 1010/6049 1004/6050 958/6051
f 1014/6052 973/6053 1005/6054
f 967/6055 1014/6056 1015/6057
f 1012/6058 989/6059 1015/6060
f 1021/6061 992/6062 1004/6063
f 1019/6064 993/6065 994/6066
f 38/6067 1024/6068 1018/6069
f 1026/6070 1019/6071 1018/6072
f 1025/6073 1020/6074 897/6075
f 1023/6076 892/6077 1027/6078
f 1010/6079 1021/6080 1004/6081
f 1018/6082 1021/6083 1026/6084
f 1026/6085 993/6086 1019/6087
f 1014/6088 1024/6089 1015/6090
f 1028/6091 1003/6092 1017/6093
f 1028/6094 1027/6095 892/6096
f 1003/6097 1028/6098 892/6099
f 1005/6100 1024/6101 1014/6102
f 1015/6103 1024/6104 1012/6105
f 1024/6106 38/6107 1012/6108
f 998/6109 1016/6110 1022/6111
f 1021/6112 1010/6113 1026/6114
f 1029/6115 1023/6116 1027/6117
f 990/6118 969/6119 957/6120
f 1010/6121 993/6122 1026/6123
f 626/6124 1030/6125 999/6126
f 1022/6127 1016/6128 1020/6129
f 1017/6130 1022/6131 1031/6132
f 962/6133 850/6134 1025/6135
f 969/6136 1030/6137 626/6138
f 990/6139 1023/6140 969/6141
f 1022/6142 1020/6143 1032/6144
f 1027/6145 1028/6146 1029/6147
f 1033/6148 1017/6149 1031/6150
f 1023/6151 1029/6152 969/6153
f 1029/6154 1030/6155 969/6156
f 1031/6157 1022/6158 1032/6159
f 1032/6160 1020/6161 1025/6162
f 1033/6163 1028/6164 1017/6165
f 1033/6166 1029/6167 1028/6168
f 999/6169 1031/6170 1032/6171
f 1029/6172 1033/6173 1030/6174
f 1025/6175 999/6176 1032/6177
f 850/6178 999/6179 1025/6180
f 999/6181 1033/6182 1031/6183
f 999/6184 1030/6185 1033/6186
# Vertices: 1033, normals: 6186, texture coordinates: 0, faces: 2062

